{"nodes":{"cr_yes":[0.0,0.0,0.0,0.0,0.0,0.0,0.0,0.0,0.0,0.0,0.0,0.0,0.0,0.0,0.0009021,5.33228867,14.66880521,0.00200482,0.0,0.0,0.0],"imm_yes_cr_yes":[0.0,0.0,0.0,0.0,0.0,0.0,0.0,0.0,0.0,0.00019997,0.69703584,16.75864933,2.54646122,0.00165443,0.0,0.0,0.0,0.0,0.0,0.0,0.0],"imm_yes_cr_no":[0.0,0.0,0.0,0.0,0.0,0.0,0.0,0.0,0.0,2.71e-06,0.00259813,0.32045819,5.37409879,11.59094591,2.67022724,0.04557059,9.894e-05,3e-07,0.0,0.0,0.0],"del_yes_cr_yes":[0.0,0.0,0.0,0.0,0.0,0.0,6e-08,0.00096521,0.45215935,9.19635595,9.79779219,0.55529013,0.0014378,1.2e-07,0.0,0.0,0.0,0.0,0.0,0.0,0.0],"del_yes_cr_no":[5e-08,3.6e-07,3.5e-07,1.265e-05,0.00369566,0.15207414,1.55209475,5.33314472,7.3035457,4.351411,1.16367227,0.13749109,0.00673623,0.00012121,6.5e-07,0.0,0.0,0.0,0.0,0.0,0.0],"conf_yes_cr_yes_del_yes":[0.0,0.0,0.0,0.0,0.0,0.0,0.0,0.0,0.0,0.0,2e-08,1.627e-05,0.00345175,0.20107146,3.07062223,10.55337556,5.89900875,0.27621047,0.00024428,0.0,0.0],"conf_yes_cr_no_del_yes":[0.0,0.0,0.0,0.0,0.0,0.0,0.0,2e-08,2.1e-07,2.57e-06,3.009e-05,0.0002957,0.00234568,0.01502527,0.07833729,0.33370985,1.15434255,3.16653167,6.49092595,8.39455903,0.73578984]}}
