{"nodes":{"cr_yes":[0.0,0.0,0.0,0.0,0.0,0.0,0.0,0.0,0.0,0.0,0.0,0.0,0.0,0.0,0.00020839,4.8011871,15.20222146,0.00038385,0.0,0.0,0.0],"imm_yes_cr_yes":[0.0,0.0,0.0,0.0,0.0,0.0,0.0,0.00058413,3.06748502,16.7875182,0.14841126,2.19e-06,0.0,0.0,0.0,0.0,0.0,0.0,0.0,0.0,0.0],"imm_yes_cr_no":[0.0,0.0,0.0,0.0,0.0,0.0,0.0,0.0,2.512e-05,0.02136967,1.54921846,10.82249588,7.21434025,0.39526683,0.00128446,1.4e-07,0.0,0.0,0.0,0.0,0.0],"del_yes_cr_yes":[0.0,0.0,0.0,0.0,0.0,0.0,0.0,0.0,1.6e-07,0.00309162,1.31076622,14.55422166,4.11323082,0.02268894,1.38e-06,0.0,0.0,0.0,0.0,0.0,0.0],"del_yes_cr_no":[0.0,0.0,0.0,0.0,0.0,7e-08,2.45e-05,0.00219726,0.06468916,0.73797688,3.53017487,7.19719555,6.10247261,2.0682455,0.28271247,0.01782841,0.0004806,2.91e-06,0.0,0.0,0.0],"conf_yes_cr_yes_del_yes":[0.0,0.0,0.0,0.0,0.0,0.0,0.0,0.0,0.0,0.0,1e-08,3.196e-05,0.0128196,0.85420596,8.52894379,9.83263757,0.77392301,0.00143889,1e-08,0.0,0.0],"conf_yes_cr_no_del_yes":[0.0,0.0,0.0,0.0,0.0,0.0,0.0,1.2e-07,3.68e-06,7.314e-05,0.00099847,0.00964074,0.06702436,0.33769484,1.22580577,3.13735511,5.41611597,5.80620042,3.29815974,0.69724678,0.01536331]}}
