{"nodes":{"cr_yes":[0.0,0.0,0.0,0.0,0.0,0.0,0.0,0.0,0.0,0.0,0.0,0.0,2e-08,0.00747818,7.82349023,12.16667122,0.00636115,0.0,0.0,0.0,0.0],"imm_yes_cr_yes":[0.0,0.0,0.0,0.0,0.0,0.0,3.74e-06,0.0987239,10.80356321,9.02670532,0.0749985,6.12e-06,0.0,0.0,0.0,0.0,0.0,0.0,0.0,0.0,0.0],"imm_yes_cr_no":[0.0,0.0,0.0,0.0,0.0,0.0,3.4e-07,0.00081321,0.15616651,3.47914738,10.89542731,5.12425598,0.34537549,0.0028126,1.98e-06,0.0,0.0,0.0,0.0,0.0,0.0],"del_yes_cr_yes":[0.0,0.0,0.0,0.0,0.0,0.0,0.0,0.00013389,0.13249954,5.52712351,12.63181201,1.70024695,0.01218143,3.46e-06,0.0,0.0,0.0,0.0,0.0,0.0,0.0],"del_yes_cr_no":[0.0,0.0,0.0,1e-08,2.088e-05,0.00448957,0.17021452,1.72080126,5.83595971,7.51907005,3.88514516,0.80369208,0.06294027,0.00165542,1.187e-05,2e-08,0.0,0.0,0.0,0.0,0.0],"conf_yes_cr_yes_del_yes":[0.0,0.0,0.0,0.0,0.0,0.0,0.0,0.0,0.0,0.0,1.9e-07,7.002e-05,0.00778613,0.27974827,3.1557701,9.80846251,6.2898611,0.46127947,0.001023,0.0,0.0],"conf_yes_cr_no_del_yes":[0.0,0.0,0.0,0.0,0.0,0.0,0.0,0.0,2e-08,4.7e-07,1.033e-05,0.00018679,0.00258139,0.02630701,0.19374032,1.00445397,3.47630144,7.15970184,6.70950858,1.40567511,0.05106708]}}
