{"nodes":{"cr_yes":[0.0,0.0,0.0,0.0,0.0,0.0,0.0,0.0,0.0,0.0,0.0,0.0,4.1e-06,0.15370403,16.61655904,2.68785406,0.53335945,0.01251949,6.2e-07,0.0,0.0],"imm_yes_cr_yes":[0.0,0.0,0.0,0.0,0.0,0.0,0.0,0.0,0.0,1e-08,0.00042892,0.56742613,14.01034974,5.40508282,0.02071285,3.4e-07,0.0,0.0,0.0,0.0,0.0],"imm_yes_cr_no":[0.0,0.0,0.0,0.0,0.0,0.0,0.0,0.0,0.0,3.86e-06,0.00947384,1.37738583,12.39255902,6.10541733,0.11911135,4.957e-05,0.0,0.0,0.0,0.0,0.0],"del_yes_cr_yes":[0.0,3e-08,0.00073353,0.87482254,10.87677496,7.60458119,0.63777294,0.00928769,2.79e-05,2e-08,0.0,0.0,0.0,0.0,0.0,0.0,0.0,0.0,0.0,0.0,0.0],"del_yes_cr_no":[32.09702011,3.92776962,0.02755025,0.00015238,1.491e-05,2.93e-06,5.4e-07,1e-07,2e-08,0.0,0.0,0.0,0.0,0.0,0.0,0.0,0.0,0.0,0.0,0.0,0.0],"conf_yes_cr_yes_del_yes":[2.394e-05,1.788e-05,1.671e-05,3.47e-05,0.00016974,0.00092651,0.00430807,0.01712281,0.06169646,0.20602138,0.60937615,1.49151363,2.86681109,4.1724405,4.45445272,3.37766761,1.78478387,0.68750254,0.21594491,0.04993909,0.00648491],"conf_yes_cr_no_del_yes":[0.24852626,0.2782963,0.31541813,0.35989177,0.41171719,0.47089442,0.53742344,0.61130425,0.69253686,0.78112126,0.87705747,0.98034546,1.09098525,1.20897684,1.33432022,1.4670154,1.60706237,1.75446114,1.90921171,2.07131407,2.24076822]}}
