{"nodes":{"cr_yes":[0.0,0.0,0.0,0.0,0.0,0.0,0.0,0.0,2.5e-07,4.46e-06,2.482e-05,3.959e-05,1.636e-05,1.63e-06,0.0022692,1.54369877,18.36995511,0.0877854,0.00011251,9.271e-05,1e-08],"imm_yes_cr_yes":[0.0,0.0,0.0,0.0,0.0,0.0,1.5e-07,0.02175592,10.67333665,9.28799764,0.02091032,1.2e-07,0.0,0.0,0.0,0.0,0.0,0.0,0.0,0.0,0.0],"imm_yes_cr_no":[0.0,0.0,0.0,0.0,0.0,0.0,0.0,2e-08,2.372e-05,0.00577613,0.3106865,4.17415517,11.08590049,4.23347063,0.18844132,0.00539945,0.00014698,3.9e-07,0.0,0.0,0.0],"del_yes_cr_yes":[0.0,0.0,0.0,0.0,0.0,0.0,0.0,0.0,1e-08,0.00011347,0.138891,6.49673037,12.18760961,1.16461212,0.01603093,1.33e-05,0.0,0.0,0.0,0.0,0.0],"del_yes_cr_no":[2.23e-05,0.00034659,0.00322137,0.01898019,0.07391825,0.19593476,0.36038092,0.46645391,0.47837386,0.96820392,3.46980486,6.55383968,5.18254567,1.70085059,0.35709546,0.12802745,0.03935132,0.00618559,0.00045684,1.815e-05,5.6e-07],"conf_yes_cr_yes_del_yes":[0.0,0.0,0.0,0.0,0.0,0.0,0.0,0.0,0.0,0.0,4e-08,1.825e-05,0.00728145,0.54918318,6.82899472,11.11450577,1.49722774,0.00678942,2.2e-07,0.0,0.0],"conf_yes_cr_no_del_yes":[1e-08,4e-08,1.4e-07,4.7e-07,1.5e-06,4.59e-06,1.352e-05,3.842e-05,0.00010526,0.00027831,0.0007103,0.00174982,0.00416065,0.0095514,0.02125252,0.04732217,0.12521165,0.54541866,3.15635757,12.38745379,7.40874001]}}
