{"nodes":{"cr_yes":[0.0,0.0,0.0,0.0,0.0,0.0,0.0,0.0,0.0,0.0,0.0,0.0,0.00010938,5.1824005,14.82097028,0.00052064,0.0,0.0,0.0,0.0,0.0],"imm_yes_cr_yes":[0.0,0.0,0.0,0.0,0.0,0.0,0.0,0.0,0.0,2.21e-06,0.12529077,15.81747202,4.05990258,0.00133323,0.0,0.0,0.0,0.0,0.0,0.0,0.0],"imm_yes_cr_no":[0.0,0.0,0.0,0.0,0.0,0.0,0.0,5.3e-07,0.00563309,1.47299161,13.50600864,4.95100425,0.06833547,2.721e-05,0.0,0.0,0.0,0.0,0.0,0.0,0.0],"del_yes_cr_yes":[0.0,0.0,0.0,0.0,0.0,0.0,1e-08,0.00032605,0.29556848,8.6540277,10.48039398,0.57235333,0.00133114,1.1e-07,0.0,0.0,0.0,0.0,0.0,0.0,0.0],"del_yes_cr_no":[0.0,0.02554037,0.0005371,0.00430766,0.90254448,8.96771838,8.81218012,1.25924607,0.03177465,0.00015183,1.3e-07,0.0,0.0,0.0,0.0,0.0,0.0,0.0,0.0,0.0,0.0],"conf_yes_cr_yes_del_yes":[0.0,0.0,0.0,0.0,0.0,0.0,0.0,0.0,0.0,0.0,3e-08,3.681e-05,0.0088665,0.48387033,5.59273083,11.25990565,2.62771708,0.03087091,2.66e-06,0.0,0.0],"conf_yes_cr_no_del_yes":[0.0,0.0,0.0,0.0,0.0,0.0,2e-08,1.47e-06,5.099e-05,0.00099307,0.01181943,0.09093798,0.46741047,1.62533405,3.79278069,5.74222915,5.24912477,2.52111177,0.48180838,0.02035348,9.018e-05]}}
