{"nodes":{"cr_yes":[0.0,0.0,0.0,0.0,0.0,0.0,0.0,0.0,0.0,0.0,0.0,0.0,0.0,0.00037216,1.41957941,18.32079967,0.26322138,2.817e-05,0.0,0.0,0.0],"imm_yes_cr_yes":[0.0,0.0,0.0,0.0,0.0,0.0,0.00010403,0.75093202,16.99953303,2.25113776,0.00229394,2e-08,0.0,0.0,0.0,0.0,0.0,0.0,0.0,0.0,0.0],"imm_yes_cr_no":[0.0,0.0,0.0,0.0,0.0,0.0,4.2e-06,0.00355693,0.31489482,4.29283635,10.55619552,4.53769489,0.29647891,0.00233764,1.53e-06,0.0,0.0,0.0,0.0,0.0,0.0],"del_yes_cr_yes":[0.0,0.0,0.0,0.0,0.0,8.6e-07,0.01781975,3.53186254,14.57033823,1.87520809,0.00876992,1.41e-06,0.0,0.0,0.0,0.0,0.0,0.0,0.0,0.0,0.0],"del_yes_cr_no":[0.0,0.0,0.0,2.828e-05,0.01036719,0.40706699,3.29367072,7.71633832,6.30879438,1.99463771,0.25841912,0.01432407,0.00035045,3.56e-06,1e-08,0.0,0.0,0.0,0.0,0.0,0.0],"conf_yes_cr_yes_del_yes":[0.0,0.0,0.0,0.0,0.0,0.0,0.0,0.0,0.0,0.0,3.31e-06,0.00066253,0.04209074,0.86655345,5.52996063,9.66677785,3.68405479,0.21301688,0.00088062,1e-08,0.0],"conf_yes_cr_no_del_yes":[0.0,0.0,0.0,0.0,0.0,0.0,0.0,2e-08,2e-07,1.9e-06,1.503e-05,0.00010038,0.00057584,0.00290871,0.0135648,0.06302075,0.30673729,1.4618755,5.65449431,12.20615763,0.58909687]}}
