{"nodes":{"cr_yes":[0.0,0.0,0.0,0.0,0.0,0.0,0.0,0.0,0.0,0.0,0.0,0.0,0.0,0.0,1e-08,0.0429331,19.87211686,0.08895082,0.0,0.0,0.0],"imm_yes_cr_yes":[0.0,0.0,0.0,0.0,0.0,0.0,0.0,0.0,0.0,1.1e-06,0.07655011,13.91693986,6.0065223,0.00398743,0.0,0.0,0.0,0.0,0.0,0.0,0.0],"imm_yes_cr_no":[0.0,0.0,0.0,0.0,0.0,0.0,0.0,0.0,0.0,0.0,2.7e-07,0.00029553,0.09073996,3.37125573,12.92239817,3.58338124,0.0359266,3.29e-06,0.0,0.0,0.0],"del_yes_cr_yes":[0.0,0.0,0.0,0.0,8e-08,8e-08,0.00321522,1.74445541,15.09140108,3.14636724,0.01855874,2.95e-06,0.0,0.0,0.0,0.0,0.0,0.0,0.0,0.0,0.0],"del_yes_cr_no":[0.00029408,1.93240662,8.75384728,6.88063421,2.08606513,0.32085515,0.02830012,0.00162879,0.0001032,1.196e-05,1.24e-06,8e-08,0.0,0.0,0.0,0.0,0.0,0.0,0.0,0.0,0.0],"conf_yes_cr_yes_del_yes":[0.0,0.0,0.0,0.0,0.0,0.0,0.0,0.0,0.0,0.0,1e-08,9.99e-06,0.00225459,0.14391204,2.48683862,10.04219277,6.90731745,0.4209726,0.00050273,0.0,0.0],"conf_yes_cr_no_del_yes":[0.0,0.0,0.0,0.0,0.0,0.0,0.0,0.0,5e-08,8e-07,1.077e-05,0.00011812,0.00103964,0.00742058,0.0435063,0.21098539,0.84297691,2.70999672,6.54436683,9.49412987,0.29889762]}}
