{"nodes":{"cr_yes":[0.0,0.0,0.0,0.0,0.0,0.0,0.0,0.0,0.0,0.0,0.0,0.0,0.0,1.17e-06,0.00023989,3.83534353,16.16728628,0.00112994,0.0,0.0,0.0],"imm_yes_cr_yes":[0.0,0.0,0.0,0.0,0.0,0.0,0.00014518,2.58926039,17.31537601,0.09921856,6.6e-07,0.0,0.0,0.0,0.0,0.0,0.0,0.0,0.0,0.0,0.0],"imm_yes_cr_no":[0.0,0.0,0.0,0.0,0.0,0.0,0.0,3.6e-07,0.00052714,0.09557366,2.44463973,9.75780826,6.82287057,0.86833685,0.01422864,1.558e-05,0.0,0.0,0.0,0.0,0.0],"del_yes_cr_yes":[0.0,0.0,0.0,0.0,0.0,0.0,2e-08,0.00148356,1.30106734,15.68126803,3.01117542,0.00900611,3.3e-07,0.0,0.0,0.0,0.0,0.0,0.0,0.0,0.0],"del_yes_cr_no":[0.02705622,0.02399754,0.0179555,0.01130347,0.00596305,0.00274558,0.00484017,0.05434177,0.4129093,1.96843312,5.40421099,7.17184576,4.01373599,0.84002215,0.0566675,0.00121939,0.00016392,8.538e-05,2.724e-05,4.68e-06,3.9e-07],"conf_yes_cr_yes_del_yes":[0.0,0.0,0.0,0.0,0.0,0.0,0.0,0.0,0.0,0.0,3e-08,6.283e-05,0.02028571,1.10936351,9.22058098,8.91827573,0.68241193,0.05018542,0.00282575,8.88e-06,0.0],"conf_yes_cr_no_del_yes":[0.08997342,0.07158087,0.05518336,0.04150461,0.03114252,0.02460514,0.02226719,0.02417733,0.02973556,0.03758232,0.04890266,0.09975555,0.41783865,1.67316935,4.30938076,6.36207918,4.85629174,1.63427158,0.19338178,0.01693303,0.0184618]}}
