{"nodes":{"cr_yes":[0.0,0.0,0.0,0.0,0.0,0.0,0.0,0.0,0.0,0.0,0.0,0.0,0.0,9e-08,1.097e-05,0.08130347,15.3897851,3.37611629,1.1565941,0.00019078,0.0],"imm_yes_cr_yes":[0.0,0.0,0.0,0.0,0.0,0.0,1.85e-06,0.12796668,14.50784026,5.35952453,0.00866742,6e-08,0.0,0.0,0.0,0.0,0.0,0.0,0.0,0.0,0.0],"imm_yes_cr_no":[0.0,0.0,0.0,0.0,0.0,0.0,0.0,4.47e-06,0.00097547,0.05204068,0.79435837,4.21830501,7.69973321,5.26184144,1.80988104,0.16440186,0.00245536,3.89e-06,0.0,0.0,0.0],"del_yes_cr_yes":[0.0,0.0,0.0,0.0,0.0,0.0,0.0,0.0,0.0,5.471e-05,0.05975938,3.57581564,13.01225281,3.29706715,0.05901231,3.879e-05,0.0,0.0,0.0,0.0,0.0],"del_yes_cr_no":[0.0,1e-08,1e-07,7.1e-07,3.31e-06,1.154e-05,0.00017813,0.00720047,0.12864093,1.01074357,3.73378048,6.685873,5.76281124,2.27861929,0.3741103,0.02162751,0.00039227,7.71e-06,2e-07,2e-08,3e-08],"conf_yes_cr_yes_del_yes":[0.0,0.0,0.0,0.0,0.0,0.0,0.0,0.0,0.0,0.0,2e-08,5.287e-05,0.01946147,1.14539082,9.62558314,8.72570995,0.48725711,0.00054542,0.0,0.0,0.0],"conf_yes_cr_no_del_yes":[2e-08,7e-08,2.3e-07,7.3e-07,2.18e-06,6.31e-06,1.758e-05,4.735e-05,0.00012322,0.00030998,0.00075394,0.00177264,0.00402713,0.00883881,0.01886109,0.04148316,0.12262066,0.63394925,3.72139414,13.29810436,4.30337592]}}
