{"nodes":{"cr_yes":[0.0,1e-08,3.1e-07,4.15e-06,3.675e-05,0.00021046,0.00077358,0.00180526,0.00263756,0.00237062,0.00128269,0.00040692,7.329e-05,7.21e-06,3.7e-07,1e-08,0.0,0.0,1.9e-07,0.00754131,39.97370022],"imm_yes_cr_yes":[0.0,0.0,0.0,0.0,0.0,0.0,0.0,0.0,0.0,0.0,1.2e-07,0.01196325,6.15516541,13.56003154,0.27629318,0.0005473,0.0,0.0,0.0,0.0,0.0],"imm_yes_cr_no":[0.0,0.0,0.0,0.0,0.0,0.0,0.0,0.0,0.0,0.0,0.0,0.0,8.86e-06,0.01550578,2.01585514,14.59376055,3.37023798,0.00863246,3e-08,0.0,0.0],"del_yes_cr_yes":[7.4e-07,1.29e-05,5.267e-05,0.00029823,0.14372432,4.21000496,11.36587969,4.05117949,0.23056042,0.00228076,6.82e-06,1.6e-07,0.0,0.0,0.0,0.0,0.0,0.0,0.0,0.0,0.0],"del_yes_cr_no":[3.02334435,6.13703384,1.13095706,0.10933646,0.06346536,0.08967848,0.12658988,0.17327652,0.2306831,0.2995762,0.38045389,0.47350945,0.57861051,0.69529256,0.82276644,0.95993856,1.10544196,1.25767638,1.41485471,1.57505377,1.73626694],"conf_yes_cr_yes_del_yes":[0.57923777,0.50373878,0.42632456,0.35054628,0.27952391,0.21571879,0.16082078,0.11581004,0.0812716,0.05806292,0.04864615,0.06091734,0.12405798,0.35330173,1.10373185,2.86014106,4.94250391,4.8983312,2.48933066,0.59101978,0.10116518],"conf_yes_cr_no_del_yes":[0.38542749,0.41476788,0.45681488,0.51412104,0.58792565,0.67797013,0.78240666,0.89780017,1.01922367,1.14044691,1.25421833,1.35264038,1.42763814,1.47152127,1.47763932,1.4411303,1.35976267,1.23487056,1.07238239,0.88394278,0.6881278]}}
