{"nodes":{"cr_yes":[0.0,0.0,0.0,0.0,0.0,0.0,0.0,0.0,0.0,0.0,0.0,0.0,0.0,3.5e-07,0.04950117,16.29847185,3.65598267,4.475e-05,0.0,0.0,0.0],"imm_yes_cr_yes":[0.0,0.0,0.0,0.0,0.0,0.0,0.0,0.0,0.0,0.0,0.00068687,1.2429221,17.3475613,1.4124833,0.00034723,0.0,0.0,0.0,0.0,0.0,0.0],"imm_yes_cr_no":[0.0,0.0,0.0,0.0,0.0,0.0,0.0,0.0,6e-08,3.985e-05,0.00435048,0.094675,0.42137707,0.37115913,0.64131427,5.89186924,10.71731883,1.85605725,0.0058396,0.0,0.0],"del_yes_cr_yes":[0.0,0.0,0.0,0.0,0.0,1e-08,0.00016804,0.12352849,4.68398089,12.47335878,2.67672581,0.04618302,5.575e-05,0.0,0.0,0.0,0.0,0.0,0.0,0.0,0.0],"del_yes_cr_no":[0.00819737,0.0057159,0.00224237,0.00062584,0.00013727,8.862e-05,0.00094425,0.00837778,0.04991755,0.2101655,0.64951641,1.51303125,2.70373054,3.74436055,4.03378264,3.37199723,2.1677282,1.05435355,0.37833873,0.09653971,0.01661643],"conf_yes_cr_yes_del_yes":[0.0,0.0,0.0,0.0,0.0,0.0,0.0,0.0,0.0,1e-08,5.73e-06,0.00079798,0.03983839,0.72977294,4.71699917,9.52761181,4.65960456,0.32834279,0.00102741,0.0,0.0],"conf_yes_cr_no_del_yes":[0.0,0.0,0.0,0.0,0.0,0.0,8e-08,2e-06,3e-05,0.00030999,0.00236178,0.01388834,0.06499088,0.24651899,0.76341108,1.91900531,3.82026776,5.67179379,5.41986198,2.08061212,0.00189338]}}
