{"nodes":{"cr_yes":[0.0,0.0,0.0,0.0,0.0,0.0,0.0,0.0,0.0,0.0,0.0,0.0,1.17e-06,0.1630422,19.05469421,0.72845908,0.05780408,6e-08,0.0,0.0,0.0],"imm_yes_cr_yes":[0.0,0.0,0.0,0.0,0.0,0.0,0.0,0.00157306,4.49557786,15.41161895,0.09522985,1.07e-06,0.0,0.0,0.0,0.0,0.0,0.0,0.0,0.0,0.0],"imm_yes_cr_no":[0.0,0.0,0.0,0.0,0.0,0.0,0.0,3e-08,0.00019911,0.09454889,3.6104003,12.44378829,3.77086204,0.08410714,9.499e-05,0.0,0.0,0.0,0.0,0.0,0.0],"del_yes_cr_yes":[0.0,0.0,0.0,0.0,0.0,0.0,0.0,0.0,1e-08,0.00023745,0.20426952,7.41645001,11.68988863,0.69207341,0.00108175,2e-08,0.0,0.0,0.0,0.0,0.0],"del_yes_cr_no":[0.0,0.0,0.0,5e-08,0.0001268,0.02288267,0.63272213,4.14419554,8.18279075,5.54105435,1.35728775,0.11938216,0.00352797,3.058e-05,6e-08,0.0,0.0,0.0,0.0,0.0,0.0],"conf_yes_cr_yes_del_yes":[0.0,0.0,0.0,0.0,0.0,0.0,0.0,0.0,0.0,0.0,6.4e-07,0.00069237,0.11839692,3.1946736,11.97586536,4.61372944,0.10060505,3.742e-05,0.0,0.0,0.0],"conf_yes_cr_no_del_yes":[0.0,0.0,0.0,0.0,0.0,0.0,1e-08,4.3e-07,9.63e-06,0.0001394,0.00139443,0.0100519,0.05361143,0.21441819,0.64450285,1.44681838,2.42349351,3.25248826,4.59785834,7.25854063,0.20134685]}}
