{"nodes":{"cr_yes":[0.0,0.0,0.0,0.0,0.0,0.0,0.0,0.0,0.0,0.0,0.0,0.0,0.0,4.52e-06,0.29655187,19.34738821,0.35960453,0.00045167,0.0,0.0,0.0],"imm_yes_cr_yes":[0.0,0.0,0.0,0.0,0.0,0.0,1e-08,0.00687037,6.4190272,13.48709704,0.09100417,2.01e-06,0.0,0.0,0.0,0.0,0.0,0.0,0.0,0.0,0.0],"imm_yes_cr_no":[0.0,0.0,0.0,0.0,1e-08,4e-08,8e-08,7e-08,5e-08,6.935e-05,0.02636591,1.17215769,7.33436646,8.91383922,2.45242832,0.10434446,0.00042902,1e-07,0.0,0.0,0.0],"del_yes_cr_yes":[0.0,0.0,0.0,0.0,0.0,0.0,0.0,0.0,2.111e-05,0.06745606,5.51228236,13.48698593,0.93586837,0.00138695,2e-08,0.0,0.0,0.0,0.0,0.0,0.0],"del_yes_cr_no":[0.03710823,0.03539183,0.02841884,0.01916656,0.01081356,0.00507475,0.00200516,0.00153135,0.00850915,0.03421966,0.0688973,0.09578953,0.2506302,0.98753931,2.78801414,4.9708213,5.46449211,3.59141562,1.34400965,0.26618563,0.02504207],"conf_yes_cr_yes_del_yes":[0.0,0.0,0.0,0.0,0.0,0.0,0.0,0.0,0.0,1e-08,5e-08,2.026e-05,0.00730746,0.51325905,6.38408179,11.26696689,1.82004254,0.01232042,2.33e-06,0.0,0.0],"conf_yes_cr_no_del_yes":[4e-08,1.1e-07,2.6e-07,5.5e-07,1.03e-06,1.72e-06,2.92e-06,1.387e-05,0.00023591,0.00350486,0.03450262,0.22321281,0.95842049,2.730121,5.06053176,5.82522665,3.81297765,1.21227314,0.13978847,0.00318333,3.22e-06]}}
