{"nodes":{"cr_yes":[0.0,0.0,0.0,0.0,0.0,0.0,0.0,0.0,0.0,0.0,0.0,0.0,0.0,0.0,1e-08,0.00355772,7.41732358,12.58199321,0.00112629,0.0,0.0],"imm_yes_cr_yes":[0.0,0.0,0.0,0.0,0.0,0.0,0.0,0.0,2.877e-05,0.3008074,15.14352335,4.55202278,0.00761844,5e-08,0.0,0.0,0.0,0.0,0.0,0.0,0.0],"imm_yes_cr_no":[0.0,0.0,0.0,0.0,0.0,0.0,0.0,0.0,0.0,0.0,8.3e-07,0.00050298,0.09202291,2.77144486,11.74757932,5.25203192,0.14034635,7.163e-05,0.0,0.0,0.0],"del_yes_cr_yes":[0.0,0.0,0.0,0.0,2.2e-07,1.48e-06,1.697e-05,0.0234728,1.94422723,11.86532649,5.93309516,0.237212,0.00064836,9e-08,0.0,0.0,0.0,0.0,0.0,0.0,0.0],"del_yes_cr_no":[1e-08,0.00206424,0.01847223,0.02448267,0.01413857,0.08589104,0.96057881,3.96642894,6.89521854,5.51672534,2.10657607,0.3812533,0.0311222,0.00103691,1.19e-05,4e-08,0.0,0.0,0.0,0.0,0.0],"conf_yes_cr_yes_del_yes":[0.0,0.0,0.0,0.0,0.0,0.0,0.0,0.0,0.0,0.0,4e-08,2.789e-05,0.00540371,0.28272928,3.78335402,10.95517827,4.82156781,0.15567175,6.804e-05,0.0,0.0],"conf_yes_cr_no_del_yes":[0.0,0.0,0.0,1e-08,4e-08,1.4e-07,4.4e-07,1.32e-06,3.76e-06,1.109e-05,4.38e-05,0.00026377,0.00182233,0.01145153,0.06113527,0.27320073,1.01107298,3.01553888,6.73410989,8.87119223,0.04830514]}}
