{"nodes":{"cr_yes":[0.0,0.0,0.0,0.0,0.0,0.0,0.0,0.0,0.0,0.0,0.0,0.0,9.14e-06,2.58080204,17.42270587,0.00048374,0.0,0.0,0.0,0.0,0.0],"imm_yes_cr_yes":[0.0,0.0,0.0,0.0,0.0,0.0,0.0,0.0,0.0,0.0,0.00118891,4.32630974,15.6413475,0.03515463,2e-08,0.0,0.0,0.0,0.0,0.0,0.0],"imm_yes_cr_no":[0.0,0.0,0.0,0.0,0.0,0.0,0.0,0.00015236,0.24680071,9.1128642,10.26621943,0.37756963,0.00039445,1e-08,0.0,0.0,0.0,0.0,0.0,0.0,0.0],"del_yes_cr_yes":[0.0,0.0,0.0,0.0,0.0,0.0,0.0,0.00027473,0.51227136,13.21608807,6.22031271,0.05504647,7.45e-06,0.0,0.0,0.0,0.0,0.0,0.0,0.0,0.0],"del_yes_cr_no":[0.0,0.0,5.848e-05,0.23150971,7.13848125,10.80545233,1.78131254,0.04695042,0.00023583,2.4e-07,0.0,0.0,0.0,0.0,0.0,0.0,0.0,0.0,0.0,0.0,0.0],"conf_yes_cr_yes_del_yes":[0.0,0.0,0.0,0.0,0.0,0.0,0.0,0.0,0.0,0.0,1e-08,1.673e-05,0.00664936,0.49175465,6.29832316,11.33541084,1.86025479,0.01159088,3.8e-07,0.0,0.0],"conf_yes_cr_no_del_yes":[0.0,0.0,0.0,0.0,0.0,0.0,0.0,7e-08,2.84e-06,6.302e-05,0.00089384,0.00860949,0.05866582,0.28959072,1.04390431,2.72269396,4.97369051,5.9269338,3.96133499,1.01435786,0.00651911]}}
