{"nodes":{"cr_yes":[0.0,0.0,0.0,0.0,0.0,0.0,0.0,0.0,0.0,0.0,0.0,0.0,0.0,0.0,8e-08,0.05535212,19.51849603,0.43015256,1e-08,0.0,0.0],"imm_yes_cr_yes":[0.0,0.0,0.0,0.0,0.0,0.0,0.0,2.065e-05,0.63200804,18.5412091,0.83070293,6.007e-05,0.0,0.0,0.0,0.0,0.0,0.0,0.0,0.0,0.0],"imm_yes_cr_no":[0.0,0.0,0.0,0.0,0.0,0.0,0.0,0.0,5.9e-07,0.00114057,0.21784038,4.72064737,11.8718227,3.12590192,0.06657678,7.049e-05,0.0,0.0,0.0,0.0,0.0],"del_yes_cr_yes":[0.0,0.0,0.0,0.0,0.0,0.0,0.0,0.0,0.0,2.014e-05,0.03520588,3.03980872,13.84453031,3.05897643,0.02545438,4.94e-06,0.0,0.0,0.0,0.0,0.0],"del_yes_cr_no":[0.0,0.0,0.0,3.7e-06,0.00050361,0.0171706,0.20075588,0.9678243,2.14731646,2.39984886,2.0648647,3.50762129,5.03081959,3.01473027,0.61796128,0.03424141,0.00033857,2.7e-07,0.0,0.0,0.0],"conf_yes_cr_yes_del_yes":[0.0,0.0,0.0,0.0,0.0,0.0,0.0,0.0,0.0,0.0,0.0,8.31e-06,0.00445709,0.41474545,6.17364109,11.66737001,1.73609632,0.00768242,1.1e-07,0.0,0.0],"conf_yes_cr_no_del_yes":[0.0,0.0,0.0,0.0,0.0,0.0,0.0,0.0,0.0,8e-08,4.77e-06,0.00015242,0.00281559,0.03102204,0.20469273,0.78843466,1.6978797,2.3513166,4.95801068,9.96547495,0.00839315]}}
