{"nodes":{"cr_yes":[0.0,0.0,0.0,0.0,0.0,0.0,0.0,0.0,1.495e-05,0.00909115,0.58403524,3.60886174,1.93063458,1.75734741,0.47761154,10.2784962,1.35787259,3.539e-05,0.0,0.0,0.0],"imm_yes_cr_yes":[0.0,0.0,0.0,8e-08,1.31e-06,1.46e-06,1.79e-06,0.05942835,9.02077431,10.53711736,0.38426333,0.00241219,6.3e-07,0.0,0.0,0.0,0.0,0.0,0.0,0.0,0.0],"imm_yes_cr_no":[0.0,0.0,0.0,0.0,1e-08,0.00028113,0.17452114,5.42515111,12.05184005,2.31141277,0.04073186,6.272e-05,1e-08,0.0,0.0,0.0,0.0,0.0,0.0,0.0,0.0],"del_yes_cr_yes":[0.0,0.0,0.0,0.0,0.0,0.0,0.0,0.0,0.0,5.64e-06,0.0264782,3.63490389,14.85940364,1.48013467,0.00306747,7.3e-06,0.0,0.0,0.0,0.0,0.0],"del_yes_cr_no":[0.0,0.0,5.26e-06,0.02549711,2.03748248,10.44183225,6.70935353,0.77073324,0.01898895,0.00010783,1.4e-07,0.0,0.0,0.0,0.0,0.0,0.0,0.0,0.0,0.0,0.0],"conf_yes_cr_yes_del_yes":[0.0,0.0,0.0,0.0,0.0,0.0,0.0,0.0,0.0,0.0,2e-08,1.333e-05,0.00687828,0.59236745,7.5021308,10.82865136,1.07046702,0.00346342,2.753e-05,1.54e-06,1.1e-07],"conf_yes_cr_no_del_yes":[1.48440294,1.38826586,1.29364435,1.20078171,1.10992326,1.02131662,0.93521445,0.85188349,0.77162897,0.69485448,0.62219979,0.5548409,0.49510914,0.4476973,0.42187294,0.43536884,0.52173623,0.74967621,1.28526985,2.46849047,3.98404893]}}
