{"nodes":{"cr_yes":[0.0,0.0,0.0,0.0,0.0,0.0,0.0,0.0,0.0,0.0,0.0,0.0,0.0,0.0,1.59e-06,0.21006532,19.58075394,0.21317995,1e-08,0.0,0.0],"imm_yes_cr_yes":[0.0,0.0,0.0,0.0,0.0,0.0,0.0,0.0,7e-08,4.2e-07,2.604e-05,0.29347036,15.22376789,4.48498697,0.00174903,0.0,0.0,0.0,0.0,0.0,0.0],"imm_yes_cr_no":[0.0,0.0,0.0,0.0,0.0,0.0,0.0,0.0,0.0,0.0,0.0,8.1e-07,0.00098515,0.17655243,4.41590978,12.6736565,2.71896658,0.01792909,4.7e-07,0.0,0.0],"del_yes_cr_yes":[0.0,0.0,0.0,0.0,0.0,0.0,0.0,8.05e-06,0.02820367,3.17520617,14.18643057,2.59723966,0.0169099,2.78e-06,0.0,0.0,0.0,0.0,0.0,0.0,0.0],"del_yes_cr_no":[2.53832979,4.2176224,4.84012819,4.18092709,2.84786893,1.56956624,0.70920896,0.26392469,0.08071506,0.02012204,0.00403208,0.00063616,7.681e-05,6.83e-06,4.2e-07,2e-08,0.0,0.0,0.0,0.0,0.0],"conf_yes_cr_yes_del_yes":[0.0,0.0,0.0,0.0,0.0,0.0,0.0,0.0,0.0,0.0,5.3e-07,0.00036831,0.0535013,1.62806427,9.44010592,8.21609514,0.66398044,0.00188486,2e-08,0.0,0.0],"conf_yes_cr_no_del_yes":[0.0,0.0,0.0,0.0,3e-08,1.6e-07,7.6e-07,3.87e-06,5.205e-05,0.00104062,0.01399269,0.11740814,0.62791883,2.16078059,4.71337872,6.21491205,4.49852345,1.4934233,0.16045508,0.00211037,2.3e-07]}}
