{"nodes":{"cr_yes":[0.0,0.0,0.0,0.0,0.0,0.0,0.0,0.0,0.0,0.0,0.0,0.0,0.00127983,9.35649416,10.6456843,0.0005425,0.0,0.0,0.0,0.0,0.0],"imm_yes_cr_yes":[0.0,0.0,0.0,0.0,0.0,0.0,0.0,0.0,0.0,0.0,7e-08,0.00873557,5.46349616,14.43830739,0.09346109,5.2e-07,0.0,0.0,0.0,0.0,0.0],"imm_yes_cr_no":[0.0,0.0,0.0,0.0,0.0,0.0,0.0,0.0,0.0,5.11e-06,0.05515317,7.37966539,12.37060101,0.19855975,1.638e-05,0.0,0.0,0.0,0.0,0.0,0.0],"del_yes_cr_yes":[0.0,0.0,0.0,3.2e-07,0.00573841,1.2544784,10.97877695,7.25273244,0.50785417,0.00441522,4.9e-06,0.0,0.0,0.0,0.0,0.0,0.0,0.0,0.0,0.0,0.0],"del_yes_cr_no":[1.92631061,18.99197898,0.0486815,1.771e-05,6.2e-07,9.7e-07,1.44e-06,2.08e-06,2.89e-06,3.89e-06,5.11e-06,6.55e-06,8.21e-06,1.011e-05,1.222e-05,1.453e-05,1.703e-05,1.969e-05,2.247e-05,2.536e-05,2.831e-05],"conf_yes_cr_yes_del_yes":[0.00085398,0.0008367,0.0007916,0.00072181,0.00063293,0.00053235,0.00042824,0.00032838,0.00023914,0.00016845,0.00028789,0.00474633,0.06812394,0.56274413,2.59586629,6.31038714,7.16846537,3.00396357,0.28258934,0.00171838,3.68e-06],"conf_yes_cr_no_del_yes":[0.14609893,0.16310116,0.19088934,0.23889729,0.3164699,0.43058757,0.58417602,0.77500122,0.99514962,1.23109357,1.46434204,1.67267651,1.83197209,1.91860395,1.91243889,1.80041224,1.58068988,1.26741562,0.89604371,0.52925664,0.26346815]}}
