{"nodes":{"cr_yes":[16.68366788,3.4550717,0.46732227,0.04039347,0.00217593,7.109e-05,1.52e-06,1.1e-07,2e-08,1.7e-07,0.00053347,0.14476507,3.05584748,4.14866934,0.28381018,0.01351275,1.685e-05,0.00272263,0.03324612,0.01395421,0.00010495],"imm_yes_cr_yes":[0.0,0.0,0.0,0.0,0.0,0.00044242,0.5022494,11.36387813,7.92482876,0.21237118,0.0002309,1e-08,0.0,0.0,0.0,0.0,0.0,0.0,0.0,0.0,0.0],"imm_yes_cr_no":[0.0,0.0,0.0,0.0,3e-08,7.33e-06,0.00638219,0.70063877,7.48226525,9.93207832,1.83480247,0.04755464,0.00023294,4.52e-06,2.39e-06,5.52e-06,8.55e-06,8.78e-06,5.98e-06,2.71e-06,8.1e-07],"del_yes_cr_yes":[0.0,0.0,0.0,0.0,0.0,2.8e-07,0.00018283,0.01793151,0.31713661,1.39908734,4.90445659,8.33123386,4.42766386,0.59243669,0.0138272,4.401e-05,1e-08,0.0,0.0,0.0,0.0],"del_yes_cr_no":[0.00431184,0.01498131,0.02146341,0.01907303,0.20533007,2.77011909,7.12469047,5.06543878,2.25603053,1.37970848,0.75391657,0.29308046,0.0802094,0.01548751,0.00210318,0.00019908,1.294e-05,5.7e-07,2e-08,0.0,0.0],"conf_yes_cr_yes_del_yes":[0.0,0.0,0.0,0.0,0.0,0.0,0.0,1e-08,1.6e-07,1.95e-06,1.877e-05,0.00057997,0.03327551,0.73806466,5.18505679,9.95239407,3.91589066,0.17836216,0.00034788,6.8e-06,2.83e-06],"conf_yes_cr_no_del_yes":[0.05301873,0.06953982,0.09070224,0.11763221,0.15166721,0.19437307,0.2475527,0.31324126,0.39368057,0.4912639,0.60844002,0.74756402,0.9106829,1.09925181,1.31381393,1.55385421,1.81888585,2.1154444,2.48658898,3.09901098,4.3086027]}}
