{"nodes":{"cr_yes":[0.0,0.0,0.0,0.0,0.0,0.0,0.0,9.63e-06,0.01027443,1.07369877,10.34192757,8.14448303,0.43244414,0.00115923,1e-07,0.0,3.66e-06,2.4e-07,0.0,0.0,0.0],"imm_yes_cr_yes":[0.0,0.0,0.0,0.0,0.0,0.0,0.0,5.14e-05,0.52967097,16.97850292,2.49317151,0.0018257,4.536e-05,0.0006978,3.512e-05,0.0,0.0,0.0,0.0,0.0,0.0],"imm_yes_cr_no":[0.0,0.0,0.0,0.0,0.0,0.0,0.0,0.0,0.0,1.899e-05,0.0132022,1.01247966,9.09436456,9.05400217,0.82524568,0.00468672,8.1e-07,0.0,0.0,0.0,0.0],"del_yes_cr_yes":[0.0,0.0,0.0,0.0,0.0,0.0,0.0,1e-08,9.539e-05,0.06279008,3.06577223,12.48437683,4.27890209,0.11188527,0.00017888,1e-08,0.0,0.0,0.0,0.0,0.0],"del_yes_cr_no":[0.0,0.0,2.2e-07,5.973e-05,0.00387169,0.08439775,0.75027224,3.05130593,6.06711104,6.0873401,3.09033998,0.77420419,0.09052165,0.0044942,8.165e-05,4.3e-07,0.0,0.0,0.0,0.0,0.0],"conf_yes_cr_yes_del_yes":[0.0,0.0,0.0,0.0,0.0,0.0,0.0,0.0,0.0,0.0,6.4e-07,0.00040207,0.05405732,1.57348883,9.11464054,8.44969584,0.80840363,0.00331186,8e-08,0.0,0.0],"conf_yes_cr_no_del_yes":[0.0,0.0,0.0,0.0,0.0,0.0,1e-08,5.8e-07,1.606e-05,0.00027541,0.00314166,0.02495557,0.1422676,0.59140648,1.79394398,3.89625019,5.76703948,5.23260512,2.29847617,0.25360751,2.995e-05]}}
