{"nodes":{"cr_yes":[2.035e-05,3.66e-06,6.4e-07,7e-08,1e-08,0.0,0.0,0.0,0.0,0.0,0.0,0.0,0.0,0.0,0.0,4.5e-07,0.001231,0.36702808,8.9538739,10.5734222,0.21686125],"imm_yes_cr_yes":[0.0,0.0,0.0,0.0,0.0,0.0,0.0,0.0,0.0,0.00010486,0.30237088,12.52706139,7.13654033,0.03792248,8.7e-07,0.0,0.0,0.0,0.0,0.0,0.0],"imm_yes_cr_no":[0.0,0.0,0.0,0.0,0.0,0.0,0.0,0.0,3.32e-06,0.00957575,1.41067904,12.16003547,6.23678949,0.18659467,0.00032303,2e-08,0.0,0.0,0.0,0.0,0.0],"del_yes_cr_yes":[9.8e-07,0.0002022,0.25422212,10.76238135,8.50018053,0.48267644,0.0039004,0.00024224,0.00012429,5.002e-05,1.579e-05,3.96e-06,8e-07,1.3e-07,2e-08,0.0,0.0,0.0,0.0,0.0,0.0],"del_yes_cr_no":[34.27294624,1.95216994,0.49411256,0.23151571,0.10614576,0.04750758,0.02079982,0.00892303,0.0037558,0.00155274,0.00063109,0.00025235,9.933e-05,3.851e-05,1.471e-05,5.54e-06,2.06e-06,7.5e-07,2.7e-07,1e-07,3e-08],"conf_yes_cr_yes_del_yes":[0.38347731,0.38248531,0.37395362,0.35788071,0.33468236,0.30547397,0.27318476,0.24629542,0.24811254,0.331802,0.58812801,1.11141772,1.89468642,2.7090221,3.1406938,2.8947706,2.11791264,1.28890695,0.7285607,0.39637232,0.17584042],"conf_yes_cr_no_del_yes":[0.39558055,0.4176646,0.44596369,0.48047782,0.521207,0.56815123,0.6213105,0.68068481,0.74627417,0.81807858,0.89609803,0.98033253,1.07078207,1.16744666,1.27032629,1.37942097,1.49473069,1.61625546,1.74399528,1.87795014,2.01812004]}}
