{"nodes":{"cr_yes":[0.0,0.0,0.0,0.0,0.0,0.0,0.0,0.0,1.82e-06,0.00014325,0.00152845,0.00200336,0.00028127,0.00010182,1.99112083,17.99787386,0.01094615,0.0,0.0,0.0,0.0],"imm_yes_cr_yes":[0.0,0.0,0.0,0.0,0.0,0.0,0.0,0.0,0.0,0.0,1e-08,0.00404119,4.65079923,15.2724697,0.0766905,1.7e-07,0.0,0.0,0.0,0.0,0.0],"imm_yes_cr_no":[0.0,0.0,0.0,0.0,0.0,0.0,0.0,0.0,0.0,0.0,1.2e-07,0.00040878,0.11335178,3.05030948,12.200792,4.58258141,0.05654914,8.09e-06,0.0,0.0,0.0],"del_yes_cr_yes":[0.0,0.0,4.01e-06,0.00334471,0.18267534,1.28596275,5.1151552,10.30270524,2.96532241,0.14653278,0.0022843,1.404e-05,2e-08,0.0,0.0,0.0,0.0,0.0,0.0,0.0,0.0],"del_yes_cr_no":[0.11076227,18.27509776,1.64214179,0.02802222,0.00204906,0.00081547,0.00031919,0.00011632,3.97e-05,1.275e-05,3.87e-06,1.11e-06,3e-07,8e-08,2e-08,0.0,0.0,0.0,0.0,0.0,0.0],"conf_yes_cr_yes_del_yes":[1e-08,1e-08,1e-08,0.0,0.0,0.0,2e-08,2.4e-07,2.28e-06,1.725e-05,0.00012539,0.00156911,0.02630266,0.298586,1.86838003,5.86661804,8.01654875,3.61751729,0.30503952,0.00318174,0.00022489],"conf_yes_cr_no_del_yes":[0.16779483,0.18739977,0.21903271,0.27122284,0.35200203,0.46700073,0.61805126,0.80229842,1.01181759,1.23374015,1.45088636,1.64290559,1.78792394,1.86469932,1.85528384,1.74819366,1.54208621,1.24994481,0.90377066,0.5597823,0.30412237]}}
