{"nodes":{"cr_yes":[0.0,0.0,0.0,0.0,0.0,0.0,0.0,0.0,0.0,0.0,0.0,0.0,0.0,0.0,1e-08,0.01013511,14.9071343,5.08670776,2.362e-05,0.0,0.0],"imm_yes_cr_yes":[0.0,0.0,0.0,0.0,0.0,1e-08,0.02622251,15.1545415,4.82145008,0.00178671,0.0,0.0,0.0,0.0,0.0,0.0,0.0,0.0,0.0,0.0,0.0],"imm_yes_cr_no":[0.0,0.0,0.0,0.0,0.0,3e-08,9.1e-06,0.0007151,0.01392827,0.11440194,2.1408448,10.4799679,6.68931153,0.56000348,0.00481625,2.4e-06,0.0,0.0,0.0,0.0,0.0],"del_yes_cr_yes":[0.0,0.0,0.0,0.0,0.0,0.0,3.716e-05,0.09745627,6.15425475,12.74376868,1.00552599,0.00295771,2.5e-07,0.0,0.0,0.0,0.0,0.0,0.0,0.0,0.0],"del_yes_cr_no":[8.32e-05,9.777e-05,0.00010791,0.00019974,0.00050406,0.00135496,0.03085594,0.53139909,3.10266542,6.92312495,6.42332147,2.54608932,0.41781919,0.02589899,0.00051769,2.69e-06,1e-08,0.0,0.0,0.0,0.0],"conf_yes_cr_yes_del_yes":[0.0,0.0,0.0,0.0,0.0,0.0,0.0,0.0,0.0,0.0,1e-08,1.662e-05,0.0076729,0.6021676,7.32508802,10.85497677,1.21014745,0.00393138,5e-08,0.0,0.0],"conf_yes_cr_no_del_yes":[1.58058933,1.54019436,1.49519428,1.44566966,1.39174681,1.33360146,1.27146219,1.2056137,1.13639958,1.06422463,0.98955644,0.91292624,0.83492888,0.75622253,0.67753196,0.59970655,0.52443524,0.46084761,0.46526429,0.71891168,0.77853612]}}
