{"nodes":{"cr_yes":[0.0,0.0,0.0,0.0,0.0,0.0,0.0,0.0,0.0,0.0,0.0,0.0,3e-08,0.00819473,7.80772898,12.18082645,0.00725061,0.0,0.0,0.0,0.0],"imm_yes_cr_yes":[0.0,0.0,0.0,0.0,0.0,3.07e-05,0.17331344,9.81784173,9.78291443,0.22884954,0.00013658,1e-08,1.593e-05,0.00056447,0.00033202,1.94e-06,0.0,0.0,0.0,0.0,0.0],"imm_yes_cr_no":[0.0,0.0,0.0,0.0,0.0,0.0,0.0,3e-08,0.0001378,0.05049204,2.07379423,10.65754533,6.7613507,0.45825496,0.00242514,5.7e-07,0.0,0.0,0.0,0.0,0.0],"del_yes_cr_yes":[0.0,0.0,0.0,0.0,3.16e-06,0.00362599,0.35052074,4.51129768,10.10209029,4.57717573,0.44963713,0.00960789,4.215e-05,3e-08,0.0,0.0,0.0,0.0,0.0,0.0,0.0],"del_yes_cr_no":[0.00045889,1.59286252,6.48155134,8.16986123,3.21553811,0.50669427,0.03602759,0.00121649,1.965e-05,1.5e-07,0.0,0.0,0.0,0.0,0.0,0.0,0.0,0.0,0.0,0.0,0.0],"conf_yes_cr_yes_del_yes":[0.0,0.0,0.0,0.0,0.0,0.0,0.0,0.0,0.0,6e-08,1.321e-05,0.00108185,0.03755982,0.56558601,3.58185389,8.61225663,6.30787225,0.88952605,0.00825086,1.6e-07,0.0],"conf_yes_cr_no_del_yes":[0.0,0.0,0.0,2e-08,1.3e-07,8.1e-07,4.21e-06,1.924e-05,8.138e-05,0.00033552,0.00139137,0.00573467,0.02258274,0.08181284,0.26581747,0.7610384,1.88427715,3.90777418,6.32311239,6.46958501,0.56086651]}}
