{"nodes":{"cr_yes":[0.0,0.0,0.0,0.0,0.0,0.0,0.0,0.0,0.0,0.0,0.0,0.0,2.01e-06,0.00073198,0.03866808,1.74984515,12.48996644,5.71390527,0.01088174,1e-08,2.4e-07],"imm_yes_cr_yes":[0.0,0.0,0.0,0.0,0.0,1e-08,4.94e-05,0.2893704,14.83117303,4.87011155,0.01329611,2.9e-07,0.0,0.0,0.0,0.0,0.0,0.0,0.0,0.0,0.0],"imm_yes_cr_no":[2e-08,0.0,0.0,0.0,0.0,0.0,2.8e-07,2.733e-05,0.00092971,0.01171322,0.06463387,0.41719035,3.22367336,8.84530208,6.3923164,1.02069137,0.02742653,9.077e-05,4.28e-06,1.17e-06,1.1e-07],"del_yes_cr_yes":[0.0,0.0,0.0,0.0,0.0,0.0,2e-08,0.0004778,0.27709871,7.3654569,11.29844151,1.05710538,0.00541934,1.14e-06,0.0,0.0,0.0,0.0,0.0,0.0,0.0],"del_yes_cr_no":[0.0016386,0.00182161,0.00200977,0.00324607,0.008438,0.02167888,0.04351768,0.07030857,0.14576347,0.56160906,1.91892558,4.06177355,5.2050998,4.24115969,2.32108267,0.85026495,0.2164082,0.08866715,0.09472021,0.10180521,0.08976275],"conf_yes_cr_yes_del_yes":[0.0,0.0,0.0,0.0,0.0,0.0,0.0,2e-08,1.7e-07,1.21e-06,6.23e-06,8.428e-05,0.00785842,0.2991783,3.3870051,9.98935556,5.90290077,0.41645115,0.00115955,3e-08,0.0],"conf_yes_cr_no_del_yes":[0.00704537,0.0127354,0.02230102,0.03786567,0.06238539,0.09977595,0.154925,0.23347937,0.34126523,0.48319436,0.66158987,0.87419328,1.11318366,1.36911643,1.64569805,1.9784397,2.40282531,2.80328526,2.81486448,2.21784702,1.34301535]}}
