{"nodes":{"cr_yes":[0.0,0.0,0.0,0.0,0.0,0.0,0.0,0.0,0.0,0.0,0.0,0.0,1.4e-07,0.04377234,19.6388934,0.32133481,1.1e-07,0.0,0.0,0.0,0.0],"imm_yes_cr_yes":[0.0,0.0,0.0,0.0,0.0,0.0,3.51e-06,0.01505145,4.09743126,15.29593326,0.59532836,0.00025297,0.0,0.0,0.0,0.0,0.0,0.0,0.0,0.0,0.0],"imm_yes_cr_no":[0.0,0.0,0.0,0.0,0.0,1e-07,0.00144384,0.50479544,8.7965713,9.99450874,0.70399959,0.00268091,8.8e-07,0.0,0.0,0.0,0.0,0.0,0.0,0.0,0.0],"del_yes_cr_yes":[0.0,0.0,0.0,0.0,0.0,0.0,0.0,0.0,0.0,1.205e-05,0.03394939,3.58197911,14.48804865,1.89470125,0.00531021,1.5e-07,0.0,0.0,0.0,0.0,0.0],"del_yes_cr_no":[0.0,0.0,2.34e-06,0.01503647,1.72208176,10.47549684,7.0115742,0.76221274,0.01742096,0.00017265,2.82e-06,3e-08,0.0,0.0,0.0,0.0,0.0,0.0,0.0,0.0,0.0],"conf_yes_cr_yes_del_yes":[0.0,0.0,0.0,0.0,0.0,0.0,0.0,0.0,0.0,0.0,1e-08,1.131e-05,0.0046715,0.37587113,5.45385218,11.66957495,2.47563058,0.02438659,2.54e-06,0.0,0.0],"conf_yes_cr_no_del_yes":[0.04878124,0.06476369,0.08538909,0.1117781,0.14523471,0.18724091,0.23943277,0.30354945,0.38134572,0.47445665,0.58420298,0.71132665,0.85564973,1.01565862,1.18804888,1.36761625,1.55220886,1.79588559,2.52452712,4.75538755,3.27181372]}}
