{"nodes":{"cr_yes":[0.0,0.0,0.0,0.0,0.0,0.0,0.0,0.0,0.0,0.0,0.0,0.0,4.306e-05,0.08269014,6.33459227,13.20107274,0.38555304,4.954e-05,0.0,0.0,0.0],"imm_yes_cr_yes":[0.0,0.0,0.0,0.0,0.0,0.0,0.00015081,0.64712942,15.62970876,3.7160392,0.01097221,3.9e-07,0.0,0.0,0.0,0.0,0.0,0.0,0.0,0.0,0.0],"imm_yes_cr_no":[0.0,0.0,0.0,0.0,0.0,0.0,0.0,0.0,0.0,1.21e-06,0.00028423,0.01333728,0.2367057,2.75406075,10.01677576,6.51715935,0.4641914,0.00148508,3e-08,0.0,0.0],"del_yes_cr_yes":[0.0,0.0,0.0,0.0,0.0,4.21e-06,0.01520113,1.75287576,11.71209961,6.2231101,0.29943029,0.00127929,4.1e-07,0.0,0.0,0.0,0.0,0.0,0.0,0.0,0.0],"del_yes_cr_no":[0.00011259,0.00147902,0.00127095,0.00531999,0.04269976,0.21333809,0.70263208,1.63408612,2.81428584,3.7102694,3.83201734,3.14966772,2.08086095,1.11074716,0.47952145,0.16692932,0.04653504,0.01027326,0.0017677,0.00023202,2.258e-05],"conf_yes_cr_yes_del_yes":[0.0,0.0,0.0,0.0,0.0,0.0,0.0,0.0,0.0,1.3e-07,2.184e-05,0.00152594,0.04649001,0.63062613,3.69621414,8.48815461,6.19648479,0.93377248,0.01071032,4.1e-07,0.0],"conf_yes_cr_no_del_yes":[2.139e-05,4.303e-05,8.367e-05,0.00015756,0.00028779,0.00051051,0.00088044,0.00147768,0.00241919,0.00390241,0.00644057,0.01197023,0.02807254,0.08092854,0.24668761,0.70620153,1.7853066,3.81066518,6.39146161,6.85697645,0.13903394]}}
