{"nodes":{"cr_yes":[0.0,0.0,0.0,0.0,0.0,0.0,0.0,0.0,0.0,0.0,0.0,0.0,0.0,0.0,9e-08,0.05994398,19.50527169,0.43878503,1e-08,0.0,0.0],"imm_yes_cr_yes":[0.0,0.0,0.0,0.0,0.0,0.0,0.0,0.0,0.0027248,4.10674159,15.71780736,0.17672226,4.79e-06,0.0,0.0,0.0,0.0,0.0,0.0,0.0,0.0],"imm_yes_cr_no":[0.0,0.0,0.0,0.0,0.0,0.0,0.0,0.0,0.0,0.0,0.0,0.0,0.0,3e-08,0.00024724,0.18265415,8.76331059,11.01643986,0.04134893,0.0,0.0],"del_yes_cr_yes":[0.0,0.0,0.0,0.0,0.0,0.0,1e-08,0.0011556,1.14178061,15.21866018,3.62645275,0.0159506,1.05e-06,0.0,0.0,0.0,0.0,0.0,0.0,0.0,0.0],"del_yes_cr_no":[8.90407463,7.80524425,3.61209663,1.24896095,0.3437601,0.07555881,0.0133497,0.00190311,0.00035227,0.00407399,0.05143801,0.29191202,0.75379234,0.86497439,0.41071893,0.07037751,0.00341982,3.064e-05,2e-08,0.0,0.0],"conf_yes_cr_yes_del_yes":[0.0,0.0,0.0,0.0,0.0,0.0,0.0,0.0,0.0,0.0,1.4e-07,0.00010255,0.01771726,0.72631306,6.54275827,10.62215144,2.07354204,0.02141425,1.79e-06,0.0,0.0],"conf_yes_cr_no_del_yes":[0.0,0.0,0.0,0.0,2e-08,1.9e-07,1.39e-06,8.88e-06,8.012e-05,0.00116422,0.01416794,0.11320038,0.58334927,1.95265498,4.22722881,5.78687527,4.77596149,2.14307121,0.39437901,0.01185685,1.53e-06]}}
