{"nodes":{"cr_yes":[0.0,0.0,0.0,0.0,1.4e-07,2.399e-05,0.00171941,0.05220633,0.66824777,3.54463675,7.55697257,6.18232808,1.81730103,0.17524739,0.0048903,3.314e-05,4e-08,0.0,0.0,2.36e-06,0.00078298],"imm_yes_cr_yes":[0.0,0.0,0.0,0.0,0.0,0.0,0.0,0.0,0.0,2e-07,0.00266336,1.06895203,13.78147263,5.1155928,0.03531783,1.97e-06,0.0,0.0,0.0,0.0,0.0],"imm_yes_cr_no":[0.0,0.0,0.0,0.0,0.0,0.0,0.0,0.0,0.0,8.33e-06,0.01697522,1.9721023,13.39215337,4.56884754,0.0539032,1.083e-05,0.0,0.0,0.0,0.0,0.0],"del_yes_cr_yes":[0.00341526,0.06742993,1.55553953,10.03371021,7.46999095,0.83607895,0.02011833,0.00023467,0.00010756,0.00020393,0.00041408,0.00075253,0.00120728,0.0017224,0.00220342,0.00254599,0.00267395,0.00256663,0.00226235,0.00183885,0.00138327],"del_yes_cr_no":[36.74400071,1.6163179,0.01457722,0.00087769,0.00018136,3.726e-05,7.32e-06,1.38e-06,2.5e-07,4e-08,1e-08,0.0,0.0,0.0,0.0,0.0,0.0,0.0,0.0,0.0,0.0],"conf_yes_cr_yes_del_yes":[0.76819291,0.78194887,0.77365047,0.74289008,0.69125173,0.62255475,0.54426408,0.47293526,0.44584765,0.53075983,0.80743299,1.296581,1.86972077,2.25232896,2.20189969,1.74208137,1.1804942,0.83043093,0.7409186,0.74495257,0.69392111],"conf_yes_cr_no_del_yes":[0.40576222,0.42932764,0.45870333,0.49388927,0.53488547,0.58169194,0.63430867,0.69273565,0.7569729,0.82702041,0.90287817,0.9845462,1.07202449,1.16531304,1.26441185,1.36932093,1.48004026,1.59656985,1.7189097,1.84705982,1.98102019]}}
