{"nodes":{"cr_yes":[0.0,0.0,0.0,0.0,0.0,0.0,0.0,0.0,0.0,0.0,0.0,0.0,0.0,0.0,0.00011779,5.71162396,14.2921887,7.035e-05,0.0,0.0,0.0],"imm_yes_cr_yes":[0.0,0.0,0.0,0.0,0.0,0.0,0.0,0.0,1.4e-07,0.02081206,8.50113112,11.43750679,0.04455038,3.1e-07,0.0,0.0,0.0,0.0,0.0,0.0,0.0],"imm_yes_cr_no":[0.0,0.0,0.0,0.0,0.0,0.0,0.0,0.0,0.0,2e-08,0.00027083,0.19446874,7.15137563,12.00420818,0.65309365,0.00058374,0.0,0.0,0.0,0.0,0.0],"del_yes_cr_yes":[0.0,0.0,0.0,0.0,0.0,2e-08,0.00182979,1.26120198,14.54163593,4.16507874,0.03424676,7.58e-06,0.0,0.0,0.0,0.0,0.0,0.0,0.0,0.0,0.0],"del_yes_cr_no":[0.00646099,1.13569369,6.25501947,7.74919047,3.78891647,0.93129485,0.12930852,0.01077342,0.00055517,1.788e-05,3.6e-07,0.0,0.0,0.0,0.0,0.0,0.0,0.0,0.0,0.0,0.0],"conf_yes_cr_yes_del_yes":[0.0,0.0,0.0,0.0,0.0,0.0,0.0,0.0,0.0,0.0,2e-08,1.797e-05,0.0037337,0.2139002,3.20814347,10.70974829,5.6384927,0.22982517,0.00013928,0.0,0.0],"conf_yes_cr_no_del_yes":[0.0,0.0,0.0,0.0,0.0,0.0,0.0,4e-08,1.03e-06,1.563e-05,0.0001715,0.00142685,0.00933365,0.04915779,0.21114946,0.74062643,2.09111944,4.55873266,6.91558546,5.34796283,0.15743609]}}
