{"nodes":{"cr_yes":[0.0,0.0,0.0,0.0,0.0,0.0,0.0,0.0,0.0,0.0,0.0,0.0,4.12e-06,0.0009679,0.01592682,0.12939873,6.95206134,12.90522143,0.00042046,0.0,0.0],"imm_yes_cr_yes":[0.0,0.0,0.0,0.0,0.0,0.0,0.0011709,4.48188443,15.42808176,0.09286245,1.26e-06,0.0,0.0,0.0,0.0,0.0,0.0,0.0,0.0,0.0,0.0],"imm_yes_cr_no":[0.0,0.0,0.0,1e-07,5.03e-06,9.811e-05,0.00078785,0.00277434,0.0061143,0.0172038,0.28797299,5.04735475,11.76672124,2.82118434,0.05346145,0.00015771,0.00011874,4.175e-05,4.19e-06,1e-07,0.0],"del_yes_cr_yes":[0.0,0.0,0.0,0.0,0.0,0.0,2e-08,0.00193037,1.50606167,15.57452347,2.90982642,0.0116578,1.05e-06,0.0,0.0,0.0,0.0,0.0,0.0,0.0,0.0],"del_yes_cr_no":[0.00496434,0.00535324,0.00477759,0.00352455,0.00214253,0.00108497,0.00164806,0.03359681,0.40672375,2.27212383,5.85349129,6.81487855,3.42970501,0.69822158,0.07431078,0.04903194,0.07175245,0.09075182,0.0941944,0.07383364,0.04074367],"conf_yes_cr_yes_del_yes":[0.0,0.0,0.0,0.0,0.0,0.0,0.0,0.0,0.0,0.0,6e-08,2.305e-05,0.00763466,0.52530739,6.42702882,11.2217876,1.81069681,0.01152124,1.16e-06,0.0,0.0],"conf_yes_cr_no_del_yes":[0.00164565,0.00105537,0.00066785,0.00045261,0.00043735,0.00076083,0.00174506,0.00394329,0.00811633,0.01542632,0.03070135,0.08881861,0.38400545,1.5155803,4.02598004,6.33488564,5.2893266,2.00066986,0.27998138,0.01915625,0.00293497]}}
