{"nodes":{"cr_yes":[0.0,0.0,0.0,0.0,0.0,0.0,0.0,0.0,0.0,0.0,0.0,0.0,0.00017218,4.00213195,15.99921155,0.00248512,0.0,0.0,0.0,0.0,0.0],"imm_yes_cr_yes":[0.0,0.0,0.0,0.0,0.0,0.0,4.18e-06,0.03911815,12.895706,7.06023402,0.00893843,3e-08,0.0,0.0,0.0,0.0,0.0,0.0,0.0,0.0,0.0],"imm_yes_cr_no":[0.0,0.0,0.0,0.0,0.0,0.0,2.59e-06,0.02824149,4.22517084,14.33917359,1.407319,0.00409253,7.6e-07,0.0,0.0,0.0,0.0,0.0,0.0,0.0,0.0],"del_yes_cr_yes":[0.0,0.0,0.0,0.0,0.0,0.0,0.0,1e-08,0.0003657,0.35407491,10.01320358,9.35538348,0.28064322,0.00032987,4e-08,0.0,0.0,0.0,0.0,0.0,0.0],"del_yes_cr_no":[0.0,0.0,1.641e-05,0.01771883,0.88548849,5.61975268,8.98842338,4.01269684,0.45647701,0.01572496,0.0023155,0.00240463,0.00176219,0.00086148,0.00028407,6.358e-05,9.68e-06,1e-06,7e-08,0.0,0.0],"conf_yes_cr_yes_del_yes":[0.0,0.0,0.0,0.0,0.0,0.0,0.0,0.0,0.0,0.0,4e-08,2.045e-05,0.00376098,0.19865976,2.86159551,9.87478864,6.43738035,0.60846605,0.01918281,0.00014619,2e-08],"conf_yes_cr_no_del_yes":[0.01831389,0.01238843,0.00810505,0.00511788,0.00311336,0.00183602,0.00116976,0.00152903,0.00541644,0.0221232,0.08081686,0.2845122,0.99997829,2.9062117,5.54645336,5.93823918,3.16363299,0.82230586,0.15982875,0.02937522,0.00538054]}}
