{"nodes":{"cr_yes":[0.0,0.0,0.0,0.0,0.0,0.0,0.0,0.0,0.0,0.0,0.0,0.0,0.0,1e-08,0.00483571,8.82648841,11.17183703,0.00083964,0.0,0.0,0.0],"imm_yes_cr_yes":[0.0,0.0,0.0,0.0,0.0,0.0,6.6e-07,0.03638196,7.76539443,12.02468255,0.17751652,2.468e-05,0.0,0.0,0.0,0.0,0.0,0.0,0.0,0.0,0.0],"imm_yes_cr_no":[0.0,0.0,0.0,0.0,0.0,0.0,1.23e-06,0.00134912,0.19190485,3.65154497,10.66501754,5.07207995,0.40589901,0.01510071,0.00108724,1.616e-05,2e-08,0.0,0.0,0.0,0.0],"del_yes_cr_yes":[0.0,0.0,0.0,0.0,0.0,0.0,0.0,1.154e-05,0.02131693,2.00133831,12.35636238,5.46336447,0.16135656,0.00025057,1e-08,0.0,0.0,0.0,0.0,0.0,0.0],"del_yes_cr_no":[0.0,0.0,0.0,1.38e-06,0.00066728,0.04256858,0.65580136,3.362364,6.85669395,6.11640022,2.47981356,0.45325245,0.03537193,0.00105608,1e-05,2e-08,0.0,0.0,0.0,0.0,0.0],"conf_yes_cr_yes_del_yes":[0.0,0.0,0.0,0.0,0.0,0.0,0.0,0.0,0.0,0.0,2.61e-06,0.00067701,0.05055182,1.11025675,6.76430296,9.69926542,2.33179897,0.04712883,1.642e-05,0.0,0.0],"conf_yes_cr_no_del_yes":[0.0,0.0,0.0,0.0,0.0,0.0,0.0,0.0,0.0,0.0,3e-08,1.01e-06,2.176e-05,0.00035156,0.00435444,0.04174341,0.30804958,1.6956552,6.33840526,11.60716249,0.0165121]}}
