{"nodes":{"cr_yes":[11.51171014,8.28579112,4.14637621,1.4260164,0.33254722,0.05176987,0.00528401,0.00034632,1.423e-05,3.6e-07,1e-08,0.0,0.0,0.0,0.0,0.0,0.0,0.0,0.0,0.0,0.0],"imm_yes_cr_yes":[0.0,0.0,0.0,0.0,0.0,0.0,0.0,0.0,0.0,5e-08,0.00025828,0.32339542,15.83254266,3.84525802,0.00254636,0.0,0.0,0.0,0.0,0.0,0.0],"imm_yes_cr_no":[0.0,0.0,0.0,0.0,0.0,0.0,0.0,0.0,0.0,0.0,0.0,4.2e-07,0.0037095,1.32953282,15.33900655,3.32705076,0.00470075,1e-08,0.0,0.0,0.0],"del_yes_cr_yes":[0.0,0.0,1e-08,2.07e-06,0.00800635,2.13870351,13.42160969,4.32798788,0.10744586,0.00024539,5e-08,0.0,0.0,0.0,0.0,0.0,0.0,0.0,0.0,0.0,0.0],"del_yes_cr_no":[7.3858854,13.74895467,2.38755833,0.1461036,0.0209201,0.00558687,0.00146954,0.00036045,8.252e-05,1.767e-05,3.54e-06,6.7e-07,1.2e-07,2e-08,0.0,0.0,0.0,0.0,0.0,0.0,0.0],"conf_yes_cr_yes_del_yes":[1.832e-05,1.223e-05,1.047e-05,2.262e-05,9.584e-05,0.00042015,0.00164808,0.00569409,0.01732004,0.0463996,0.10952873,0.22891454,0.43386775,0.80054231,1.57292084,3.10649296,4.90702141,4.93284664,2.73069842,0.96233066,0.29440853],"conf_yes_cr_no_del_yes":[0.22922453,0.27174557,0.32896602,0.40381794,0.4975296,0.60950226,0.73728154,0.87662317,1.02165336,1.16512357,1.29875992,1.41370693,1.50106591,1.5525278,1.56110048,1.52193065,1.43322015,1.29723687,1.12142004,0.91958013,0.71319322]}}
