{"nodes":{"cr_yes":[0.0,0.0,0.0,0.0,0.0,0.0,0.0,0.0,0.0,0.0,0.0,0.0,0.0,5e-08,0.01211093,14.04375917,5.51113102,0.4369617,3.792e-05,0.0,0.0],"imm_yes_cr_yes":[0.0,0.0,0.0,0.0,0.0,1e-08,0.0095926,7.47230647,12.43962655,0.08247244,2.73e-06,0.0,0.0,0.0,0.0,0.0,0.0,0.0,0.0,0.0,0.0],"imm_yes_cr_no":[0.0,0.0,0.0,0.0,0.0,2e-08,3.6e-07,1.825e-05,0.00497917,0.28788884,3.43533117,9.26804091,6.05763456,0.92338977,0.02520803,0.00116122,0.00031757,2.69e-05,2.16e-06,1.52e-06,7e-07],"del_yes_cr_yes":[0.0,0.0,0.0,0.0,0.0,1.4e-07,0.00117609,0.55509233,11.22760609,8.00034219,0.21955695,0.00022699,1e-08,0.0,0.0,0.0,0.0,0.0,0.0,0.0,0.0],"del_yes_cr_no":[0.0049031,0.03819834,0.16874293,0.4563831,0.79699593,0.94353297,1.01184868,2.24430674,5.03057416,5.63008838,2.90981362,0.68657485,0.0714836,0.0032651,0.00039015,0.00069331,0.0012218,0.00180629,0.0022451,0.00234951,0.00206937],"conf_yes_cr_yes_del_yes":[0.0,0.0,0.0,0.0,0.0,0.0,0.0,0.0,0.0,1e-08,5e-08,2.516e-05,0.00448029,0.23061509,3.22979334,10.51848375,5.74645767,0.27360799,0.00053529,2.16e-06,0.0],"conf_yes_cr_no_del_yes":[0.04575778,0.06754404,0.09645167,0.13317838,0.17770071,0.22895473,0.2846188,0.34112614,0.39402707,0.43877787,0.47219735,0.49656927,0.53567258,0.68475343,1.1875611,2.34282592,3.87293816,4.34414346,2.80669999,0.97141164,0.20793916]}}
