{"nodes":{"cr_yes":[0.0,0.0,0.0,0.0,0.0,0.0,0.0,0.0,0.0,0.0,0.0,0.0,0.0,0.0,5.5e-07,0.10666235,19.58291546,0.31442244,0.0,0.0,0.0],"imm_yes_cr_yes":[0.0,0.0,0.0,0.0,0.0,0.0,0.0,0.00072839,1.15902618,16.09946648,2.73861384,0.00616576,1.6e-07,0.0,0.0,0.0,0.0,0.0,0.0,0.0,0.0],"imm_yes_cr_no":[0.0,0.0,0.0,0.0,0.0,0.0,0.0,0.0,0.0,0.0,0.0,0.0,2.06e-06,0.00118578,0.15274269,3.80079302,13.03144543,3.00912971,0.00870211,0.0,0.0],"del_yes_cr_yes":[0.0,0.0,0.0,0.0,0.0,4.3e-06,0.02969561,3.57149505,13.94105766,2.44028776,0.02145154,8.89e-06,0.0,0.0,0.0,0.0,0.0,0.0,0.0,0.0,0.0],"del_yes_cr_no":[0.15161402,1.84229408,4.0380352,4.61588222,3.51226293,1.96234924,0.85718367,0.35329752,0.26452174,0.38002604,0.52788698,0.57695518,0.48278471,0.30610192,0.14474089,0.04977081,0.01198747,0.00191539,0.00018765,1.003e-05,2.4e-07],"conf_yes_cr_yes_del_yes":[0.0,0.0,0.0,0.0,0.0,0.0,0.0,0.0,0.0,0.0,1.62e-06,0.00030096,0.01959712,0.46007887,3.76225226,9.51513564,5.7567111,0.48825571,0.00166751,0.0,0.0],"conf_yes_cr_no_del_yes":[0.0,0.0,0.0,0.0,0.0,0.0,1e-08,3.1e-07,5.69e-06,7.171e-05,0.00065864,0.00463472,0.02583896,0.11657008,0.42971411,1.2901768,3.08609224,5.55161328,6.48451442,3.01405108,0.00011754]}}
