{"nodes":{"cr_yes":[0.0,0.0,0.0,0.0,0.0,0.0,0.0,0.0,0.0,0.0,0.0,0.0,0.0,1e-08,0.03427306,19.67595851,0.29376921,0.0,0.0,0.0,0.0],"imm_yes_cr_yes":[0.0,0.0,0.0,0.0,0.0,0.0,0.0,6.1e-07,0.09260841,15.18285547,4.72524931,0.003287,0.0,0.0,0.0,0.0,0.0,0.0,0.0,0.0,0.0],"imm_yes_cr_no":[0.0,0.0,0.0,0.0,0.0,0.0,0.0,0.0,0.0,0.0,0.0,0.0,1e-07,0.00057526,0.28617625,9.20579016,10.39427419,0.1171838,1.05e-06,0.0,0.0],"del_yes_cr_yes":[0.0,0.0,0.0,0.0,0.0,0.0,0.0,3.017e-05,0.05450967,3.95015444,13.69191278,2.29153012,0.01586042,3.2e-06,0.0,0.0,0.0,0.0,0.0,0.0,0.0],"del_yes_cr_no":[1.398e-05,0.00978762,0.01339792,0.00351051,0.00036269,3.46e-05,0.00292789,0.12077179,1.42842328,5.62493536,7.94432843,4.08234873,0.73105719,0.04089065,0.00058521,4.26e-06,1.097e-05,3.642e-05,0.00010144,0.00023906,0.00047958],"conf_yes_cr_yes_del_yes":[0.0,0.0,0.0,0.0,0.0,0.0,0.0,0.0,0.0,0.0,2.3e-06,0.00112309,0.11523397,2.49868376,10.40899412,6.58353971,0.39554142,0.00088242,1e-08,0.0,0.0],"conf_yes_cr_no_del_yes":[0.0,0.0,0.0,0.0,0.0,0.0,1e-08,6.3e-07,2.01e-05,0.00036445,0.00412797,0.03111677,0.16343244,0.61958877,1.74225412,3.67191932,5.60254468,5.4476131,2.48645423,0.23455013,2.817e-05]}}
