{"nodes":{"cr_yes":[0.0,0.0,0.0,0.0,0.0,0.0,0.0,0.0,0.0,0.0,0.0,0.0,2.281e-05,2.04552216,17.89923543,0.05921892,1.49e-06,0.0,0.0,0.0,0.0],"imm_yes_cr_yes":[0.0,0.0,0.0,0.0,0.0,0.0,0.00612318,8.08321753,11.88711165,0.02754832,1.1e-07,0.0,0.0,0.0,0.0,0.0,0.0,0.0,0.0,0.0,0.0],"imm_yes_cr_no":[0.0,0.0,0.0,0.0,0.0,0.0,0.00024116,0.36744212,10.56966245,8.80881238,0.25757804,0.00026465,1e-08,0.0,0.0,0.0,0.0,0.0,0.0,0.0,0.0],"del_yes_cr_yes":[0.0,0.0,0.0,0.0,0.0,0.0,0.00010216,0.2505304,10.01099657,9.491113,0.25107307,0.00018559,1e-08,0.0,0.0,0.0,0.0,0.0,0.0,0.0,0.0],"del_yes_cr_no":[0.0,0.0,1.9e-07,0.00013915,0.137878,4.6148671,11.59698354,3.49135928,0.16141266,0.00131146,2.994e-05,1.433e-05,4.29e-06,7.7e-07,8e-08,1e-08,0.0,0.0,0.0,0.0,0.0],"conf_yes_cr_yes_del_yes":[0.0,0.0,0.0,0.0,0.0,0.0,0.0,0.0,0.0,7e-08,1.03e-06,8.056e-05,0.01478553,0.6648152,6.20155455,10.16405592,2.65545241,0.29403741,0.00920604,1.208e-05,0.0],"conf_yes_cr_no_del_yes":[0.00596799,0.01043684,0.01687813,0.02522295,0.03478809,0.04419757,0.05158966,0.05514144,0.05383491,0.04925208,0.05883755,0.19864032,0.92346972,2.96508512,5.68200869,5.98613953,3.07596451,0.6420142,0.07054019,0.04168783,0.03057499]}}
