{"nodes":{"cr_yes":[0.0,0.0,0.0,0.0,0.0,0.0,0.0,0.0,0.0,0.0,0.0,0.0,0.0,0.0,0.001542,14.18633557,5.81612042,2.81e-06,0.0,0.0,0.0],"imm_yes_cr_yes":[0.0,0.0,0.0,0.0,0.0,0.0,0.0,6.07e-06,0.33869425,18.14121756,1.52386637,0.00021655,0.0,0.0,0.0,0.0,0.0,0.0,0.0,0.0,0.0],"imm_yes_cr_no":[0.0,0.0,0.0,0.0,0.0,0.0,0.0,2e-08,0.00016381,0.07198863,2.66980336,10.77500979,6.03361703,0.45069421,0.0027233,6.5e-07,0.0,0.0,0.0,0.0,0.0],"del_yes_cr_yes":[0.0,0.0,0.0,0.0,0.0,0.0,0.0,5e-08,0.00057381,0.28651478,7.5895916,11.27397776,0.85086571,0.00247693,1.7e-07,0.0,0.0,0.0,0.0,0.0,0.0],"del_yes_cr_no":[0.0,0.0,0.0,0.0,0.0,4e-08,4.892e-05,0.00832535,0.30078683,2.85945534,8.02470619,6.91272867,1.77408344,0.12203141,0.00183044,4.17e-06,0.0,0.0,0.0,0.0,0.0],"conf_yes_cr_yes_del_yes":[0.0,0.0,0.0,0.0,0.0,0.0,0.0,0.0,0.0,0.0,6.14e-06,0.00410513,0.41123819,6.08472229,11.49442419,1.99284865,0.01665435,1.85e-06,0.0,0.0,0.0],"conf_yes_cr_no_del_yes":[1e-08,3e-08,1.2e-07,4.1e-07,1.23e-06,3.39e-06,8.46e-06,1.922e-05,3.964e-05,7.405e-05,0.00012481,0.00018907,0.00027101,0.00074274,0.00782797,0.08605443,0.64613115,3.04455659,7.95786898,8.2586798,0.00281534]}}
