{"nodes":{"cr_yes":[0.0,0.0,0.0,0.0,0.0,0.0,0.0,0.0,0.0,0.0,0.0,0.0,0.0,2.2e-07,0.05195847,17.61876243,2.33327176,7.92e-06,0.0,0.0,0.0],"imm_yes_cr_yes":[0.0,0.0,0.0,0.0,0.0,2.4e-07,0.04285951,10.39076418,9.51405543,0.05628627,4.07e-06,2.72e-05,3.9e-06,0.0,0.0,0.0,0.0,0.0,0.0,0.0,0.0],"imm_yes_cr_no":[0.0,0.0,0.0,0.0,0.0,0.0,0.0,4.5e-07,0.0006016,0.09786003,2.4085977,9.86989608,6.82497628,0.78590471,0.01611165,5.229e-05,1e-08,0.0,0.0,0.0,0.0],"del_yes_cr_yes":[0.0,0.0,0.00684359,4.59296745,9.58903113,0.93481987,3.5978047,1.25688349,0.02561514,3.542e-05,0.0,0.0,0.0,0.0,0.0,0.0,0.0,0.0,0.0,0.0,0.0],"del_yes_cr_no":[0.00636249,0.90996447,0.51593415,0.27305606,1.82154331,5.36108207,6.40918701,3.56613805,0.99184104,0.14147217,0.01023669,0.00035891,5.6e-06,3e-08,0.0,0.0,0.0,0.0,0.0,0.0,0.0],"conf_yes_cr_yes_del_yes":[0.0,0.0,0.0,0.0,0.0,0.0,0.0,0.0,0.0,3.7e-07,5.149e-05,0.00294096,0.07444643,0.85202991,4.27636519,8.53642474,5.50593225,0.74784618,0.00796298,3e-07,0.0],"conf_yes_cr_no_del_yes":[0.0,0.0,0.0,0.0,0.0,0.0,3e-08,6.4e-07,8.37e-06,7.983e-05,0.00058735,0.00346857,0.01692295,0.06959468,0.24417169,0.73355988,1.87320433,3.95975928,6.46058389,6.52967923,0.22476015]}}
