{"nodes":{"cr_yes":[0.0,0.0,0.0,0.0,0.0,0.0,0.0,0.0,0.0,0.0,0.0,0.0,0.0,1.092e-05,0.44705033,19.36616084,0.1907787,2e-08,0.0,0.0,0.0],"imm_yes_cr_yes":[0.0,0.0,0.0,0.0,0.0,0.0,0.0,0.0,6.5e-07,0.01425459,3.82061268,15.3007664,0.86786102,0.00050546,0.0,0.0,0.0,0.0,0.0,0.0,0.0],"imm_yes_cr_no":[0.0,0.0,0.0,0.0,0.0,0.0,0.0,6e-08,0.00014691,0.03791622,1.41794912,8.62736169,8.61951362,1.27886149,0.02222259,2.91e-05,0.0,0.0,0.0,0.0,0.0],"del_yes_cr_yes":[0.0,0.0,0.0,0.0,0.0,0.0,4e-08,0.00064877,0.3246064,7.68047574,10.98352254,1.009393,0.00535309,1.22e-06,0.0,0.0,0.0,0.0,0.0,0.0,0.0],"del_yes_cr_no":[0.0,4.1e-07,0.00129448,0.11569719,1.50574848,5.39551379,7.25747608,4.31294402,1.22967786,0.17331823,0.01194247,0.00038258,5.18e-06,3e-08,0.0,0.0,0.0,0.0,0.0,0.0,0.0],"conf_yes_cr_yes_del_yes":[0.0,0.0,0.0,0.0,0.0,0.0,0.0,0.0,0.0,1e-08,4.64e-06,0.00086189,0.05136641,1.00130586,6.05140032,9.74559288,3.0554229,0.09797373,7.216e-05,0.0,0.0],"conf_yes_cr_no_del_yes":[0.0,0.0,0.0,0.0,0.0,0.0,1e-08,2.1e-07,4.92e-06,7.412e-05,0.00078217,0.00610878,0.03660535,0.17191544,0.63754647,1.85079112,4.06937811,6.25742797,5.52007873,1.45328732,1.4e-07]}}
