{"nodes":{"cr_yes":[0.0,0.0,3e-07,1.087e-05,0.00020847,0.00211768,0.0113427,0.03169277,0.04540392,0.03258099,0.01525715,0.11804917,0.98058901,2.22192436,1.21393575,0.14792919,1.57010014,11.35792955,2.25218466,0.0027441,0.0],"imm_yes_cr_yes":[0.0,0.0,0.0,0.0,0.0,0.0,0.0,0.0,0.0,4e-08,0.00059938,0.57349034,13.24641927,6.1464888,0.03700169,1.28e-06,0.0,0.0,0.0,0.0,0.0],"imm_yes_cr_no":[0.0,0.0,0.0,0.0,0.0,0.0,0.0,2.4e-07,0.0001556,0.02141904,0.66454283,4.78610558,8.70090028,5.09096093,0.72846402,0.01141744,3.473e-05,1.1e-07,0.0,0.0,0.0],"del_yes_cr_yes":[0.01201932,0.07484317,1.71950457,9.62144871,6.89263719,1.0877681,0.15780137,0.13820159,0.12504372,0.08992491,0.05213652,0.02471429,0.00968535,0.00316526,0.0008684,0.000201,3.939e-05,6.55e-06,9.2e-07,1.1e-07,1e-08],"del_yes_cr_no":[11.27484506,5.16325939,3.33717721,2.19631108,1.41335169,0.89090645,0.55124984,0.33537752,0.20090339,0.11863195,0.06911738,0.03976377,0.02260435,0.01270416,0.0070625,0.00388514,0.00211565,0.00114077,0.00060923,0.00032232,0.00016897],"conf_yes_cr_yes_del_yes":[0.19163983,0.16105622,0.13324732,0.10949932,0.09178331,0.08328092,0.08930957,0.1198065,0.19618849,0.36467285,0.70575408,1.30381635,2.14196176,2.97900042,3.39370278,3.10087602,2.26692931,1.37939703,0.76528006,0.41143711,0.22236293],"conf_yes_cr_no_del_yes":[0.46300335,0.49004401,0.52140515,0.55708678,0.5970889,0.64141151,0.6900546,0.74301818,0.80030226,0.86190682,0.92783186,0.9980774,1.07264342,1.15152994,1.23473694,1.32226442,1.4141124,1.51028087,1.61076982,1.71557926,1.82470919]}}
