{"nodes":{"cr_yes":[0.0,0.0,0.0,0.0,0.0,0.0,0.0,0.0,0.0,0.0,0.0,0.0,5.11e-05,0.49149848,18.28962354,1.22279366,3.403e-05,0.0,0.0,0.0,0.0],"imm_yes_cr_yes":[0.0,0.0,0.0,0.0,0.0,2.35e-06,0.09510953,11.05279277,8.78178383,0.07430372,7.77e-06,6e-07,2.2e-07,0.0,0.0,0.0,0.0,0.0,0.0,0.0,0.0],"imm_yes_cr_no":[0.0,0.0,0.0,0.0,0.0,0.0,0.0,0.0,3.4e-07,0.00081398,0.18484544,4.55694558,12.15589344,3.05272178,0.05274509,3.514e-05,0.0,0.0,0.0,0.0,0.0],"del_yes_cr_yes":[0.0,8.741e-05,0.00435071,0.00247336,0.27202601,6.88078318,11.0426906,1.76268122,0.03840381,0.00049271,1.171e-05,9e-08,0.0,0.0,0.0,0.0,0.0,0.0,0.0,0.0,0.0],"del_yes_cr_no":[0.20777699,18.84974174,1.00691845,0.02027754,0.01497733,0.00712888,0.00101631,5.108e-05,9.7e-07,1e-08,0.0,0.0,0.0,0.0,0.0,0.0,0.0,0.0,0.0,0.0,0.0],"conf_yes_cr_yes_del_yes":[0.0,0.0,0.0,0.0,0.0,0.0,0.0,0.0,0.0,2.1e-07,2.81e-05,0.00159465,0.0419137,0.52332514,3.04564195,7.65548958,7.02685121,1.66338291,0.04576071,1.265e-05,0.0],"conf_yes_cr_no_del_yes":[0.0,0.0,0.0,0.0,2e-08,1e-07,5.4e-07,3.15e-06,2.109e-05,0.0001438,0.00088635,0.00469904,0.02125803,0.0824642,0.27575845,0.79508419,1.95806261,4.00588904,6.34213851,6.25361652,0.52795033]}}
