{"nodes":{"cr_yes":[0.0002594,6.35e-06,8e-08,0.0,0.0,0.0,0.0,0.0,0.0,0.0,7.4e-07,0.00931637,2.72214596,15.01297,1.04321239,0.04242634,0.10838873,0.00211296,7.6e-07,0.00302607,2.12052866],"imm_yes_cr_yes":[0.0,0.0,0.0,0.0,0.0,0.0,0.0,0.0,0.0,0.0,5.5e-07,0.02149074,6.52747386,13.35505422,0.09998056,8.7e-07,0.0,0.0,0.0,0.0,0.0],"imm_yes_cr_no":[0.0,0.0,0.0,0.0,0.0,0.0,0.0,0.0,0.0,8.45e-06,0.07456997,8.25730048,11.51821844,0.15389295,1.052e-05,0.0,0.0,0.0,0.0,0.0,0.0],"del_yes_cr_yes":[0.0,0.0,1.1e-07,3.482e-05,0.00329393,1.00596189,11.06051441,7.47493828,0.45625885,0.00299633,2.19e-06,0.0,0.0,0.0,0.0,0.0,0.0,0.0,0.0,0.0,0.0],"del_yes_cr_no":[3.78382933,3.58122058,3.01973582,2.66219578,2.23558161,1.7991737,1.39479064,1.04593373,0.761284,0.53935858,0.37285711,0.25201724,0.16684114,0.10834756,0.06911145,0.04335065,0.02676672,0.01628307,0.00976704,0.00578071,0.00337804],"conf_yes_cr_yes_del_yes":[0.03176116,0.03338019,0.03386679,0.03315744,0.03145816,0.02958241,0.02978915,0.03750005,0.06387327,0.12773001,0.25308163,0.45992735,0.76570481,1.26414866,2.28050852,4.0082885,5.11255082,3.60430954,1.17853743,0.41688277,0.4476854],"conf_yes_cr_no_del_yes":[0.20696412,0.25191581,0.3114357,0.38840389,0.48405576,0.59784158,0.72738214,0.86852036,1.01546881,1.16105325,1.29705212,1.41463199,1.50487901,1.55942628,1.57117722,1.53512491,1.44926741,1.31561899,1.14131739,0.93982703,0.73223819]}}
