{"nodes":{"cr_yes":[0.0,0.0,0.0,0.0,0.0,0.0,0.0,0.0,0.0,0.0,0.0,0.0,0.0,0.0,0.00094632,12.14275754,7.86028815,8.78e-06,0.0,0.0,0.0],"imm_yes_cr_yes":[0.0,0.0,0.0,0.0,0.0,0.0,8.14e-06,0.56711081,18.77877581,0.65807264,3.34e-05,0.0,0.0,0.0,0.0,0.0,0.0,0.0,0.0,0.0,0.0],"imm_yes_cr_no":[0.0,0.0,0.0,0.0,0.0,0.0,0.0,4e-08,3.139e-05,0.0025489,0.05838429,1.81437951,10.84616776,6.91386066,0.36758225,0.00104593,7e-08,0.0,0.0,0.0,0.0],"del_yes_cr_yes":[0.0,0.0,0.0,0.0,0.0,0.0,0.0,3.64e-06,0.04968441,6.70476884,12.86551677,0.38387599,0.00015115,0.0,0.0,0.0,0.0,0.0,0.0,0.0,0.0],"del_yes_cr_no":[0.0,0.0,0.0,0.0,2e-08,3.5e-07,2.27e-06,3.642e-05,0.00292195,0.09122011,1.04547378,4.63932929,8.00068652,5.09843068,1.0665172,0.0588056,0.00057615,4.7e-07,0.0,0.0,0.0],"conf_yes_cr_yes_del_yes":[0.0,0.0,0.0,0.0,0.0,0.0,0.0,0.0,0.0,0.0,1.09e-06,0.00099365,0.14652862,3.48585042,11.88620995,4.38388249,0.10048702,4.756e-05,0.0,0.0,0.0],"conf_yes_cr_no_del_yes":[0.0,0.0,0.0,0.0,0.0,0.0,0.0,0.0,0.0,0.0,1e-07,4.22e-06,0.00012607,0.00255086,0.03438162,0.30450002,1.70915041,5.58018698,8.68397251,3.68808079,0.00209444]}}
