{"nodes":{"cr_yes":[0.0,0.0,0.0,0.0,0.0,0.0,0.0,0.0,0.0,0.0,0.0,0.0,0.0,0.00014374,7.70107369,12.30273508,4.829e-05,0.0,0.0,0.0,0.0],"imm_yes_cr_yes":[0.0,0.0,0.0,0.0,0.0,0.0,1.8e-07,0.1014635,17.62938955,2.27283397,0.00031361,0.0,0.0,0.0,0.0,0.0,0.0,0.0,0.0,0.0,0.0],"imm_yes_cr_no":[0.0,0.0,0.0,0.0,0.0,0.0,0.00023305,0.3699516,10.6071566,8.77024789,0.256149,0.00026264,1e-08,0.0,0.0,0.0,0.0,0.0,0.0,0.0,0.0],"del_yes_cr_yes":[0.0,0.0,0.0,0.0,0.0,0.0,0.0,8.7e-07,0.01168725,2.8767107,15.18879291,1.92148483,0.005324,2.4e-07,0.0,0.0,0.0,0.0,0.0,0.0,0.0],"del_yes_cr_no":[0.0,0.0,1e-07,0.00162549,0.1633607,2.35990246,11.10819301,5.96027835,0.40661603,0.00401881,5.84e-06,0.0,0.0,0.0,0.0,0.0,0.0,0.0,0.0,0.0,0.0],"conf_yes_cr_yes_del_yes":[0.0,0.0,0.0,0.0,0.0,0.0,0.0,0.0,0.0,0.0,2e-08,4.052e-05,0.01508314,0.93593322,8.76669372,9.56625645,0.71871394,0.00127978,0.0,0.0,0.0],"conf_yes_cr_no_del_yes":[0.0,0.0,0.0,0.0,0.0,0.0,0.0,0.0,0.0,0.0,1e-08,2.9e-07,1.079e-05,0.00026484,0.00445103,0.05199451,0.41981753,2.25585526,7.24729623,9.94029808,0.16802447]}}
