{"nodes":{"cr_yes":[0.0,0.0,0.0,0.0,0.0,0.0,0.0,0.0,0.0,0.0,0.0,0.0,0.00394515,14.53342549,5.46657876,5.14e-05,0.0,0.0,0.0,0.0,0.0],"imm_yes_cr_yes":[0.0,0.0,0.0,0.0,0.0,0.0,0.0,0.0,0.0,0.0,4.3e-07,0.02001656,6.68037704,13.20915184,0.09445397,9.7e-07,0.0,0.0,0.0,0.0,0.0],"imm_yes_cr_no":[0.0,0.0,0.0,0.0,0.0,0.0,0.0,0.0,0.0,8.18e-06,0.06213059,7.13311546,12.54251324,0.26619406,3.926e-05,0.0,0.0,0.0,0.0,0.0,0.0],"del_yes_cr_yes":[0.0,0.0,0.0,0.0,0.00011232,0.18136335,6.47824088,11.65908537,1.6618336,0.02333122,3.406e-05,0.0,0.0,0.0,0.0,0.0,0.0,0.0,0.0,0.0,0.0],"del_yes_cr_no":[0.83117374,19.52528713,0.06259783,0.00039814,9.981e-05,2.419e-05,5.43e-06,1.13e-06,2.2e-07,4e-08,1e-08,0.0,0.0,0.0,0.0,0.0,0.0,0.0,0.0,0.0,0.0],"conf_yes_cr_yes_del_yes":[2.7e-07,8.8e-07,2.62e-06,7.08e-06,1.75e-05,3.95e-05,8.127e-05,0.00015218,0.00025858,0.00039817,0.00061378,0.00315595,0.05141026,0.54157935,2.91493885,7.3058515,7.17465897,1.93904093,0.0706629,0.00111993,2.094e-05],"conf_yes_cr_no_del_yes":[0.22043769,0.26044113,0.3139384,0.38537062,0.47799661,0.59315354,0.72974951,0.88398786,1.04932327,1.21664969,1.37472005,1.51079781,1.61154021,1.66411344,1.65753955,1.58427514,1.44202186,1.23576877,0.98006641,0.70153273,0.44159076]}}
