{"nodes":{"cr_yes":[0.0,0.0,0.0,0.0,0.0,0.0,0.0,0.0,0.0,0.0,7e-08,2.57e-06,1.134e-05,0.024907,10.31148865,9.66124244,0.00634872,0.0,0.0,0.0,0.0],"imm_yes_cr_yes":[0.0,0.0,0.0,0.0,0.0,0.0,0.0,0.0,0.0,6.781e-05,0.15757667,8.56533629,10.988839,0.29205613,0.0001249,0.0,0.0,0.0,0.0,0.0,0.0],"imm_yes_cr_no":[0.0,0.0,0.0,0.0,0.0,0.0,0.0,0.0,1e-08,0.00012042,0.08234585,3.93339515,13.21795754,2.74448023,0.02569552,6.08e-06,0.0,0.0,0.0,0.0,0.0],"del_yes_cr_yes":[0.0,2.18e-06,0.01367478,4.22424213,13.35162199,2.36530857,0.04897769,0.0001692,1.94e-06,1.25e-06,6.6e-07,2.7e-07,9e-08,2e-08,1e-08,0.0,0.0,0.0,0.0,0.0,0.0],"del_yes_cr_no":[2.17901764,18.61445469,0.25717131,0.03352489,0.00739063,0.00156177,0.00031463,6.055e-05,1.115e-05,1.97e-06,3.3e-07,5e-08,1e-08,0.0,0.0,0.0,0.0,0.0,0.0,0.0,0.0],"conf_yes_cr_yes_del_yes":[0.00159475,0.00170686,0.00224192,0.00337989,0.00529841,0.00810825,0.01187396,0.01757919,0.0333981,0.09837167,0.3317562,0.95603847,2.14238,3.6288176,4.54923235,4.10290831,2.57357754,1.10723459,0.34508052,0.07895211,0.01053498],"conf_yes_cr_no_del_yes":[0.30399451,0.33555015,0.37327015,0.41715451,0.46720323,0.5234163,0.58579373,0.65433552,0.72904167,0.80991218,0.89694704,0.99014626,1.08950984,1.19503778,1.30673008,1.42458674,1.54860775,1.67879312,1.81514285,1.95765694,2.10633538]}}
