{"nodes":{"cr_yes":[0.0,0.0,0.0,0.0,0.0,0.0,0.0,0.0,0.0,0.0,0.0,0.0,0.0,0.00016802,2.07226076,17.91208078,0.01949124,0.0,0.0,0.0,0.0],"imm_yes_cr_yes":[0.0,0.0,0.0,0.0,0.0,0.0,0.0,0.0,0.0,0.0,0.0005226,1.09602742,17.34227832,1.5647572,0.00041525,0.0,0.0,0.0,0.0,0.0,0.0],"imm_yes_cr_no":[0.0,0.0,0.0,0.0,0.0,0.0,0.0,0.0,0.0,0.0,0.0,6.32e-06,0.00393943,0.40906572,6.41288732,11.70858336,1.46524633,0.00427229,2e-08,0.0,0.0],"del_yes_cr_yes":[0.0,0.0,0.0,0.0,0.0,0.0,7.6e-06,0.02018361,2.095131,12.52835705,5.2051976,0.15483097,0.00029294,3e-08,0.0,0.0,0.0,0.0,0.0,0.0,0.0],"del_yes_cr_no":[15.41621549,10.40357746,1.72532594,0.15717394,0.00938114,0.00040699,2.24e-05,4.13e-06,9e-07,1.4e-07,1e-08,0.0,0.0,0.0,0.0,0.0,0.0,0.0,0.0,0.0,0.0],"conf_yes_cr_yes_del_yes":[0.0,0.0,0.0,0.0,0.0,0.0,0.0,0.0,0.0,0.0,2.56e-06,0.00047397,0.02979655,0.65052639,4.71225728,9.87524832,4.49002332,0.24526159,0.00041082,0.0,0.0],"conf_yes_cr_no_del_yes":[0.0,0.0,1e-08,6e-08,5e-07,3.33e-06,1.843e-05,8.862e-05,0.00039089,0.00166658,0.00699227,0.02807541,0.10298712,0.33200277,0.91483269,2.10086173,3.88340537,5.42809475,5.02085265,2.14231632,0.08282259]}}
