{"nodes":{"cr_yes":[0.0,0.0,0.0,0.0,0.0,0.0,0.0,0.0,0.0,0.0,0.0,0.0,0.0,0.0,0.00026556,2.23691794,17.74988746,0.01692985,0.0,0.0,0.0],"imm_yes_cr_yes":[0.0,0.0,0.0,0.0,0.0,0.00195631,2.27143695,16.43763084,1.29152711,0.00144956,2e-08,0.0,0.0,0.0,0.0,0.0,0.0,0.0,0.0,0.0,0.0],"imm_yes_cr_no":[0.0,0.0,0.0,0.0,0.0,0.0,0.0,0.0,6.2e-07,0.00012442,0.01963204,0.75395302,6.15427359,10.08781423,2.87917577,0.10869375,0.00033331,3e-08,0.0,0.0,0.0],"del_yes_cr_yes":[0.0,0.0,0.0,0.0,0.0,1.4e-07,0.0011146,0.49064818,9.40920671,9.51469983,0.58610169,0.00222919,4.6e-07,0.0,0.0,0.0,0.0,0.0,0.0,0.0,0.0],"del_yes_cr_no":[0.0,0.0,5e-08,5.07e-06,0.00039853,0.01082291,0.1242535,0.70202017,2.16261599,3.90482519,4.37897799,3.30693866,2.07559154,1.46314635,1.04853566,0.56560801,0.20038365,0.0446824,0.00812025,0.0045093,0.00513119],"conf_yes_cr_yes_del_yes":[0.0,0.0,0.0,0.0,0.0,0.0,0.0,0.0,0.0,0.0,7e-08,2.652e-05,0.00348121,0.15191653,2.12855317,8.58978484,7.99414584,1.12562815,0.01046349,9.9e-07,0.0],"conf_yes_cr_no_del_yes":[0.00044692,0.00046641,0.00047503,0.00047179,0.00045859,0.00045008,0.0005184,0.00096143,0.00283042,0.00931523,0.02888993,0.08239804,0.22178597,0.577547,1.41558281,2.98562307,4.81824576,5.22670809,3.29864303,1.17392804,0.31695647]}}
