{"nodes":{"cr_yes":[22.49877535,7.46300608,1.19747733,0.09090474,0.0031753,4.932e-05,3.3e-07,0.0,0.0,0.0,0.0,0.0,1e-08,2e-08,0.0,0.0,0.0,0.0,0.0,0.0,0.0],"imm_yes_cr_yes":[0.0,0.0,0.0,0.0,0.0,0.0,0.0,0.0,0.0,9.6e-07,0.00661813,0.76816123,12.22492961,6.98397846,0.02031229,1.3e-07,0.0,0.0,0.0,0.0,0.0],"imm_yes_cr_no":[0.0,0.0,0.0,0.0,0.0,0.0,0.0,0.0,6e-08,0.00358932,2.13516046,16.34757699,1.51644996,0.001224,0.0,0.0,0.0,0.0,0.0,0.0,0.0],"del_yes_cr_yes":[0.0,0.0,3e-08,0.00061614,0.51856045,10.21179162,8.72995064,0.5398986,0.00318129,2.03e-06,0.0,0.0,0.0,0.0,0.0,0.0,0.0,0.0,0.0,0.0,0.0],"del_yes_cr_no":[38.04967812,0.81187337,0.12725951,0.03107333,0.00707096,0.00150966,0.00030412,5.806e-05,1.054e-05,1.82e-06,3e-07,5e-08,1e-08,0.0,0.0,0.0,0.0,0.0,0.0,0.0,0.0],"conf_yes_cr_yes_del_yes":[0.02444847,0.0173788,0.01204328,0.00812234,0.00532288,0.00339732,0.00219938,0.00189996,0.00370017,0.01166323,0.03631404,0.1011443,0.2617396,0.67336352,1.69817035,3.64930977,5.59795842,5.16578638,2.34039079,0.39183342,0.02007726],"conf_yes_cr_no_del_yes":[0.32429589,0.35891768,0.40570517,0.4674972,0.54580391,0.64060017,0.75021831,0.87134019,0.9990886,1.12721793,1.24840417,1.3546343,1.43769488,1.48976002,1.5040787,1.47576131,1.40266563,1.28638199,1.13331786,0.95588172,0.77376623]}}
