{"nodes":{"cr_yes":[0.0,0.0,0.0,0.0,0.0,0.0,0.0,0.0,0.0,0.0,0.0,0.0,0.0,0.00199319,10.30654047,9.69520141,0.00026574,0.0,0.0,0.0,0.0],"imm_yes_cr_yes":[0.0,0.0,0.0,0.0,0.0,0.0,0.0,0.00079552,3.30135533,16.55016326,0.1516841,2.59e-06,0.0,0.0,0.0,0.0,0.0,0.0,0.0,0.0,0.0],"imm_yes_cr_no":[0.0,0.0,0.0,0.0,0.0,0.0,0.00024276,0.36742389,10.48222635,8.88138138,0.27242546,0.00030094,1e-08,0.0,0.0,0.0,0.0,0.0,0.0,0.0,0.0],"del_yes_cr_yes":[0.0,0.0,0.0,0.0,0.0,0.0,0.0,0.0,5e-08,0.0012196,0.74960164,12.98434614,6.20510785,0.06371737,8.15e-06,0.0,0.0,0.0,0.0,0.0,0.0],"del_yes_cr_no":[0.0,0.0,0.0,0.00067848,0.47404869,8.20581192,9.89875607,1.39489348,0.02970635,0.00010574,6e-08,0.0,0.0,0.0,0.0,0.0,0.0,0.0,0.0,0.0,0.0],"conf_yes_cr_yes_del_yes":[0.0,0.0,0.0,0.0,0.0,0.0,0.0,0.0,0.0,0.0,0.0,8.55e-06,0.00470189,0.43970599,6.42440575,11.56171321,1.56759457,0.00587078,6e-08,0.0,0.0],"conf_yes_cr_no_del_yes":[0.0,0.0,0.0,0.0,0.0,0.0,2e-08,2.1e-07,1.7e-06,1.132e-05,6.429e-05,0.00033695,0.00203988,0.01604572,0.12059009,0.65461759,2.28994066,4.95111459,6.76562742,5.15022684,0.10676703]}}
