{"nodes":{"cr_yes":[0.0,0.0,0.0,1e-08,2e-08,2e-08,1e-08,0.0,0.0,0.0,0.0,0.0,0.0,0.0,0.0,0.0,0.0,4e-08,0.00015554,0.15690804,39.6938742],"imm_yes_cr_yes":[0.0,0.0,0.0,0.0,0.0,0.0,0.0,0.0,0.0,1e-08,0.00017317,0.38351112,13.52320766,6.07639738,0.02071127,2e-07,0.0,0.0,0.0,0.0,0.0],"imm_yes_cr_no":[0.0,0.0,0.0,0.0,0.0,0.0,0.0,0.0,1e-08,3.019e-05,0.02312042,1.80379288,12.13909498,5.8838893,0.15391741,0.0001556,1e-08,0.0,0.0,0.0,0.0],"del_yes_cr_yes":[4.52e-06,0.00242575,0.43107837,7.63578837,9.93161911,1.92117316,0.08051561,0.00089895,3.31e-06,2e-08,4e-08,1.4e-07,4.5e-07,1.36e-06,3.71e-06,9.3e-06,2.146e-05,4.594e-05,9.168e-05,0.00017132,0.00030097],"del_yes_cr_no":[16.02382066,10.96108783,0.67606238,0.21832151,0.08540393,0.03252908,0.01204194,0.0043394,0.00152408,0.0005222,0.00017468,5.707e-05,1.822e-05,5.69e-06,1.74e-06,5.2e-07,1.5e-07,4e-08,1e-08,0.0,0.0],"conf_yes_cr_yes_del_yes":[0.00527373,0.00421013,0.00412828,0.00628662,0.01367763,0.03229782,0.0722984,0.14820097,0.2788379,0.49258406,0.84366324,1.41690723,2.24924231,3.14447284,3.59845541,3.16498285,2.04633931,1.02444743,0.59016381,0.55900182,0.62233172],"conf_yes_cr_no_del_yes":[0.52079061,0.54382087,0.57088524,0.60198374,0.63711635,0.67628308,0.71948393,0.7667189,0.817988,0.87329121,0.93262854,0.99599999,1.06340556,1.13484525,1.21031905,1.28982698,1.37336903,1.4609452,1.55255549,1.64819989,1.74787842]}}
