{"nodes":{"cr_yes":[0.0,0.0,0.0,0.0,0.0,0.0,0.0,0.0,0.0,0.0,0.0,0.0,0.00030276,6.80587612,13.19733943,0.00048249,0.0,0.0,0.0,0.0,0.0],"imm_yes_cr_yes":[0.0,0.0,0.0,0.0,0.0,0.0,0.0,0.0,0.00061555,1.42752014,17.29318323,1.28216652,0.00051535,0.0,0.0,0.0,0.0,0.0,0.0,0.0,0.0],"imm_yes_cr_no":[0.0,0.0,0.0,0.0,0.0,0.0,0.0,0.0,0.0,2.5e-07,0.00250112,0.92277563,13.04708158,5.97295451,0.058682,5.71e-06,0.0,0.0,0.0,0.0,0.0],"del_yes_cr_yes":[0.0,0.0,7e-08,0.00494907,0.35494046,0.27107414,0.00666619,9.19e-06,8.227e-05,0.04989554,2.4872261,11.52740934,5.0997426,0.20140655,0.00059919,1e-07,0.0,0.0,0.0,0.0,0.0],"del_yes_cr_no":[0.0,0.0,7e-08,0.00193025,0.53439889,7.22923756,10.03744612,2.11726827,0.08306156,0.00065703,1.04e-06,0.0,0.0,0.0,0.0,0.0,0.0,0.0,0.0,0.0,0.0],"conf_yes_cr_yes_del_yes":[0.0,0.0,0.0,0.0,0.0,0.0,0.0,0.0,0.0,0.0,2.3e-07,0.00016778,0.02715318,0.99316498,7.60294621,9.91895581,1.45138137,0.01023073,5.1e-07,0.0,0.0],"conf_yes_cr_no_del_yes":[0.0,1e-08,9e-08,6.2e-07,3.57e-06,1.68e-05,6.611e-05,0.00022003,0.0006263,0.00157128,0.00405058,0.01534956,0.08164563,0.39671977,1.44009404,3.64005014,5.99666089,5.72217698,2.46115674,0.24355215,7.903e-05]}}
