{"nodes":{"cr_yes":[0.0,0.0,0.0,0.0,0.0,0.0,0.0,0.0,0.0,0.0,0.0,0.0,0.0,8.1e-07,0.11697707,19.11309263,0.77392994,3.5e-07,0.0,0.0,0.0],"imm_yes_cr_yes":[0.0,0.0,0.0,0.0,0.0,0.0,0.0,0.0,0.00017189,0.50702537,14.57806371,4.90094574,0.01779361,4.9e-07,0.0,0.0,0.0,0.0,0.0,0.0,0.0],"imm_yes_cr_no":[0.0,0.0,0.0,0.0,0.0,0.0,0.0,0.0,4.3e-07,0.0004022,0.06080516,1.69237238,8.90994834,8.23362272,1.09270793,0.01413292,8.71e-06,0.0,0.0,0.0,0.0],"del_yes_cr_yes":[0.0,0.0,0.0,0.0,0.0,1e-08,0.00030946,0.21819332,6.51599932,11.75980894,1.49636517,0.01331756,7.02e-06,0.0,0.0,0.0,0.0,0.0,0.0,0.0,0.0],"del_yes_cr_no":[0.0,0.0,0.0,2.1e-07,7.382e-05,0.004676,0.0912925,0.72620043,2.76119463,5.49400294,5.9798341,3.58890221,1.1566151,0.1873346,0.01351836,0.00035357,2.33e-06,0.0,0.0,0.0,0.0],"conf_yes_cr_yes_del_yes":[0.0,0.0,0.0,0.0,0.0,0.0,0.0,0.0,0.0,0.0,1.5e-07,5.614e-05,0.0066535,0.25498509,3.03556297,9.80682283,6.43017325,0.46880513,0.00094174,0.0,0.0],"conf_yes_cr_no_del_yes":[0.0,0.0,0.0,0.0,0.0,0.0,1e-08,2.9e-07,7.14e-06,0.00011124,0.00119386,0.00932232,0.05490742,0.24897869,0.87415414,2.3486511,4.65043364,6.22391235,4.58904894,1.00324503,6.925e-05]}}
