{"nodes":{"cr_yes":[0.0,0.0,0.0,0.0,0.0,0.0,0.0,0.0,0.0,0.0,0.0,0.0,0.0,0.0,0.00408749,10.8394699,9.16013989,0.00030352,0.0,0.0,0.0],"imm_yes_cr_yes":[0.0,0.0,0.0,0.0,0.0,0.0,0.00073537,4.54462785,15.4077098,0.05092756,2.1e-07,0.0,0.0,0.0,0.0,0.0,0.0,0.0,0.0,0.0,0.0],"imm_yes_cr_no":[0.0,0.0,0.0,0.0,0.0,1e-08,5e-08,9e-08,8e-08,1.011e-05,0.00549924,0.42930786,5.39124993,10.90121833,3.1685193,0.10788733,0.00030841,4e-08,0.0,0.0,0.0],"del_yes_cr_yes":[0.0,0.0,0.0,0.0,0.0,0.0,2e-08,0.00383263,2.70906496,16.16336708,1.12678388,0.00095222,1e-08,0.0,0.0,0.0,0.0,0.0,0.0,0.0,0.0],"del_yes_cr_no":[0.0,0.0,0.0,0.0,0.0,8.7e-07,0.00017505,0.00984976,0.18921781,1.40741568,4.37994012,6.04554909,4.26475027,2.31155003,1.09166797,0.27615765,0.02691986,0.00080131,5.25e-06,3e-08,8e-08],"conf_yes_cr_yes_del_yes":[0.0,0.0,0.0,0.0,0.0,0.0,0.0,0.0,0.0,0.0,5.8e-07,0.00023007,0.02533456,0.77101156,5.99952237,10.1991577,2.91953426,0.08908672,0.00012294,5e-08,0.0],"conf_yes_cr_no_del_yes":[0.0,0.0,0.0,4e-08,7.7e-07,1.008e-05,9.551e-05,0.00068339,0.00386592,0.0183593,0.07927192,0.32624768,1.17993746,3.18140641,5.54411346,5.58639957,2.94293551,0.81400093,0.22527281,0.09052023,0.02175961]}}
