{"nodes":{"cr_yes":[0.0,0.0,0.0,0.0,0.0,0.0,0.0,0.0,0.0,0.0,0.0,0.0,3.9e-07,0.0917798,18.30239381,1.60980822,1.857e-05,0.0,0.0,0.0,0.0],"imm_yes_cr_yes":[0.0,0.0,0.0,0.0,0.0,0.0,0.0,0.0,0.0,0.0,0.0,0.00240403,4.28507112,15.6570308,0.05949479,6e-08,0.0,0.0,0.0,0.0,0.0],"imm_yes_cr_no":[0.0,0.0,0.0,0.0,0.0,0.0,0.0,0.0,0.0,3.76e-06,0.04643931,6.95618995,12.78149554,0.21985336,1.888e-05,0.0,0.0,0.0,0.0,0.0,0.0],"del_yes_cr_yes":[0.0,0.0,0.0,1.25e-06,0.00787673,1.13065088,9.63613091,8.26022795,0.95205978,0.01700458,4.869e-05,2e-08,0.0,0.0,0.0,0.0,0.0,0.0,0.0,0.0,0.0],"del_yes_cr_no":[4.99501485,17.46242263,0.04405325,1.744e-05,5e-08,0.0,0.0,0.0,0.0,0.0,0.0,0.0,0.0,0.0,0.0,0.0,0.0,0.0,0.0,0.0,0.0],"conf_yes_cr_yes_del_yes":[1e-08,4e-08,2.3e-07,1.17e-06,5.06e-06,1.912e-05,6.332e-05,0.00018372,0.00046724,0.00104394,0.00222613,0.00854927,0.07659466,0.57800407,2.57822662,6.172366,7.07052785,3.15216402,0.3597224,0.00382706,1.776e-05],"conf_yes_cr_no_del_yes":[0.12610824,0.14598358,0.18102171,0.23955365,0.32914983,0.45478204,0.61748891,0.81354497,1.03413326,1.26552149,1.48974183,1.68577412,1.83123281,1.90455734,1.88770613,1.76935414,1.54859393,1.23914039,0.87403892,0.51087725,0.23750076]}}
