{"nodes":{"cr_yes":[0.0,0.0,0.0,0.0,0.0,0.0,0.0,0.0,1e-08,5e-08,8e-08,4e-08,2.45e-06,0.00438135,0.77055183,10.63998685,8.32688876,0.23108045,0.02289047,0.00821844,2e-08],"imm_yes_cr_yes":[0.0,0.0,0.0,0.0,0.0,1e-08,0.02316528,13.81200147,6.16479748,0.00403654,2e-08,0.0,0.0,0.0,0.0,0.0,0.0,0.0,0.0,0.0,0.0],"imm_yes_cr_no":[0.0,0.0,0.0,4e-08,4.1e-07,2.24e-06,3.186e-05,0.00139813,0.0212728,0.2680979,3.99590624,11.26564567,4.26460627,0.18423695,0.00158302,0.00089809,0.00029059,2.808e-05,8.9e-07,7.5e-07,1.75e-06],"del_yes_cr_yes":[0.0,0.0,0.0,0.0,0.0,0.0,0.0,0.00026093,0.47501388,12.81482503,6.64569203,0.06819751,1.142e-05,0.0,0.0,0.0,0.0,0.0,0.0,0.0,0.0],"del_yes_cr_no":[0.0,2e-08,5.74e-06,0.00044101,0.01107063,0.11386029,0.57300446,1.68533441,3.53096576,5.48051344,5.18174299,2.59820445,0.70654321,0.11217801,0.0097518,0.00037928,5.28e-06,2e-08,0.0,0.0,0.0],"conf_yes_cr_yes_del_yes":[0.0,1e-08,1e-08,3e-08,7e-08,1.1e-07,1.5e-07,1.7e-07,1.5e-07,1.1e-07,1e-07,4.272e-05,0.01112748,0.60438274,6.37585798,10.88270403,2.10598,0.02389982,5.13e-06,0.0,0.0],"conf_yes_cr_no_del_yes":[1.77063429,1.64185887,1.5169673,1.39616326,1.2796435,1.16759658,1.06020162,0.95762686,0.86002821,0.76754766,0.68031163,0.5984293,0.52199177,0.45107743,0.38581671,0.32699393,0.28086375,0.29020688,0.58056638,1.92597607,4.85763188]}}
