{"nodes":{"cr_yes":[0.0,0.0,0.0,0.0,0.0,0.0,0.0,0.0,0.0,0.0,0.0,0.0,0.0,0.0,3.672e-05,2.22348333,17.78014419,0.00033656,0.0,0.0,0.0],"imm_yes_cr_yes":[0.0,0.0,0.0,0.0,0.0,0.0,0.0,0.0,0.0,1.2e-07,0.04495627,15.32884729,4.62944182,0.0007553,0.0,0.0,0.0,0.0,0.0,0.0,0.0],"imm_yes_cr_no":[0.0,0.0,0.0,0.0,0.0,0.0,0.0,0.0,0.0,1.318e-05,0.01189316,1.04440123,9.40174842,8.04628635,0.52398955,0.17185136,0.75201968,0.05179303,4.84e-06,0.0,0.0],"del_yes_cr_yes":[0.0,0.0,0.0,0.0,0.0,0.0,6.03e-06,0.05318012,5.96072853,13.2764626,0.71271549,0.00090802,2e-08,0.0,0.0,0.0,0.0,0.0,0.0,0.0,0.0],"del_yes_cr_no":[0.0,0.0,0.0,0.0,0.0,1.52e-06,0.00025975,0.01291155,0.22961357,1.65490115,5.18218456,7.23658773,4.44399868,1.13321283,0.10720845,0.00310121,1.978e-05,2e-08,0.0,0.0,0.0],"conf_yes_cr_yes_del_yes":[0.0,0.0,0.0,0.0,0.0,0.0,0.0,0.0,0.0,0.0,5.18e-06,0.00198626,0.16592334,3.0029555,10.646335,5.86459531,0.32146234,0.00073785,1e-08,0.0,0.0],"conf_yes_cr_no_del_yes":[0.0,0.0,0.0,0.0,0.0,0.0,8e-08,3.01e-06,6.692e-05,0.00092265,0.00845711,0.05406353,0.2491943,0.84738082,2.15620187,4.10567059,5.63731231,4.90551919,1.91621662,0.12297716,2.931e-05]}}
