{"nodes":{"cr_yes":[0.0,0.0,0.0,0.0,0.0,0.0,0.0,0.0,0.0,0.0,0.0,0.0,0.0,1e-08,9e-08,0.02616539,19.77712408,0.20071122,0.0,0.0,0.0],"imm_yes_cr_yes":[0.0,0.0,0.0,0.0,0.0,0.0,3e-08,0.01895176,9.95669813,10.00048438,0.0278663,2.1e-07,0.0,0.0,0.0,0.0,0.0,0.0,0.0,0.0,0.0],"imm_yes_cr_no":[5.34e-06,1.071e-05,1.544e-05,1.596e-05,1.178e-05,6.15e-06,2.24e-06,5.9e-07,1.754e-05,0.00247005,0.09285086,1.36340185,7.21855927,9.26405423,2.01267033,0.04983043,8.071e-05,0.0,0.0,0.0,0.0],"del_yes_cr_yes":[0.0,0.0,0.0,0.0,0.0,0.0,0.0,2e-08,8.017e-05,0.03636315,1.82129147,10.72828463,7.01086252,0.40562486,0.00149375,2.4e-07,0.0,0.0,0.0,0.0,0.0],"del_yes_cr_no":[0.0,0.0,0.0,9e-08,5.52e-06,0.00014674,0.00197391,0.01635826,0.10572653,0.56257661,2.08942144,4.66478608,5.86945767,4.23047171,1.88074947,0.5092332,0.06909385,0.00377842,0.00017625,4.121e-05,7.71e-06],"conf_yes_cr_yes_del_yes":[0.0,0.0,0.0,0.0,0.0,0.0,0.0,0.0,0.0,0.0,8e-08,6.551e-05,0.01343992,0.65091188,6.53820727,10.75719356,2.0191627,0.02501248,7.39e-06,0.0,0.0],"conf_yes_cr_no_del_yes":[0.00362144,0.00558304,0.00851981,0.012867,0.01922707,0.02841938,0.04153684,0.06000554,0.08563944,0.12067673,0.16777649,0.22994472,0.31034764,0.41196319,0.53708881,0.687871,0.88208162,1.2994795,3.06602214,8.88632405,6.28163215]}}
