{"nodes":{"cr_yes":[0.0,0.0,0.0,0.0,0.0,0.0,0.0,0.0,0.0,0.0,0.0,0.0,1.1e-06,0.01330929,10.72152072,9.26755902,0.00161067,0.0,0.0,0.0,0.0],"imm_yes_cr_yes":[0.0,0.0,0.0,0.0,0.0,0.0,0.0,0.0,0.0,0.0,5.971e-05,0.16796419,9.68321824,10.0256245,0.12712469,9.47e-06,0.0,0.0,0.0,0.0,0.0],"imm_yes_cr_no":[0.0,0.0,0.0,0.0,0.0,0.0,0.0,0.0,0.0,0.0,1e-08,4.498e-05,0.03323273,2.3443836,13.38030711,4.21145032,0.03458037,1.69e-06,0.0,0.0,0.0],"del_yes_cr_yes":[3e-08,0.00055118,0.47958585,7.53057088,9.78836735,2.09803146,0.10539694,0.00149065,6.46e-06,1e-08,0.0,0.0,0.0,0.0,0.0,0.0,0.0,0.0,0.0,0.0,0.0],"del_yes_cr_no":[1.12586461,1.16518743,1.07445865,1.1302838,1.17734588,1.20574948,1.21645409,1.21118795,1.19194678,1.16084473,1.12000316,1.07146753,1.01714861,0.95878407,0.89791656,0.8358847,0.77382398,0.71267477,0.65319532,0.59597784,0.54146635],"conf_yes_cr_yes_del_yes":[0.06519295,0.08851646,0.11398543,0.13924174,0.16132645,0.17733632,0.18633015,0.19588264,0.24018518,0.41048494,0.86388122,1.73004676,2.88713031,3.81061348,3.84838259,2.86261711,1.48893153,0.51709229,0.14538878,0.07523745,0.05758697],"conf_yes_cr_no_del_yes":[0.37176962,0.39681056,0.4279733,0.46525784,0.50866417,0.5581923,0.61384223,0.67561396,0.74350749,0.81752281,0.89765993,0.98391885,1.07629956,1.17480208,1.27942639,1.3901725,1.5070404,1.63003011,1.75914161,1.89437491,2.03573]}}
