{"nodes":{"cr_yes":[0.0,0.0,0.0,0.0,0.0,0.0,1e-08,5.1e-07,1.04e-05,5.227e-05,6.099e-05,1.512e-05,7e-07,0.0,3e-08,0.00535524,6.39923865,13.59607992,0.00318696,0.0,0.0],"imm_yes_cr_yes":[0.0,0.0,0.0,0.0,0.0,0.0,0.0,0.0,0.0,0.00013099,0.25675654,10.6722274,8.96069224,0.11418143,1.219e-05,0.0,0.0,0.0,0.0,0.0,0.0],"imm_yes_cr_no":[0.0,0.0,0.0,0.0,0.0,0.0,0.0,0.0,0.0,0.0,2.5e-07,0.00017719,0.02828673,1.03483891,7.86206379,9.81070949,1.26140828,0.00651602,1.5e-07,0.0,0.0],"del_yes_cr_yes":[0.0,0.0,0.0,0.0,1.342e-05,0.01460329,1.06707706,8.32576991,9.01133779,1.54193912,0.04307424,0.00018587,1.1e-07,0.0,0.0,0.0,0.0,0.0,0.0,0.0,0.0],"del_yes_cr_no":[0.00537916,0.05220983,0.06191343,0.05306782,0.24749,1.24000316,3.33524171,5.19207456,5.01131652,3.12106054,1.27706533,0.34333262,0.0596416,0.00646608,0.00041348,1.431e-05,2.4e-07,0.0,0.0,0.0,0.0],"conf_yes_cr_yes_del_yes":[0.0,0.0,0.0,0.0,0.0,0.0,0.0,0.0,0.0,2.2e-07,2.923e-05,0.00168552,0.04464289,0.55671272,3.2009319,7.83173031,6.84385955,1.48865382,0.03574339,1.123e-05,0.0],"conf_yes_cr_no_del_yes":[1.3e-07,7.6e-07,3.73e-06,1.572e-05,5.849e-05,0.00019538,0.00059406,0.00166308,0.00433343,0.01063362,0.02490525,0.05647111,0.12539499,0.27369241,0.58270273,1.18747695,2.25142808,3.8150842,5.40164024,5.44599072,1.64343152]}}
