{"nodes":{"cr_yes":[0.0,0.0,0.0,0.0,0.0,0.0,0.0,0.0,0.0,0.0,0.0,0.0,1.174e-05,0.85976299,19.10527148,0.03895459,0.0,0.0,0.0,0.0,0.0],"imm_yes_cr_yes":[0.0,0.0,0.0,0.0,0.0,0.0,0.0,0.00010231,0.5998043,16.51567982,2.88508664,0.00332771,2e-08,0.0,0.0,0.0,0.0,0.0,0.0,0.0,0.0],"imm_yes_cr_no":[0.0,0.0,0.0,0.0,0.0,0.0,3.17e-06,0.03421121,4.71425301,14.08532388,1.16745293,0.00275644,1.5e-07,0.0,0.0,0.0,0.0,0.0,0.0,0.0,0.0],"del_yes_cr_yes":[0.0,0.0,0.0,0.0,0.0,1e-08,2.171e-05,0.14916734,9.80232374,9.86820007,0.18422666,6.128e-05,0.0,0.0,0.0,0.0,0.0,0.0,0.0,0.0,0.0],"del_yes_cr_no":[0.05143246,3.27410608,10.05348511,5.26686162,1.08560638,0.26664708,0.03059607,0.00097366,8.55e-06,2e-08,0.0,0.0,0.0,0.0,0.0,0.0,0.0,0.0,0.0,0.0,0.0],"conf_yes_cr_yes_del_yes":[0.0,0.0,0.0,0.0,0.0,0.0,0.0,0.0,0.0,0.0,2.9e-07,0.00021311,0.0333805,1.15324999,8.12660686,9.48287813,1.20062438,0.00704724,2.8e-07,0.0,0.0],"conf_yes_cr_no_del_yes":[0.0,0.0,0.0,0.0,0.0,0.0,3e-08,2.7e-07,4.38e-06,9.841e-05,0.00163906,0.01803514,0.1324141,0.65732652,2.19770869,4.80458967,6.40587322,4.50974894,1.22271922,0.05383901,8.27e-06]}}
