{"nodes":{"cr_yes":[0.0,0.0,0.0,0.0,0.0,0.0,0.0,0.0,0.0,0.0,0.0,0.0,0.0,0.0,0.00067615,4.44740632,15.55380192,0.00211641,0.0,0.0,0.0],"imm_yes_cr_yes":[0.0,0.0,0.0,0.0,0.0,0.0,9e-08,0.00325654,0.42371019,10.8275969,8.69354248,0.05589218,2.41e-06,0.0,0.0,0.0,0.0,0.0,0.0,0.0,0.0],"imm_yes_cr_no":[0.0,0.0,0.0,0.0,0.0,0.0,0.0,0.0,0.0,0.0,2.9e-07,0.00017207,0.02434783,0.8450267,6.73862987,10.29651908,2.07361919,0.02568238,3.38e-06,0.0,0.0],"del_yes_cr_yes":[0.0,0.0,0.0,0.0,0.0,0.0,5.5e-07,0.00424072,1.00656174,11.27707086,7.41754647,0.29793753,0.00064288,5e-08,0.0,0.0,0.0,0.0,0.0,0.0,0.0],"del_yes_cr_no":[0.00325785,0.0659725,0.42070855,1.36978987,2.72059144,3.59438788,3.31722674,2.2857523,1.56331956,1.59018348,1.61230792,1.03330104,0.36109489,0.06282482,0.00478175,0.00012831,8.3e-07,0.0,0.0,0.0,0.0],"conf_yes_cr_yes_del_yes":[0.0,0.0,0.0,0.0,0.0,0.0,0.0,0.0,0.0,0.0,4.6e-07,0.00012851,0.01161513,0.35076698,3.42956058,9.65171141,6.0571037,0.50145793,0.0016561,1e-08,0.0],"conf_yes_cr_no_del_yes":[0.0,0.0,0.0,0.0,0.0,0.0,0.0,8e-08,1.8e-06,2.679e-05,0.00028243,0.00222823,0.01367181,0.06696732,0.26600458,0.86121051,2.25234436,4.60104475,6.69988008,5.21561524,0.04944563]}}
