{"nodes":{"cr_yes":[0.0,0.0,0.0,0.0,0.0,0.0,0.0,0.0,0.0,0.0,0.0,0.0,0.0,0.0,1.06e-06,0.0812564,17.84111139,2.08162873,3.23e-06,0.0,0.0],"imm_yes_cr_yes":[0.0,0.0,0.0,0.0,0.0,0.0,1e-08,0.00341903,3.30973366,16.13943365,0.55127994,0.00013452,0.0,0.0,0.0,0.0,0.0,0.0,0.0,0.0,0.0],"imm_yes_cr_no":[0.0,0.0,0.0,0.0,0.0,0.0,0.0,0.0,2.76e-06,0.00162569,0.15853742,2.89026914,10.09491355,6.27968291,0.57365049,0.00531629,2.54e-06,0.0,0.0,0.0,0.0],"del_yes_cr_yes":[0.0,0.0,0.0,0.0,0.0,0.0,6.6e-07,0.00402482,0.87925302,10.44121068,8.23255889,0.44549178,0.00146074,2.1e-07,0.0,0.0,0.0,0.0,0.0,0.0,0.0],"del_yes_cr_no":[0.0,0.0,0.0,0.0,1.32e-06,0.00021552,0.00926422,0.14432226,0.98200572,3.26405157,5.68057256,5.45802724,3.08953051,1.10694873,0.24246738,0.02568073,0.00090679,6.26e-06,0.0,0.0,0.0],"conf_yes_cr_yes_del_yes":[0.0,0.0,0.0,0.0,0.0,0.0,0.0,0.0,0.0,0.0,4e-08,2.033e-05,0.00312715,0.15184633,2.25912662,9.13001875,7.68276885,0.77447411,0.00261863,1e-08,0.0],"conf_yes_cr_no_del_yes":[0.0,0.0,0.0,0.0,0.0,0.0,0.0,0.0,0.0,8e-08,1.34e-06,1.722e-05,0.0001729,0.00141085,0.00974064,0.05938136,0.32731975,1.57990963,5.89363134,11.93583004,0.39317132]}}
