{"nodes":{"cr_yes":[0.0,0.0,0.0,0.0,0.0,0.0,0.0,0.0,0.0,0.0,0.0,0.0,0.0,3.3e-07,0.14503362,19.71790406,0.14106279,0.0,0.0,0.0,0.0],"imm_yes_cr_yes":[0.0,0.0,0.0,0.0,0.0,0.0,0.0,0.00011492,0.80328582,17.46945699,1.73029278,0.00085029,0.0,0.0,0.0,0.0,0.0,0.0,0.0,0.0,0.0],"imm_yes_cr_no":[0.0,0.0,0.0,0.0,0.0,0.0,0.0,0.0,0.0,0.0,1e-08,5.568e-05,0.02655446,1.58464324,11.01640536,7.11111388,0.26501042,0.00021774,0.0,0.0,0.0],"del_yes_cr_yes":[0.0,0.0,0.0,0.0,1e-08,0.00025346,0.18028928,5.69006408,11.95222295,2.03516858,0.09916264,0.04397485,0.00284791,1.702e-05,1e-08,0.0,0.0,0.0,0.0,0.0,0.0],"del_yes_cr_no":[0.0,0.0,0.0,0.0,0.0,0.0,1.16e-06,0.00012384,0.00513423,0.09300263,0.7915452,3.27744888,6.60594546,6.25418758,2.56509659,0.39380352,0.01756707,0.00014457,9e-08,0.0,0.0],"conf_yes_cr_yes_del_yes":[0.0,0.0,0.0,0.0,0.0,0.0,0.0,0.0,0.0,0.0,3.1e-07,0.00023232,0.03721043,1.27672911,8.60809183,9.11513876,0.96255847,0.0040395,8e-08,0.0,0.0],"conf_yes_cr_no_del_yes":[0.0,0.0,0.0,0.0,0.0,0.0,0.0,3e-08,1.61e-06,5.266e-05,0.00102119,0.01255011,0.10183864,0.55551612,2.02589015,4.76921255,6.68170017,4.6991498,1.12755169,0.02951607,1e-08]}}
