{"nodes":{"cr_yes":[0.0,0.0,0.0,0.0,0.0,0.0,0.0,0.0,0.0,0.0,0.0,0.0,0.0,7.25e-06,0.40677578,19.4403162,0.15690156,1e-08,0.0,0.0,0.0],"imm_yes_cr_yes":[0.0,0.0,0.0,0.0,0.0,0.0,0.0,1.436e-05,0.19000953,12.94927362,6.8339488,0.03075351,9.8e-07,0.0,0.0,0.0,0.0,0.0,0.0,0.0,0.0],"imm_yes_cr_no":[0.0,0.0,0.0,0.0,0.0,0.0,0.0,0.0,3.25e-06,0.0023927,0.24744857,4.08817745,11.01838372,4.43383007,0.21296581,0.00079913,1.1e-07,0.0,0.0,0.0,0.0],"del_yes_cr_yes":[0.0,0.0,0.0,0.0,0.0,0.0,6.4e-07,0.00368175,0.80171304,9.9741544,8.67557252,0.5466665,0.00221153,4.3e-07,0.0,0.0,0.0,0.0,0.0,0.0,0.0],"del_yes_cr_no":[0.0,0.0,2.1e-07,0.00045197,0.04903372,0.86478758,4.19888548,7.37588498,5.42719359,1.79638337,0.27242986,0.0184283,0.00051646,5.25e-06,2e-08,0.0,0.0,0.0,0.0,0.0,0.0],"conf_yes_cr_yes_del_yes":[0.0,0.0,0.0,0.0,0.0,0.0,0.0,0.0,0.0,0.0,1.81e-06,0.00040103,0.02856911,0.67003393,4.94798405,10.01709194,4.1476395,0.19203419,0.00024524,0.0,0.0],"conf_yes_cr_no_del_yes":[0.0,0.0,0.0,0.0,0.0,0.0,0.0,1.3e-07,3.17e-06,4.837e-05,0.0005177,0.00411244,0.0251599,0.12129954,0.4655225,1.41634793,3.33469677,5.72034467,6.18528648,2.7304303,0.00046176]}}
