{"nodes":{"cr_yes":[0.0,0.0,0.0,0.0,0.0,0.0,0.0,0.0,0.0,0.0,0.0,0.0,0.0,0.0,0.00285054,17.77222829,2.22892183,1.3e-07,0.0,0.0,0.0],"imm_yes_cr_yes":[0.0,0.0,0.0,0.0,0.0,0.0,0.00031858,3.7352265,16.20842875,0.06002672,2.6e-07,0.0,0.0,0.0,0.0,0.0,0.0,0.0,0.0,0.0,0.0],"imm_yes_cr_no":[0.0,0.0,0.0,0.0,1e-08,9.62e-06,0.00195236,0.08311183,0.82217159,2.09164311,4.87172294,10.19969219,1.91289748,0.02079107,8.6e-06,0.0,0.0,0.0,0.0,0.0,0.0],"del_yes_cr_yes":[0.0,0.0,0.0,0.0,0.0,0.0,2e-08,0.00226623,1.74955,15.93503591,2.31157504,0.00557342,1.8e-07,0.0,0.0,0.0,0.0,0.0,0.0,0.0,0.0],"del_yes_cr_no":[1.6e-07,9e-08,5.1e-07,2.99e-06,1.019e-05,2.792e-05,0.00029457,0.00896436,0.25037412,2.40686369,7.29024909,7.17647842,2.40326307,0.39023323,0.06837963,0.00840909,0.00041709,8.59e-06,5.02e-06,1.041e-05,1.729e-05],"conf_yes_cr_yes_del_yes":[0.0,0.0,0.0,0.0,0.0,0.0,0.0,0.0,0.0,0.0,1.3e-07,0.00011204,0.02139882,0.88700826,7.37310807,10.12571625,1.58248608,0.01416797,3.19e-06,0.0,0.0],"conf_yes_cr_no_del_yes":[0.01555884,0.01355537,0.01132701,0.00905784,0.0069141,0.00502324,0.00346193,0.00225534,0.00140389,0.00140787,0.0119993,0.13016115,0.84401172,3.11485098,6.27980714,6.36950997,2.78540409,0.39444667,0.01091617,0.00050659,0.00040206]}}
