{"nodes":{"cr_yes":[0.0,0.0,0.0,0.0,0.0,0.0,0.0,0.0,0.0,0.0,0.0,0.0,0.0,6e-08,0.00164436,1.80056784,18.20149687,0.00029167,0.0,0.0,0.0],"imm_yes_cr_yes":[0.0,0.0,0.0,0.0,0.0,0.0,0.0,1.77e-06,0.16599299,16.88209047,2.95491489,0.00100069,0.0,0.0,0.0,0.0,0.0,0.0,0.0,0.0,0.0],"imm_yes_cr_no":[0.0,0.0,0.0,0.0,0.0,0.0,0.0,0.0,0.0,1.13e-06,0.00177997,0.29901335,5.72424763,11.81408181,2.14238889,0.02248176,6.26e-06,0.0,0.0,0.0,0.0],"del_yes_cr_yes":[0.0,0.0,0.0,0.0,0.0,0.0,0.0,0.0,5.07e-06,0.02737666,3.72252199,14.68345219,1.56729431,0.0033505,8e-08,0.0,0.0,0.0,0.0,0.0,0.0],"del_yes_cr_no":[0.0,0.0,1e-08,1e-08,0.0,2.1e-07,6.803e-05,0.0051129,0.12239805,1.11689422,4.29566418,7.26927946,5.37450329,1.63464289,0.17975512,0.00564927,3.315e-05,2e-08,0.0,0.0,0.0],"conf_yes_cr_yes_del_yes":[0.0,0.0,0.0,0.0,0.0,0.0,0.0,0.0,0.0,0.0,4e-08,7.867e-05,0.02553795,1.33209326,10.00923891,8.21505115,0.42156394,0.00043689,0.0,0.0,0.0],"conf_yes_cr_no_del_yes":[0.0,0.0,0.0,0.0,0.0,0.0,1e-08,6.7e-07,2.57e-05,0.00054664,0.0071193,0.06032093,0.34416169,1.33779704,3.49849462,5.88584834,5.78030741,2.70709236,0.37860678,0.00367931,0.0]}}
