{"nodes":{"cr_yes":[0.0,0.0,0.0,0.0,0.0,0.0,0.0,0.0,0.0,0.0,0.0,0.0,0.0,3.477e-05,0.6749691,19.12158635,0.20741052,6e-08,0.0,0.0,0.0],"imm_yes_cr_yes":[0.0,0.0,0.0,0.0,0.0,1e-08,0.00450521,4.28022626,15.35115029,0.36804548,7.355e-05,0.0,0.0,0.0,0.0,0.0,0.0,0.0,0.0,0.0,0.0],"imm_yes_cr_no":[0.0,0.0,0.0,0.0,0.0,0.0,3.4e-07,0.00142777,0.31812262,5.55744698,9.60555801,3.45279589,1.02962231,0.03895161,7.526e-05,0.0,0.0,0.0,0.0,0.0,0.0],"del_yes_cr_yes":[0.0,1.6e-07,0.11725415,10.31947182,9.18375377,0.3820587,0.0014615,7e-07,0.0,0.0,0.0,0.0,0.0,0.0,0.0,0.0,0.0,0.0,0.0,0.0,0.0],"del_yes_cr_no":[1.21055121,5.15805504,6.89027179,4.69946898,1.96719016,0.55453953,0.11098279,0.01627715,0.00178278,0.00014732,9.22e-06,4.4e-07,2e-08,0.0,0.0,0.0,0.0,0.0,0.0,0.0,0.0],"conf_yes_cr_yes_del_yes":[0.0,0.0,0.0,0.0,0.0,0.0,0.0,0.0,0.0,4e-07,4.529e-05,0.00227947,0.05413448,0.61897483,3.33050479,7.79036452,6.68339847,1.48536141,0.03892583,1.13e-05,0.0],"conf_yes_cr_no_del_yes":[0.0,0.0,0.0,0.0,1e-08,8e-08,5.5e-07,3.5e-06,2.266e-05,0.00014503,0.00085782,0.0044694,0.02015938,0.07855021,0.26477391,0.77079246,1.91821602,3.96871824,6.36346389,6.37636289,0.47492949]}}
