{"nodes":{"cr_yes":[0.0,1e-08,4e-08,1.34e-06,7.334e-05,0.00199778,0.0252182,0.14326052,0.35341957,0.36207618,0.14572838,0.02151163,0.00106956,1.612e-05,0.00120665,2.66677672,10.87785124,5.40081027,0.00298324,1e-08,0.0],"imm_yes_cr_yes":[0.0,0.0,0.0,0.0,0.0,5.07e-06,0.23083985,15.709704,4.05703102,0.00642078,7e-08,0.0,0.0,0.0,0.0,0.0,0.0,0.0,0.0,0.0,0.0],"imm_yes_cr_no":[0.0,0.0,0.0,0.0,0.0,3.5e-07,0.00021584,0.02454573,0.61335525,3.83501308,7.34870731,6.23744694,1.84575793,0.09835344,0.00060461,3.3e-07,0.0,0.0,0.0,0.0,0.0],"del_yes_cr_yes":[0.0,0.0,0.0,0.0,0.0,7.2e-07,0.01067864,2.76071467,14.9611833,2.25921138,0.01220903,3.06e-06,0.0,0.0,0.0,0.0,0.0,0.0,0.0,0.0,0.0],"del_yes_cr_no":[2.585e-05,0.00056986,0.00498659,0.02067174,0.04831704,0.15930205,1.01820168,3.46625677,5.66419587,5.2026294,2.96920013,1.04865395,0.24161951,0.07018476,0.04360121,0.02700434,0.01275622,0.00446919,0.00114431,0.00020984,2.682e-05],"conf_yes_cr_yes_del_yes":[0.0,0.0,0.0,0.0,0.0,0.0,0.0,0.0,0.0,0.0,8e-08,3.85e-05,0.00624388,0.29065165,3.65574791,10.63919534,5.19065402,0.22126527,0.00020398,1.7e-07,0.0],"conf_yes_cr_no_del_yes":[0.5278247,0.51950521,0.50344969,0.48009648,0.45036666,0.41577741,0.37861098,0.34214171,0.31087037,0.29062132,0.28826423,0.31107039,0.36820186,0.48736242,0.77490593,1.48239595,2.75386675,3.82214603,3.33156129,1.94177633,0.97419488]}}
