{"nodes":{"cr_yes":[0.0,0.0,0.0,0.0,0.0,0.0,0.0,0.0,0.0,0.0,0.0,0.0,4.619e-05,3.98725294,16.0161389,0.00056277,0.0,0.0,0.0,0.0,0.0],"imm_yes_cr_yes":[0.0,0.0,0.0,0.0,0.0,0.0,0.0,1e-08,0.01061538,8.87970125,11.08956424,0.02411984,7e-08,0.0,0.0,0.0,0.0,0.0,0.0,0.0,0.0],"imm_yes_cr_no":[0.0,0.0,0.0,0.0,0.0,0.0,6e-08,0.00167381,0.83708624,12.25495939,6.76281768,0.14735409,0.00010953,0.0,0.0,0.0,0.0,0.0,0.0,0.0,0.0],"del_yes_cr_yes":[0.0,0.0,0.0,0.0,0.0,0.0,0.0,0.0,1.767e-05,0.0602701,5.27202762,13.68465787,0.98556732,0.0014602,2e-08,0.0,0.0,0.0,0.0,0.0,0.0],"del_yes_cr_no":[0.0,0.0,1.504e-05,0.11642951,5.58486907,11.70809793,2.51080064,0.08326961,0.00051836,6.4e-07,0.0,0.0,0.0,0.0,0.0,0.0,0.0,0.0,0.0,0.0,0.0],"conf_yes_cr_yes_del_yes":[0.0,0.0,0.0,0.0,0.0,0.0,0.0,0.0,0.0,0.0,3e-08,6.227e-05,0.0202923,1.1102788,9.23240367,9.02280405,0.61711952,0.00104015,0.0,0.0,0.0],"conf_yes_cr_no_del_yes":[0.0,0.0,0.0,0.0,0.0,0.0,0.0,3e-08,1.53e-06,4.176e-05,0.00070251,0.00780782,0.05988953,0.32455012,1.24751182,3.33676722,5.88614193,6.08454347,2.8035896,0.25245342,8e-08]}}
