{"nodes":{"cr_yes":[0.0,0.0,0.0,0.0,0.0,0.0,0.0,0.0,0.0,0.0,0.0,0.0,4e-08,2.038e-05,0.00051389,0.02385537,17.09479468,2.76923398,0.11557858,3.87e-06,0.0],"imm_yes_cr_yes":[0.0,0.0,0.0,0.0,0.0,0.0,0.0048384,6.10191697,13.80229223,0.09495082,2.38e-06,0.0,0.0,0.0,0.0,0.0,0.0,0.0,0.0,0.0,0.0],"imm_yes_cr_no":[0.0,1e-07,1.26e-06,7.9e-06,2.619e-05,4.632e-05,4.371e-05,2.503e-05,0.00054052,0.0168969,0.26337153,3.95307959,11.43419919,4.17819516,0.15713375,0.00043359,5e-08,0.0,0.0,0.0,0.0],"del_yes_cr_yes":[0.0,0.0,0.0,0.0,0.0,0.0,0.0,4.939e-05,0.19051204,9.93842845,9.68565509,0.18929281,6.302e-05,0.0,0.0,0.0,0.0,0.0,0.0,0.0,0.0],"del_yes_cr_no":[0.0,0.0,0.0,1.9e-07,1.581e-05,0.00048461,0.00654868,0.04925991,0.27555189,1.17784077,3.27886275,5.66490351,5.77879451,3.02666144,0.6872197,0.056519,0.00133171,6.26e-06,2e-08,2e-08,3e-08],"conf_yes_cr_yes_del_yes":[0.0,0.0,0.0,0.0,0.0,0.0,0.0,0.0,0.0,0.0,0.0,8.56e-06,0.00415356,0.37355914,5.7162716,11.81755335,2.07856966,0.01388209,2.83e-06,0.0,0.0],"conf_yes_cr_no_del_yes":[0.0090031,0.007424,0.00590822,0.00452937,0.00333936,0.00237638,0.00172241,0.00174092,0.0038207,0.01241722,0.043837,0.18236628,0.79061735,2.58756795,5.24192083,5.92664694,3.51917493,1.21128359,0.3643824,0.08469614,0.00745456]}}
