{"nodes":{"cr_yes":[1.557e-05,9.491e-05,0.00035628,0.00081033,0.00109474,0.00085798,0.00037933,9.178e-05,1.468e-05,1.478e-05,2.378e-05,1.399e-05,2.62e-06,2.22e-06,0.00053928,0.00595399,0.80924479,18.86651041,0.31798692,2.3e-07,0.0],"imm_yes_cr_yes":[0.0,0.0,0.0,0.0,0.0,3e-08,0.00978942,6.85608638,13.02490777,0.11321167,5.54e-06,0.0,0.0,0.0,0.0,0.0,0.0,0.0,0.0,0.0,0.0],"imm_yes_cr_no":[7.38e-06,5.51e-06,3.1e-06,1.31e-06,4.1e-07,9e-08,2e-08,5.78e-06,0.00254403,0.20611634,3.16021039,9.69380458,5.85882792,0.65313303,0.10422424,0.16795629,0.12093746,0.03304342,0.00309725,8.566e-05,5.6e-07],"del_yes_cr_yes":[0.0,0.0,0.0,0.0,0.0,0.0,0.00023698,0.36230587,10.63771295,8.76191936,0.24160687,0.00021876,1e-08,0.0,0.0,0.0,0.0,0.0,0.0,0.0,0.0],"del_yes_cr_no":[0.00217929,0.00138317,0.00103959,0.00296646,0.01104057,0.02766926,0.09318218,0.56124244,2.23100234,4.69737446,5.58921058,4.11221468,1.96274522,0.59315133,0.10661755,0.01109293,0.00085952,0.00010293,1.452e-05,1.38e-06,8e-08],"conf_yes_cr_yes_del_yes":[2.619e-05,3.596e-05,4.543e-05,5.266e-05,5.578e-05,5.373e-05,4.682e-05,3.667e-05,2.564e-05,1.6e-05,9.37e-06,8.26e-06,0.00034429,0.02155752,0.44778351,3.27831751,8.78697351,6.65731287,0.8056377,0.00567438,1.8e-07],"conf_yes_cr_no_del_yes":[0.51264389,0.55676382,0.59360906,0.6210305,0.6374036,0.64197271,0.6351975,0.61903102,0.5970197,0.57408522,0.55587761,0.54790639,0.55611789,0.59486719,0.71292792,1.03012568,1.69584685,2.61488765,3.10899068,2.38540961,0.93721652]}}
