{"nodes":{"cr_yes":[0.00024065,0.0044281,0.04988212,0.34434606,1.45222678,3.71454961,5.69511409,5.14700157,2.68114299,0.78187742,0.12296987,0.00994575,0.00038926,6.82e-06,5e-08,0.0,0.0,0.0,0.0,0.0,0.0],"imm_yes_cr_yes":[0.0,0.0,0.0,0.0,0.0,0.0,0.0,0.0,0.0,1.154e-05,0.08123216,8.33268302,11.43073472,0.15932707,1.228e-05,0.0,0.0,0.0,0.0,0.0,0.0],"imm_yes_cr_no":[0.0,0.0,0.0,0.0,0.0,0.0,0.0,0.0,1.68e-06,0.00473984,0.83148195,10.22646043,8.54144553,0.39914334,0.00072794,8e-08,0.0,0.0,0.0,0.0,0.0],"del_yes_cr_yes":[1.257e-05,0.00552937,0.37167931,10.0835816,8.84103882,0.69391279,0.00823362,1.898e-05,2e-08,0.0,0.0,0.0,0.0,0.0,0.0,0.0,0.0,0.0,0.0,0.0,0.0],"del_yes_cr_no":[10.33943172,6.08353287,3.70867733,2.19739739,1.26961585,0.71768826,0.39790104,0.21678109,0.11623331,0.06140853,0.0319995,0.01645984,0.00836311,0.00419964,0.00208528,0.00102423,0.0004978,0.00023947,0.00011405,5.379e-05,2.513e-05],"conf_yes_cr_yes_del_yes":[0.02238101,0.03659988,0.05793018,0.08746998,0.12535329,0.1703918,0.22051368,0.27521091,0.3417939,0.44697442,0.65036832,1.03985571,1.6695204,2.43517552,3.0119755,3.04596406,2.51550188,1.78555087,1.18201463,0.72007065,0.34914939],"conf_yes_cr_no_del_yes":[0.49105086,0.51448675,0.54237269,0.57470867,0.61149469,0.65273076,0.69841688,0.74855304,0.80313924,0.86217549,0.92566179,0.99359813,1.06598451,1.14282094,1.22410742,1.30984394,1.4000305,1.49466711,1.59375376,1.69729046,1.80527721]}}
