{"nodes":{"cr_yes":[0.0,0.0,0.0,0.0,0.0,0.0,0.0,0.0,0.0,2e-08,4.58e-06,0.00010149,0.00039533,0.16432669,3.25556666,16.12020124,0.46338897,1.581e-05,0.0,0.0,0.0],"imm_yes_cr_yes":[0.0,0.0,0.0,0.0,0.0,1e-08,0.0019176,1.65852644,15.82285242,2.51328387,0.00741566,3.95e-06,6.4e-07,1.9e-07,2e-08,0.0,0.0,0.0,0.0,0.0,0.0],"imm_yes_cr_no":[4.418e-05,0.00037828,0.00117478,0.00144279,0.00079092,0.0330752,1.62403129,9.03306746,7.67010586,1.5176306,0.11936435,0.00279058,1.375e-05,8.38e-06,2.035e-05,3.055e-05,2.869e-05,1.696e-05,6.32e-06,1.48e-06,2.1e-07],"del_yes_cr_yes":[0.0,0.0,0.0,0.0,0.0,0.0,0.0,4.209e-05,0.03639484,2.21719267,11.73851903,5.76554788,0.24557218,0.00073199,1.1e-07,0.0,0.0,0.0,0.0,0.0,0.0],"del_yes_cr_no":[0.0,5e-08,2.652e-05,0.03055149,1.58999324,8.43733776,7.99569962,1.82236819,0.12114455,0.00544231,0.00113666,0.00025668,3.937e-05,4.06e-06,2.8e-07,1e-08,0.0,0.0,0.0,0.0,0.0],"conf_yes_cr_yes_del_yes":[0.0,0.0,0.0,0.0,0.0,0.0,0.0,1e-08,1.5e-07,2.7e-06,3.298e-05,0.00046668,0.01776177,0.43911123,3.79870086,9.6726797,5.61916649,0.45371463,0.00232438,3.893e-05,5.7e-07],"conf_yes_cr_no_del_yes":[1.1600992,1.16030762,1.15760658,1.15181594,1.14276053,1.13027277,1.11419545,1.09438511,1.07071578,1.0430833,1.0114104,0.97565316,0.93581047,0.89194277,0.84422623,0.79319572,0.74113599,0.69986568,0.72557857,1.00340501,1.4731682]}}
