{"nodes":{"cr_yes":[0.0,0.0,0.0,0.0,0.0,0.0,0.0,0.0,0.0,0.0,0.0,0.0,0.0,1e-08,0.00354228,6.00744527,13.98786511,0.00514813,0.0,0.0,0.0],"imm_yes_cr_yes":[0.0,0.0,0.0,0.0,0.0,4e-08,0.00015607,0.56488296,14.70426034,4.7113117,0.02338792,1.78e-06,0.0,0.0,0.0,0.0,0.0,0.0,0.0,0.0,0.0],"imm_yes_cr_no":[2.05e-06,1.68e-06,1.07e-06,5.4e-07,2.1e-07,6e-08,2e-08,6.93e-06,0.00193062,0.11490696,1.75931587,7.5197803,8.43305418,2.0759069,0.09575639,0.00317747,0.00015886,1.74e-06,1e-08,0.0,0.0],"del_yes_cr_yes":[0.0,0.0,0.0,0.0,0.0,0.0,2e-08,0.0001991,0.09012627,3.30502962,11.90952491,4.51868635,0.17939868,0.00103294,2.89e-06,0.0,0.0,0.0,0.0,0.0,0.0],"del_yes_cr_no":[0.0099341,0.02230858,0.04077016,0.06115493,0.075698,0.07759118,0.06745763,0.07867809,0.36352692,1.76264571,4.65118808,6.40769853,4.54157504,1.58386051,0.24917948,0.01535591,0.00030521,4.15e-06,6.54e-06,1.465e-05,2.891e-05],"conf_yes_cr_yes_del_yes":[0.0,0.0,0.0,0.0,0.0,1e-08,2.2e-07,2.91e-06,2.844e-05,0.00020243,0.00105076,0.004372,0.03248742,0.44784212,3.27267962,8.63934192,6.56219327,1.02125354,0.02170907,0.00082591,2.236e-05],"conf_yes_cr_no_del_yes":[0.0,1e-08,3e-08,1.1e-07,3.8e-07,1.2e-06,3.66e-06,1.076e-05,3.04e-05,8.273e-05,0.00021715,0.00055015,0.00134678,0.00319841,0.00753589,0.01953909,0.0716808,0.39761654,2.39045405,11.03839983,12.14666566]}}
