{"nodes":{"cr_yes":[0.0,0.0,0.0,0.0,0.0,0.0,0.0,1.8e-07,8.33e-06,0.00014466,0.00092424,0.00204574,0.00145175,0.00029909,2.124e-05,0.03524471,3.19751549,16.74789553,0.01844983,0.0,0.0],"imm_yes_cr_yes":[0.0,0.0,0.0,0.0,4e-08,0.00078618,0.31159826,14.15212828,5.51624301,0.02324379,1.23e-06,0.0,0.0,0.0,0.0,0.0,0.0,0.0,0.0,0.0,0.0],"imm_yes_cr_no":[0.0,0.0,0.0,1.7e-07,6.94e-06,0.00024304,0.00598948,0.07059873,0.35789262,0.78907265,1.39808651,5.91144882,8.4433608,2.38950146,0.52331541,0.10870397,0.00572469,5.401e-05,2.2e-07,5.9e-07,1.36e-06],"del_yes_cr_yes":[0.0,0.0,0.0,0.0,0.0,2.9e-07,0.01014141,2.91088616,14.97176143,2.10169787,0.00951231,1.33e-06,0.0,0.0,0.0,0.0,0.0,0.0,0.0,0.0,0.0],"del_yes_cr_no":[6.46e-06,8.3e-06,9e-06,0.00010659,0.00384234,0.056042,0.40461075,1.72595125,4.4342543,6.35193501,4.73002224,1.73639811,0.29607182,0.02377759,0.00718969,0.01449257,0.02678271,0.04200028,0.05603163,0.06367074,0.06160132],"conf_yes_cr_yes_del_yes":[4.103e-05,5.943e-05,7.858e-05,9.455e-05,0.00010307,0.0001013,8.925e-05,7.001e-05,4.866e-05,3.852e-05,0.00030696,0.0054545,0.06255854,0.49718393,2.75434169,7.65568718,7.16939511,1.73318772,0.12283126,0.00234448,1.11e-05],"conf_yes_cr_no_del_yes":[0.12951094,0.15278511,0.17698254,0.20117987,0.22426665,0.24504263,0.26240777,0.27569477,0.28519777,0.29291666,0.30346314,0.32518297,0.37299436,0.48010745,0.73394625,1.3255176,2.46051945,3.8670468,4.33475636,2.98571831,1.26703777]}}
