{"nodes":{"cr_yes":[0.0,0.0,0.0,0.0,0.0,0.0,0.0,0.0,0.0,0.0,0.0,0.00013128,1.96705597,17.99053526,0.04627828,1e-08,0.0,0.0,0.0,0.0,0.0],"imm_yes_cr_yes":[0.0,0.0,0.0,0.0,0.0,0.0,2e-08,0.02039414,11.92305184,8.05139844,0.00915635,2e-08,0.0,0.0,0.0,0.0,0.0,0.0,0.0,0.0,0.0],"imm_yes_cr_no":[0.0,0.0,0.0,0.0,0.0,0.0,2.8e-07,0.00014314,0.10716691,4.42466769,12.62687116,2.7973415,0.04775494,5.518e-05,0.0,0.0,0.0,0.0,0.0,0.0,0.0],"del_yes_cr_yes":[0.0,0.0,0.0,0.0,0.0,0.0,0.0,0.0,2.3e-07,0.00341267,1.26559797,14.12406143,4.57770068,0.03322471,3.11e-06,0.0,0.0,0.0,0.0,0.0,0.0],"del_yes_cr_no":[0.0,0.0,0.0,0.00043781,0.3862248,7.75270964,10.29007966,1.54043125,0.03399445,0.00012312,7e-08,0.0,0.0,0.0,0.0,0.0,0.0,0.0,0.0,0.0,0.0],"conf_yes_cr_yes_del_yes":[0.0,0.0,0.0,0.0,0.0,0.0,0.0,0.0,0.0,0.0,1.21e-06,0.00123596,0.18819763,4.22843644,12.22901714,3.31215992,0.04494376,8.73e-06,0.0,0.0,0.0],"conf_yes_cr_no_del_yes":[0.0,0.0,0.0,0.0,0.0,0.0,0.0,0.0,2e-08,1.24e-06,5.363e-05,0.00133563,0.02008352,0.18675715,1.07210938,3.67643934,6.95818639,6.18303672,1.83037236,0.07559854,5.374e-05]}}
