{"nodes":{"cr_yes":[0.0,0.0,0.0,0.0,0.0,0.0,0.0,0.0,0.0,0.0,0.0,0.0,0.00035153,1.13799829,10.85404538,8.00229957,0.00930603,0.0,0.0,0.0,0.0],"imm_yes_cr_yes":[0.0,0.0,0.0,0.0,0.0,0.0,0.0,0.0,0.0,0.00011045,0.25730658,11.08259462,8.57095591,0.09302482,8.42e-06,0.0,0.0,0.0,0.0,0.0,0.0],"imm_yes_cr_no":[0.0,0.0,0.0,0.0,0.0,0.0,0.0,0.0,5e-08,0.00062435,0.33519708,8.59602234,10.55573288,0.51576682,0.00065728,1e-08,0.0,0.0,0.0,0.0,0.0],"del_yes_cr_yes":[0.00041382,0.14378721,2.61551567,9.39981215,6.8401239,0.95476327,0.04851061,0.00126517,1.583e-05,9e-08,0.0,0.0,0.0,0.0,0.0,0.0,0.0,0.0,0.0,0.0,0.0],"del_yes_cr_no":[4.8700621,12.45207062,1.12408474,0.91605238,0.74666973,0.5928722,0.46038629,0.35070457,0.26270284,0.19387926,0.14119659,0.10160303,0.0723184,0.05096203,0.03558257,0.02463254,0.01691654,0.01153083,0.00780451,0.00524725,0.00350563],"conf_yes_cr_yes_del_yes":[2.604e-05,0.0001218,0.00049032,0.00169468,0.00508995,0.01342059,0.03133764,0.06603821,0.13327901,0.28719237,0.6837728,1.57942279,3.03838499,4.43786786,4.62626607,3.21755713,1.36119676,0.33265858,0.09311799,0.06847529,0.0532059],"conf_yes_cr_no_del_yes":[0.26336448,0.28973741,0.32377198,0.36546819,0.41482604,0.47184552,0.53652665,0.60886942,0.68887383,0.77653988,0.87186757,0.9748569,1.08550787,1.20382048,1.32979473,1.46343062,1.60472815,1.75368731,1.91030812,2.07459057,2.24653466]}}
