{"nodes":{"cr_yes":[0.0,0.0,0.0,0.0,0.0,0.0,0.0,0.0,0.0,0.0,0.0,0.0,0.0,0.0145586,17.94993442,2.03950512,2.66e-06,0.0,0.0,0.0,0.0],"imm_yes_cr_yes":[0.0,0.0,0.0,0.0,0.0,0.0,0.0,0.0,3.52e-06,0.14969506,15.36283303,4.48835137,0.00311781,0.0,0.0,0.0,0.0,0.0,0.0,0.0,0.0],"imm_yes_cr_no":[0.0,0.0,0.0,0.0,0.0,0.0,1.756e-05,0.04504059,3.65483024,13.54865884,2.72528775,0.03014987,1.595e-05,0.0,0.0,0.0,0.0,0.0,0.0,0.0,0.0],"del_yes_cr_yes":[0.0,0.0,0.0,0.0,0.0,2e-08,0.00072245,0.50042293,10.48294994,8.70440491,0.31503142,0.0004691,2e-08,0.0,0.0,0.0,0.0,0.0,0.0,0.0,0.0],"del_yes_cr_no":[2.19760227,18.79849069,0.10657316,0.00011115,8.13e-06,1.305e-05,3.32e-06,1.6e-07,0.0,0.0,0.0,0.0,0.0,0.0,0.0,0.0,0.0,0.0,0.0,0.0,0.0],"conf_yes_cr_yes_del_yes":[0.0,0.0,0.0,0.0,0.0,0.0,0.0,0.0,0.0,0.0,1e-07,8.495e-05,0.01661949,0.73282637,6.75864835,10.61748212,1.86287887,0.01545971,8.4e-07,0.0,0.0],"conf_yes_cr_no_del_yes":[0.0,0.0,0.0,0.0,0.0,0.0,0.0,1.5e-07,5.41e-06,0.00011754,0.00162889,0.01536517,0.10301299,0.50008306,1.74265922,4.18804319,6.39148635,5.28763442,1.69217167,0.08179109,3.33e-06]}}
