{"nodes":{"cr_yes":[0.0,0.0,0.0,0.0,0.0,0.0,0.0,0.0,0.0,0.0,0.0,2.25e-06,0.00591108,1.12563678,12.77130571,6.03683306,0.06430667,5.24e-06,0.0,0.0,0.0],"imm_yes_cr_yes":[0.0,0.0,0.0,0.0,0.0,0.0,0.0,0.0,0.0,0.0,0.00012689,0.51469248,16.31954426,3.16761224,0.00202493,0.0,0.0,0.0,0.0,0.0,0.0],"imm_yes_cr_no":[0.0,0.0,0.0,0.0,0.0,0.0,0.0,0.0,0.0,0.0,0.0,5.66e-06,0.00278037,0.27092922,4.78959341,12.1645938,2.7550768,0.02102096,5.7e-07,0.0,0.0],"del_yes_cr_yes":[0.0,0.0,0.0,0.0,1e-08,0.00044677,0.33301428,7.96585343,10.64282284,1.05335228,0.0085059,5.29e-06,0.0,0.0,0.0,0.0,0.0,0.0,0.0,0.0,0.0],"del_yes_cr_no":[4.695e-05,0.00819789,0.01271052,0.02381787,0.31316317,1.90048252,4.81261388,5.94317207,4.04571761,1.77842138,0.68169172,0.29526854,0.12713883,0.04549868,0.01279126,0.00277475,0.00045612,5.542e-05,4.81e-06,2.8e-07,1e-08],"conf_yes_cr_yes_del_yes":[0.0,0.0,0.0,0.0,0.0,0.0,0.0,0.0,0.0,3e-07,3.784e-05,0.00208826,0.05311935,0.63570193,3.48862749,8.05208233,6.49595505,1.25222493,0.02416014,3.19e-06,0.0],"conf_yes_cr_no_del_yes":[0.0,0.0,0.0,0.0,2e-08,2.9e-07,2.88e-06,2.18e-05,0.00013309,0.00068002,0.00298439,0.0114593,0.03900874,0.11879129,0.32528314,0.80154828,1.76784055,3.43278912,5.62506485,6.81695671,2.12287268]}}
