{"nodes":{"cr_yes":[0.0,0.0,0.0,0.0,0.0,0.0,0.0,0.0,0.0,0.0,0.0,0.0,7.694e-05,2.61610117,17.38085534,0.00696735,0.0,0.0,0.0,0.0,0.0],"imm_yes_cr_yes":[0.0,0.0,0.0,0.0,0.0,0.0,0.0008928,5.7063998,14.26575196,0.03095616,8e-08,0.0,0.0,0.0,0.0,0.0,0.0,0.0,0.0,0.0,0.0],"imm_yes_cr_no":[0.0,0.0,0.0,0.0,0.0,3e-08,0.00151198,0.90159297,12.60724017,6.36616721,0.12739901,8.944e-05,0.0,0.0,0.0,0.0,0.0,0.0,0.0,0.0,0.0],"del_yes_cr_yes":[0.0,0.0,0.0,0.0,0.0,0.0,2e-07,0.00959901,3.38817629,15.42586558,1.17882199,0.00153771,3e-08,0.0,0.0,0.0,0.0,0.0,0.0,0.0,0.0],"del_yes_cr_no":[0.0,2e-08,3.3e-07,0.00030174,0.17672091,4.87907544,11.41358759,3.37438822,0.15860783,0.00131677,1.96e-06,0.0,0.0,0.0,0.0,0.0,0.0,0.0,0.0,0.0,0.0],"conf_yes_cr_yes_del_yes":[0.0,0.0,0.0,0.0,0.0,0.0,0.0,0.0,0.0,0.0,2e-08,3.133e-05,0.01023657,0.64647318,7.11270285,10.7811852,1.44583809,0.00753309,4.7e-07,0.0,0.0],"conf_yes_cr_no_del_yes":[0.00043408,0.00030865,0.00021132,0.00013901,8.786e-05,5.539e-05,4.87e-05,0.00011511,0.00044386,0.00212802,0.01587704,0.12222838,0.66104856,2.26444206,4.74724707,5.89313557,4.18612297,1.68735396,0.38439364,0.03802396,0.00074526]}}
