{"nodes":{"cr_yes":[0.0,0.0,0.0,0.0,0.0,0.0,0.0,0.0,0.0,0.0,0.0,0.0,8.77e-06,0.02167465,2.32685289,17.38747157,0.26799219,7.2e-07,0.0,0.0,0.0],"imm_yes_cr_yes":[0.0,0.0,0.0,0.0,0.0,0.0,0.0,0.0,0.0,1e-08,0.00040759,0.49161929,13.03810695,6.43550119,0.03836455,1.22e-06,0.0,0.0,0.0,0.0,0.0],"imm_yes_cr_no":[0.0,0.0,0.0,0.0,0.0,0.0,0.0,0.0,0.0,0.0,3e-08,0.00014885,0.0754488,3.61422544,13.63313348,2.6690973,0.01194666,2.3e-07,0.0,0.0,0.0],"del_yes_cr_yes":[0.0,2.1e-07,0.01234098,1.87171019,10.67019392,6.6675538,0.76144648,0.02060556,0.00014936,3e-07,0.0,0.0,0.0,0.0,0.0,0.0,0.0,0.0,0.0,0.0,0.0],"del_yes_cr_no":[6.5152717,15.07480382,1.42218555,0.17648424,0.04958752,0.01612991,0.00506352,0.00151653,0.00043386,0.00011871,3.108e-05,7.79e-06,1.87e-06,4.3e-07,9e-08,2e-08,0.0,0.0,0.0,0.0,0.0],"conf_yes_cr_yes_del_yes":[0.00644247,0.00795492,0.00974199,0.01219516,0.016169,0.02312334,0.0352343,0.056569,0.09996436,0.20854437,0.49104708,1.1236679,2.21821606,3.54183757,4.38381783,4.01648517,2.54425995,0.9945889,0.19740618,0.01756295,0.00478708],"conf_yes_cr_no_del_yes":[0.35616219,0.38100304,0.41225084,0.44990559,0.4939673,0.54443596,0.60131157,0.66459414,0.73428366,0.81038014,0.89288357,0.98179395,1.07711129,1.17883558,1.28696682,1.40150502,1.52245017,1.64980227,1.78356133,1.92372734,2.0703003]}}
