{"nodes":{"cr_yes":[0.0,0.0,0.0,0.0,0.0,0.0,0.0,0.0,0.0,0.0,0.0,0.0,0.0,6e-08,0.02202106,14.65903346,5.32286888,7.732e-05,0.0,0.0,0.0],"imm_yes_cr_yes":[0.0,0.0,0.0,0.0,0.0,0.0,8e-08,0.01155936,5.13430744,14.50258054,0.35547692,7.645e-05,0.0,0.0,0.0,0.0,0.0,0.0,0.0,0.0,0.0],"imm_yes_cr_no":[0.0,0.0,0.0,0.0,0.0,0.0,3e-07,0.00054133,0.09604314,2.36479747,9.66616207,6.99701319,0.86372857,0.01568162,3.309e-05,3e-08,0.0,0.0,0.0,0.0,0.0],"del_yes_cr_yes":[0.0,0.0,0.0,0.0,0.0,0.0,0.0,4.031e-05,0.05214838,3.2971529,13.08971374,3.50700521,0.05789545,4.48e-05,0.0,0.0,0.0,0.0,0.0,0.0,0.0],"del_yes_cr_no":[0.0,0.0,0.0,1.8e-07,0.00015373,0.01558084,0.34575162,2.38651303,6.23879545,6.87766647,3.35132507,0.72078184,0.06517576,0.00223258,2.416e-05,6e-08,0.0,0.0,0.0,0.0,0.0],"conf_yes_cr_yes_del_yes":[0.0,0.0,0.0,0.0,0.0,0.0,0.0,0.0,0.0,1e-08,9.95e-06,0.00200702,0.11526138,1.90300513,8.40599866,8.28008568,1.27900829,0.01859929,2.539e-05,0.0,0.0],"conf_yes_cr_no_del_yes":[0.0,0.0,0.0,0.0,0.0,0.0,0.0,0.0,0.0,1.7e-07,4.82e-06,9.217e-05,0.00125047,0.01241825,0.09160686,0.50064215,1.9735766,5.23636426,7.92058091,4.2432569,0.04841447]}}
