{"nodes":{"cr_yes":[0.0,0.0,0.0,0.0,0.0,0.0,0.0,0.0,0.0,0.0,0.0,0.0,1.06e-06,0.05958281,13.55633966,6.38625913,0.00181814,0.0,0.0,0.0,0.0],"imm_yes_cr_yes":[0.0,0.0,0.0,0.0,0.0,8.09e-06,0.1467067,11.36921852,8.39703819,0.09085201,0.00017182,5.44e-06,3e-08,0.0,0.0,0.0,0.0,0.0,0.0,0.0,0.0],"imm_yes_cr_no":[0.0,0.0,0.0,8e-08,1.258e-05,0.00029379,0.0224943,1.66030191,10.56124081,7.17017195,0.58372745,0.00574664,9.38e-06,1.51e-06,3.6e-07,4e-08,0.0,0.0,0.0,0.0,0.0],"del_yes_cr_yes":[0.0,0.0,0.0,0.0,0.0,0.0,0.00017368,0.20216168,7.17323688,11.5981249,1.0253045,0.00499795,1.22e-06,0.0,0.0,0.0,0.0,0.0,0.0,0.0,0.0],"del_yes_cr_no":[0.0,5e-08,0.00021474,0.11537401,2.99025768,9.56351674,6.17081546,1.07416715,0.07814769,0.009558,0.00172934,0.00020474,1.456e-05,6.1e-07,2e-08,0.0,0.0,0.0,0.0,0.0,0.0],"conf_yes_cr_yes_del_yes":[0.0,0.0,0.0,0.0,0.0,0.0,0.0,0.0,0.0,3e-08,1.15e-06,0.00020076,0.01772331,0.50963285,4.45059398,10.20910948,4.58629973,0.22996207,0.00047701,4.3e-07,1e-08],"conf_yes_cr_no_del_yes":[0.02012875,0.02823201,0.03932981,0.05441297,0.07475096,0.10194931,0.13800929,0.18538457,0.24702625,0.32640377,0.42748436,0.55465022,0.71253237,0.90575185,1.13860681,1.4149836,1.74030219,2.13657558,2.72316508,3.97704801,6.13467486]}}
