{"nodes":{"cr_yes":[0.0,9e-08,6.59e-06,0.00026697,0.00621002,0.08166052,0.59495918,2.3419899,4.82832874,5.01831056,2.50966284,0.57042196,0.05494003,0.00322136,0.14388051,1.55737635,1.93818121,0.35386435,0.00071961,1e-08,0.0],"imm_yes_cr_yes":[0.0,0.0,0.0,0.0,1e-08,0.00454138,4.56183456,15.11947304,0.31809104,6.077e-05,0.0,0.0,0.0,0.0,0.0,0.0,0.0,0.0,0.0,0.0,0.0],"imm_yes_cr_no":[0.00065807,0.00073571,0.0005789,0.00032115,0.00021898,0.00664236,0.14443812,1.09770829,3.15669569,4.55609357,6.22171237,4.15609634,0.64190391,0.01960947,0.00083002,8.43e-05,2.59e-06,2e-08,0.0,0.0,0.0],"del_yes_cr_yes":[0.0,0.0,0.0,0.0,7e-07,0.00016024,0.27330707,9.13708212,9.99725921,0.59216021,0.00402711,4.14e-06,0.0,0.0,0.0,0.0,0.0,0.0,0.0,0.0,0.0],"del_yes_cr_no":[6.9e-06,5.306e-05,0.00112224,0.01295665,0.07334717,0.23273995,0.63435894,2.22871229,5.41840153,6.41867299,3.677946,1.09462921,0.18902837,0.02063989,0.00134484,4.356e-05,6.2e-07,2e-08,0.0,0.0,0.0],"conf_yes_cr_yes_del_yes":[1.95e-06,4.22e-06,8.25e-06,1.457e-05,2.318e-05,3.308e-05,4.219e-05,4.786e-05,4.815e-05,4.349e-05,3.886e-05,0.00031162,0.02018874,0.49183507,3.87816881,9.07647976,5.65598983,0.85997193,0.02069846,5.158e-05,3.2e-07],"conf_yes_cr_no_del_yes":[0.00014852,0.00028123,0.00052441,0.00096324,0.00174321,0.00310871,0.00546353,0.00946349,0.01615506,0.02717761,0.04504999,0.07356396,0.11830562,0.18733877,0.29231167,0.45258456,0.72260643,1.35812759,3.51276228,9.93092607,6.4909383]}}
