{"nodes":{"cr_yes":[0.0,0.0,0.0,0.0,0.0,1e-07,1.486e-05,0.0006336,0.00744783,0.02283345,0.01695489,0.00276804,9.262e-05,0.04799708,8.06262268,11.83456373,0.00807192,0.0,0.0,0.0,0.0],"imm_yes_cr_yes":[0.0,0.0,0.0,0.0,0.0,0.0,3.21e-06,0.11070258,12.1662181,7.67903867,0.04802443,1.381e-05,0.0,0.0,0.0,0.0,0.0,0.0,0.0,0.0,0.0],"imm_yes_cr_no":[1.1e-07,7e-08,3e-08,1e-08,0.0,1.29e-06,0.00297361,0.45465458,6.53314256,10.75271757,2.20460277,0.05570487,0.00020042,2.12e-06,2.3e-07,3.2e-07,2.3e-07,7e-08,1e-08,0.0,0.0],"del_yes_cr_yes":[0.0,0.0,0.0,0.0,0.0,0.0,0.0,0.0,0.0,6.95e-06,0.01137952,1.65867712,13.45614751,4.82419107,0.05358851,1e-05,1e-07,1e-08,0.0,0.0,0.0],"del_yes_cr_no":[1.32e-06,1.32e-06,7e-07,5.065e-05,0.03893619,1.64735748,8.45561665,8.00687125,1.75063172,0.10023188,0.0032136,0.00081102,0.0002304,4.204e-05,4.88e-06,3.6e-07,2e-08,0.0,0.0,0.0,0.0],"conf_yes_cr_yes_del_yes":[0.0,0.0,0.0,0.0,3e-08,3e-07,2.48e-06,1.526e-05,6.841e-05,0.000222,0.00051526,0.00084697,0.00281518,0.18298293,3.53956095,11.55238082,4.60303119,0.1213391,0.00016257,5.448e-05,5.79e-06],"conf_yes_cr_no_del_yes":[4.69e-06,1.196e-05,2.967e-05,7.159e-05,0.00016818,0.00038484,0.00085805,0.00186462,0.00394961,0.0081544,0.01640632,0.03215488,0.06135652,0.11391357,0.20573013,0.36262474,0.63747936,1.21527744,2.89305838,7.83757711,13.22585418]}}
