{"nodes":{"cr_yes":[0.0,0.0,0.0,0.0,0.0,0.0,0.0,0.0,0.0,0.0,0.0,0.0,0.0,7e-08,0.00974685,10.85552884,9.13815032,0.00057472,0.0,0.0,0.0],"imm_yes_cr_yes":[0.0,0.0,0.0,0.0,0.0,0.0,1e-08,0.0035043,3.515744,16.01506377,0.46959732,9.14e-05,0.0,0.0,0.0,0.0,0.0,0.0,0.0,0.0,0.0],"imm_yes_cr_no":[0.0,0.0,0.0,0.0,0.0,0.0,0.0,3.2e-07,0.00065034,0.13118256,3.27372847,11.177529,5.14196187,0.27763805,0.00130987,3.2e-07,0.0,0.0,0.0,0.0,0.0],"del_yes_cr_yes":[0.0,0.0,0.0,0.0,0.0,0.0,3.449e-05,0.04793026,3.08137313,12.79647854,3.9850582,0.09298591,0.00014026,1e-08,0.0,0.0,0.0,0.0,0.0,0.0,0.0],"del_yes_cr_no":[0.0,0.0,1.23e-06,0.002883,0.24492007,2.79794083,7.66991651,6.75723817,2.22354505,0.29188198,0.01536293,0.0003089,2.13e-06,0.0,0.0,0.0,0.0,0.0,0.0,0.0,0.0],"conf_yes_cr_yes_del_yes":[0.0,0.0,0.0,0.0,0.0,0.0,0.0,0.0,0.0,0.0,2.2e-07,5.876e-05,0.00540659,0.1806175,2.14385842,8.20096082,8.13128879,1.32909428,0.01271512,3e-07,0.0],"conf_yes_cr_no_del_yes":[0.0,0.0,0.0,0.0,0.0,0.0,1e-08,5e-07,1.088e-05,0.0001534,0.00151865,0.01110486,0.06196792,0.26875153,0.90982754,2.37512971,4.60747568,6.11060413,4.56533914,1.09140234,0.00142898]}}
