{"nodes":{"cr_yes":[0.0,0.0,0.0,0.0,0.0,0.0,0.0,0.0,0.0,0.0,0.0,2.95e-06,0.02181217,4.17927935,15.20888631,0.59392857,9.146e-05,0.0,0.0,0.0,0.0],"imm_yes_cr_yes":[0.0,0.0,0.0,0.0,0.0,0.0,0.0,1e-08,0.00179968,1.86749635,16.72375441,1.41002754,0.00092282,0.0,0.0,0.0,0.0,0.0,0.0,0.0,0.0],"imm_yes_cr_no":[0.0,0.0,0.0,0.0,0.0,0.0,0.0,5e-08,8.818e-05,0.0219023,0.90611592,6.89917038,9.74956327,2.34808003,0.07882598,0.00025465,4e-08,0.0,0.0,0.0,0.0],"del_yes_cr_yes":[0.0,0.0,0.0,0.0,1.101e-05,0.08961886,6.62948114,12.30163042,0.97894991,0.00430834,1.11e-06,0.0,0.0,0.0,0.0,0.0,0.0,0.0,0.0,0.0,0.0],"del_yes_cr_no":[5.117e-05,0.00613789,0.00280883,0.03303399,0.77702271,4.14250209,7.40229902,5.46018019,1.85248889,0.302768,0.02385054,0.00086952,1.347e-05,8e-08,0.0,0.0,0.0,0.0,0.0,0.0,0.0],"conf_yes_cr_yes_del_yes":[0.0,0.0,0.0,0.0,0.0,0.0,0.0,0.0,2e-08,2.96e-06,0.0002215,0.00780959,0.13495476,1.1482715,4.64063456,8.12592929,5.12620124,0.80611141,0.01386175,2.22e-06,0.0],"conf_yes_cr_no_del_yes":[0.0,0.0,0.0,0.0,0.0,0.0,5e-08,8.8e-07,1.054e-05,9.369e-05,0.00064939,0.0036502,0.01710507,0.06810569,0.23307569,0.68821011,1.74253499,3.69787827,6.19414388,6.82690008,1.06328454]}}
