{"nodes":{"cr_yes":[0.0,0.0,0.0,0.0,0.0,0.0,0.0,0.0,0.0,0.0,0.0,0.0,0.0,0.00366137,17.75532427,2.24501461,5.4e-07,0.0,0.0,0.0,0.0],"imm_yes_cr_yes":[0.0,0.0,0.0,0.0,0.0,0.0,0.0,5.26e-06,0.35213537,18.40229276,1.24944725,0.00012016,0.0,0.0,0.0,0.0,0.0,0.0,0.0,0.0,0.0],"imm_yes_cr_no":[0.0,0.0,0.0,0.0,0.0,0.0,6e-08,0.00157682,0.77491919,11.83486901,7.20884318,0.18362264,0.00016988,1e-08,0.0,0.0,0.0,0.0,0.0,0.0,0.0],"del_yes_cr_yes":[0.0,0.0,0.0,0.0,0.0,0.0,0.0,0.0,9.9e-07,0.01075447,2.52583508,15.22021413,2.24115546,0.00604051,1.6e-07,0.0,0.0,0.0,0.0,0.0,0.0],"del_yes_cr_no":[0.0,0.0,5.5e-06,0.07170827,4.68562929,12.10578228,3.02694728,0.11315059,0.00077654,1.04e-06,0.0,0.0,0.0,0.0,0.0,0.0,0.0,0.0,0.0,0.0,0.0],"conf_yes_cr_yes_del_yes":[0.0,0.0,0.0,0.0,0.0,0.0,0.0,0.0,0.0,0.0,2.4e-07,0.00021934,0.03933878,1.41080334,9.19540313,8.62369604,0.73230123,0.00223866,3e-08,0.0,0.0],"conf_yes_cr_no_del_yes":[0.0,0.0,0.0,0.0,0.0,0.0,0.0,3e-08,1.57e-06,4.514e-05,0.00079448,0.00915236,0.07195033,0.39403428,1.50245388,3.88319244,6.35784396,5.69507084,1.98735393,0.10208267,4.979e-05]}}
