{"nodes":{"cr_yes":[0.0,0.0,0.0,0.0,0.0,0.0,0.0,0.0,0.0,0.0,0.0,0.0,0.0,4.36e-05,0.70405496,19.09541872,0.20448347,5e-08,0.0,0.0,0.0],"imm_yes_cr_yes":[0.0,0.0,0.0,0.0,0.0,0.0,0.0,0.0,4e-08,0.00128248,0.8473812,13.75594635,5.35694129,0.04243066,1.878e-05,0.0,0.0,0.0,0.0,0.0,0.0],"imm_yes_cr_no":[0.0,0.0,0.0,0.0,0.0,0.0,3e-08,0.00012777,0.04384556,1.73428227,9.52959307,7.77761575,0.90565304,0.01286692,1.64e-05,0.0,0.0,0.0,0.0,0.0,0.0],"del_yes_cr_yes":[0.0,0.0,0.0,8.8e-06,0.01902792,1.45575188,9.41055243,7.98284879,1.10825281,0.02743869,0.00011939,8e-08,0.0,0.0,0.0,0.0,0.0,0.0,0.0,0.0,0.0],"del_yes_cr_no":[0.0,0.00021346,0.12725139,2.58203384,7.8801114,6.53282868,1.95569338,0.24650301,0.02008626,0.01330158,0.02248268,0.03490822,0.04909825,0.0631103,0.0746899,0.08189329,0.08362326,0.07987568,0.07163691,0.0605169,0.04828484],"conf_yes_cr_yes_del_yes":[0.0,0.0,0.0,0.0,0.0,0.0,0.0,0.0,0.0,1.04e-06,0.00010488,0.00465134,0.09632785,0.94737032,4.29998003,8.23874318,5.52145926,0.8814105,0.01395091,1.49e-06,0.0],"conf_yes_cr_no_del_yes":[0.00512005,0.00599211,0.00696023,0.00802148,0.00916831,0.01038738,0.01165856,0.01295654,0.01427532,0.01578867,0.01861556,0.02767517,0.06018904,0.16572095,0.46110704,1.16211733,2.53081193,4.5538974,6.17672535,4.73311989,0.03250497]}}
