{"nodes":{"cr_yes":[0.0,0.0,0.0,0.0,0.0,0.0,0.0,0.0,0.0,0.0,0.0,0.0,1e-08,0.01222484,13.99495471,5.99662763,0.00019361,0.0,0.0,0.0,0.0],"imm_yes_cr_yes":[0.0,0.0,0.0,0.0,0.0,0.0,0.0,6e-08,0.01760124,8.49461121,11.44026435,0.05152327,6.7e-07,0.0,0.0,0.0,0.0,0.0,0.0,0.0,0.0],"imm_yes_cr_no":[0.0,0.0,0.0,0.0,0.0,0.0,0.0,0.0,0.0,1.93e-06,0.00366838,0.59207238,8.55920672,10.1016981,0.74530891,0.0020435,6.1e-07,2.6e-07,0.0,0.0,0.0],"del_yes_cr_yes":[0.0,0.0,0.0,0.0,0.0,0.0,0.0,0.0,0.00023809,0.3027354,9.90444667,9.54422129,0.25222327,0.00013608,0.0,0.0,0.0,0.0,0.0,0.0,0.0],"del_yes_cr_no":[1e-08,6.2e-07,1.34e-06,9e-07,3e-07,6e-08,8e-08,1.984e-05,0.00160949,0.04795101,0.58386017,3.06538649,6.99123443,6.65169237,2.38787729,0.26769179,0.00665547,1.915e-05,0.0,0.0,0.0],"conf_yes_cr_yes_del_yes":[0.0,0.0,0.0,0.0,0.0,0.0,0.0,0.0,0.0,0.0,1.46e-06,0.00078898,0.0895787,2.15695736,10.05305361,7.20255307,0.49974008,0.00132753,2e-08,0.0,0.0],"conf_yes_cr_no_del_yes":[0.0,0.0,0.0,0.0,0.0,0.0,0.0,4.4e-07,2.141e-05,0.00054604,0.00809283,0.07433666,0.43888619,1.68549642,4.1521944,6.25674466,5.21337997,1.96011033,0.21237702,0.00181442,1e-08]}}
