{"nodes":{"cr_yes":[0.0,0.0,0.0,0.0,0.0,0.0,0.0,0.0,0.0,0.0,0.0,0.0,0.0,6.102e-05,1.81951031,18.1740563,0.01037317,0.0,0.0,0.0,0.0],"imm_yes_cr_yes":[0.0,0.0,0.0,0.0,0.0,0.0,0.0,1.203e-05,0.26400394,15.81245103,3.92309538,0.0044384,2e-08,0.0,0.0,0.0,0.0,0.0,0.0,0.0,0.0],"imm_yes_cr_no":[0.0,0.0,0.0,0.0,0.0,0.0,0.0,0.0,1e-08,9.47e-06,0.00197499,0.15584896,4.78429471,13.13188492,1.92172201,0.00826538,3.5e-07,0.0,0.0,0.0,0.0],"del_yes_cr_yes":[0.0,0.0,0.0,0.0,0.00030232,0.38220881,9.27863252,9.6797788,0.65953847,0.00353835,1.53e-06,0.0,0.0,0.0,0.0,0.0,0.0,0.0,0.0,0.0,0.0],"del_yes_cr_no":[0.00069374,9.34729222,9.2753449,1.30934891,0.06902375,0.00218294,0.00022152,0.00014176,6.957e-05,2.259e-05,4.96e-06,7.5e-07,8e-08,1e-08,0.0,0.0,0.0,0.0,0.0,0.0,0.0],"conf_yes_cr_yes_del_yes":[0.0,0.0,0.0,0.0,0.0,0.0,0.0,0.0,0.0,0.0,2e-08,1.975e-05,0.00414562,0.23476971,3.41085069,10.82362405,5.32928371,0.2011931,0.00011414,0.0,0.0],"conf_yes_cr_no_del_yes":[0.0,0.0,0.0,0.0,0.0,0.0,0.0,7e-08,8.6e-07,8.74e-06,7.495e-05,0.00054906,0.00344879,0.01859111,0.08596981,0.33974487,1.13442485,3.11183165,6.54084281,8.4982836,0.54045927]}}
