{"nodes":{"cr_yes":[0.0,0.0,0.0,0.0,0.0,0.0,0.0,0.0,0.0,0.0,0.0,0.0,0.0,3.6e-07,0.20996755,19.01855519,0.77547608,1.62e-06,0.0,0.0,0.0],"imm_yes_cr_yes":[0.0,0.0,0.0,0.0,0.0,0.0,0.0,0.0,0.00191431,3.39003224,16.36777963,0.24426542,9.19e-06,0.0,0.0,0.0,0.0,0.0,0.0,0.0,0.0],"imm_yes_cr_no":[0.0,0.0,0.0,0.0,0.0,0.0,0.0,0.0,0.0,0.0,1.469e-05,0.00822395,0.65313765,7.35333115,10.50732739,1.46977896,0.01218473,2.27e-06,0.0,0.0,0.0],"del_yes_cr_yes":[0.0,0.0,0.0,0.0,0.0,0.0,0.00025142,0.4564455,12.28137722,7.16121727,0.10467299,3.64e-05,0.0,0.0,0.0,0.0,0.0,0.0,0.0,0.0,0.0],"del_yes_cr_no":[1.044e-05,2.532e-05,7.87e-06,9.1e-07,5e-08,1e-08,4.47e-06,0.00080187,0.03858494,0.60448402,3.44829459,7.53549095,6.29354992,1.8965745,0.18174449,0.0044134,1.827e-05,1e-08,0.0,0.0,0.0],"conf_yes_cr_yes_del_yes":[0.0,0.0,0.0,0.0,0.0,0.0,0.0,0.0,0.0,0.0,1.07e-06,0.00063422,0.07842316,2.03110598,10.00808879,7.38097081,0.50357266,0.00120411,1e-08,0.0,0.0],"conf_yes_cr_no_del_yes":[0.0,0.0,0.0,0.0,0.0,0.0,0.0,3.1e-07,1.596e-05,0.000424,0.00653536,0.06240541,0.38322827,1.53301497,3.94304408,6.22354428,5.45126184,2.15677798,0.24185891,0.00188943,0.0]}}
