{"nodes":{"cr_yes":[0.0,0.0,0.0,0.0,0.0,0.0,0.0,0.0,0.0,0.0,0.0,0.0,0.0,0.0,0.00041824,2.4988659,17.48965321,0.01506345,0.0,0.0,0.0],"imm_yes_cr_yes":[0.0,0.0,0.0,0.0,0.0,0.0,0.0,0.0,3.8e-06,0.02783654,4.14207117,14.66698948,1.16554884,0.00155095,2e-08,0.0,0.0,0.0,0.0,0.0,0.0],"imm_yes_cr_no":[0.0,0.0,0.0,0.0,0.0,0.0,0.0,0.0,0.0,0.0,0.0,2.03e-06,0.00125832,0.16023668,3.71629707,12.39766957,3.69156616,0.03696966,1.29e-06,0.0,0.0],"del_yes_cr_yes":[0.0,0.0,0.0,0.0,0.0,8.52e-06,0.01921057,1.7633531,11.22824827,6.59053062,0.40018855,0.00245986,1.31e-06,0.0,0.0,0.0,0.0,0.0,0.0,0.0,0.0],"del_yes_cr_no":[4.4e-06,1.35231881,1.38680262,0.37917971,0.16320211,0.691042,2.14422031,3.88701612,4.41075244,3.27487687,1.62798455,0.54520162,0.12192003,0.01777228,0.00162,8.664e-05,2.47e-06,3e-08,0.0,0.0,0.0],"conf_yes_cr_yes_del_yes":[0.0,0.0,0.0,0.0,0.0,0.0,0.0,0.0,0.0,2.9e-07,3.701e-05,0.00206601,0.05294236,0.63589071,3.49126848,8.04617729,6.48830724,1.26182565,0.02548153,4.23e-06,0.0],"conf_yes_cr_no_del_yes":[0.00142826,0.00226852,0.00353013,0.00538446,0.00805237,0.01180837,0.01697953,0.02393715,0.03309247,0.04498179,0.06081007,0.08463694,0.13008271,0.23651779,0.49849276,1.09705199,2.27412224,4.10370202,5.8725449,5.32224719,0.34608655]}}
