{"nodes":{"cr_yes":[0.0,0.0,0.0,0.0,0.0,0.0,0.0,0.0,0.0,0.0,0.0,0.0,4.5e-07,0.06373279,16.64360427,3.29657698,8.63e-05,0.0,0.0,0.0,0.0],"imm_yes_cr_yes":[0.0,0.0,0.0,0.0,0.0,0.0,0.0,0.0,0.0,4.701e-05,0.22545327,12.43065701,7.31549992,0.03234307,5.3e-07,0.0,0.0,0.0,0.0,0.0,0.0],"imm_yes_cr_no":[0.0,0.0,0.0,0.0,0.0,0.0,1e-08,0.00011555,0.05826167,2.49668814,11.29745981,5.82450226,0.325342,0.00163085,5.1e-07,0.0,0.0,0.0,0.0,0.0,0.0],"del_yes_cr_yes":[0.0,0.0,0.0,0.0,1.6e-07,0.00350429,1.07947377,11.53500878,7.06639229,0.31848622,0.001135,3e-07,0.0,0.0,0.0,0.0,0.0,0.0,0.0,0.0,0.0],"del_yes_cr_no":[0.0277482,1.92354985,7.95320153,7.38814947,2.37938212,0.32449489,0.02069462,0.0006443,9.84e-06,7e-08,0.0,0.0,0.0,0.0,0.0,0.0,0.0,0.0,0.0,0.0,0.0],"conf_yes_cr_yes_del_yes":[0.0,0.0,0.0,0.0,0.0,0.0,0.0,0.0,0.0,8e-08,1.57e-05,0.00118411,0.03876824,0.56213844,3.4988723,8.46216589,6.43471562,0.99466024,0.01147972,4.5e-07,0.0],"conf_yes_cr_no_del_yes":[0.0,0.0,0.0,0.0,0.0,0.0,3e-08,5.8e-07,7.72e-06,7.458e-05,0.00055199,0.00327015,0.01599061,0.06591542,0.23201764,0.70053164,1.80308134,3.86153686,6.44700798,6.82338053,0.10126744]}}
