{"nodes":{"cr_yes":[0.0,0.0,0.0,0.0,0.0,0.0,0.0,0.0,0.0,0.0,0.0,0.0,0.0,0.0,0.00895676,15.80555415,4.18948241,7.47e-06,0.0,0.0,0.0],"imm_yes_cr_yes":[0.0,0.0,0.0,0.0,0.0,2.836e-05,0.5150444,16.20174123,3.27773457,0.00945187,3.8e-07,0.0,0.0,0.0,0.0,0.0,0.0,0.0,0.0,0.0,0.0],"imm_yes_cr_no":[0.0,0.0,0.0,0.0,0.0,0.0,0.0,3.52e-06,0.00228904,0.25819594,4.39352059,11.13305698,4.02459645,0.18365829,0.00547628,0.0026426,0.00052646,3.402e-05,6.2e-07,0.0,0.0],"del_yes_cr_yes":[0.0,0.0,0.0,0.0,0.0,8e-08,0.00519083,2.263359,15.24803699,2.47587683,0.0115356,1.48e-06,0.0,0.0,0.0,0.0,0.0,0.0,0.0,0.0,0.0],"del_yes_cr_no":[0.00053057,0.00443293,0.01862619,0.04359872,0.06144994,0.09131288,0.61738234,3.0369573,6.25614614,5.76194056,2.52429989,0.60299481,0.20264761,0.20633145,0.21381213,0.17375942,0.10931206,0.05300211,0.01965174,0.00550465,0.0011453],"conf_yes_cr_yes_del_yes":[1.489e-05,2.311e-05,3.267e-05,4.195e-05,4.873e-05,5.097e-05,4.775e-05,3.979e-05,2.927e-05,1.883e-05,1.055e-05,4.253e-05,0.00632267,0.29927369,3.74123653,10.55601711,5.04372213,0.34897096,0.00805393,1.019e-05,0.0],"conf_yes_cr_no_del_yes":[0.61334112,0.54116927,0.47070117,0.40322504,0.33986262,0.28153013,0.22891163,0.18245185,0.14238669,0.10886512,0.08232118,0.06462853,0.06313988,0.1053494,0.28239095,0.82184554,2.04036362,3.81799425,4.86914136,3.83943047,2.02324314]}}
