{"nodes":{"cr_yes":[0.0,0.0,0.0,0.0,0.0,0.0,0.0,0.0,0.0,0.0,0.0,0.0,2.948e-05,0.35637033,14.91507407,4.73143224,0.00109468,0.0,0.0,0.0,0.0],"imm_yes_cr_yes":[0.0,0.0,0.0,0.0,0.0,0.0,0.00013914,0.26941021,8.50194167,9.79955421,1.40867605,0.02424651,3.301e-05,0.0,0.0,0.0,0.0,0.0,0.0,0.0,0.0],"imm_yes_cr_no":[0.0,0.0,0.0,1.3e-07,6.174e-05,0.00309805,0.04294518,1.59149585,10.29064914,7.39787186,0.67007256,0.00779584,1.046e-05,0.0,0.0,0.0,0.0,0.0,0.0,0.0,0.0],"del_yes_cr_yes":[0.0,0.0,0.0,0.0,0.0,0.0,0.0,2.48e-05,0.02422937,1.66525898,10.50351233,7.21098326,0.59447663,0.00551134,4.08e-06,0.0,0.0,0.0,0.0,0.0,0.0],"del_yes_cr_no":[3.36e-06,2.34e-06,0.00010156,0.01736876,0.70063613,6.19413768,9.53909654,3.22864351,0.31116537,0.01229102,0.000485,6.114e-05,9.09e-06,9.2e-07,6e-08,0.0,0.0,0.0,0.0,0.0,0.0],"conf_yes_cr_yes_del_yes":[0.0,0.0,0.0,0.0,0.0,0.0,0.0,0.0,0.0,0.0,7.9e-07,0.00022338,0.0208733,0.60380718,5.05699229,10.39948117,3.78080672,0.14056931,0.00114581,9.926e-05,3.2e-06],"conf_yes_cr_no_del_yes":[1.09e-06,3.04e-06,8.2e-06,2.143e-05,5.446e-05,0.00013453,0.00032346,0.00075751,0.00172926,0.00385038,0.00836663,0.01774973,0.03677618,0.0744367,0.14726805,0.28568615,0.55154107,1.1167656,2.63894887,7.38726759,15.46462283]}}
