{"nodes":{"cr_yes":[0.0,0.0,0.0,0.0,0.0,0.0,0.0,0.0,0.0,0.0,0.0,0.0,3.926e-05,4.64848339,15.35523737,0.00024079,0.0,0.0,0.0,0.0,0.0],"imm_yes_cr_yes":[0.0,0.0,0.0,0.0,0.0,0.0,1e-08,0.00930884,8.89099158,11.07683899,0.02686125,1.3e-07,0.0,0.0,0.0,0.0,0.0,0.0,0.0,0.0,0.0],"imm_yes_cr_no":[0.0,0.0,0.0,0.0,0.0,0.0,8.307e-05,0.21005075,8.97763197,10.41220791,0.40350533,0.00052175,2e-08,0.0,0.0,0.0,0.0,0.0,0.0,0.0,0.0],"del_yes_cr_yes":[0.0,0.0,0.0,0.0,0.0,0.0,0.0,1.42e-06,0.03010837,5.65806473,13.82917061,0.48644562,0.00021005,0.0,0.0,0.0,0.0,0.0,0.0,0.0,0.0],"del_yes_cr_no":[0.0,0.0,0.0,0.00020879,0.27566715,7.04648093,10.86382375,1.77679352,0.04087836,0.00014821,8e-08,0.0,0.0,0.0,0.0,0.0,0.0,0.0,0.0,0.0,0.0],"conf_yes_cr_yes_del_yes":[0.0,0.0,0.0,0.0,0.0,0.0,0.0,0.0,1e-08,1.24e-05,0.00276813,0.16118238,2.45049034,9.14668966,7.27647901,0.95318303,0.01318628,9.56e-06,0.0,0.0,0.0],"conf_yes_cr_no_del_yes":[0.0,0.0,0.0,0.0,0.0,0.0,0.0,0.0,7e-08,4.45e-06,0.0001496,0.00298483,0.03688157,0.28764925,1.40902016,4.18676956,6.97073115,5.54373296,1.50593552,0.0600973,8.873e-05]}}
