{"nodes":{"cr_yes":[0.0,0.0,0.0,0.0,0.0,0.0,0.0,0.0,0.0,0.0,0.0,0.0,0.0,9.7e-07,0.08061653,17.23530392,2.68805571,2.366e-05,0.0,0.0,0.0],"imm_yes_cr_yes":[0.0,0.0,0.0,0.0,0.0,0.0,0.0,0.0,0.0,0.00014621,0.39607914,13.71176506,5.87319358,0.0228164,4.1e-07,0.0,0.0,0.0,0.0,0.0,0.0],"imm_yes_cr_no":[0.0,0.0,0.0,0.0,0.0,0.0,2e-08,2.309e-05,0.00542216,0.26227066,3.03059583,8.92009909,6.61796378,1.13077477,0.03669163,0.00015971,7e-08,0.0,0.0,0.0,0.0],"del_yes_cr_yes":[0.0,0.0,0.0,0.0,0.0,0.0,1.8e-07,0.00175172,0.56172529,9.20156391,9.57426978,0.66198831,0.00270113,4.8e-07,0.0,0.0,0.0,0.0,0.0,0.0,0.0],"del_yes_cr_no":[0.0,0.0,0.0,1e-07,4.061e-05,0.00291991,0.06296103,0.5484101,2.28547895,5.01779624,6.09208953,4.13774367,1.53671634,0.29334149,0.02565331,0.00084222,7.3e-06,1e-08,0.0,0.0,0.0],"conf_yes_cr_yes_del_yes":[0.0,0.0,0.0,0.0,0.0,0.0,0.0,0.0,0.0,5e-08,1.871e-05,0.0021835,0.08883105,1.28147672,6.26754335,9.14994984,3.07277113,0.14095073,0.00027571,0.0,0.0],"conf_yes_cr_no_del_yes":[0.0,0.0,0.0,0.0,0.0,0.0,1e-08,2.1e-07,4.98e-06,7.496e-05,0.00079054,0.00617024,0.03694852,0.17339154,0.6424078,1.86258298,4.08806007,6.26837349,5.49956884,1.4255527,0.00014782]}}
