{"nodes":{"cr_yes":[0.0,0.0,0.0,0.0,0.0,0.0,0.0,0.0,0.0,0.0,0.0,0.0,4.42e-06,0.75392013,19.23083075,0.0192455,0.0,0.0,0.0,0.0,0.0],"imm_yes_cr_yes":[0.0,0.0,0.0,0.0,0.0,0.0,0.0,1.463e-05,0.51168048,18.40532491,1.08686839,0.00011239,0.0,0.0,0.0,0.0,0.0,0.0,0.0,0.0,0.0],"imm_yes_cr_no":[0.0,0.0,0.0,0.0,0.0,0.0,3.879e-05,0.11116071,6.52798798,12.41967491,0.94225584,0.00288228,3e-07,0.0,0.0,0.0,0.0,0.0,0.0,0.0,0.0],"del_yes_cr_yes":[0.0,0.0,0.0,0.0,0.0,0.0,0.0,0.0,3.5e-07,0.00434765,1.41251994,14.27182809,4.28601116,0.029291,2.61e-06,0.0,0.0,0.0,0.0,0.0,0.0],"del_yes_cr_no":[0.0,0.0,0.0,0.00010366,0.13441918,4.63970017,11.59647829,3.47167516,0.16035775,0.0012649,1.69e-06,0.0,0.0,0.0,0.0,0.0,0.0,0.0,0.0,0.0,0.0],"conf_yes_cr_yes_del_yes":[0.0,0.0,0.0,0.0,0.0,0.0,0.0,0.0,0.0,4e-08,5.629e-05,0.01451305,0.72299599,6.76678539,10.447055,2.02315453,0.02942846,1.205e-05,0.0,0.0,0.0],"conf_yes_cr_no_del_yes":[0.0,0.0,0.0,0.0,0.0,0.0,0.0,0.0,0.0,5e-08,2.82e-06,8.281e-05,0.00140753,0.01453027,0.09600952,0.44179601,1.57668242,4.36106231,7.65678083,5.74348945,0.22431359]}}
