{"nodes":{"cr_yes":[0.0,0.0,0.0,0.0,0.0,0.0,0.0,0.0,0.0,0.0,0.0,0.0,0.0,5e-08,0.00482192,4.35221851,15.60134622,0.0456141,0.0,0.0,0.0],"imm_yes_cr_yes":[0.0,0.0,0.0,0.0,0.0,0.0,0.0,0.0,0.00013376,0.27029237,10.54753798,9.03060528,0.15539247,3.894e-05,0.0,0.0,0.0,0.0,0.0,0.0,0.0],"imm_yes_cr_no":[0.0,0.0,0.0,0.0,0.0,0.0,0.0,0.0,0.0,0.0,3.66e-06,0.00126358,0.10978425,2.27789153,9.95798277,7.13600851,0.51957938,0.0014871,2e-08,0.0,0.0],"del_yes_cr_yes":[0.0,0.0,0.0,0.0,5e-08,0.00133739,0.55519653,9.07854333,9.53770056,0.82486297,0.00635586,4.1e-06,0.0,0.0,0.0,0.0,0.0,0.0,0.0,0.0,0.0],"del_yes_cr_no":[0.00411495,0.15244781,0.11162823,0.03761195,0.03856014,0.12951121,0.37100785,0.8324153,1.50716336,2.25683181,2.84603025,3.06348936,2.84256109,2.28965517,1.6085504,0.98826065,0.53145817,0.2499688,0.10258058,0.03657799,0.0112664],"conf_yes_cr_yes_del_yes":[0.0,0.0,0.0,0.0,0.0,0.0,0.0,0.0,0.0,2e-07,3.084e-05,0.0019356,0.05404949,0.68432627,3.80904032,8.45193093,6.07221466,0.91958056,0.01089147,4.6e-07,0.0],"conf_yes_cr_no_del_yes":[0.0,1e-08,6e-08,2.7e-07,1e-06,3.39e-06,1.066e-05,3.394e-05,0.00012372,0.00053412,0.00243508,0.01042873,0.03980253,0.13338754,0.39139999,1.00252816,2.21847722,4.12983694,6.05557927,5.73594527,0.56694581]}}
