{"nodes":{"cr_yes":[0.0,0.0,0.0,0.0,0.0,0.0,0.0,0.0,0.0,0.0,0.0,0.0,0.0,0.0,5.059e-05,0.95470932,19.01182821,0.03741268,0.0,0.0,0.0],"imm_yes_cr_yes":[0.0,0.0,0.0,0.0,0.0,0.0,7.57e-06,0.26182065,16.12369947,3.61450617,0.00396692,2e-08,0.0,0.0,0.0,0.0,0.0,0.0,0.0,0.0,0.0],"imm_yes_cr_no":[0.0,0.0,0.0,0.0,0.0,0.0,1e-08,5.15e-05,0.02310538,1.17607233,8.35886602,8.99559188,1.42184908,0.02841169,5.291e-05,1e-08,0.0,0.0,0.0,0.0,0.0],"del_yes_cr_yes":[0.0,0.0,0.0,0.0,0.0,0.0,8.047e-05,0.16049235,7.27638445,11.74237303,0.82217155,0.00249867,2.7e-07,0.0,0.0,0.0,0.0,0.0,0.0,0.0,0.0],"del_yes_cr_no":[0.0,0.0,1e-08,3.045e-05,0.00498331,0.15166188,1.36534791,4.67018013,6.97798468,4.89608754,1.65355697,0.26464903,0.01896645,0.0005471,5.32e-06,1e-08,0.0,0.0,0.0,0.0,0.0],"conf_yes_cr_yes_del_yes":[0.0,0.0,0.0,0.0,0.0,0.0,0.0,0.0,0.0,0.0,6.1e-07,0.00019362,0.01847223,0.54198933,4.67717713,10.29976495,4.2845892,0.18162388,0.00018986,0.0,0.0],"conf_yes_cr_no_del_yes":[0.0,0.0,0.0,0.0,0.0,0.0,0.0,0.0,0.0,0.0,2e-08,4.8e-07,9.85e-06,0.00016504,0.00224135,0.02431665,0.20662494,1.32362371,5.81085217,12.62767533,0.0169825]}}
