{"nodes":{"cr_yes":[0.0,0.0,0.0,0.0,0.0,0.0,0.0,0.0,0.0,0.0,0.0,0.0,0.0,0.00010654,0.98187887,18.80344771,0.21856754,1.4e-07,0.0,0.0,0.0],"imm_yes_cr_yes":[0.0,0.0,0.0,0.0,0.0,1.438e-05,0.20462707,12.61567708,7.12952743,0.05414861,6.22e-06,0.0,1e-08,0.0,0.0,0.0,0.0,0.0,0.0,0.0,0.0],"imm_yes_cr_no":[0.0,0.0,0.0,0.0,0.0,0.0,0.0,0.0,4.75e-06,0.00131801,0.06737889,0.7115621,2.14463816,6.40486636,8.85990289,1.7861045,0.02821325,1.189e-05,0.0,0.0,0.0],"del_yes_cr_yes":[0.0,6e-08,0.0021782,0.40525289,9.303826,9.435494,0.84729103,0.00994048,1.813e-05,1e-08,0.0,0.0,0.0,0.0,0.0,0.0,0.0,0.0,0.0,0.0,0.0],"del_yes_cr_no":[0.0,1.43e-06,9.04e-05,0.00746771,0.14266558,0.98695803,3.16139035,5.41078812,5.39224985,3.28943317,1.25912235,0.3038648,0.04562253,0.0041274,0.00021321,5.79e-06,7e-08,0.0,0.0,0.0,0.0],"conf_yes_cr_yes_del_yes":[0.0,0.0,0.0,0.0,0.0,0.0,0.0,0.0,0.0,1.6e-07,2.387e-05,0.00149525,0.04234482,0.55490252,3.28377012,8.04217721,6.74590525,1.30957198,0.02380723,2.39e-06,0.0],"conf_yes_cr_no_del_yes":[0.0,0.0,0.0,0.0,0.0,5e-08,6.7e-07,6.38e-06,4.747e-05,0.00028759,0.00146435,0.00640949,0.02451261,0.08282752,0.24886419,0.66575386,1.57691896,3.25066656,5.58673326,7.06436604,2.9902836]}}
