{"nodes":{"cr_yes":[0.0,0.0,0.0,0.0,0.0,0.0,0.0,0.0,0.0,0.0,0.0,0.0,0.0,7e-08,0.11517222,19.84372952,0.04509899,0.0,0.0,0.0,0.0],"imm_yes_cr_yes":[0.0,0.0,0.0,0.0,0.0,0.0,0.00111292,6.09714901,13.8772114,0.0285274,7e-08,0.0,0.0,0.0,0.0,0.0,0.0,0.0,0.0,0.0,0.0],"imm_yes_cr_no":[0.0,0.0,0.0,0.0,0.0,0.0,0.0,6.98e-06,0.01396663,1.51130626,11.47584962,6.71553196,0.28662096,0.00071832,7e-08,0.0,0.0,0.0,0.0,0.0,0.0],"del_yes_cr_yes":[0.0,0.0,0.0,0.0,0.0,0.0,0.0,0.00036116,0.61645629,14.3956078,4.96634818,0.02522583,1.53e-06,0.0,0.0,0.0,0.0,0.0,0.0,0.0,0.0],"del_yes_cr_no":[0.0,0.0,0.0,0.0,6.27e-06,0.00343742,0.22053685,2.6837188,8.10115615,7.00523266,1.84104629,0.14563997,0.00320955,1.683e-05,2e-08,0.0,0.0,0.0,0.0,0.0,0.0],"conf_yes_cr_yes_del_yes":[0.0,0.0,0.0,0.0,0.0,0.0,0.0,0.0,0.0,0.0,5.6e-07,0.00057456,0.09694679,2.72418252,11.4584384,5.54126648,0.18244731,0.00014418,0.0,0.0,0.0],"conf_yes_cr_no_del_yes":[0.0,0.0,0.0,0.0,0.0,0.0,7e-08,9.6e-07,9.88e-06,8.148e-05,0.00054664,0.00301697,0.01379707,0.0525411,0.16799907,0.46414335,1.19435604,3.07262577,6.86158073,7.98132294,0.38395747]}}
