{"nodes":{"cr_yes":[0.0,0.0,0.0,0.0,0.0,0.0,0.0,0.0,0.0,0.0,0.0,0.0,0.0,0.0,0.00266344,17.65585327,2.34548395,1.3e-07,0.0,0.0,0.0],"imm_yes_cr_yes":[0.0,0.0,0.0,0.0,0.0,0.0,0.00015534,2.90338506,17.02838679,0.07207331,3e-07,0.0,0.0,0.0,0.0,0.0,0.0,0.0,0.0,0.0,0.0],"imm_yes_cr_no":[0.0,0.0,0.0,0.0,0.0,0.0,0.0,2.707e-05,0.03420492,2.43333785,12.43863928,4.95371992,0.14382939,0.00024235,2e-08,0.0,0.0,0.0,0.0,0.0,0.0],"del_yes_cr_yes":[0.0,0.0,0.0,0.0,0.0,0.0,0.0,0.000152,0.47471,14.04350468,5.45631766,0.02931469,1.77e-06,0.0,0.0,0.0,0.0,0.0,0.0,0.0,0.0],"del_yes_cr_no":[0.0,0.0,0.0,6e-08,0.00016299,0.02999499,0.82221767,5.02684524,8.59885172,4.64743647,0.82995064,0.04773721,0.00080056,3.26e-06,0.0,0.0,0.0,0.0,0.0,0.0,0.0],"conf_yes_cr_yes_del_yes":[0.0,0.0,0.0,0.0,0.0,0.0,0.0,0.0,0.0,0.0,1.41e-06,0.00118784,0.16344496,3.66497573,11.88918852,4.19379759,0.09136521,3.954e-05,0.0,0.0,0.0],"conf_yes_cr_no_del_yes":[0.0,0.0,0.0,0.0,0.0,0.0,0.0,0.0,0.0,2e-08,1.16e-06,4.491e-05,0.00105483,0.01561529,0.14838691,0.90012704,3.35645585,7.01901774,6.70536989,1.79620609,0.12344214]}}
