{"nodes":{"cr_yes":[0.0,0.0,0.0,0.0,0.0,0.0,0.0,0.0,0.0,0.0,0.0,0.0,0.0,1.33e-06,0.00483055,2.31152349,17.66565733,0.0219881,0.0,0.0,0.0],"imm_yes_cr_yes":[0.0,0.0,0.0,0.0,0.0,0.0,1.09e-06,0.0255675,5.00569908,14.20736363,0.76249132,0.00096235,0.00167693,0.00023864,2.6e-07,0.0,0.0,0.0,0.0,0.0,0.0],"imm_yes_cr_no":[0.0,0.0,0.0,0.0,0.0,0.0,0.0,0.0,0.0,0.0,4e-08,4.346e-05,0.01040964,0.56140264,6.20388344,11.15450329,2.05836439,0.01539333,5.6e-07,0.0,0.0],"del_yes_cr_yes":[0.0,0.0,0.0,2.2e-07,0.00105546,0.20996529,3.89462251,10.37820222,5.01758134,0.49246643,0.01006647,4.083e-05,3e-08,0.0,0.0,0.0,0.0,0.0,0.0,0.0,0.0],"del_yes_cr_no":[0.0,0.0,1.42e-06,0.00105645,0.06215982,0.78765851,3.39807697,6.33512002,5.80671464,2.79141422,0.71787487,0.09702374,0.0065146,0.0001986,7.72e-06,9.71e-06,1.612e-05,2.533e-05,3.78e-05,5.374e-05,7.3e-05],"conf_yes_cr_yes_del_yes":[0.0,0.0,0.0,0.0,0.0,0.0,0.0,0.0,0.0,3.9e-07,5.321e-05,0.00301006,0.07571107,0.86248591,4.3098334,8.55308049,5.46348122,0.72886819,0.00747661,2.5e-07,0.0],"conf_yes_cr_no_del_yes":[1.027e-05,2.18e-05,4.447e-05,8.735e-05,0.00016559,0.00030348,0.00053869,0.00092971,0.00158516,0.00282191,0.00590359,0.01580565,0.0495104,0.15572506,0.44966241,1.14571356,2.50888809,4.54144431,6.22079761,4.8819147,0.04426429]}}
