{"nodes":{"cr_yes":[0.0,0.0,0.0,0.0,0.0,0.0,0.0,0.0,0.0,0.0,0.0,0.0,0.0,0.0,0.00098215,7.30252281,12.70024055,0.00025529,0.0,0.0,0.0],"imm_yes_cr_yes":[0.0,0.0,0.0,0.0,0.0,0.0,4.14e-06,0.19269301,15.40957557,4.39564556,0.00608248,4e-08,0.0,0.0,0.0,0.0,0.0,0.0,0.0,0.0,0.0],"imm_yes_cr_no":[0.0,0.0,0.0,0.0,0.0,0.0,1e-08,1.556e-05,0.00410875,0.29353981,4.23884309,10.71761216,4.47622586,0.27180408,0.00185058,8.8e-07,0.0,0.0,0.0,0.0,0.0],"del_yes_cr_yes":[0.0,0.0,0.0,0.0,0.0,0.0,0.00011267,0.20238007,8.01630813,11.12041167,0.66308366,0.00170444,1.6e-07,0.0,0.0,0.0,0.0,0.0,0.0,0.0,0.0],"del_yes_cr_no":[0.0,0.0,0.0,1.08e-06,0.00073558,0.05443573,0.86003617,4.14426302,7.42604421,5.50224049,1.76086259,0.24167518,0.01343593,0.00026923,1.59e-06,0.0,0.0,0.0,0.0,0.0,0.0],"conf_yes_cr_yes_del_yes":[0.0,0.0,0.0,0.0,0.0,0.0,0.0,0.0,0.0,0.0,8.7e-07,0.00019852,0.01471458,0.36799964,3.08543041,8.38950962,6.90164699,1.22930779,0.0151919,4.7e-07,0.0],"conf_yes_cr_no_del_yes":[0.0,0.0,0.0,0.0,0.0,0.0,0.0,1e-07,1.68e-06,2.049e-05,0.00019607,0.00150532,0.00941658,0.04843112,0.20524354,0.71222057,1.98648322,4.27783474,6.52388271,5.66673284,1.14406361]}}
