{"nodes":{"cr_yes":[0.0,0.0,0.0,0.0,0.0,0.0,0.0,0.0,0.0,0.0,0.0,0.0,0.0,0.00014624,0.20433939,19.08936742,0.71014753,2.2e-07,0.0,0.0,0.0],"imm_yes_cr_yes":[0.0,0.0,0.0,0.0,0.0,0.0,0.00016359,0.79001685,16.56089755,2.64888536,0.0040374,6e-08,0.0,0.0,0.0,0.0,0.0,0.0,0.0,0.0,0.0],"imm_yes_cr_no":[0.0,0.0,0.0,0.0,0.0,0.0,4.6e-07,0.00104236,0.188765,3.89969165,11.06560761,4.58382499,0.26330673,0.00176103,9.8e-07,0.0,0.0,0.0,0.0,0.0,0.0],"del_yes_cr_yes":[0.0,0.0,0.0,0.0,0.0,0.0,1e-08,0.00021516,0.16892228,5.9972683,12.28412411,1.54280068,0.01066724,3.01e-06,0.0,0.0,0.0,0.0,0.0,0.0,0.0],"del_yes_cr_no":[0.0,0.0,0.0,1e-08,1.048e-05,0.00207321,0.09679815,1.24766221,5.20680652,7.85815904,4.52164277,0.99073813,0.07813449,0.00196309,1.269e-05,1e-08,0.0,0.0,0.0,0.0,0.0],"conf_yes_cr_yes_del_yes":[0.0,0.0,0.0,0.0,0.0,0.0,0.0,0.0,0.0,0.0,7.1e-07,0.00024266,0.02380516,0.68458406,5.46908877,10.36785656,3.3623117,0.09605733,5.384e-05,0.0,0.0],"conf_yes_cr_no_del_yes":[0.0,0.0,0.0,0.0,0.0,0.0,0.0,0.0,0.0,5e-08,1.62e-06,3.218e-05,0.00045224,0.00464537,0.03564455,0.20674302,0.90867255,2.99351119,7.00005447,8.81723732,0.07401249]}}
