{"nodes":{"cr_yes":[0.0,0.0,0.0,0.0,0.0,0.0,0.0,0.0,0.0,0.0,0.0,0.0,0.0,0.0,0.0,0.0,2.015e-05,0.02294393,2.41703739,15.97094098,3.18611668],"imm_yes_cr_yes":[0.0,0.0,0.0,0.0,0.0,0.0,0.0,0.0,0.0,2.4e-07,0.00101264,0.62881585,13.68237182,5.66408191,0.02771717,1.18e-06,0.0,0.0,0.0,0.0,0.0],"imm_yes_cr_no":[0.0,0.0,0.0,0.0,0.0,0.0,0.0,0.0,0.0,0.0,3e-08,0.00013652,0.06711346,3.29999239,13.51217467,3.10583086,0.01875218,6.8e-07,0.0,0.0,0.0],"del_yes_cr_yes":[2.649e-05,0.00980823,0.58586415,5.97797473,11.0779098,2.27323815,0.07717738,0.00149472,0.00038122,0.00011028,2.422e-05,4.08e-06,5.3e-07,5e-08,0.0,0.0,0.0,0.0,0.0,0.0,0.0],"del_yes_cr_no":[10.72429021,13.83597019,0.78051951,0.02428063,0.00092527,0.00012608,2.691e-05,5.69e-06,1.15e-06,2.2e-07,4e-08,1e-08,0.0,0.0,0.0,0.0,0.0,0.0,0.0,0.0,0.0],"conf_yes_cr_yes_del_yes":[0.5831881,0.58747141,0.60416946,0.63697397,0.69268073,0.78206679,0.91755726,1.10645484,1.34209403,1.59942426,1.83869341,2.00860931,2.04130985,1.86558323,1.47275718,0.97805814,0.55813726,0.30448278,0.18603631,0.13583436,0.10802437],"conf_yes_cr_no_del_yes":[0.44643396,0.46841283,0.49580024,0.52859619,0.56680068,0.61041372,0.65943529,0.7138654,0.77370406,0.83895125,0.90960699,0.98567126,1.06714408,1.15402543,1.24631533,1.34401377,1.44712075,1.55563626,1.66956032,1.78889292,1.91363406]}}
