{"nodes":{"cr_yes":[0.0,0.0,0.0,0.0,0.0,0.0,0.0,0.0,0.0,0.0,0.0,0.0,0.0,1.52e-06,0.00022922,0.58022436,19.21549325,0.2080523,1.4e-07,0.0,0.0],"imm_yes_cr_yes":[0.0,0.0,0.0,0.0,0.0,0.0,0.00572954,6.27624029,13.61158995,0.11043679,4.22e-06,0.0,0.0,0.0,0.0,0.0,0.0,0.0,0.0,0.0,0.0],"imm_yes_cr_no":[4e-08,6e-08,9e-08,1.1e-07,1.1e-07,7e-08,4e-08,1.4e-07,4.931e-05,0.00458908,0.13004053,1.5633451,7.38099749,8.70846239,1.91743049,0.21948615,0.07148,0.00793052,0.00018846,6.5e-07,0.0],"del_yes_cr_yes":[0.0,0.0,0.0,0.0,0.0,1e-08,0.00079981,0.65889791,12.01862213,7.1492087,0.17625008,0.00022215,2e-08,0.0,0.0,0.0,0.0,0.0,0.0,0.0,0.0],"del_yes_cr_no":[0.00065039,0.00213966,0.0055149,0.01064558,0.01602467,0.02934975,0.14478452,0.71347809,2.1031202,3.72345679,4.28507372,3.63862984,2.62343968,1.63670703,0.77837603,0.24386415,0.0446464,0.00423522,0.0001814,6.57e-06,2.76e-06],"conf_yes_cr_yes_del_yes":[0.0,0.0,0.0,0.0,0.0,2e-08,1.5e-07,8.6e-07,3.81e-06,1.338e-05,3.688e-05,8.922e-05,0.00215081,0.12025935,2.07913289,9.19149338,7.86288543,0.74546397,0.00246883,1.83e-06,0.0],"conf_yes_cr_no_del_yes":[0.21956174,0.26981301,0.32422039,0.38072602,0.43656545,0.48838483,0.53248199,0.56519207,0.58345452,0.58565705,0.57298982,0.55188617,0.53918633,0.57418483,0.74167534,1.18538813,2.0171412,3.01542933,3.40206182,2.54277753,1.17000817]}}
