{"nodes":{"cr_yes":[0.0,0.0,0.0,0.0,0.0,0.0,0.0,0.0,0.0,0.0,0.0,0.0,0.0,1.427e-05,1.19957923,18.79556924,0.00883806,0.0,0.0,0.0,0.0],"imm_yes_cr_yes":[0.0,0.0,0.0,0.0,0.0,0.0,0.0,0.0,0.0,0.0,3.351e-05,0.61868599,18.70325378,0.68201329,1.423e-05,0.0,0.0,0.0,0.0,0.0,0.0],"imm_yes_cr_no":[0.0,0.0,0.0,0.0,0.0,0.0,0.0,0.0,0.0,3e-08,8.452e-05,0.03327883,1.68755678,10.69945824,7.21708711,0.3658162,0.00071908,2e-08,0.0,0.0,0.0],"del_yes_cr_yes":[0.0,0.0,0.0,0.0,0.0,0.0,0.00024246,0.58716112,13.89985789,5.47200641,0.04472551,7.41e-06,0.0,0.0,0.0,0.0,0.0,0.0,0.0,0.0,0.0],"del_yes_cr_no":[7.44e-06,3.74489416,11.25275055,4.28005395,0.55636552,0.03412132,0.00115671,0.00020755,0.00082611,0.00269114,0.00662667,0.01267358,0.01923521,0.02354964,0.02354286,0.01938882,0.01323269,0.00751014,0.00354862,0.0013946,0.00045442],"conf_yes_cr_yes_del_yes":[0.0,0.0,0.0,0.0,0.0,0.0,0.0,0.0,0.0,0.0,9e-08,5.853e-05,0.00957323,0.41991522,4.65459735,10.97521819,3.84801767,0.09658809,3.242e-05,0.0,0.0],"conf_yes_cr_no_del_yes":[0.0,0.0,0.0,0.0,0.0,0.0,0.0,1e-08,1.8e-07,3.7e-06,5.297e-05,0.0005569,0.00448029,0.02834951,0.14324203,0.57909178,1.84406622,4.41668977,7.09965159,5.62433329,0.52696513]}}
