{"nodes":{"cr_yes":[0.0,0.0,0.0,0.0,0.0,0.0,0.0,0.0,0.0,0.0,0.0,0.0,0.0,0.0,7e-08,0.19578217,19.80624996,0.0019686,0.0,0.0,0.0],"imm_yes_cr_yes":[0.0,0.0,0.0,0.0,0.0,0.0,0.00054828,4.60132395,15.35723018,0.04489824,1.5e-07,0.0,0.0,0.0,0.0,0.0,0.0,0.0,0.0,0.0,0.0],"imm_yes_cr_no":[0.0,0.0,0.0,0.0,0.0,0.0,0.0,0.0,2.586e-05,0.0214303,1.5272396,10.69851113,7.33194733,0.42337028,0.00147613,1.7e-07,0.0,0.0,0.0,0.0,0.0],"del_yes_cr_yes":[0.0,0.0,0.0,0.0,0.0,0.0,0.0,4.34e-05,0.24563178,12.1672107,7.52863301,0.06247618,5.73e-06,0.0,0.0,0.0,0.0,0.0,0.0,0.0,0.0],"del_yes_cr_no":[0.0,0.0,0.0,0.0,2e-07,0.00012216,0.01216644,0.30114596,2.35253929,6.63118627,7.18801598,3.02209452,0.47173053,0.02464076,0.00035764,1.05e-06,0.0,0.0,0.0,0.0,0.0],"conf_yes_cr_yes_del_yes":[0.0,0.0,0.0,0.0,0.0,0.0,0.0,0.0,0.0,2e-08,6.367e-05,0.02395522,1.29426071,9.67283862,8.40515428,0.60489502,0.00283204,1.22e-06,0.0,0.0,0.0],"conf_yes_cr_no_del_yes":[0.0,0.0,0.0,0.0,0.0,0.0,0.0,0.0,0.0,3e-07,1.575e-05,0.00045668,0.00778879,0.08032863,0.50030625,1.81657087,3.56594057,3.65330255,4.01008033,6.30019103,0.13803807]}}
