{"nodes":{"cr_yes":[0.0,0.0,0.0,0.0,0.0,0.0,0.0,0.0,0.0,0.0,0.0,0.0,0.0,3.34e-06,0.12333977,17.04935194,2.83124684,5.89e-05,0.0,0.0,0.0],"imm_yes_cr_yes":[0.0,0.0,0.0,0.0,0.0,0.0,0.0,0.00036346,1.07490104,16.89744445,2.0293319,0.00195994,1e-08,0.0,0.0,0.0,0.0,0.0,0.0,0.0,0.0],"imm_yes_cr_no":[0.0,0.0,0.0,0.0,0.0,0.0,0.0,0.0,1.128e-05,0.00423581,0.28133945,3.73168413,10.1747792,5.35196823,0.45551368,0.0044663,2.71e-06,0.0,0.0,0.0,0.0],"del_yes_cr_yes":[0.0,0.0,0.0,0.0,0.0,0.0,0.0,1.695e-05,0.03144558,2.63488608,13.07508103,4.18309958,0.07940325,6.831e-05,0.0,0.0,0.0,0.0,0.0,0.0,0.0],"del_yes_cr_no":[0.0,0.0,0.0,0.0,2.58e-06,0.00038001,0.01487721,0.21265794,1.33286782,4.07169818,6.40347527,5.26453301,2.2151903,0.44831468,0.03882032,0.00117474,8.72e-06,1e-08,0.0,0.0,0.0],"conf_yes_cr_yes_del_yes":[0.0,0.0,0.0,0.0,0.0,0.0,0.0,0.0,0.0,0.0,2.1e-07,7.892e-05,0.00903674,0.32520824,3.53187823,10.10213689,5.68829294,0.34678535,0.00058329,0.0,0.0],"conf_yes_cr_no_del_yes":[2e-08,8e-08,3.8e-07,1.62e-06,6.37e-06,2.289e-05,7.573e-05,0.00023131,0.00065359,0.00171054,0.00414782,0.00932793,0.019684,0.04163474,0.10674114,0.37473976,1.4103261,4.19926555,7.82095698,5.97262575,0.08369706]}}
