{"nodes":{"cr_yes":[0.0,0.0,0.0,0.0,0.0,0.0,0.0,0.0,0.0,0.0,0.0,0.0,2.4e-07,0.28944576,19.69780657,0.01674823,0.0,0.0,0.0,0.0,0.0],"imm_yes_cr_yes":[0.0,0.0,0.0,0.0,0.0,0.0,0.0,1e-08,0.00688631,5.94657631,13.94607146,0.10446458,2.12e-06,0.0,0.0,0.0,0.0,0.0,0.0,0.0,0.0],"imm_yes_cr_no":[0.0,0.0,0.0,0.0,0.0,0.0,0.0,0.0,1.11e-06,0.00661415,1.43650491,13.35649813,5.13981417,0.06455232,1.601e-05,0.0,0.0,0.0,0.0,0.0,0.0],"del_yes_cr_yes":[0.0,0.0,0.0,0.0,0.0,0.0,0.0,0.0,0.00021442,0.25610852,9.00227473,10.38666866,0.35846528,0.00026919,0.0,0.0,0.0,0.0,0.0,0.0,0.0],"del_yes_cr_no":[0.0,5.64e-06,0.1248353,5.70460626,9.56701808,1.98003936,1.0673925,1.0782984,0.41292174,0.0643602,0.00438571,0.00013567,1.93e-06,1e-08,0.0,0.0,0.0,0.0,0.0,0.0,0.0],"conf_yes_cr_yes_del_yes":[0.0,0.0,0.0,0.0,0.0,0.0,0.0,0.0,0.0,0.0,0.0,1.63e-06,0.00123162,0.16916664,3.92758382,12.44128848,3.4317609,0.03296636,1.36e-06,0.0,0.0],"conf_yes_cr_no_del_yes":[0.0,0.0,0.0,0.0,0.0,0.0,0.0,1e-08,6.3e-07,2.117e-05,0.00042584,0.00553939,0.04872231,0.29640667,1.24839468,3.54672396,6.34917792,6.15832547,2.25400572,0.09625703,0.0]}}
