{"nodes":{"cr_yes":[0.0,0.0,0.0,0.0,0.0,0.0,0.0,0.0,0.0,0.0,0.0,0.0,0.0,0.0,0.01366874,18.86759739,1.12273458,9e-08,0.0,0.0,0.0],"imm_yes_cr_yes":[0.0,0.0,0.0,0.0,0.0,0.0,1e-08,0.01986997,13.38620758,6.59437905,0.00354419,0.0,0.0,0.0,0.0,0.0,0.0,0.0,0.0,0.0,0.0],"imm_yes_cr_no":[0.0,0.0,0.0,0.0,0.0,0.0,0.0,2.98e-06,0.00620927,0.82635243,9.11601983,9.22617582,0.82387329,0.00536545,1.73e-06,0.0,0.0,0.0,0.0,0.0,0.0],"del_yes_cr_yes":[0.0,0.0,0.0,0.0,0.0,0.0,0.0,1.17e-06,0.02173971,4.47090832,14.66325904,0.84734677,0.00074579,1e-08,0.0,0.0,0.0,0.0,0.0,0.0,0.0],"del_yes_cr_no":[0.0,0.0,0.0,0.0,0.0,2.7e-07,0.00016305,0.01763453,0.45625844,3.40616102,8.10123321,6.33168967,1.57592435,0.11299903,0.00193144,5.76e-06,0.0,0.0,0.0,0.0,0.0],"conf_yes_cr_yes_del_yes":[0.0,0.0,0.0,0.0,0.0,0.0,0.0,0.0,0.0,0.0,2e-07,0.00026264,0.05718097,2.06154807,11.01191421,6.61546694,0.25741476,0.00021301,0.0,0.0,0.0],"conf_yes_cr_no_del_yes":[0.0,0.0,0.0,0.0,0.0,1e-08,2.3e-07,3.21e-06,3.514e-05,0.00030391,0.00211307,0.01194787,0.05531873,0.21022405,0.65418221,1.65303121,3.32805915,5.11958951,5.4752827,3.24325999,0.5012996]}}
