{"nodes":{"cr_yes":[0.0,0.0,0.0,0.0,0.0,0.0,0.0,0.0,0.0,0.0,0.0,0.0,0.0,2.826e-05,0.26053774,19.70915517,0.03427962,1e-08,0.0,0.0,0.0],"imm_yes_cr_yes":[0.0,0.0,0.0,0.0,0.0,0.0,1e-08,0.00840647,8.78457128,11.18519822,0.02582472,1.1e-07,0.0,0.0,0.0,0.0,0.0,0.0,0.0,0.0,0.0],"imm_yes_cr_no":[0.0,0.0,0.0,0.0,0.0,0.0,0.0,0.0,1e-06,0.00095442,0.13237665,2.92059771,10.38292297,5.8381242,0.66650986,0.05960689,0.00289204,1.503e-05,0.0,0.0,0.0],"del_yes_cr_yes":[0.0,0.0,0.0,0.0,0.0,0.0,0.0,3e-08,0.00011755,0.0827065,4.83991417,13.47897814,1.59574781,0.00653598,6.1e-07,0.0,0.0,0.0,0.0,0.0,0.0],"del_yes_cr_no":[0.01167067,0.00974958,0.00728724,0.0048551,0.00286991,0.0014966,0.00068393,0.00029163,0.00126072,0.0278995,0.30029232,1.55422516,4.07462012,5.82363612,4.97781266,2.52309665,0.62682217,0.05959718,0.00166097,7.91e-06,0.0],"conf_yes_cr_yes_del_yes":[0.0,0.0,0.0,0.0,0.0,0.0,0.0,0.0,0.0,9e-08,1.18e-06,3.346e-05,0.00552073,0.30222192,3.97401295,10.80593509,4.69211446,0.22337952,0.00078134,6e-08,0.0],"conf_yes_cr_no_del_yes":[0.00343578,0.00710772,0.01340844,0.02307847,0.03623497,0.05184682,0.06749913,0.07986184,0.08624655,0.08817543,0.10927515,0.31296904,1.33551113,3.95030942,6.49165022,5.2761042,1.81962596,0.23223148,0.01971908,0.00141878,1.818e-05]}}
