{"nodes":{"cr_yes":[0.0,0.0,0.0,0.0,0.0,0.0,0.0,0.0,0.0,0.0,0.0,0.0,0.0,0.0,0.0,2.878e-05,0.4786297,19.21796415,0.30737814,3e-08,0.0],"imm_yes_cr_yes":[0.0,0.0,0.0,0.0,0.0,0.0,0.0,0.0,0.0,1.872e-05,0.00029611,0.00395262,2.90891824,16.59727727,0.493502,3.583e-05,0.0,0.0,0.0,0.0,0.0],"imm_yes_cr_no":[0.0,0.0,0.0,0.0,0.0,0.0,0.0,0.0,0.0,0.0,6e-08,2.928e-05,0.01377434,1.05339677,9.93790051,8.61629542,0.38233708,0.00026736,0.0,0.0,0.0],"del_yes_cr_yes":[0.0,0.0,0.0,0.0,0.0,0.0,4.2e-07,0.0026684,0.70264501,10.07337711,8.77643025,0.44777093,0.00110859,9e-08,0.0,0.0,0.0,0.0,0.0,0.0,0.0],"del_yes_cr_no":[1e-08,2.5e-07,1.4e-07,2e-08,3.9e-07,6.751e-05,0.00358319,0.07251665,0.64205739,2.71231597,5.75063567,6.25514791,3.47780742,0.95934322,0.1236471,0.00674388,0.00013333,7.5e-07,0.0,0.0,0.0],"conf_yes_cr_yes_del_yes":[0.0,0.0,0.0,0.0,0.0,0.0,0.0,0.0,0.0,3e-08,2.343e-05,0.00424541,0.21215909,2.87839722,9.67182309,6.60253206,0.63068065,0.0041394,4.1e-07,0.0,0.0],"conf_yes_cr_no_del_yes":[0.0,0.0,0.0,0.0,0.0,0.0,5e-08,2.51e-06,7.099e-05,0.00121551,0.01325019,0.09579776,0.47180021,1.59910149,3.69709862,5.63700841,5.2766958,2.64144972,0.5406478,0.02962264,0.00047819]}}
