{"nodes":{"cr_yes":[0.0,0.0,0.0,0.0,0.0,0.0,0.0,0.0,0.0,0.0,0.0,0.0,0.0,0.0,0.0052493,12.21383527,7.78484477,7.145e-05,0.0,0.0,0.0],"imm_yes_cr_yes":[0.0,0.0,0.0,0.0,0.0,0.0,0.0,0.0,5.871e-05,0.40731519,15.7249513,3.86656571,0.00510987,2e-08,0.0,0.0,0.0,0.0,0.0,0.0,0.0],"imm_yes_cr_no":[0.0,0.0,0.0,0.0,0.0,0.0,0.0,1.72e-06,0.00104239,0.10377229,2.04364202,8.64694478,7.80954927,1.36210106,0.03684357,0.00010368,1e-08,0.0,0.0,0.0,0.0],"del_yes_cr_yes":[0.0,0.0,0.0,0.0,0.0,3.2e-06,0.04178173,5.20441892,13.62641587,1.12794382,0.0034369,3.6e-07,0.0,0.0,0.0,0.0,0.0,0.0,0.0,0.0,0.0],"del_yes_cr_no":[0.0,0.0,1e-08,1.861e-05,0.00284014,0.08433145,0.8021975,3.17084154,6.00957973,5.88928243,3.07300711,0.84660956,0.11759023,0.00751227,0.00018877,1.44e-06,0.0,0.0,0.0,0.0,0.0],"conf_yes_cr_yes_del_yes":[0.0,0.0,0.0,0.0,0.0,0.0,0.0,0.0,0.0,0.0,6.2e-07,0.00016681,0.0145748,0.42231236,3.89274417,9.98330618,5.35616753,0.33410325,0.00062508,0.0,0.0],"conf_yes_cr_no_del_yes":[0.0,0.0,0.0,0.0,0.0,0.0,1e-08,2.1e-07,4.69e-06,6.897e-05,0.00071516,0.00551316,0.03273893,0.15297623,0.56700512,1.6554344,3.69900271,5.9071558,5.75247522,2.23028743,0.00124554]}}
