{"nodes":{"cr_yes":[0.0,0.0,0.0,0.0,0.0,0.0,0.0,0.0,0.0,0.0,0.0,0.0,0.0,0.0,0.0,0.0,0.0,0.0,1.508e-05,0.04405837,39.91985468],"imm_yes_cr_yes":[0.0,0.0,0.0,0.0,0.0,0.0,0.0,0.0,0.0,8.2e-07,0.00626186,1.63194183,14.48481274,3.85073563,0.03023776,1.017e-05,0.0,0.0,0.0,0.0,0.0],"imm_yes_cr_no":[0.0,0.0,0.0,0.0,0.0,0.0,0.0,0.0,0.0,0.0,3e-08,0.00010383,0.04614597,2.44380737,12.84052959,4.61708142,0.05632667,5.91e-06,0.0,0.0,0.0],"del_yes_cr_yes":[0.04155715,0.8459517,4.18031949,7.10907894,5.43250506,2.00814652,0.36564782,0.03890658,0.00251442,9.872e-05,3.79e-06,2.62e-06,3.95e-06,5.34e-06,6.45e-06,7.04e-06,6.96e-06,6.28e-06,5.2e-06,3.96e-06,2.79e-06],"del_yes_cr_no":[31.0118763,3.92852429,0.4424733,0.09073159,0.02583706,0.00756197,0.002145,0.0005854,0.00015343,3.857e-05,9.29e-06,2.14e-06,4.7e-07,1e-07,2e-08,0.0,0.0,0.0,0.0,0.0,0.0],"conf_yes_cr_yes_del_yes":[0.00387814,0.0035822,0.00488367,0.00958307,0.02096831,0.04419528,0.08673116,0.16043077,0.28870467,0.51971785,0.93095032,1.58746769,2.43089203,3.17574581,3.3960961,2.87092551,1.88288364,1.02642079,0.64379955,0.60230127,0.63156407],"conf_yes_cr_no_del_yes":[0.38784568,0.41445061,0.44666372,0.48448501,0.52791447,0.57695212,0.63159795,0.69185195,0.75771414,0.8291845,0.90626304,0.98894976,1.07724466,1.17114774,1.270659,1.37577844,1.48650605,1.60284185,1.72478582,1.85233798,1.98549831]}}
