{"nodes":{"cr_yes":[0.0,0.0,0.0,0.0,0.0,0.0,0.0,0.0,0.0,0.0,0.0,6.86e-06,0.06874241,9.052248,10.82551007,0.05749309,3.7e-07,0.0,0.0,0.0,0.0],"imm_yes_cr_yes":[0.0,0.0,0.0,0.0,0.0,0.0,0.0,0.0,0.0,0.0,8.08e-06,0.09367088,10.56432663,9.30980404,0.03619097,2.1e-07,0.0,0.0,0.0,0.0,0.0],"imm_yes_cr_no":[0.0,0.0,0.0,0.0,0.0,0.0,0.0,1.75e-06,0.00208937,0.23964621,3.68578938,10.20430177,5.45038364,0.41883656,0.00295108,1.05e-06,0.0,0.0,0.0,0.0,0.0],"del_yes_cr_yes":[0.0,0.0,0.00165217,0.55304687,2.14963746,0.48746435,1.44386814,8.8112254,6.02471151,0.52639486,0.00599191,8.13e-06,0.0,0.0,0.0,0.0,0.0,0.0,0.0,0.0,0.0],"del_yes_cr_no":[0.00015908,0.00827216,0.04312874,0.20935628,0.65300749,1.44345275,2.41298258,3.18740499,3.43270023,3.08446549,2.35317062,1.544822,0.88177798,0.44114603,0.19463706,0.07608626,0.02644167,0.00818772,0.00226204,0.00055781,0.00012274],"conf_yes_cr_yes_del_yes":[0.0,0.0,0.0,0.0,0.0,0.0,0.0,0.0,0.0,7e-08,1.196e-05,0.00084772,0.02708159,0.40055995,2.68998111,7.57048905,7.47794437,1.79251471,0.04456206,8.22e-06,0.0],"conf_yes_cr_no_del_yes":[1e-08,4e-08,2.3e-07,1.06e-06,4.26e-06,1.532e-05,5.01e-05,0.00015075,0.00042314,0.00113234,0.0029894,0.00811618,0.02322203,0.06893304,0.20293533,0.56533,1.43523475,3.2044541,5.94966665,7.85940861,1.3638669]}}
