{"nodes":{"cr_yes":[0.0,0.0,0.0,0.0,0.0,0.0,0.0,0.0,0.0,0.0,0.0,0.0,0.0,0.0,4.984e-05,5.40995402,14.59397214,2.48e-05,0.0,0.0,0.0],"imm_yes_cr_yes":[0.0,0.0,0.0,0.0,0.0,0.0,9.9e-07,0.28384611,18.98004367,0.7400858,2.422e-05,0.0,0.0,0.0,0.0,0.0,0.0,0.0,0.0,0.0,0.0],"imm_yes_cr_no":[0.0,0.0,0.0,0.0,0.0,0.0,0.0,0.0,0.0,7.5e-07,0.00137232,0.26123513,5.50235957,12.02837255,2.18943834,0.0212174,4.73e-06,0.0,0.0,0.0,0.0],"del_yes_cr_yes":[0.0,0.0,0.0,0.0,0.0,0.0,0.0,7.337e-05,0.16253376,8.71433566,10.87301993,0.25395333,8.474e-05,0.0,0.0,0.0,0.0,0.0,0.0,0.0,0.0],"del_yes_cr_no":[0.0,0.0,0.0,0.0,8e-08,2.929e-05,0.00243387,0.06401064,0.65645844,2.96406581,6.2791421,6.35884658,3.00868431,0.6203368,0.04882213,0.00116511,5.62e-06,0.0,0.0,0.0,0.0],"conf_yes_cr_yes_del_yes":[0.0,0.0,0.0,0.0,0.0,0.0,0.0,0.0,0.0,0.0,0.0,9.71e-06,0.00499937,0.44806803,6.40940742,11.53380358,1.60135721,0.00635541,7e-08,0.0,0.0],"conf_yes_cr_no_del_yes":[0.0,0.0,0.0,0.0,0.0,0.0,1e-08,5.6e-07,2.208e-05,0.0004836,0.00646473,0.05607674,0.32681964,1.29501502,3.44516584,5.88267069,5.8457058,2.75710576,0.38480076,0.00366957,0.0]}}
