{"nodes":{"cr_yes":[0.0,0.0,0.0,0.0,0.0,0.0,0.0,0.0,0.0,0.0,0.0,0.0,0.0,5.796e-05,0.93145141,18.84986476,0.22081123,0.00181544,0.0,0.0,0.0],"imm_yes_cr_yes":[0.0,0.0,0.0,0.0,0.0,0.0,0.0,0.0,0.0,0.0,1e-08,0.00439041,4.74976321,15.14882019,0.10102614,8.3e-07,0.0,0.0,0.0,0.0,0.0],"imm_yes_cr_no":[0.0,0.0,0.0,0.0,0.0,0.0,0.0,0.0,0.0,0.0,0.0,0.0,4.71e-06,0.01870972,3.22838139,15.84100126,0.91580221,0.00010151,0.0,0.0,0.0],"del_yes_cr_yes":[0.0,0.0,0.0,3e-08,0.00118189,0.50105187,8.14266387,10.00131637,1.33470634,0.02302695,5.346e-05,2e-08,0.0,0.0,0.0,0.0,0.0,0.0,0.0,0.0,0.0],"del_yes_cr_no":[0.50690493,11.92048458,6.74955625,0.87825756,0.11443165,0.04506784,0.02296241,0.01112858,0.00506692,0.00217613,0.00088469,0.00034139,0.0001253,4.381e-05,1.461e-05,4.65e-06,1.41e-06,4.1e-07,1.1e-07,3e-08,1e-08],"conf_yes_cr_yes_del_yes":[0.0,0.0,1e-08,1e-07,8.6e-07,6.09e-06,3.592e-05,0.00017784,0.00074266,0.00262484,0.00790459,0.02119419,0.06177521,0.25297841,1.11280712,3.50212,6.46594113,6.05332396,2.29916569,0.2219541,0.00249614],"conf_yes_cr_no_del_yes":[0.21846494,0.23171331,0.25660332,0.30136078,0.37346094,0.47803572,0.6167103,0.78686902,0.98135067,1.18857298,1.39308654,1.57655803,1.71918271,1.80152631,1.80679619,1.72354186,1.54878479,1.29157759,0.97699248,0.65053906,0.38301149]}}
