{"nodes":{"cr_yes":[0.0,0.0,0.0,0.0,0.0,0.0,0.0,0.0,0.0,0.0,0.0,0.0,0.0,0.0,1.4e-06,0.80887695,19.19449496,0.0006275,0.0,0.0,0.0],"imm_yes_cr_yes":[0.0,0.0,0.0,0.0,0.0,0.0,0.0,1.17e-06,0.15408916,17.11436932,2.7348233,0.00071784,0.0,0.0,0.0,0.0,0.0,0.0,0.0,0.0,0.0],"imm_yes_cr_no":[0.0,0.0,0.0,0.0,0.0,0.0,0.0,0.0,0.0,0.0,1.4e-07,0.00031117,0.08924036,3.20232792,12.62845753,4.02662049,0.05703215,1.104e-05,0.0,0.0,0.0],"del_yes_cr_yes":[0.0,0.0,0.0,0.0,0.0,0.0,0.0,8.257e-05,0.27815014,11.56461023,8.0621061,0.09903408,1.767e-05,0.0,0.0,0.0,0.0,0.0,0.0,0.0,0.0],"del_yes_cr_no":[0.0,0.0,0.0,0.0,1.3e-07,4.527e-05,0.00354149,0.08679108,0.8232443,3.41494903,6.59724978,6.0367796,2.5490232,0.46080365,0.03096617,0.00060488,2.22e-06,0.0,0.0,0.0,0.0],"conf_yes_cr_yes_del_yes":[0.0,0.0,0.0,0.0,0.0,0.0,0.0,0.0,0.0,0.0,4e-08,5.593e-05,0.01562299,0.83259838,7.77917819,10.18414731,1.18742448,0.00497338,1e-07,0.0,0.0],"conf_yes_cr_no_del_yes":[0.0,0.0,0.0,0.0,0.0,0.0,0.0,1.5e-07,6.16e-06,0.0001413,0.00197829,0.0180502,0.1117495,0.47868112,1.4181179,2.84321666,3.71286156,3.26582863,3.28829541,4.78100464,0.16813854]}}
