{"nodes":{"cr_yes":[0.0,0.0,0.0,0.0,0.0,0.0,0.0,0.0,0.0,0.0,1e-08,4.6e-07,5.33e-06,9.16e-06,2.353e-05,0.01955438,0.03383916,0.17872655,18.23826512,1.53357225,9.71e-06],"imm_yes_cr_yes":[0.0,0.0,0.0,0.0,0.0,0.0,0.00054956,2.87576382,16.91737988,0.21030057,6.97e-06,0.0,0.0,0.0,0.0,0.0,0.0,0.0,0.0,0.0,0.0],"imm_yes_cr_no":[0.0,0.0,0.0,0.0,9e-08,1.09e-06,6.19e-06,1.738e-05,2.567e-05,0.00023199,0.04658409,2.35308976,12.15338997,5.30598035,0.14452161,0.00014941,2.99e-06,2.3e-07,0.0,0.0,0.0],"del_yes_cr_yes":[0.0,0.0,0.0,0.0,0.0,0.0,0.0,1.288e-05,0.02260496,2.07691895,12.41784977,5.32427581,0.16202679,0.0003116,3e-08,0.0,0.0,0.0,0.0,0.0,0.0],"del_yes_cr_no":[0.00067715,0.00032072,0.00014357,6.538e-05,3.599e-05,9.748e-05,0.00175552,0.02108671,0.14860285,0.68015808,2.13842051,4.33105213,5.01554297,3.23388257,1.77154401,1.42012847,0.89822924,0.29592144,0.04356401,0.00284739,0.00052637],"conf_yes_cr_yes_del_yes":[0.0,0.0,0.0,0.0,0.0,0.0,0.0,0.0,1.1e-07,2.22e-06,2.663e-05,0.0002004,0.00266573,0.14311454,2.43608018,8.91103863,7.3168489,1.17914278,0.01487789,2.78e-06,0.0],"conf_yes_cr_no_del_yes":[0.05742941,0.09465779,0.14608693,0.21069326,0.28357846,0.35565949,0.41488681,0.44917838,0.45082694,0.4228205,0.39131131,0.4366891,0.74794479,1.59645784,2.96911764,4.05628796,3.77122188,2.25004063,0.78964993,0.13450348,0.00734596]}}
