{"nodes":{"cr_yes":[0.0,0.0,0.0,0.0,0.0,0.0,0.0,0.0,0.0,0.0,0.0,0.0,0.0,0.01954168,19.80697437,0.17748475,0.0,0.0,0.0,0.0,0.0],"imm_yes_cr_yes":[0.0,0.0,0.0,0.0,0.0,0.0,0.0,2.8e-07,0.07969683,16.00504666,3.917909,0.00134803,0.0,0.0,0.0,0.0,0.0,0.0,0.0,0.0,0.0],"imm_yes_cr_no":[0.0,0.0,0.0,0.0,0.0,0.0,2.35e-06,0.0264542,4.04097826,14.39273794,1.5387475,0.00508012,4.3e-07,0.0,0.0,0.0,0.0,0.0,0.0,0.0,0.0],"del_yes_cr_yes":[0.0,0.0,0.0,0.0,0.0,0.0,0.0,8.511e-05,0.25651699,10.92790276,8.68601772,0.13344566,3.256e-05,0.0,0.0,0.0,0.0,0.0,0.0,0.0,0.0],"del_yes_cr_no":[0.0,0.0,0.00018142,0.41908406,8.67727807,9.64064233,1.24004928,0.02665271,0.00011283,1e-07,0.0,0.0,0.0,0.0,0.0,0.0,0.0,0.0,0.0,0.0,0.0],"conf_yes_cr_yes_del_yes":[0.0,0.0,0.0,0.0,0.0,0.0,0.0,0.0,0.0,0.0,0.0,9.29e-06,0.00502225,0.46192296,6.6075155,11.47391768,1.45091787,0.0046952,3e-08,0.0,0.0],"conf_yes_cr_no_del_yes":[0.0,0.0,0.0,0.0,0.0,0.0,0.0,3.6e-07,1.332e-05,0.00028164,0.00373448,0.03292085,0.19983518,0.84790418,2.50067455,4.96662356,6.18071496,4.15155316,1.07827051,0.04147398,1.4e-07]}}
