{"nodes":{"cr_yes":[0.0,0.0,0.0,0.0,0.0,0.0,0.0,0.0,0.0,0.0,0.0,0.0,0.0,1e-08,0.02587066,19.58197629,0.39615384,0.0,0.0,0.0,0.0],"imm_yes_cr_yes":[0.0,0.0,0.0,0.0,0.0,0.0,0.0,6.6e-07,0.09187452,14.96797668,4.94026946,0.00387948,1e-08,0.0,0.0,0.0,0.0,0.0,0.0,0.0,0.0],"imm_yes_cr_no":[0.0,0.0,0.0,0.0,0.0,0.0,0.0,0.0,0.0,0.0,0.0,0.0,2.8e-07,7.863e-05,0.0037078,0.04587295,2.82421839,16.34810789,0.78201309,1.77e-06,0.0],"del_yes_cr_yes":[0.0,0.0,0.0,0.0,0.0,0.0,0.0,5e-08,0.00105299,0.56674303,10.93799447,8.27427872,0.22377021,0.00016131,0.0,0.0,0.0,0.0,0.0,0.0,0.0],"del_yes_cr_no":[0.0,5e-08,5e-08,1e-08,0.0,0.0,2.5e-07,4.809e-05,0.00297463,0.07113584,0.72778408,3.35022002,6.98240951,6.33127026,2.26492437,0.26587836,0.00733025,2.502e-05,0.0,0.0,0.0],"conf_yes_cr_yes_del_yes":[0.0,0.0,0.0,0.0,0.0,0.0,0.0,0.0,0.0,0.0,5.27e-06,0.00226785,0.19796458,3.49462377,11.16443527,4.96221016,0.18229976,0.00019414,0.0,0.0,0.0],"conf_yes_cr_no_del_yes":[0.0,0.0,0.0,0.0,0.0,0.0,0.0,1e-08,7.4e-07,2.645e-05,0.00056279,0.00758035,0.06747411,0.40506133,1.63469539,4.29047756,6.75785528,5.3711746,1.43353357,0.03555861,1e-08]}}
