{"nodes":{"cr_yes":[0.0,0.0,0.0,0.0,0.0,0.0,0.0,0.0,0.0,0.0,0.0,0.0,0.0,4.28e-06,0.11590882,14.22964343,5.65752985,0.00091442,0.0,0.0,0.0],"imm_yes_cr_yes":[0.0,0.0,0.0,0.0,0.0,0.0,0.00024241,1.08185865,17.17493342,1.74552209,0.00144422,1e-08,0.0,0.0,0.0,0.0,0.0,0.0,0.0,0.0,0.0],"imm_yes_cr_no":[0.0,0.0,0.0,0.0,0.0,9e-07,8.923e-05,0.00284512,0.03230375,0.2217593,2.26498228,8.90595894,7.32360108,1.19910301,0.05250325,0.00085188,2.05e-06,0.0,0.0,0.0,0.0],"del_yes_cr_yes":[0.0,0.0,0.0,0.0,0.0,0.0,1.4e-07,0.00088744,0.30617702,6.74438606,11.37539904,1.56078468,0.01635568,1.074e-05,0.0,0.0,0.0,0.0,0.0,0.0,0.0],"del_yes_cr_no":[0.00459961,0.01824326,0.04938183,0.09709367,0.15309087,0.21767202,0.31074524,0.66702888,2.04104526,4.39102103,5.36435594,3.66643177,1.45041754,0.46995103,0.28467958,0.24185753,0.2005116,0.16257236,0.121239,0.0757046,0.03731594],"conf_yes_cr_yes_del_yes":[0.0,0.0,0.0,0.0,0.0,0.0,0.0,0.0,1e-08,2.5e-07,2.88e-06,8.171e-05,0.00942765,0.39444959,4.37908958,10.84100581,4.24779426,0.13207415,7.48e-05,1e-07,0.0],"conf_yes_cr_no_del_yes":[2.073e-05,5.158e-05,0.00012031,0.00026353,0.00054288,0.00105369,0.00193431,0.0033906,0.00580342,0.01014164,0.01932774,0.04253667,0.10895341,0.30817352,0.86987494,2.16793981,4.23441026,5.73191048,4.58137309,1.74659087,0.33919535]}}
