{"nodes":{"cr_yes":[0.0,0.0,0.0,0.0,0.0,0.0,0.0,0.0,0.0,0.0,0.0,0.0,0.0,1.08e-06,0.12606514,18.97003875,0.907895,8.2e-07,0.0,0.0,0.0],"imm_yes_cr_yes":[0.0,0.0,0.0,0.0,0.0,0.0,8.609e-05,0.81926562,17.54926327,1.6345207,0.00086512,0.0,0.0,0.0,0.0,0.0,0.0,0.0,0.0,0.0,0.0],"imm_yes_cr_no":[0.0,0.0,0.0,0.0,0.0,0.0,5.3e-07,0.00119622,0.21109832,4.16827118,11.12728756,4.27127049,0.22354259,0.00133327,6.4e-07,0.0,0.0,0.0,0.0,0.0,0.0],"del_yes_cr_yes":[0.0,0.0,0.0,0.0,0.0,0.000141,0.26371572,9.00852117,10.20982222,0.52048193,0.00131861,1.5e-07,0.0,0.0,0.0,0.0,0.0,0.0,0.0,0.0,0.0],"del_yes_cr_no":[0.0,1e-08,0.00030832,0.08878869,1.83159369,6.97968783,7.62064535,2.98305438,0.46832551,0.03075285,0.0008353,8.84e-06,3e-08,0.0,0.0,0.0,0.0,0.0,0.0,0.0,0.0],"conf_yes_cr_yes_del_yes":[0.0,0.0,0.0,0.0,0.0,0.0,0.0,0.0,0.0,1e-08,6.29e-06,0.00098775,0.05208754,0.94289737,5.60841287,9.61366837,3.61426105,0.17138638,0.00029316,0.0,0.0],"conf_yes_cr_no_del_yes":[0.0,0.0,0.0,0.0,0.0,0.0,0.0,6e-08,1.28e-06,1.729e-05,0.00017143,0.00130903,0.00797305,0.03968208,0.16384759,0.56476468,1.61705032,3.75633716,6.62696346,7.16947886,0.11280903]}}
