{"nodes":{"cr_yes":[0.0,0.0,0.0,0.0,0.0,0.0,0.0,0.0,0.0,0.0,0.0,0.0,0.0,0.0,4.895e-05,1.4192669,18.5765102,0.00817475,0.0,0.0,0.0],"imm_yes_cr_yes":[0.0,0.0,0.0,0.0,0.0,0.0,5.888e-05,0.80750281,17.90186515,1.29417079,0.00040317,0.0,0.0,0.0,0.0,0.0,0.0,0.0,0.0,0.0,0.0],"imm_yes_cr_no":[0.0,0.0,0.0,0.0,0.0,0.0,0.0,2e-08,4.271e-05,0.01312951,0.66035403,6.06371246,10.25400642,2.90269522,0.10969775,0.00036263,5e-08,0.0,0.0,0.0,0.0],"del_yes_cr_yes":[0.0,0.0,0.0,0.0,0.0,2e-08,0.00139748,0.94743962,13.14958267,5.80749881,0.09802037,6.182e-05,0.0,0.0,0.0,0.0,0.0,0.0,0.0,0.0,0.0],"del_yes_cr_no":[0.0,0.0,0.0,2.82e-06,0.00056362,0.02348209,0.31710941,1.76965751,4.69242898,6.39083094,4.63139274,1.78748832,0.35567152,0.03397785,0.00137582,1.913e-05,6e-08,0.0,0.0,0.0,0.0],"conf_yes_cr_yes_del_yes":[0.0,0.0,0.0,0.0,0.0,0.0,0.0,0.0,0.0,0.0,1e-08,4.22e-06,0.00081977,0.05280651,1.10789979,6.85036077,9.90989801,2.06215722,0.02005422,2.8e-07,0.0],"conf_yes_cr_no_del_yes":[0.0,0.0,0.0,0.0,0.0,1e-08,8e-08,5.1e-07,2.92e-06,1.482e-05,6.76e-05,0.00029293,0.00137725,0.00791197,0.0498465,0.28001636,1.22860266,3.84476837,7.55301453,6.80537439,0.46541977]}}
