{"nodes":{"cr_yes":[0.0,0.0,0.0,0.0,0.0,0.0,0.0,0.0,0.0,0.0,8.8e-07,0.00020319,0.01622121,0.43190264,3.64240297,9.0350847,5.94677847,0.90079982,0.02574879,0.00011392,0.00948841],"imm_yes_cr_yes":[0.0,0.0,0.0,0.0,0.0,0.0,0.0,0.0,0.0,0.0,2.43e-06,0.00818382,6.07239611,13.8512105,0.07220406,3.88e-06,0.0,0.0,0.0,0.0,0.0],"imm_yes_cr_no":[0.0,0.0,0.0,0.0,0.0,0.0,0.0,0.0,0.0,0.0,0.0,0.0,2.04e-05,0.04053425,4.17891066,14.95867702,0.82572124,0.00013721,0.0,0.0,0.0],"del_yes_cr_yes":[0.0,0.0,2e-08,4.887e-05,0.01329452,1.39149253,10.61012963,7.36373804,0.61810434,0.00718093,1.187e-05,3e-08,1e-08,0.0,0.0,0.0,0.0,0.0,0.0,0.0,0.0],"del_yes_cr_no":[13.34889695,10.65558094,2.06798307,0.40075188,0.13184299,0.0485705,0.01695147,0.00552729,0.00168747,0.00048347,0.00013019,3.298e-05,7.86e-06,1.76e-06,3.7e-07,7e-08,1e-08,0.0,0.0,0.0,0.0],"conf_yes_cr_yes_del_yes":[0.00221083,0.0016878,0.00125688,0.00091178,0.00064593,0.00046608,0.00045734,0.00104772,0.0038736,0.01398481,0.04405063,0.12068643,0.29911509,0.72200878,1.72960454,3.59772526,5.33844902,4.83273067,2.43547016,0.72847464,0.26049645],"conf_yes_cr_no_del_yes":[0.35086377,0.38243484,0.42624475,0.48486921,0.55949615,0.64982046,0.75401487,0.86877712,0.98945329,1.11023735,1.22444704,1.32487576,1.40422089,1.45558818,1.47307242,1.45241435,1.3917337,1.29233856,1.15961088,1.00396823,0.84190174]}}
