{"nodes":{"cr_yes":[2e-08,8e-07,1.023e-05,4.735e-05,7.87e-05,4.572e-05,8.93e-06,5.6e-07,1e-08,0.0,0.0,0.0,0.0,0.0,1.313e-05,0.24082534,16.27434711,3.48755201,0.00107088,0.0,0.0],"imm_yes_cr_yes":[0.0,0.0,0.0,0.0,0.0,0.0,0.0,0.0,0.0,0.0,3.9e-07,0.03305607,10.56793955,9.39159146,0.01141332,1e-08,0.0,0.0,0.0,0.0,0.0],"imm_yes_cr_no":[0.0,0.0,0.0,0.0,0.0,0.0,0.0,0.0,0.0,0.0,0.0,0.0,6.9e-07,0.00127239,0.30771631,7.58501797,11.69817656,0.41178412,3.277e-05,0.0,0.0],"del_yes_cr_yes":[0.0,0.0,0.0,0.0,0.0,0.0,4e-07,0.00274546,0.71863669,10.04110752,8.76160014,0.47850284,0.00140759,1.6e-07,0.0,0.0,0.0,0.0,0.0,0.0,0.0],"del_yes_cr_no":[0.00015593,3.16293608,10.27925308,5.33574451,1.08963978,0.12523791,0.01033228,0.00071293,5.077e-05,1.127e-05,3.59e-06,5.9e-07,4e-08,0.0,0.0,0.0,0.0,0.0,0.0,0.0,0.0],"conf_yes_cr_yes_del_yes":[0.0,0.0,0.0,0.0,0.0,0.0,0.0,0.0,0.0,0.0,3e-08,1.043e-05,0.0013977,0.07653433,1.47139613,8.04057932,9.16384706,1.24429408,0.00594168,3e-08,0.0],"conf_yes_cr_no_del_yes":[0.0,0.0,0.0,0.0,0.0,0.0,0.0,1e-08,1.7e-07,2.32e-06,2.64e-05,0.00024201,0.00180069,0.01104849,0.05667643,0.24495571,0.89054328,2.67581771,6.29792618,9.69749288,0.25493701]}}
