{"nodes":{"cr_yes":[0.0,0.0,0.0,0.0,0.0,0.0,0.0,0.0,0.0,0.0,0.0,0.0,0.0,0.0,2.256e-05,3.27481741,16.72906757,9.326e-05,0.0,0.0,0.0],"imm_yes_cr_yes":[0.0,0.0,0.0,0.0,0.0,0.0,0.0,0.00119453,5.37476171,14.58950078,0.03854367,1e-07,0.0,0.0,0.0,0.0,0.0,0.0,0.0,0.0,0.0],"imm_yes_cr_no":[0.0,0.0,0.0,0.0,0.0,0.0,0.0,0.0,0.0,2.4e-06,0.00340243,0.48568007,7.3621046,10.91216702,1.23413188,0.00651177,6.4e-07,0.0,0.0,0.0,0.0],"del_yes_cr_yes":[0.0,0.0,0.0,0.0,0.0,0.0,5e-08,0.00381124,2.1438687,15.8729364,1.97923678,0.00414752,1.1e-07,0.0,0.0,0.0,0.0,0.0,0.0,0.0,0.0],"del_yes_cr_no":[0.0,0.0,0.0,8e-08,5.256e-05,0.00528646,0.13665091,1.21439542,4.38057764,7.02356382,5.19930393,1.76654241,0.26203012,0.0153018,0.00029425,1.38e-06,0.0,0.0,0.0,0.0,0.0],"conf_yes_cr_yes_del_yes":[0.0,0.0,0.0,0.0,0.0,0.0,0.0,0.0,0.0,0.0,1.5e-07,0.00021777,0.05052125,1.93407955,10.90408107,6.84196062,0.2729168,0.00022359,0.0,0.0,0.0],"conf_yes_cr_no_del_yes":[0.0,0.0,0.0,0.0,0.0,0.0,0.0,1e-08,3.1e-07,9.86e-06,0.00019676,0.00260579,0.0239611,0.15686183,0.7352881,2.42507464,5.33748694,6.94394715,3.98345799,0.39497063,0.00027941]}}
