{"nodes":{"cr_yes":[0.0,0.0,0.0,0.0,0.0,0.0,0.0,0.0,0.0,0.0,0.0,0.0,0.0,0.0,0.00049612,9.51865296,10.48481945,3.199e-05,2.8e-07,0.0,0.0],"imm_yes_cr_yes":[0.0,0.0,0.0,0.0,0.0,6.676e-05,0.05049064,4.03516971,15.78458159,0.13368906,3.04e-06,0.0,0.0,0.0,0.0,0.0,0.0,0.0,0.0,0.0,0.0],"imm_yes_cr_no":[0.0,0.0,0.0,0.0,0.0,0.0,0.0,1.6e-06,0.00182531,0.28127839,5.13751083,11.35221956,3.13550278,0.09543829,0.00022401,2e-08,0.0,0.0,0.0,0.0,0.0],"del_yes_cr_yes":[0.0,0.0,0.0,0.0,0.0,0.0,2e-08,0.00203285,1.62878036,15.85428822,2.51216488,0.00673422,2.5e-07,0.0,0.0,0.0,0.0,0.0,0.0,0.0,0.0],"del_yes_cr_no":[0.0,0.0,0.0,8.6e-07,8.447e-05,0.00292571,0.05029269,0.4755472,2.239337,5.07945146,5.78206672,3.25864306,0.98712056,0.58977035,0.67803743,0.52892594,0.25041702,0.06962812,0.01084907,0.00088589,3.449e-05],"conf_yes_cr_yes_del_yes":[0.0,0.0,0.0,0.0,0.0,0.0,0.0,0.0,0.0,0.0,3e-08,5.896e-05,0.01910433,1.06128021,9.08242061,9.19042957,0.6495806,0.00112649,0.0,0.0,0.0],"conf_yes_cr_no_del_yes":[0.00592034,0.0141649,0.03146248,0.06451196,0.12170328,0.21075801,0.3343605,0.48489,0.64112063,0.77101703,0.84674285,0.89226952,1.11269535,1.98207383,3.55866285,4.33176918,3.02239269,1.19930846,0.31533954,0.05794728,0.01570055]}}
