{"nodes":{"cr_yes":[0.0,0.0,0.0,0.0,0.0,0.0,0.0,0.0,0.0,0.0,0.0,0.0,0.0,0.0009729,6.07158924,13.92972965,0.00170902,0.0,0.0,0.0,0.0],"imm_yes_cr_yes":[0.0,0.0,0.0,0.0,0.0,0.0,0.0,0.0,0.00018799,0.60464379,15.73840863,3.65445864,0.0063017,5e-08,0.0,0.0,0.0,0.0,0.0,0.0,0.0],"imm_yes_cr_no":[0.0,0.0,0.0,0.0,0.0,0.0,5.71e-06,0.00712036,0.70422048,7.49272963,10.01579263,1.74704712,0.03700655,7.83e-05,1e-08,0.0,0.0,0.0,0.0,0.0,0.0],"del_yes_cr_yes":[0.0,0.0,1e-08,1e-08,1.65e-05,0.09006354,6.0523637,12.54008791,1.31263539,0.00882968,4.06e-06,0.0,0.0,0.0,0.0,0.0,0.0,0.0,0.0,0.0,0.0],"del_yes_cr_no":[0.02682685,0.61216073,2.90454989,5.57001103,5.62306032,3.43286051,1.37683154,0.38247709,0.07618953,0.01113207,0.00120983,9.853e-05,6.02e-06,2.8e-07,1e-08,0.0,0.0,0.0,0.0,0.0,0.0],"conf_yes_cr_yes_del_yes":[0.0,0.0,0.0,0.0,0.0,0.0,0.0,0.0,5.3e-07,3.272e-05,0.00106601,0.01930056,0.20016341,1.19788321,4.04143224,7.16219114,5.74566271,1.55873065,0.0774002,0.00013741,0.0],"conf_yes_cr_no_del_yes":[0.0,0.0,0.0,0.0,2e-08,1.3e-07,8.1e-07,4.54e-06,2.564e-05,0.00015023,0.0008607,0.00449134,0.02055677,0.0814857,0.2787762,0.81952228,2.04342275,4.18205524,6.46808972,5.84352888,0.52205972]}}
