{"nodes":{"cr_yes":[0.0,0.0,0.0,0.0,0.0,0.0,0.0,0.0,0.0,0.0,0.0,0.0,1e-08,0.06182238,19.87585217,0.06632624,0.0,0.0,0.0,0.0,0.0],"imm_yes_cr_yes":[0.0,0.0,0.0,0.0,0.0,0.0,0.0,9.54e-06,0.47626719,18.58472174,0.94293471,6.763e-05,0.0,0.0,0.0,0.0,0.0,0.0,0.0,0.0,0.0],"imm_yes_cr_no":[0.0,0.0,0.0,0.0,0.0,0.0,1.49e-06,0.01811043,3.24166474,14.60233943,2.13143872,0.01044453,1.45e-06,0.0,0.0,0.0,0.0,0.0,0.0,0.0,0.0],"del_yes_cr_yes":[0.0,0.0,0.0,0.0,0.0,0.0,0.0,0.0,8.3e-07,0.00906009,2.25193229,15.12594779,2.6083825,0.008677,3.1e-07,0.0,0.0,0.0,0.0,0.0,0.0],"del_yes_cr_no":[0.0,0.0,3.889e-05,0.1302973,5.08593569,11.50708808,3.13156983,0.1476315,0.00143645,3.05e-06,0.0,0.0,0.0,0.0,0.0,0.0,0.0,0.0,0.0,0.0,0.0],"conf_yes_cr_yes_del_yes":[0.0,0.0,0.0,0.0,0.0,0.0,0.0,0.0,0.0,0.0,0.0,1.226e-05,0.00640077,0.55450476,7.24221299,11.03676947,1.16120908,0.00289145,1e-08,0.0,0.0],"conf_yes_cr_no_del_yes":[0.0,0.0,0.0,0.0,0.0,0.0,0.0,6e-08,2.06e-06,5.295e-05,0.00087655,0.00962675,0.07279126,0.38687504,1.44689894,3.71921868,6.17850864,5.79980713,2.2503215,0.13902119,5e-08]}}
