{"nodes":{"cr_yes":[0.0,0.0,0.0,0.0,0.0,0.0,0.0,0.0,0.0,0.0,0.0,0.0,0.0,9e-08,0.11522404,19.82216694,0.06660973,0.0,0.0,0.0,0.0],"imm_yes_cr_yes":[0.0,0.0,0.0,0.0,0.0,0.0,4.7e-07,0.18051878,18.54975345,1.27364312,8.498e-05,0.0,0.0,0.0,0.0,0.0,0.0,0.0,0.0,0.0,0.0],"imm_yes_cr_no":[0.0,0.0,0.0,0.0,0.0,0.0,0.0,2.5e-07,0.00138605,0.39479383,7.57420254,10.90228016,1.124613,0.00672346,1.51e-06,0.0,0.0,0.0,0.0,0.0,0.0],"del_yes_cr_yes":[0.0,0.0,0.0,0.0,0.0,0.0,0.0,7.912e-05,0.33811507,13.12166834,6.5004688,0.04366622,3.25e-06,0.0,0.0,0.0,0.0,0.0,0.0,0.0,0.0],"del_yes_cr_no":[0.0,0.0,0.0,5.424e-05,0.0319875,1.23541583,6.95508795,8.59211459,2.88815681,0.29204576,0.00905606,8.186e-05,1.9e-07,0.0,0.0,0.0,0.0,0.0,0.0,0.0,0.0],"conf_yes_cr_yes_del_yes":[0.0,0.0,0.0,0.0,0.0,0.0,0.0,0.0,0.0,0.0,7.3e-07,0.00074318,0.12209432,3.21050148,11.92074304,4.6443059,0.10556903,4.313e-05,0.0,0.0,0.0],"conf_yes_cr_no_del_yes":[0.0,0.0,0.0,0.0,0.0,0.0,0.0,3e-08,1.43e-06,3.773e-05,0.00062167,0.00684799,0.05263498,0.2888436,1.13605455,3.14170882,5.78714753,6.29142693,3.03165364,0.26679843,0.00044693]}}
