{"nodes":{"cr_yes":[0.0,0.0,0.0,0.0,0.0,0.0,0.0,0.0,0.0,0.0,0.0,0.0,0.0,0.0,0.00040661,1.36886031,17.07264061,1.56164355,0.00044971,0.0,0.0],"imm_yes_cr_yes":[0.0,0.0,0.0,0.0,0.0,0.0,0.00030019,0.74536279,15.04210989,4.19612305,0.02010329,1.6e-06,0.0,0.0,0.0,0.0,0.0,0.0,0.0,0.0,0.0],"imm_yes_cr_no":[1.01e-06,1.139e-05,7.954e-05,0.00035219,0.00100635,0.00187555,0.0022893,0.0018291,0.00130748,0.02206921,0.48701389,3.53976366,8.44629748,6.24221691,1.20991014,0.04771519,0.0002628,1.1e-07,0.0,0.0,0.0],"del_yes_cr_yes":[0.0,0.0,0.0,0.0,0.0,0.0,0.0,3.51e-06,0.00687789,0.86426293,9.02252889,9.12731233,0.9711108,0.01170929,0.00018941,5.72e-06,3e-08,0.0,0.0,0.0,0.0],"del_yes_cr_no":[0.0,0.0,1.9e-07,1.284e-05,0.00035858,0.00496692,0.03866181,0.19089553,0.6924916,2.01076093,4.30275799,5.87121276,4.59499782,1.89492783,0.37133831,0.02966612,0.00081259,3.465e-05,2.617e-05,4.255e-05,7.121e-05],"conf_yes_cr_yes_del_yes":[0.0,0.0,0.0,0.0,0.0,3e-08,1.5e-07,6.8e-07,2.48e-06,7.13e-06,2.06e-05,0.0005693,0.03135807,0.6809242,4.86614412,9.8086884,4.32083843,0.29157694,0.0038583,1.2e-05,0.0],"conf_yes_cr_no_del_yes":[1.3e-07,4.4e-07,1.45e-06,4.51e-06,1.347e-05,3.872e-05,0.00010721,0.0002863,0.00073829,0.00184035,0.00443867,0.01036775,0.02347996,0.05165595,0.11082908,0.23397584,0.49591497,1.096699,2.64958564,6.94119108,16.76566411]}}
