{"nodes":{"cr_yes":[0.0,0.0,0.0,1e-08,5e-08,1.4e-07,1.8e-07,9e-08,2e-08,0.0,0.0,0.0,0.0,0.00047616,3.29900221,16.38195142,0.31904446,0.00352605,1e-08,0.0,0.0],"imm_yes_cr_yes":[0.0,0.0,0.0,0.0,0.0,8.96e-06,0.25928376,15.08671763,4.64564389,0.01234623,3.3e-07,0.0,0.0,0.0,0.0,0.0,0.0,0.0,0.0,0.0,0.0],"imm_yes_cr_no":[0.0,0.0,1e-08,1.9e-07,9.3e-07,1.79e-05,0.01719339,1.61689247,11.22081843,6.73705024,0.40801088,0.0039897,2.662e-05,6e-08,0.0,0.0,0.0,0.0,0.0,0.0,0.0],"del_yes_cr_yes":[0.0,0.0,0.0,0.0,0.0,5e-08,0.00109955,0.49217979,9.04683364,9.74806462,0.71237646,0.00344577,9.2e-07,0.0,0.0,0.0,0.0,0.0,0.0,0.0,0.0],"del_yes_cr_no":[0.0,1e-08,0.00020543,0.11256449,2.93483334,9.53958996,6.27630414,1.08297555,0.0560697,0.00094401,2.744e-05,4.02e-05,6.294e-05,8.129e-05,8.746e-05,7.914e-05,6.071e-05,3.972e-05,2.228e-05,1.075e-05,4.47e-06],"conf_yes_cr_yes_del_yes":[3.5e-07,2.7e-07,2e-07,1.3e-07,8e-08,5e-08,3e-08,1e-08,1e-08,8e-08,1.13e-05,0.00083223,0.0277875,0.42231515,2.83169863,7.6863377,7.18552685,1.77412868,0.07479177,0.00055554,2.882e-05],"conf_yes_cr_no_del_yes":[0.31563421,0.35321274,0.39388897,0.43763332,0.48433866,0.53380226,0.58570583,0.63959364,0.69484918,0.75067094,0.8060483,0.85973884,0.91024972,0.95582969,0.99452015,1.02473829,1.0506126,1.12199726,1.55640011,3.53140606,4.32189427]}}
