{"nodes":{"cr_yes":[0.0,0.0,0.0,0.0,0.0,0.0,0.0,0.0,0.0,0.0,0.0,0.0,3e-08,3.7e-07,0.00192767,9.27240474,10.72942326,0.00024473,0.0,0.0,0.0],"imm_yes_cr_yes":[0.0,0.0,0.0,0.0,0.0,0.0,2.1e-07,0.04176807,11.41647472,8.5226472,0.02311037,2.2e-07,0.0,0.0,0.0,0.0,0.0,0.0,0.0,0.0,0.0],"imm_yes_cr_no":[0.0,0.0,0.0,0.0,0.0,0.0,0.0,0.0,0.0,1.8e-07,0.0004666,0.12424194,3.76101634,12.37620728,3.67493928,0.06709216,3.701e-05,0.0,0.0,0.0,0.0],"del_yes_cr_yes":[0.0,0.0,3.1e-07,0.14068059,13.28096006,6.51600876,0.06632394,2.714e-05,0.0,0.0,0.0,0.0,0.0,0.0,0.0,0.0,0.0,0.0,0.0,0.0,0.0],"del_yes_cr_no":[0.0,0.0,0.0,0.0,0.0,0.0,3.2e-07,5.325e-05,0.00299227,0.06743925,0.6712989,3.09851121,6.68082182,6.49560485,2.60755342,0.36627086,0.01338163,7.301e-05,2e-08,0.0,0.0],"conf_yes_cr_yes_del_yes":[0.0,0.0,0.0,0.0,0.0,0.0,0.0,0.0,0.0,0.0,6.7e-07,0.00025254,0.02930532,0.91632891,6.88407295,10.15122574,1.99835699,0.02445432,3.36e-06,0.0,0.0],"conf_yes_cr_no_del_yes":[0.0,0.0,0.0,0.0,0.0,0.0,7e-08,5.08e-06,0.00016497,0.0029158,0.03083947,0.20714574,0.91278953,2.66179385,5.0520103,5.93765336,3.90190862,1.17684557,0.11502611,0.00488361,3.74e-05]}}
