{"nodes":{"cr_yes":[0.0,0.0,0.0,0.0,0.0,0.0,0.0,0.0,0.0,0.0,0.0,0.0,0.0,0.0,2.178e-05,0.63266901,19.29080773,0.08050226,1e-08,0.0,0.0],"imm_yes_cr_yes":[0.0,0.0,0.0,0.0,0.0,0.0,0.0,7.432e-05,0.30295198,12.52639617,7.11574726,0.05882512,5.94e-06,0.0,0.0,0.0,0.0,0.0,0.0,0.0,0.0],"imm_yes_cr_no":[0.0,0.0,0.0,0.0,0.0,0.0,0.0,0.0,0.0,1.2e-07,3.96e-06,2.871e-05,0.00031695,0.02938731,0.90180762,6.97306833,10.36270483,1.72660212,0.01008076,9e-08,0.0],"del_yes_cr_yes":[0.0,0.0,0.0,0.0,0.0,4.6e-07,0.00993155,2.44412472,14.46371351,3.05914281,0.02707807,9.69e-06,0.0,0.0,0.0,0.0,0.0,0.0,0.0,0.0,0.0],"del_yes_cr_no":[14.82738319,7.97040264,3.21268583,1.04491979,0.28289503,0.06454412,0.01243243,0.00201094,0.0002716,3.483e-05,1.325e-05,1.587e-05,1.906e-05,2.014e-05,1.799e-05,1.308e-05,7.59e-06,3.46e-06,1.22e-06,3.2e-07,6e-08],"conf_yes_cr_yes_del_yes":[0.0,0.0,0.0,0.0,0.0,0.0,0.0,0.0,0.0,0.0,2.22e-06,0.0003664,0.02168798,0.47423384,3.7103573,9.30189994,5.90432492,0.58797036,0.00315779,4e-08,0.0],"conf_yes_cr_no_del_yes":[1.202e-05,1.435e-05,1.684e-05,1.94e-05,2.194e-05,2.432e-05,2.641e-05,2.831e-05,3.554e-05,0.00012228,0.00096135,0.00697472,0.039865,0.17968566,0.64242041,1.80882526,3.89709449,5.99360798,5.5648206,1.86788277,0.00309435]}}
