{"nodes":{"cr_yes":[0.0,0.0,0.0,0.0,0.0,0.0,0.0,0.0,0.0,0.0,0.0,0.0,0.0028388,5.2648622,14.71367243,0.02262737,0.0,0.0,0.0,0.0,0.0],"imm_yes_cr_yes":[0.0,0.0,0.0,0.0,0.0,0.0,0.0,0.0,0.0,2e-08,0.00062526,0.51204542,12.19648452,7.22224107,0.07259818,6.32e-06,0.0,0.0,0.0,0.0,0.0],"imm_yes_cr_no":[0.0,0.0,0.0,0.0,0.0,0.0,0.0,0.0,0.0,7.17e-06,0.01115269,1.29264759,11.49071829,6.9911581,0.21811391,0.00020306,0.0,0.0,0.0,0.0,0.0],"del_yes_cr_yes":[9e-08,0.00011851,0.0376235,2.36429118,12.04513482,5.20936136,0.33948396,0.006717,0.00094328,0.00026521,5.336e-05,7.69e-06,8.1e-07,6e-08,0.0,0.0,0.0,0.0,0.0,0.0,0.0],"del_yes_cr_no":[21.31785383,6.09274081,2.15379384,0.74183054,0.24502911,0.07788419,0.0238924,0.00708912,0.00203776,0.00056816,0.0001538,4.044e-05,1.034e-05,2.57e-06,6.2e-07,1.5e-07,3e-08,1e-08,0.0,0.0,0.0],"conf_yes_cr_yes_del_yes":[4e-06,7.65e-06,1.628e-05,4.742e-05,0.00017675,0.00072993,0.00345323,0.01758921,0.0801731,0.29337965,0.83669129,1.85441353,3.19209905,4.23554154,4.24954673,3.1084367,1.55683767,0.48115896,0.08008224,0.01087855,0.00547857],"conf_yes_cr_no_del_yes":[0.27104846,0.29963622,0.33540251,0.37834732,0.42847066,0.48577252,0.55025291,0.62191183,0.70074927,0.78676524,0.87995973,0.98033275,1.08788429,1.20261437,1.32452296,1.45361009,1.58987574,1.73331991,1.88394262,2.04174384,2.2067236]}}
