{"nodes":{"cr_yes":[0.0,0.0,0.0,0.0,0.0,0.0,0.0,0.0,0.0,0.0,0.0,2e-08,0.0025434,2.06581515,11.04309866,6.8786845,0.01385907,1e-08,0.0,0.0,0.0],"imm_yes_cr_yes":[0.0,0.0,0.0,0.0,0.0,0.0,0.0,0.0,0.0,0.0,3.984e-05,0.16760557,10.82775282,8.9497946,0.05880674,1.23e-06,0.0,0.0,0.0,0.0,0.0],"imm_yes_cr_no":[0.0,0.0,0.0,0.0,0.0,0.0,0.0,0.0,0.0,1.59e-06,0.00551122,1.06300109,11.93323817,6.85903993,0.14315289,5.591e-05,0.0,0.0,0.0,0.0,0.0],"del_yes_cr_yes":[0.0,1e-08,0.00385662,1.84187539,12.26315866,5.54901492,0.34207385,0.00401092,1.042e-05,1e-08,0.0,0.0,0.0,0.0,0.0,0.0,0.0,0.0,0.0,0.0,0.0],"del_yes_cr_no":[36.85395221,1.46124557,0.06628596,0.0276636,0.01262969,0.00547394,0.00226909,0.00090502,0.00034881,0.00013033,4.732e-05,1.673e-05,5.77e-06,1.94e-06,6.4e-07,2e-07,6e-08,2e-08,1e-08,0.0,0.0],"conf_yes_cr_yes_del_yes":[0.00040232,0.00110642,0.00273247,0.00611505,0.01276445,0.02603095,0.0544505,0.11954882,0.27035874,0.5982589,1.21808966,2.16198989,3.2086826,3.85083753,3.62044007,2.57888833,1.35668387,0.55090077,0.22367421,0.11399066,0.0565115],"conf_yes_cr_no_del_yes":[0.43776788,0.45595847,0.48031144,0.51082677,0.54750447,0.59034454,0.63934697,0.69451178,0.75583895,0.82332848,0.89698039,0.97679466,1.0627713,1.1549103,1.25321168,1.35767542,1.46830153,1.58509,1.70804085,1.83715406,1.97242964]}}
