{"nodes":{"cr_yes":[0.0,0.0,0.0,0.0,2.2e-07,8.8e-06,0.00011976,0.00054189,0.00077623,0.00033048,3.859e-05,1.14e-06,0.00076455,0.48814458,4.62989531,6.21154437,8.67007558,0.0017593,0.0,0.0,0.0],"imm_yes_cr_yes":[0.0,0.0,0.0,0.0,0.0,0.0,0.00107042,1.61573566,14.94679568,3.37187529,0.06849106,3.202e-05,6.4e-07,5e-08,0.0,0.0,0.0,0.0,0.0,0.0,0.0],"imm_yes_cr_no":[0.0,0.0,0.0,0.0,0.0,1e-08,4.127e-05,0.01836253,0.94124501,7.69017565,9.50204489,1.78767884,0.0640024,0.00044373,5.66e-06,7.8e-07,4e-08,0.0,0.0,0.0,0.0],"del_yes_cr_yes":[0.0,0.0,0.0,0.0,0.0,0.0,0.0,0.0,8.3e-07,0.00071661,0.07062705,2.27731891,13.62015622,4.00135163,0.03382542,4.15e-06,0.0,0.0,0.0,0.0,0.0],"del_yes_cr_no":[0.00021498,0.00015238,8.16e-05,0.00113676,0.22665933,3.76520518,9.67017873,5.4760359,0.82761466,0.03634856,0.00047458,4.13e-06,1.08e-06,3.4e-07,7e-08,1e-08,0.0,0.0,0.0,0.0,0.0],"conf_yes_cr_yes_del_yes":[0.0,0.0,0.0,0.0,0.0,0.0,0.0,0.0,0.0,0.0,1e-08,2.087e-05,0.00965061,0.72692271,8.08498842,10.28520087,0.89529754,0.00191976,1e-08,0.0,0.0],"conf_yes_cr_no_del_yes":[1.49475594,1.411374,1.32777875,1.24424601,1.16106306,1.07852759,0.99694647,0.91663422,0.83791132,0.76110209,0.68653239,0.61452694,0.54540669,0.4794904,0.41715286,0.35951196,0.31478118,0.34310559,0.77072703,2.579251,4.82110659]}}
