{"nodes":{"cr_yes":[0.0,0.0,0.0,0.0,0.0,0.0,0.0,0.0,0.0,0.0,0.0,0.0,0.0,0.0,2e-08,0.03765073,19.72237405,0.243976,0.0,0.0,0.0],"imm_yes_cr_yes":[0.0,0.0,0.0,0.0,0.0,0.0,0.0,0.0,0.0,0.0,0.0,1.523e-05,0.48925385,19.05854229,0.45618775,1.67e-06,0.0,0.0,0.0,0.0,0.0],"imm_yes_cr_no":[0.0,0.0,0.0,0.0,0.0,0.0,0.0,0.0,0.0,0.0,0.0,9.2e-06,0.00523454,0.54744231,7.9572843,10.78409297,0.70929291,0.00064458,0.0,0.0,0.0],"del_yes_cr_yes":[0.0,0.0,0.0,0.0,2.13e-06,0.01294714,1.77718234,11.97224161,5.97274904,0.26775837,0.00111976,4e-07,0.0,0.0,0.0,0.0,0.0,0.0,0.0,0.0,0.0],"del_yes_cr_no":[0.0,8.5e-07,9.049e-05,0.0045303,0.11795101,1.0489839,3.7926361,6.40729741,5.48535836,2.47561274,0.59313558,0.0737666,0.00451237,0.00012377,1.32e-06,0.0,0.0,0.0,0.0,0.0,0.0],"conf_yes_cr_yes_del_yes":[0.0,0.0,0.0,0.0,0.0,0.0,0.0,0.0,0.0,0.0,3e-08,1.935e-05,0.00363315,0.19651049,2.9223403,10.29091721,6.24913848,0.341067,0.0003748,0.0,0.0],"conf_yes_cr_no_del_yes":[0.0,0.0,0.0,0.0,0.0,1e-08,1.2e-07,9.5e-07,6.66e-06,4.141e-05,0.00023384,0.00121291,0.00577374,0.02501423,0.09752931,0.33790541,1.02364695,2.64213718,5.51820489,8.16056178,4.3834628]}}
