{"nodes":{"cr_yes":[1.4e-07,3.969e-05,0.00379506,0.12624621,1.46964611,5.94546278,8.19270887,3.71619406,0.52776109,0.02190391,0.00024233,6.3e-07,0.0,0.0,0.0,0.0,0.0,0.0,0.0,0.0,0.0],"imm_yes_cr_yes":[0.0,0.0,0.0,0.0,0.0,0.0,0.0,0.0,0.0,0.0,5e-08,0.00566753,5.14659955,14.79120636,0.06052719,1e-07,0.0,0.0,0.0,0.0,0.0],"imm_yes_cr_no":[0.0,0.0,0.0,0.0,0.0,0.0,0.0,0.0,0.0,1.972e-05,0.10359266,8.58969316,11.13706754,0.17360959,1.812e-05,0.0,0.0,0.0,0.0,0.0,0.0],"del_yes_cr_yes":[0.0,0.0,2.4e-07,1.837e-05,0.01164881,1.47534461,11.11169316,6.92711438,0.47408758,0.0040891,4.51e-06,1e-08,1e-08,1e-08,1e-08,0.0,0.0,0.0,0.0,0.0,0.0],"del_yes_cr_no":[39.18744496,0.40993803,0.00033941,8.4e-07,4e-08,0.0,0.0,0.0,0.0,0.0,0.0,0.0,0.0,0.0,0.0,0.0,0.0,0.0,0.0,0.0,0.0],"conf_yes_cr_yes_del_yes":[0.00037292,0.00114674,0.00322407,0.00829463,0.01954914,0.04223118,0.08360336,0.15151336,0.2508836,0.37846284,0.51836049,0.64570688,0.76237717,1.01807364,1.83583022,3.38950475,4.43530376,3.62051342,1.99114618,0.75629888,0.18358007],"conf_yes_cr_no_del_yes":[0.51858401,0.54537864,0.57940979,0.62373741,0.68074773,0.75161525,0.8359285,0.93147955,1.03421723,1.1383642,1.23669768,1.32099395,1.38263667,1.41338889,1.4063288,1.3569493,1.26442128,1.13302065,0.97371914,0.80593885,0.65947057]}}
