{"nodes":{"cr_yes":[0.0,0.0,0.0,0.0,0.0,0.0,0.0,0.0,0.0,0.0,0.0,7.1e-07,0.02170783,14.98299869,4.99118715,0.00810437,2.04e-06,0.0,0.0,0.0,0.0],"imm_yes_cr_yes":[0.0,0.0,0.0,0.0,0.0,0.0,1e-07,0.03417238,11.57436177,8.3688545,0.02661129,7.7e-07,0.0,0.0,0.0,0.0,0.0,0.0,0.0,0.0,0.0],"imm_yes_cr_no":[0.0,0.0,0.0,0.0,0.0,0.0,6.99e-06,0.05207979,5.46483695,13.49118387,0.99365636,0.00223671,1.3e-07,0.0,0.0,0.0,0.0,0.0,0.0,0.0,0.0],"del_yes_cr_yes":[0.0,0.0,0.0,0.0,0.0,0.0,0.0,1e-08,0.00018961,0.17474284,7.43741539,11.78636551,0.60453233,0.0007551,1e-08,0.0,0.0,0.0,0.0,0.0,0.0],"del_yes_cr_no":[0.0,1e-08,2.888e-05,0.00292725,0.09092644,3.31088265,11.55551405,4.72058265,0.31358543,0.00890655,0.00061801,2.831e-05,5.6e-07,0.0,0.0,0.0,0.0,0.0,0.0,0.0,0.0],"conf_yes_cr_yes_del_yes":[0.0,0.0,0.0,0.0,0.0,0.0,0.0,0.0,3e-08,5.9e-07,8.15e-06,6.881e-05,0.00135649,0.13635255,3.28652692,12.05544726,4.45099841,0.07318813,5.247e-05,9.9e-07,0.0],"conf_yes_cr_no_del_yes":[0.10281897,0.10059676,0.09421495,0.08431197,0.07194059,0.05838894,0.04497505,0.03294298,0.02385484,0.02176075,0.04141697,0.14245407,0.55531057,1.83714328,4.2153763,5.87941605,4.46914639,1.68133123,0.40070965,0.16441114,0.06577768]}}
