{"nodes":{"cr_yes":[0.0,0.0,0.0,0.0,0.0,0.0,0.0,0.0,0.0,0.0,0.0,0.0,0.0,0.0,2.366e-05,1.57009176,18.43136864,0.00251674,0.0,0.0,0.0],"imm_yes_cr_yes":[0.0,0.0,0.0,0.0,0.0,0.0,0.0,7.1e-07,0.06462703,12.25406027,7.66753042,0.01778224,1.3e-07,0.0,0.0,0.0,0.0,0.0,0.0,0.0,0.0],"imm_yes_cr_no":[0.0,0.0,0.0,0.0,0.0,0.0,0.0,0.0,0.0,1.6e-07,0.00025673,0.05919515,2.08292726,10.70297229,6.77891249,0.37749185,0.00223362,1.125e-05,0.0,0.0,0.0],"del_yes_cr_yes":[0.0,0.0,0.0,0.0,0.0,0.0,0.0,0.0,8.8e-07,0.00784685,1.89464781,14.62696287,3.45542083,0.01912015,1.42e-06,0.0,0.0,0.0,0.0,0.0,0.0],"del_yes_cr_no":[0.00021287,0.00041026,0.00011688,1.469e-05,3.523e-05,0.00259062,0.06091311,0.57285509,2.49668834,5.47864952,6.28824253,3.78042959,1.14967662,0.16360488,0.00948893,0.00017737,7.1e-07,0.0,0.0,0.0,0.0],"conf_yes_cr_yes_del_yes":[0.0,0.0,0.0,0.0,0.0,0.0,0.0,0.0,0.0,0.0,0.0,4.3e-06,0.00266995,0.29370874,5.27044241,12.19435943,2.23098721,0.01182858,1.8e-07,0.0,0.0],"conf_yes_cr_no_del_yes":[0.0,0.0,0.0,0.0,0.0,0.0,0.0,2e-08,7.1e-07,1.51e-05,0.00021198,0.00209209,0.01513096,0.08243369,0.34354926,1.09943414,2.67695835,4.82982966,6.11239952,4.71428852,0.25531358]}}
