{"nodes":{"cr_yes":[0.0,0.0,0.0,0.0,0.0,0.0,0.0,1e-08,3.1e-07,4.55e-06,2.316e-05,3.877e-05,1.953e-05,2.65e-06,0.00039864,0.55955043,5.58216237,0.88116237,12.67745344,0.30318421,7.3e-07],"imm_yes_cr_yes":[0.0,0.0,0.0,0.0,0.0,9.7e-07,0.11827904,14.62299501,5.25340837,0.00931732,1e-07,0.0,0.0,0.0,0.0,0.0,0.0,0.0,0.0,0.0,0.0],"imm_yes_cr_no":[0.0,0.0,1e-08,6e-08,1.7e-07,3.9e-07,0.00012474,0.01960782,0.63352304,4.82727467,9.3196084,4.6245966,0.56413132,0.01506157,7.189e-05,1e-07,1e-08,0.0,0.0,0.0,0.0],"del_yes_cr_yes":[0.0,0.0,0.0,0.0,0.0,1e-08,0.00114312,1.0064972,14.01010438,4.93291957,0.05331929,1.723e-05,0.0,0.0,0.0,0.0,0.0,0.0,0.0,0.0,0.0],"del_yes_cr_no":[0.01176743,0.01341528,0.01148078,0.00752367,0.00457278,0.03728929,0.54835076,3.0311705,6.67206414,6.31235632,2.72318706,0.56965446,0.06294539,0.00391286,0.0001322,1.173e-05,1.27e-05,1.344e-05,1.196e-05,8.95e-06,5.63e-06],"conf_yes_cr_yes_del_yes":[0.0,0.0,0.0,0.0,0.0,0.0,0.0,0.0,0.0,0.0,2.4e-07,9.416e-05,0.01125282,0.40460235,4.14296309,10.43167286,4.79022336,0.22281491,0.00037685,1.7e-07,0.0],"conf_yes_cr_no_del_yes":[0.00998223,0.01643682,0.02622749,0.0405548,0.06075761,0.0881625,0.12384227,0.16829271,0.22107742,0.28055262,0.34388094,0.40782017,0.47227999,0.55533313,0.74371841,1.28922084,2.5689988,4.3887484,4.95504247,2.8100469,0.87603081]}}
