{"nodes":{"cr_yes":[0.0,0.0,0.0,0.0,0.0,0.0,0.0,0.0,0.0,0.0,0.0,0.0,0.0,0.0,0.0,3.85e-06,0.50290084,19.49073238,0.01036372,0.0,0.0],"imm_yes_cr_yes":[0.0,0.0,0.0,0.0,0.0,0.0,0.0,0.0,0.0,0.0,0.00459279,7.4789892,12.50711415,0.01330465,0.0,0.0,0.0,0.0,0.0,0.0,0.0],"imm_yes_cr_no":[0.0,0.0,0.0,0.0,0.0,0.0,0.0,0.0,0.0,0.0,3.55e-06,0.0026057,0.30402194,5.34778259,11.93243472,2.38674803,0.03032884,7.542e-05,0.0,0.0,0.0],"del_yes_cr_yes":[0.0,0.0,0.0,0.0,0.0,0.0,0.00025646,0.50160676,12.69114627,6.72007199,0.09088876,3.055e-05,0.0,0.0,0.0,0.0,0.0,0.0,0.0,0.0,0.0],"del_yes_cr_no":[0.0,1.4e-07,0.00040649,0.04544133,0.7982509,3.9092618,7.11793592,5.6272583,2.09340977,0.37789122,0.03281412,0.00130873,2.193e-05,1.3e-07,0.0,0.0,0.0,0.0,0.0,0.0,0.0],"conf_yes_cr_yes_del_yes":[0.0,0.0,0.0,0.0,0.0,0.0,0.0,0.0,0.0,0.0,9e-08,4.379e-05,0.00625914,0.2697126,3.33856559,10.26749224,5.79636205,0.32511215,0.00045315,0.0,0.0],"conf_yes_cr_no_del_yes":[0.0,0.0,0.0,0.0,0.0,0.0,4e-08,4e-07,3.18e-06,2.189e-05,0.00013394,0.00074182,0.00373965,0.01712384,0.07078728,0.26193072,0.85685519,2.42419071,5.65060831,9.36694987,2.70182791]}}
