{"nodes":{"cr_yes":[0.0,0.0,0.0,0.0,0.0,0.0,0.0,0.0,0.0,0.0,0.0,0.0,2.809e-05,0.03372338,2.96210637,14.46502926,2.53526925,0.00784274,1.3e-07,5e-08,3.03e-06],"imm_yes_cr_yes":[0.0,0.0,0.0,0.0,0.0,1e-07,0.00954901,3.97992226,15.22679561,0.7871043,0.00062952,1e-08,0.0,0.0,0.0,0.0,0.0,0.0,0.0,0.0,0.0],"imm_yes_cr_no":[0.00014001,0.00010989,6.652e-05,3.087e-05,1.09e-05,2.9e-06,7.8e-07,7.419e-05,0.00568402,0.10793757,0.5583543,0.95604728,1.873053,5.6337525,7.25222971,3.17757716,0.42432253,0.01457775,9.884e-05,9e-08,0.0],"del_yes_cr_yes":[0.0,0.0,0.0,0.0,0.0,0.0,1e-08,0.00017597,0.15435431,5.94602924,12.40727576,1.48695847,0.00920486,2.19e-06,0.0,0.0,0.0,0.0,0.0,0.0,0.0],"del_yes_cr_no":[0.00063122,0.00183028,0.00380777,0.0058421,0.00696106,0.00980558,0.0565036,0.43339085,1.90881082,4.60655396,6.17787876,4.57890743,1.81659712,0.36235406,0.0327981,0.00119237,9.352e-05,0.00010621,0.00011397,0.00010093,7.341e-05],"conf_yes_cr_yes_del_yes":[0.0,0.0,0.0,0.0,0.0,1e-08,1.6e-07,2.78e-06,3.355e-05,0.00028578,0.00172015,0.0073598,0.0274432,0.23891532,2.48975482,9.00122403,7.26212963,0.90284838,0.06561507,0.0066305,7.521e-05],"conf_yes_cr_no_del_yes":[0.09464391,0.07636087,0.06089752,0.0480397,0.03765562,0.02980586,0.02494597,0.02426602,0.03019287,0.04701416,0.08146796,0.14315648,0.24563028,0.41303932,0.70440674,1.25879579,2.28517973,3.78507964,4.99589131,4.52856749,2.27257102]}}
