{"nodes":{"cr_yes":[0.0,0.0,0.0,0.0,0.0,0.0,0.0,0.0,0.0,0.0,0.0,0.0,0.0,1.53e-06,0.04821757,15.73416894,4.21375239,0.00786036,1e-08,0.0,0.0],"imm_yes_cr_yes":[0.0,0.0,0.0,0.0,0.0,0.0,0.00010351,0.7007421,16.69162073,2.60805143,0.003483,4e-08,0.0,0.0,0.0,0.0,0.0,0.0,0.0,0.0,0.0],"imm_yes_cr_no":[0.0,0.0,0.0,0.0,0.0,2e-08,6.52e-06,0.0006947,0.02587602,0.36002297,1.98934495,5.24093379,7.77481244,3.99257443,0.45435791,0.10980648,0.04945331,0.00597413,0.00014269,4.4e-07,0.0],"del_yes_cr_yes":[0.0,0.0,0.0,0.0,0.0,0.0,2e-08,0.00058033,0.39824337,9.34689204,9.77269833,0.48457935,0.00100728,6e-08,0.0,0.0,0.0,0.0,0.0,0.0,0.0],"del_yes_cr_no":[0.0,0.0,5e-08,4.04e-06,0.00013039,0.00210523,0.02059595,0.13449687,0.59287024,1.75332613,3.5164588,4.83456528,4.49051699,2.74615049,1.17707338,0.46982207,0.19484813,0.05960377,0.01046269,0.00092456,9.147e-05],"conf_yes_cr_yes_del_yes":[0.0,0.0,0.0,0.0,0.0,0.0,0.0,0.0,0.0,0.0,1.8e-07,7.762e-05,0.01087215,0.42974629,4.51873509,10.75097232,4.15716871,0.13632811,0.00010031,2e-08,1e-08],"conf_yes_cr_no_del_yes":[0.00237801,0.00311528,0.00405786,0.00534726,0.00728924,0.01047563,0.01592484,0.02517906,0.04024972,0.06333399,0.09667719,0.14515263,0.23176854,0.45096991,1.06742009,2.48031968,4.56155578,5.63272604,3.87925743,1.18642602,0.19113118]}}
