{"nodes":{"cr_yes":[0.0,0.0,0.0,0.0,0.0,0.0,0.0,0.0,0.0,1.642e-05,0.01002518,0.73421273,5.90068997,4.64785169,5.82411302,2.87282511,0.01405895,0.00020772,0.0,0.0,0.0],"imm_yes_cr_yes":[0.0,0.0,0.0,0.0,0.0,0.0,0.0,0.0,3.19e-06,0.0455783,6.90577507,12.79151738,0.26108641,4.046e-05,0.0,0.0,0.0,0.0,0.0,0.0,0.0],"imm_yes_cr_no":[0.0,0.0,0.0,0.0,0.0,0.0,0.0,2.7e-07,0.00016216,0.02016951,0.60587502,4.71470014,9.52420009,4.66013385,0.47136223,0.00738672,1.08e-05,0.0,0.0,0.0,0.0],"del_yes_cr_yes":[0.0,0.0,0.0,0.0,2e-08,0.00062904,0.39419941,8.64905504,10.1652397,0.79058679,0.00428931,1.49e-06,0.0,0.0,0.0,0.0,0.0,0.0,0.0,0.0,0.0],"del_yes_cr_no":[5.66695305,9.11171776,4.99773942,1.76504346,0.50979279,0.20199931,0.16806378,0.16214073,0.12760123,0.07688231,0.03478086,0.01155365,0.00272669,0.00043571,4.397e-05,2.53e-06,7e-08,0.0,0.0,0.0,0.0],"conf_yes_cr_yes_del_yes":[0.0,0.0,0.0,0.0,0.0,0.0,0.0,0.0,0.0,0.0,2.2e-06,0.000369,0.02203372,0.48286822,3.76324174,9.33960791,5.82787121,0.56512073,0.00288603,3e-08,0.0],"conf_yes_cr_no_del_yes":[0.0,0.0,0.0,0.0,0.0,0.0,2e-08,4.3e-07,7.31e-06,8.587e-05,0.00074519,0.00500324,0.02682842,0.1172259,0.4213041,1.2419658,2.94308549,5.32036194,6.44084698,3.46979097,0.03349831]}}
