{"nodes":{"cr_yes":[0.0,0.0,0.0,0.0,0.0,0.0,0.0,0.0,0.0,0.0,0.0,0.0,0.0,0.0,0.00088757,16.04343892,3.95967405,2.5e-07,0.0,0.0,0.0],"imm_yes_cr_yes":[0.0,0.0,0.0,0.0,0.0,0.0,5e-08,0.05478659,16.46203795,3.48641054,0.00076566,0.0,0.0,0.0,0.0,0.0,0.0,0.0,0.0,0.0,0.0],"imm_yes_cr_no":[0.0,0.0,0.0,0.0,0.0,0.0,0.0,0.0,9.3e-07,0.00269861,0.52867838,8.23853638,10.32876705,0.90142307,0.00389594,4.4e-07,0.0,0.0,0.0,0.0,0.0],"del_yes_cr_yes":[0.0,0.0,0.0,0.0,0.0,0.0,0.0,6.78e-06,0.05516349,6.19549475,13.18489152,0.56802554,0.00041871,0.0,0.0,0.0,0.0,0.0,0.0,0.0,0.0],"del_yes_cr_no":[0.0,0.0,0.0,9e-08,0.00026591,0.044982,1.06581617,5.60883174,8.42887097,4.12450764,0.69100976,0.03902781,0.00068552,3.19e-06,0.0,0.0,0.0,0.0,0.0,0.0,0.0],"conf_yes_cr_yes_del_yes":[0.0,0.0,0.0,0.0,0.0,0.0,0.0,0.0,0.0,0.0,1e-08,2.276e-05,0.01048638,0.78145292,8.4459059,10.02223053,0.74281244,0.00108986,0.0,0.0,0.0],"conf_yes_cr_no_del_yes":[0.0,0.0,0.0,0.0,0.0,0.0,0.0,3e-08,1.26e-06,2.834e-05,0.00041307,0.00415887,0.03012002,0.16082823,0.63977675,1.88734715,4.03131474,5.90393338,5.26965397,2.07564955,0.00155085]}}
