{"nodes":{"cr_yes":[0.0,0.0,0.0,0.0,0.0,0.0,0.0,0.0,0.0,0.0,0.0,0.0,1.19e-06,0.02488749,6.29338338,12.909173,0.7763317,0.00022405,0.0,0.0,0.0],"imm_yes_cr_yes":[0.0,0.0,0.0,0.0,0.0,0.0,0.0,0.0,0.0,5e-08,0.00101115,0.65666538,12.8265103,6.46146494,0.05833857,1.042e-05,0.0,0.0,0.0,0.0,0.0],"imm_yes_cr_no":[0.0,0.0,0.0,0.0,0.0,0.0,0.0,0.0,0.0,0.0,1e-08,4.542e-05,0.03674712,2.62265809,13.79690212,3.52833491,0.01931269,4.3e-07,0.0,0.0,0.0],"del_yes_cr_yes":[0.0,1e-08,0.00858211,2.42313887,12.43133783,4.86112742,0.2766567,0.00314213,1.099e-05,2.26e-06,1.4e-06,6.9e-07,2.7e-07,8e-08,2e-08,0.0,0.0,0.0,0.0,0.0,0.0],"del_yes_cr_no":[13.38586333,9.77942876,0.66771155,0.10475127,0.10057859,0.11367539,0.12651907,0.13855234,0.14960561,0.15955555,0.16831647,0.1758364,0.18209304,0.18708971,0.19085135,0.19342064,0.19485455,0.195221,0.19459604,0.19306119,0.19070127],"conf_yes_cr_yes_del_yes":[0.00796056,0.01692639,0.03274236,0.0579272,0.09412304,0.14112115,0.19754287,0.26772809,0.380951,0.61776662,1.10526397,1.9216856,2.92186714,3.66082723,3.6360988,2.75353119,1.50747694,0.55055397,0.11916093,0.0147233,0.00400549],"conf_yes_cr_no_del_yes":[0.3434077,0.36977031,0.40249998,0.44159671,0.48706051,0.53889138,0.59708931,0.66165431,0.73258637,0.8098855,0.89355169,0.98358495,1.07998528,1.18275267,1.29188712,1.40738864,1.52925723,1.65749288,1.7920956,1.93306538,2.08040223]}}
