{"nodes":{"cr_yes":[0.0,0.0,0.0,0.0,0.0,0.0,0.0,0.0,0.0,0.0,0.0,5e-08,0.08837327,19.68395452,0.23167294,3e-08,0.0,0.0,0.0,0.0,0.0],"imm_yes_cr_yes":[0.0,0.0,0.0,0.0,0.0,0.0,0.0,0.00144089,3.66548983,16.15518676,0.18187789,5.44e-06,0.0,0.0,0.0,0.0,0.0,0.0,0.0,0.0,0.0],"imm_yes_cr_no":[0.0,0.0,0.0,0.0,0.0,0.0,0.0,0.0,0.0,5.82e-06,0.02190295,2.99563286,14.82543366,2.15527752,0.00574788,1.2e-07,0.0,0.0,0.0,0.0,0.0],"del_yes_cr_yes":[0.0,0.0,0.0,2.371e-05,0.09898751,5.54537923,12.37522641,1.95480378,0.02953164,4.851e-05,1e-08,0.0,0.0,0.0,0.0,0.0,0.0,0.0,0.0,0.0,0.0],"del_yes_cr_no":[0.00025395,17.70034251,2.29207641,0.01144539,9.26e-06,2.2e-07,4e-08,0.0,0.0,0.0,0.0,0.0,0.0,0.0,0.0,0.0,0.0,0.0,0.0,0.0,0.0],"conf_yes_cr_yes_del_yes":[0.0,0.0,0.0,0.0,0.0,0.0,0.0,0.0,0.0,0.0,1.14e-06,0.00070576,0.08830745,2.24388969,10.42674717,6.86053242,0.38317292,0.00064424,0.0,0.0,0.0],"conf_yes_cr_no_del_yes":[0.0,0.0,0.0,0.0,0.0,0.0,0.0,4e-08,2.18e-06,6.245e-05,0.00110383,0.01281795,0.10133695,0.55135484,2.03478075,4.86316181,6.83192595,4.63022675,0.96233552,0.01489177,0.0]}}
