{"nodes":{"cr_yes":[0.0,0.0,0.0,0.0,0.0,0.0,0.0,0.0,0.0,0.0,0.0,0.0,0.0,0.0,0.00278096,6.750465,13.24884654,0.00190829,0.0,0.0,0.0],"imm_yes_cr_yes":[0.0,0.0,0.0,0.0,0.0,0.0,2.46e-06,0.09046117,11.09268368,8.7609979,0.05985174,3.84e-06,0.0,0.0,0.0,0.0,0.0,0.0,0.0,0.0,0.0],"imm_yes_cr_no":[0.0,0.0,0.0,0.0,0.0,0.0,0.0,2.553e-05,0.01342079,0.82395628,7.2402451,9.85678201,2.01607439,0.05336182,0.00013488,2e-08,0.0,0.0,0.0,0.0,0.0],"del_yes_cr_yes":[0.0,0.0,0.0,0.0,0.0,0.0,1e-08,0.00014854,0.10428267,4.24741775,12.64806926,2.95389218,0.05014158,4.881e-05,0.0,0.0,0.0,0.0,0.0,0.0,0.0],"del_yes_cr_no":[0.0,0.0,0.0,0.0,1.2e-07,2.77e-05,0.00193803,0.04959294,0.52163377,2.47941097,5.67842849,6.4693373,3.66938939,1.00424343,0.12379512,0.00610395,9.922e-05,3.9e-07,0.0,0.0,0.0],"conf_yes_cr_yes_del_yes":[0.0,0.0,0.0,0.0,0.0,0.0,0.0,0.0,0.0,1e-08,8.25e-06,0.0014917,0.08100318,1.35137105,6.68355645,8.95423808,2.79467677,0.13736806,0.00028724,0.0,0.0],"conf_yes_cr_no_del_yes":[0.0,0.0,0.0,0.0,0.0,0.0,0.0,0.0,2e-08,5.6e-07,9.32e-06,0.00011662,0.00112939,0.0086376,0.05280047,0.25879758,1.00885512,3.04451463,6.62670091,8.30168563,1.4015059]}}
