{"nodes":{"cr_yes":[0.0,0.0,0.0,0.0,0.0,0.0,0.0,0.0,0.0,0.0,0.0,0.0,0.0,0.0,2.57e-06,0.3886716,19.59287552,0.02245111,0.0,0.0,0.0],"imm_yes_cr_yes":[0.0,0.0,0.0,0.0,0.0,0.0,0.00146491,3.11080565,16.49017886,0.40149511,5.627e-05,0.0,0.0,0.0,0.0,0.0,0.0,0.0,0.0,0.0,0.0],"imm_yes_cr_no":[0.0,0.0,0.0,0.0,0.0,0.0,5e-08,0.00020477,0.06642334,2.2950434,10.40055294,6.65975938,0.57633984,0.00567256,4.52e-06,0.0,0.0,0.0,0.0,0.0,0.0],"del_yes_cr_yes":[0.0,0.0,0.0,0.0,0.0,0.0,0.00050644,0.51535242,11.19415808,8.06152906,0.23219082,0.00026397,1e-08,0.0,0.0,0.0,0.0,0.0,0.0,0.0,0.0],"del_yes_cr_no":[0.0,0.0,4.2e-07,0.00024687,0.01790371,0.31410637,1.8809932,4.69271785,5.64035257,3.98727259,2.21968663,0.97514918,0.2459853,0.02829415,0.00127314,1.875e-05,7e-08,0.0,0.0,0.0,0.0],"conf_yes_cr_yes_del_yes":[0.0,0.0,0.0,0.0,0.0,0.0,0.0,0.0,0.0,0.0,1.54e-06,0.00047211,0.04067982,1.00305927,6.64260737,9.92949556,2.34524873,0.04242517,1.123e-05,0.0,0.0],"conf_yes_cr_no_del_yes":[0.0,0.0,0.0,0.0,0.0,0.0,0.0,0.0,0.0,0.0,1e-08,4.1e-07,1.055e-05,0.00020176,0.0029024,0.03157757,0.25863775,1.54796617,6.17820215,11.95423436,0.06053534]}}
