{"nodes":{"cr_yes":[0.0,0.0,0.0,0.0,0.0,0.0,0.0,0.0,0.0,0.0,0.0,0.0,0.00149928,15.40136332,4.60113112,7.08e-06,0.0,0.0,0.0,0.0,0.0],"imm_yes_cr_yes":[0.0,0.0,0.0,0.0,0.0,0.0,0.0,0.0,0.0,0.0,0.00095264,4.19553467,15.77466953,0.03284395,1e-08,0.0,0.0,0.0,0.0,0.0,0.0],"imm_yes_cr_no":[0.0,0.0,0.0,0.0,0.0,0.0,0.0,0.0,0.0,1.251e-05,0.03771854,3.97927711,14.51677452,1.46770156,0.00251652,3e-08,0.0,0.0,0.0,0.0,0.0],"del_yes_cr_yes":[0.0,0.0,0.0,0.0,0.0,0.0,2.09e-06,0.01795444,3.00985218,14.5414299,2.42081934,0.0139405,2.35e-06,0.0,0.0,0.0,0.0,0.0,0.0,0.0,0.0],"del_yes_cr_no":[4.46e-06,17.30212706,2.6763148,0.02550692,4.971e-05,7e-08,0.0,0.0,0.0,0.0,0.0,0.0,0.0,0.0,0.0,0.0,0.0,0.0,0.0,0.0,0.0],"conf_yes_cr_yes_del_yes":[0.0,0.0,0.0,0.0,0.0,0.0,0.0,0.0,0.0,0.0,5e-07,0.00031812,0.04452221,1.37769352,8.66585764,8.93207437,0.97873407,0.00480022,1.5e-07,0.0,0.0],"conf_yes_cr_no_del_yes":[0.0,0.0,0.0,0.0,0.0,0.0,1e-08,9.9e-07,4.157e-05,0.00094776,0.01280964,0.1084095,0.59138641,2.09074823,4.69285143,6.32895757,4.59456482,1.4529726,0.12929054,0.00101974,0.0]}}
