{"nodes":{"cr_yes":[0.0,0.0,0.0,0.0,0.0,0.0,0.0,0.0,0.0,0.0,0.0,0.0,0.0,3.075e-05,0.49491391,19.03439588,0.47465968,5.8e-07,0.0,0.0,0.0],"imm_yes_cr_yes":[0.0,0.0,0.0,0.0,0.0,0.0,3e-08,0.00631735,3.87141222,15.55193349,0.57413224,0.00020547,0.0,0.0,0.0,0.0,0.0,0.0,0.0,0.0,0.0],"imm_yes_cr_no":[0.0,0.0,0.0,0.0,0.0,0.0,0.0,0.0,1e-08,1.211e-05,0.0034522,0.21454149,3.0647569,9.79070119,6.25701201,0.66473933,0.00878017,5.42e-06,0.0,0.0,0.0],"del_yes_cr_yes":[0.0,0.0,0.0,0.0,0.0,0.0,2.86e-06,0.01352432,1.93105288,12.93110547,5.01220341,0.1159724,0.00013946,1e-08,0.0,0.0,0.0,0.0,0.0,0.0,0.0],"del_yes_cr_no":[3.8e-07,1.5e-07,1.226e-05,0.0024004,0.08701858,0.90603575,3.59950849,6.42686107,5.65892647,2.57897498,0.62685738,0.09240871,0.01654776,0.00580016,0.0019955,0.0005304,0.00010551,1.535e-05,1.58e-06,1.1e-07,0.0],"conf_yes_cr_yes_del_yes":[0.0,0.0,0.0,0.0,0.0,0.0,0.0,0.0,0.0,0.0,2.58e-06,0.00043032,0.02507611,0.52795722,3.9212754,9.31308885,5.66690878,0.54661734,0.00264417,2e-08,0.0],"conf_yes_cr_no_del_yes":[0.0,0.0,1e-08,7e-08,3.6e-07,1.55e-06,5.9e-06,2.1e-05,8e-05,0.00038027,0.00210834,0.01123707,0.05173701,0.1991561,0.6349337,1.65946557,3.47153523,5.50153793,5.78223721,2.6729682,0.0331905]}}
