{"nodes":{"cr_yes":[0.0,0.0,0.0,0.0,0.0,0.0,0.0,0.0,0.0,0.0,0.0,0.0,0.0,0.0,0.00011475,5.19948792,14.80428701,0.00011112,0.0,0.0,0.0],"imm_yes_cr_yes":[0.0,0.0,0.0,0.0,0.0,0.0,0.00028481,2.23800346,17.4993659,0.26633641,1.021e-05,0.0,0.0,0.0,0.0,0.0,0.0,0.0,0.0,0.0,0.0],"imm_yes_cr_no":[0.0,0.0,0.0,0.0,0.0,0.0,0.0,7e-08,4.56e-06,0.00049682,0.05944289,1.91114402,10.41323976,6.43814189,1.00513567,0.17141109,0.00497131,1.273e-05,0.0,0.0,0.0],"del_yes_cr_yes":[0.0,0.0,0.0,0.0,0.0,0.0,1.162e-05,0.029942,2.56271623,11.5100166,5.65908665,0.24178537,0.00044223,1e-07,0.0,0.0,0.0,0.0,0.0,0.0,0.0],"del_yes_cr_no":[0.0,0.0,1e-08,8.2e-07,4.974e-05,0.00143122,0.02156031,0.18206481,0.9024543,2.70150004,4.95236532,5.5684813,3.79455421,1.51120015,0.32593076,0.03407114,0.00170192,0.00061662,0.001459,0.00270592,0.00370647],"conf_yes_cr_yes_del_yes":[0.0,0.0,0.0,0.0,0.0,0.0,0.0,0.0,0.0,0.0,0.0,3.53e-06,0.00124484,0.11643953,2.51782566,10.59404959,6.44514531,0.32880916,0.00048318,0.0,0.0],"conf_yes_cr_no_del_yes":[6.374e-05,0.00012362,0.00024585,0.00049885,0.00100395,0.0019492,0.00366345,0.0070835,0.01539162,0.03787315,0.10421535,0.35139352,1.26862116,3.48324954,5.90814241,5.56030767,2.64833871,0.56684824,0.04390438,0.00110373,2.203e-05]}}
