{"nodes":{"cr_yes":[0.0,0.0,0.0,0.0,0.0,0.0,0.0,0.0,0.0,0.0,0.0,0.0,0.0,4e-08,0.01478651,12.88074024,7.10830916,0.00016485,0.0,0.0,0.0],"imm_yes_cr_yes":[0.0,0.0,0.0,0.0,0.0,0.0,1.871e-05,0.29486415,15.00463883,4.69262611,0.01185276,2.4e-07,0.0,0.0,0.0,0.0,0.0,0.0,0.0,0.0,0.0],"imm_yes_cr_no":[0.0,0.0,0.0,0.0,0.0,2.7e-07,1.818e-05,0.00049909,0.00588691,0.03095237,0.083818,0.49844168,4.13134506,9.70242278,5.05396401,0.4887083,0.00791437,2.977e-05,1e-08,0.0,0.0],"del_yes_cr_yes":[0.0,0.0,0.0,0.0,0.0,0.0,4.34e-05,0.03766256,2.22798719,11.54537907,5.89369565,0.29789046,0.00134201,4.4e-07,0.0,0.0,0.0,0.0,0.0,0.0,0.0],"del_yes_cr_no":[0.00445536,0.00907241,0.01507952,0.0206469,0.02343367,0.02260407,0.02915739,0.13991556,0.73954431,2.35263544,4.44434346,5.16965441,3.89793262,2.05893464,0.81252043,0.22654079,0.0369188,0.00274196,7.099e-05,1.14e-05,2.869e-05],"conf_yes_cr_yes_del_yes":[0.0,0.0,0.0,0.0,0.0,1e-08,1e-08,1e-08,1e-08,2e-08,4.5e-07,0.00016891,0.02058355,0.68931222,5.87904836,10.60514218,2.76209309,0.0476293,1.947e-05,2.99e-06,4.3e-07],"conf_yes_cr_no_del_yes":[0.36538752,0.42635932,0.48715874,0.54460502,0.59510468,0.63492306,0.66054199,0.669075,0.6587026,0.62912051,0.58219025,0.52389383,0.47206955,0.48187734,0.69850969,1.37236956,2.59205386,3.62682995,3.04051497,1.07792931,0.09495566]}}
