{"nodes":{"cr_yes":[5.857e-05,3.224e-05,1.053e-05,2e-06,2.1e-07,1e-08,0.0,0.0,0.0,1e-08,1.09e-06,7.592e-05,0.22602818,12.00438163,6.65596497,1.0880316,0.02944231,8.1e-07,0.0,0.0,0.0],"imm_yes_cr_yes":[0.0,0.0,0.0,0.0,0.0,0.0,0.00104934,1.27891158,15.65742529,3.05517676,0.01143589,1.87e-06,7e-08,0.0,0.0,0.0,0.0,0.0,0.0,0.0,0.0],"imm_yes_cr_no":[0.0,0.0,0.0,1e-08,1.201e-05,0.00509628,0.41788204,4.56264254,9.45238727,4.97029761,0.58328642,0.01235609,4.051e-05,2e-08,0.0,0.0,0.0,0.0,0.0,0.0,1e-08],"del_yes_cr_yes":[0.0,0.0,0.0,0.0,0.0,0.0,2e-07,0.0006924,0.1741724,4.23578234,11.60865417,3.80929883,0.17285078,0.00253745,1.224e-05,1e-08,0.0,0.0,0.0,0.0,0.0],"del_yes_cr_no":[9.62e-06,0.0001882,0.00091457,0.0200743,1.12044425,7.62060311,8.72682065,2.32159708,0.18410851,0.00853581,0.00066232,4.532e-05,1.85e-06,4e-08,0.0,0.0,0.0,0.0,0.0,0.0,0.0],"conf_yes_cr_yes_del_yes":[3.44e-06,2.93e-06,2.34e-06,1.75e-06,1.22e-06,8e-07,5.2e-07,4.6e-07,8.2e-07,3.34e-06,3.017e-05,0.00049655,0.01972627,0.47664864,4.00201611,9.7664085,5.33692355,0.39907989,0.00258755,6.733e-05,6.6e-07],"conf_yes_cr_no_del_yes":[0.00504649,0.00755761,0.01122448,0.01653139,0.02414208,0.03495489,0.0501691,0.07136179,0.10057195,0.14038473,0.19400315,0.2652865,0.35872627,0.47933273,0.632508,0.82494808,1.07488962,1.48311172,2.58660464,6.25817754,10.77398253]}}
