{"nodes":{"cr_yes":[0.0,0.0,0.0,0.0,0.0,0.0,0.0,0.0,0.0,0.0,0.0,0.0,0.0,0.0,0.00017981,3.64499003,16.35797736,0.0008536,0.0,0.0,0.0],"imm_yes_cr_yes":[0.0,0.0,0.0,0.0,0.0,0.0,0.00022012,1.35405342,17.70091582,0.94854038,0.00027106,0.0,0.0,0.0,0.0,0.0,0.0,0.0,0.0,0.0,0.0],"imm_yes_cr_no":[0.0,0.0,0.0,0.0,0.0,0.0,0.0,4.3e-07,0.00051953,0.08113116,2.0534111,9.30959771,7.55550253,0.987457,0.01635923,2.21e-05,0.0,0.0,0.0,0.0,0.0],"del_yes_cr_yes":[0.0,0.0,0.0,0.0,0.0,2.228e-05,0.14553758,8.82879651,10.65286557,0.37633489,0.00044397,2e-08,0.0,0.0,0.0,0.0,0.0,0.0,0.0,0.0,0.0],"del_yes_cr_no":[0.17974922,0.07857207,0.01087106,0.00181045,0.00637167,0.14435487,1.23007369,4.20526152,6.61119752,5.1452834,2.03606691,0.40444603,0.03824091,0.00155321,2.279e-05,9e-08,0.0,0.0,0.0,0.0,0.0],"conf_yes_cr_yes_del_yes":[0.0,0.0,0.0,0.0,0.0,0.0,0.0,0.0,0.0,1e-08,3.92e-06,0.00073065,0.04402235,0.87763757,5.54599232,9.74403338,3.62580149,0.16550395,0.00027517,0.0,0.0],"conf_yes_cr_no_del_yes":[0.0,0.0,0.0,0.0,0.0,0.0,0.0,1.9e-07,4.45e-06,6.815e-05,0.00072695,0.00570282,0.03412174,0.15919702,0.58446643,1.67957212,3.6831598,5.80044368,5.70140703,2.35124851,0.00776385]}}
