{"nodes":{"cr_yes":[0.0,0.0,0.0,0.0,0.0,0.0,0.0,0.0,1e-08,3e-08,3e-08,1e-08,0.0,0.0,0.00107542,4.01770429,15.97774728,0.0074735,2.3e-07,0.0,0.0],"imm_yes_cr_yes":[0.0,0.0,0.0,0.0,0.0,0.0,0.00114776,1.14042362,15.27571023,3.57701233,0.00970661,2.4e-07,0.0,0.0,0.0,0.0,0.0,0.0,0.0,0.0,0.0],"imm_yes_cr_no":[6.7e-07,2.2e-07,6e-08,2e-08,0.0,0.0,1e-08,6.5e-06,0.00125718,0.06677677,1.07424575,5.46934576,8.72418613,4.06276203,0.48794964,0.04105488,0.03746219,0.01896367,0.00671945,0.00824614,0.01004816],"del_yes_cr_yes":[0.0,0.0,0.0,0.0,0.0,0.0,2e-08,0.00046878,0.2709135,7.25987744,11.36550658,1.10124308,0.00598985,1.54e-06,0.0,0.0,0.0,0.0,0.0,0.0,0.0],"del_yes_cr_no":[0.21313144,0.1627339,0.11271753,0.07366896,0.07237757,0.21366978,0.74707244,1.897942,3.36391494,4.18793756,3.683251,2.32270704,1.15540012,0.63612184,0.49018015,0.36604667,0.20189786,0.08586926,0.0476388,0.04894533,0.05468465],"conf_yes_cr_yes_del_yes":[0.0,0.0,0.0,0.0,0.0,0.0,6e-08,6.5e-07,4.96e-06,2.776e-05,0.00011464,0.00038796,0.00610579,0.22830013,2.93237195,9.8547844,6.49135142,0.48883712,0.00171167,1.73e-06,1.1e-06],"conf_yes_cr_no_del_yes":[0.11880886,0.09685184,0.07800122,0.06201075,0.04861846,0.03755375,0.0285442,0.02132227,0.01563448,0.0112755,0.0082961,0.00823271,0.02025977,0.08520544,0.3403167,1.1023405,2.73353399,4.88532898,5.74110924,3.88911983,1.46208128]}}
