{"nodes":{"cr_yes":[0.0,0.0,0.0,0.0,0.0,0.0,0.0,0.0,0.0,0.0,0.0,0.0,0.0,0.0,3.934e-05,1.09536333,18.89202614,0.01657199,0.0,0.0,0.0],"imm_yes_cr_yes":[0.0,0.0,0.0,0.0,0.0,0.0,0.0,6.9e-07,0.0275921,6.43122972,13.2726397,0.272491,4.758e-05,0.0,0.0,0.0,0.0,0.0,0.0,0.0,0.0],"imm_yes_cr_no":[0.0,0.0,0.0,0.0,0.0,0.0,0.0,0.0,2.62e-06,0.00092145,0.07230877,1.4133663,7.12209999,8.88119969,2.40454503,0.10904284,0.00051402,1e-07,0.0,0.0,0.0],"del_yes_cr_yes":[0.0,0.0,0.0,0.0,0.0,2e-08,0.00100068,0.6655439,11.42188976,7.67463923,0.24058138,0.00034583,2e-08,0.0,0.0,0.0,0.0,0.0,0.0,0.0,0.0],"del_yes_cr_no":[0.0,0.0,0.0,2e-08,1.293e-05,0.00128002,0.03521592,0.37254833,1.82191586,4.57565117,6.22864397,4.66488908,1.88229603,0.38483289,0.03549743,0.0012066,1.055e-05,1e-08,0.0,0.0,0.0],"conf_yes_cr_yes_del_yes":[0.0,0.0,0.0,0.0,0.0,0.0,0.0,0.0,0.0,1e-08,5.64e-06,0.00088388,0.04707927,0.8708936,5.35795742,9.63909564,3.88315045,0.20451471,0.00042017,0.0,0.0],"conf_yes_cr_no_del_yes":[0.0,0.0,0.0,0.0,0.0,0.0,0.0,1.1e-07,2.55e-06,3.886e-05,0.00041745,0.00333666,0.0206026,0.1006183,0.39308721,1.22598749,2.99124054,5.41742864,6.41940615,3.42919292,0.00528264]}}
