{"nodes":{"cr_yes":[0.0,0.0,0.0,0.0,0.0,2e-08,3.613e-05,0.01275778,0.75459888,7.02180798,9.39294889,1.59695095,0.02958598,0.31721923,0.6881448,0.01169284,0.17747549,0.00078183,0.0,0.0,0.0],"imm_yes_cr_yes":[0.0,0.0,0.0,0.0,0.0,3.879e-05,1.15398679,18.42725087,0.42270193,2.242e-05,0.0,0.0,0.0,0.0,0.0,0.0,0.0,0.0,0.0,0.0,0.0],"imm_yes_cr_no":[0.0,0.0,2e-08,6.2e-05,0.01014844,0.12683634,0.20426048,2.05000461,10.48255201,6.57199804,0.55176958,0.00635967,9.62e-06,0.0,0.0,0.0,0.0,0.0,0.0,0.0,0.0],"del_yes_cr_yes":[0.0,0.0,0.0,0.0,0.0,0.0,0.0,7.152e-05,0.25341012,11.25548681,8.38418544,0.11082487,2.203e-05,0.0,0.0,0.0,0.0,0.0,0.0,0.0,0.0],"del_yes_cr_no":[4e-08,2.8e-07,0.00010857,0.15865523,7.36639186,11.16413966,1.2967092,0.01791195,6.108e-05,1.5e-05,5.98e-06,1.63e-06,3.1e-07,4e-08,0.0,0.0,0.0,0.0,0.0,0.0,0.0],"conf_yes_cr_yes_del_yes":[0.0,0.0,0.0,0.0,0.0,0.0,0.0,1e-08,1e-08,1e-08,1e-08,1.334e-05,0.00517872,0.38994137,5.33422102,11.25798098,2.92485955,0.09157122,0.00023454,0.0,0.0],"conf_yes_cr_no_del_yes":[0.02642019,0.03688792,0.051091,0.07018112,0.09558692,0.12904653,0.17262706,0.22872035,0.30000029,0.38932288,0.49954614,0.63324453,0.79229371,0.9773116,1.18698602,1.41774359,1.66891099,1.99553283,2.78266096,4.73736473,3.65146303]}}
