{"nodes":{"cr_yes":[0.0,0.0,0.0,0.0,0.0,0.0,0.0,0.0,0.0,0.0,0.0,0.0,0.0,0.02004149,19.74514589,0.23881341,0.0,0.0,0.0,0.0,0.0],"imm_yes_cr_yes":[0.0,0.0,0.0,0.0,0.0,0.0,0.0,0.00602552,10.3798127,9.6106402,0.00752237,0.0,0.0,0.0,0.0,0.0,0.0,0.0,0.0,0.0,0.0],"imm_yes_cr_no":[0.0,0.0,0.0,0.0,0.0,0.0,0.0,1e-07,7.412e-05,0.02463793,2.78184239,14.2082306,2.96928418,0.01992888,2.59e-06,0.0,0.0,0.0,0.0,0.0,0.0],"del_yes_cr_yes":[0.0,0.0,0.0,0.0,1e-08,5.37e-06,2.059e-05,9.209e-05,0.27673454,11.3470935,8.26887359,0.11115855,2.255e-05,0.0,0.0,0.0,0.0,0.0,0.0,0.0,0.0],"del_yes_cr_no":[0.0,0.0,4.161e-05,0.14512419,5.42416928,11.43254736,2.8755662,0.12541383,0.00113606,2.27e-06,0.0,0.0,0.0,0.0,0.0,0.0,0.0,0.0,0.0,0.0,0.0],"conf_yes_cr_yes_del_yes":[0.0,0.0,0.0,0.0,0.0,0.0,0.0,0.0,0.0,0.0,0.0,4.79e-06,0.0029789,0.32159991,5.54507981,12.079284,2.04508003,0.00997322,1.4e-07,0.0,0.0],"conf_yes_cr_no_del_yes":[0.0,0.0,0.0,0.0,0.0,0.0,0.0,2e-08,1.08e-06,2.725e-05,0.00043333,0.00463897,0.03495914,0.19049497,0.75886709,2.19697874,4.49353234,6.08593309,4.74443427,1.48695367,0.01349366]}}
