{"nodes":{"cr_yes":[0.0,0.0,0.0,0.0,0.0,0.0,0.0,0.0,0.0,0.0,0.0,0.0,0.0,0.03072055,19.85002623,0.12325402,0.0,0.0,0.0,0.0,0.0],"imm_yes_cr_yes":[0.0,0.0,0.0,0.0,0.0,0.0,0.0,0.0,0.0,1e-08,0.00942101,9.00550068,10.97835884,0.01072026,0.0,0.0,0.0,0.0,0.0,0.0,0.0],"imm_yes_cr_no":[0.0,0.0,0.0,0.0,0.0,0.0,0.0,6.3e-07,0.00501671,1.37564745,13.44488746,5.11001551,0.06840935,2.369e-05,0.0,0.0,0.0,0.0,0.0,0.0,0.0],"del_yes_cr_yes":[0.0,0.0,0.0,0.0,1.4e-07,0.00560852,1.91992804,14.29585988,3.73989157,0.04269083,2.182e-05,0.0,0.0,0.0,0.0,0.0,0.0,0.0,0.0,0.0,0.0],"del_yes_cr_no":[9.61e-06,19.50207598,0.49535387,0.00538573,0.00115112,2.918e-05,1.2e-07,0.0,0.0,0.0,0.0,0.0,0.0,0.0,0.0,0.0,0.0,0.0,0.0,0.0,0.0],"conf_yes_cr_yes_del_yes":[0.0,0.0,0.0,0.0,0.0,0.0,0.0,0.0,0.0,0.0,1e-08,8.52e-06,0.00239102,0.17247685,3.03200905,10.9521808,5.64928193,0.19557459,7.803e-05,0.0,0.0],"conf_yes_cr_no_del_yes":[2.79e-06,7.96e-06,2.159e-05,5.571e-05,0.00013716,0.00032295,0.00072866,0.00157778,0.0032823,0.00656639,0.01265561,0.02367721,0.04420927,0.08838688,0.20696982,0.561697,1.53801064,3.64802118,6.52665797,7.08590003,0.51022657]}}
