{"nodes":{"cr_yes":[0.0,0.0,0.0,0.0,0.0,0.0,0.0,0.0,0.0,0.0,0.0,0.0,0.0,0.0,4.44e-06,1.19552464,18.80789293,0.00057879,0.0,0.0,0.0],"imm_yes_cr_yes":[0.0,0.0,0.0,0.0,0.0,0.0,0.0,1.463e-05,0.46733831,18.17227154,1.36416367,0.00021265,0.0,0.0,0.0,0.0,0.0,0.0,0.0,0.0,0.0],"imm_yes_cr_no":[0.0,0.0,0.0,0.0,0.0,0.0,0.0,0.0,0.0,0.0,1.2e-07,7.66e-06,9.515e-05,0.00043552,0.05696137,2.51144181,13.23016241,4.18827181,0.01662494,1e-08,0.0],"del_yes_cr_yes":[0.0,0.0,0.0,0.0,0.0,0.0,0.0,0.0,4.4e-07,0.00508897,1.53151463,14.38650122,4.05459621,0.02629707,2.24e-06,0.0,0.0,0.0,0.0,0.0,0.0],"del_yes_cr_no":[0.0,0.0,0.0,0.0,0.0,1e-06,0.00017992,0.00909203,0.16482247,1.248296,4.30093499,6.9817356,5.29034217,1.76768326,0.23126343,0.00956462,8.522e-05,8e-08,0.0,0.0,0.0],"conf_yes_cr_yes_del_yes":[0.0,0.0,0.0,0.0,0.0,0.0,0.0,0.0,0.0,0.0,3e-08,5.895e-05,0.01809107,0.98245623,8.61342808,9.56528514,0.82264789,0.00203338,2e-08,0.0,0.0],"conf_yes_cr_no_del_yes":[0.0,0.0,0.0,0.0,0.0,0.0,0.0,5e-08,9.1e-07,1.554e-05,0.00023306,0.00268384,0.02277921,0.14194701,0.64774102,2.1280599,4.8106005,6.76410517,4.6806596,0.80473426,0.00088141]}}
