{"nodes":{"cr_yes":[0.0,0.0,0.0,0.0,0.0,0.0,0.0,0.0,0.0,0.0,0.0,0.0,0.0,0.0,9.2e-06,1.53947035,18.46375897,0.00076229,0.0,0.0,0.0],"imm_yes_cr_yes":[0.0,0.0,0.0,0.0,0.0,0.0,0.0,0.0,0.0,0.00040077,1.87153736,17.83550894,0.29654881,4.92e-06,0.0,0.0,0.0,0.0,0.0,0.0,0.0],"imm_yes_cr_no":[0.0,0.0,0.0,0.0,0.0,0.0,0.0,0.0,4.1e-07,0.00021167,0.01553549,0.1733405,0.29087764,0.35432315,5.06501486,11.63784972,2.44446661,0.02237899,1.76e-06,0.0,0.0],"del_yes_cr_yes":[0.0,0.0,0.00023099,5.01671758,14.75704176,0.15910575,0.00100639,0.03248362,0.03578497,0.00162662,3.12e-06,0.0,0.0,0.0,0.0,0.0,0.0,0.0,0.0,0.0,0.0],"del_yes_cr_no":[0.0,3.7e-07,1.45e-06,7.2e-07,1.2e-07,1e-08,1e-07,2.46e-05,0.00188225,0.05325632,0.61974827,3.13355142,6.95695338,6.55146804,2.3925653,0.28621129,0.0083036,3.356e-05,1e-08,0.0,0.0],"conf_yes_cr_yes_del_yes":[0.0,0.0,0.0,0.0,0.0,0.0,0.0,0.0,0.0,0.0,1.15e-06,0.00067776,0.08277945,2.10718954,10.13305032,7.21318412,0.46610102,0.00101743,1e-08,0.0,0.0],"conf_yes_cr_no_del_yes":[0.0,0.0,0.0,0.0,0.0,0.0,0.0,6e-08,4.02e-06,0.00012924,0.00239047,0.02729156,0.20055305,0.96470646,3.00936224,5.82963414,6.35598719,3.1674134,0.44284007,0.0036889,0.0]}}
