{"nodes":{"cr_yes":[0.0,0.0,0.0,0.0,0.0,0.0,0.0,0.0,0.0,0.0,0.0,0.0,0.00086126,2.1565657,16.79960373,0.79562483,0.2513189,2.638e-05,0.0,0.0,0.0],"imm_yes_cr_yes":[0.0,0.0,0.0,0.0,0.0,0.0,2.75e-06,0.09842502,11.70740868,8.15572429,0.0424135,2.65e-05,6e-08,0.0,0.0,0.0,0.0,0.0,0.0,0.0,0.0],"imm_yes_cr_no":[0.0,0.0,1e-08,1.02e-06,2.812e-05,0.00013833,0.01191629,1.56159924,10.92724138,6.92415251,0.57361447,0.00530529,3.9e-06,1e-08,2e-08,6e-08,8e-08,6e-08,2e-08,0.0,0.0],"del_yes_cr_yes":[0.0,0.0,0.0,0.0,0.0,0.0,0.0,0.0,2.43e-06,0.00218121,0.37721352,7.90668629,10.93582675,0.77782835,0.00425115,1.111e-05,0.0,0.0,0.0,0.0,0.0],"del_yes_cr_no":[0.0,7.05e-06,0.00262261,0.05200263,0.79195071,8.52960154,9.21271883,1.37884058,0.03597318,0.00017953,1.8e-07,2e-08,1e-07,3.7e-07,1.12e-06,2.91e-06,6.54e-06,1.285e-05,2.227e-05,3.425e-05,4.702e-05],"conf_yes_cr_yes_del_yes":[0.0,0.0,0.0,3e-08,1.8e-07,9.3e-07,3.75e-06,1.168e-05,2.797e-05,5.094e-05,6.957e-05,7.588e-05,0.00283463,0.26717154,4.61092722,11.89861364,3.18053192,0.04367254,8.35e-06,0.0,0.0],"conf_yes_cr_no_del_yes":[3.01e-06,7.75e-06,1.939e-05,4.72e-05,0.00011181,0.00025787,0.00057932,0.001268,0.00270437,0.00562062,0.01138388,0.02247076,0.04323899,0.08116038,0.14885525,0.26838696,0.48826108,0.98325025,2.55030295,7.72103964,15.35006565]}}
