{"nodes":{"cr_yes":[0.0,0.0,0.0,0.0,0.0,0.0,0.0,0.0,0.0,0.0,0.0,7e-08,0.00147695,0.95978491,14.55165802,3.28812717,0.00550655,4.34e-06,0.02061005,1.04772201,0.25822144],"imm_yes_cr_yes":[0.0,0.0,0.0,0.0,1.4e-07,0.0173652,6.05829429,13.47000366,0.43603176,0.02218377,0.00012196,2e-08,0.0,0.0,0.0,0.0,0.0,0.0,0.0,0.0,0.0],"imm_yes_cr_no":[0.0,0.0,0.0,0.0,6.9e-07,0.00035063,0.02157096,0.32684034,4.16385192,10.92365228,4.24706285,0.31703161,0.0036355,4.04e-06,0.0,0.0,0.0,0.0,0.0,0.0,0.0],"del_yes_cr_yes":[0.0,0.0,0.0,0.0,0.0,0.0,0.0,1.3e-07,0.00236367,1.04114039,12.61016031,6.03766133,0.31111004,0.00156465,2.8e-07,0.0,0.0,0.0,0.0,0.0,0.0],"del_yes_cr_no":[5e-08,8.214e-05,0.0088754,0.13797118,0.6069713,2.77000051,7.97509531,6.70500676,1.66596742,0.13057003,0.00329921,4.424e-05,2.694e-05,3.021e-05,2.636e-05,1.804e-05,9.74e-06,4.17e-06,1.42e-06,3.8e-07,8e-08],"conf_yes_cr_yes_del_yes":[5e-08,4e-08,3e-08,2e-08,1e-08,0.0,0.0,0.0,0.0,0.0,1e-08,1.488e-05,0.00648511,0.50433433,6.474916,11.20875509,1.79515706,0.01433638,1.81e-06,1e-08,1e-08],"conf_yes_cr_no_del_yes":[0.02355853,0.03339558,0.04694306,0.0654191,0.09036101,0.12367275,0.16766179,0.22505351,0.29896642,0.39282602,0.5101888,0.65444267,0.82834731,1.03338173,1.26890432,1.53147497,1.81762921,2.15165699,2.71488126,3.93389642,4.20623726]}}
