{"nodes":{"cr_yes":[0.0,0.0,0.0,0.0,0.0,0.0,0.0,0.0,0.0,0.0,0.0,0.0,3.36e-06,0.05625222,9.85216847,10.07350973,0.0220021,5.76e-06,5.917e-05,0.0,0.0],"imm_yes_cr_yes":[0.0,0.0,0.0,0.0,0.0,0.0,0.0,0.0,0.00018724,0.86236564,17.3843083,1.75638179,0.00075782,0.0,0.0,0.0,0.0,0.0,0.0,0.0,0.0],"imm_yes_cr_no":[0.0,0.0,0.0,0.0,0.0,0.0,0.0,0.0,0.0,0.0,0.0,0.0,0.0,1.797e-05,0.01468889,1.54961205,13.96202932,4.47117528,0.00647729,0.0,0.0],"del_yes_cr_yes":[0.0,0.0,0.0,0.0,0.0,0.0,9e-08,0.00356773,1.69031421,15.12015015,3.17440248,0.01556472,1.42e-06,0.0,0.0,0.0,0.0,0.0,0.0,0.0,0.0],"del_yes_cr_no":[0.43376467,2.94082691,1.56904095,0.29598076,0.02903314,0.00171647,6.516e-05,1.041e-05,0.00030218,0.00550766,0.05705995,0.35142174,1.32027714,3.05318885,4.31366771,3.62916199,1.73293656,0.43422484,0.05045129,0.00223125,2.703e-05],"conf_yes_cr_yes_del_yes":[0.0,0.0,0.0,0.0,0.0,0.0,0.0,0.0,0.0,0.0,2.2e-07,0.00010084,0.01360639,0.53510166,5.3773706,10.96959528,3.05382977,0.05438456,1.148e-05,0.0,0.0],"conf_yes_cr_no_del_yes":[0.0,0.0,0.0,0.0,0.0,0.0,1e-08,4.5e-07,9.96e-06,0.00016985,0.0022058,0.020908,0.14122332,0.67112298,2.20350021,4.8097681,6.45050383,4.52086639,1.14649586,0.03714233,0.00016743]}}
