{"nodes":{"cr_yes":[0.0,0.0,0.0,0.0,0.0,0.0,0.0,0.0,0.0,0.0,0.0,0.0,0.00211985,4.13826638,15.81808385,0.04553071,2e-08,0.0,0.0,0.0,0.0],"imm_yes_cr_yes":[0.0,0.0,0.0,0.0,0.0,0.0,2e-07,0.00908043,3.16689436,15.42886556,1.39667504,0.00248513,7e-08,0.0,0.0,0.0,0.0,0.0,0.0,0.0,0.0],"imm_yes_cr_no":[0.0,0.0,0.0,0.0,0.0,0.0,0.0,0.0,0.0,8.03e-06,0.00462436,0.40350529,5.54206373,11.22475311,2.77138647,0.0576083,5.152e-05,0.0,0.0,0.0,0.0],"del_yes_cr_yes":[0.0,0.0,0.0,0.0,0.0,1.81e-06,0.00757677,1.11064991,10.21281744,8.04810477,0.62022785,0.0046194,2.86e-06,0.0,0.0,0.0,0.0,0.0,0.0,0.0,0.0],"del_yes_cr_no":[0.02165408,0.13824066,1.10713887,5.67324184,8.06552345,4.05818689,0.86203739,0.08472051,0.0039934,8.982e-05,9.3e-07,0.0,0.0,0.0,0.0,0.0,0.0,0.0,0.0,0.0,0.0],"conf_yes_cr_yes_del_yes":[0.0,0.0,0.0,0.0,0.0,0.0,0.0,0.0,0.0,1.36e-06,0.00015698,0.00741997,0.15315594,1.40364772,5.52271075,8.43948627,4.06848561,0.40574486,0.00319124,1e-07,0.0],"conf_yes_cr_no_del_yes":[0.0,0.0,0.0,1e-08,5e-08,4e-07,2.48e-06,1.423e-05,7.966e-05,0.00042858,0.00212238,0.00936494,0.03631854,0.12343811,0.36767033,0.95726202,2.15661835,4.09635002,6.15051848,5.98381928,0.23998589]}}
