{"nodes":{"cr_yes":[0.0,0.0,0.0,0.0,0.0,0.0,0.0,0.0,0.0,0.0,0.0,0.0,0.0,8.2e-07,0.0863578,17.43766734,2.4799188,5.586e-05,1.8e-07,0.0,0.0],"imm_yes_cr_yes":[0.0,0.0,0.0,0.0,0.0,0.0,0.00075871,4.84936975,15.10398299,0.04988911,2.5e-07,0.0,0.0,0.0,0.0,0.0,0.0,0.0,0.0,0.0,0.0],"imm_yes_cr_no":[0.0,0.0,0.0,0.0,0.0,0.0,4.3e-07,4.777e-05,0.00768867,0.75933491,8.31293952,9.7457741,1.16614938,0.01205789,8.14e-06,0.0,0.0,0.0,0.0,0.0,0.0],"del_yes_cr_yes":[0.0,0.0,0.0,0.0,0.0,0.0,2.1e-07,0.00787248,2.76368408,15.45601827,1.77214136,0.00428421,1.9e-07,0.0,0.0,0.0,0.0,0.0,0.0,0.0,0.0],"del_yes_cr_no":[6e-08,2e-08,1e-08,0.0,0.0,4.39e-06,0.00084061,0.03832517,0.53382425,2.76163526,6.21220612,6.58909666,3.18464274,0.63258508,0.04762587,0.00155545,0.00013795,0.0002479,0.0004281,0.00056351,0.00056335],"conf_yes_cr_yes_del_yes":[0.0,0.0,0.0,0.0,0.0,0.0,0.0,0.0,0.0,0.0,2e-08,2.931e-05,0.00914222,0.56603315,6.44761052,11.05179297,1.91383379,0.01555762,1.21e-06,0.0,0.0],"conf_yes_cr_no_del_yes":[9.11e-06,1.792e-05,4.024e-05,0.00010373,0.0002805,0.000724,0.0016917,0.00349588,0.00636759,0.01111157,0.02914411,0.14349436,0.68143531,2.24563671,4.74981823,6.10293699,4.36149719,1.48277734,0.17922164,0.00419895,4.56e-06]}}
