{"nodes":{"cr_yes":[0.0,0.0,0.0,0.0,0.0,0.0,0.0,0.0,0.0,0.0,0.0,0.0,8.902e-05,3.4335686,16.567966,0.00237719,0.0,0.0,0.0,0.0,0.0],"imm_yes_cr_yes":[0.0,0.0,0.0,0.0,0.0,0.0,9e-08,0.04036209,13.10611996,6.84941589,0.00810275,2e-08,0.0,0.0,0.0,0.0,0.0,0.0,0.0,0.0,0.0],"imm_yes_cr_no":[0.0,0.0,0.0,0.0,0.0,0.0,3.468e-05,0.11103124,6.72423942,12.3237645,0.8427693,0.00216148,1.7e-07,0.0,0.0,0.0,0.0,0.0,0.0,0.0,0.0],"del_yes_cr_yes":[0.0,0.0,0.0,0.0,0.0,0.0,0.0,0.0,4e-08,0.00131245,0.82099201,13.45270699,5.68086845,0.04811615,4.71e-06,0.0,0.0,0.0,0.0,0.0,0.0],"del_yes_cr_no":[0.0,0.0,0.0,1.5e-06,0.01237006,1.60874654,10.84900983,6.94805737,0.57859249,0.00720935,1.365e-05,0.0,0.0,0.0,0.0,0.0,0.0,0.0,0.0,0.0,0.0],"conf_yes_cr_yes_del_yes":[0.0,0.0,0.0,0.0,0.0,0.0,0.0,0.0,0.0,0.0,7.9e-07,0.00081064,0.13079221,3.33349503,11.92658278,4.50942039,0.10285263,4.633e-05,0.0,0.0,0.0],"conf_yes_cr_no_del_yes":[0.0,0.0,0.0,0.0,0.0,0.0,0.0,0.0,3e-08,3.2e-07,2.31e-06,1.328e-05,6.402e-05,0.00034979,0.00361833,0.04635194,0.43921492,2.59695479,8.15044533,8.76680299,0.00036551]}}
