{"nodes":{"cr_yes":[0.0,0.0,0.0,0.0,0.0,0.0,0.0,0.0,0.0,0.0,0.0,0.0,2.59e-06,0.03731525,7.35064178,12.5330134,0.08302371,4.07e-06,0.0,0.0,0.0],"imm_yes_cr_yes":[0.0,0.0,0.0,0.0,0.0,0.0,0.0,0.0,0.0,0.0,3.327e-05,0.1170943,8.533729,11.17858389,0.17454569,1.464e-05,0.0,0.0,0.0,0.0,0.0],"imm_yes_cr_no":[0.0,0.0,0.0,0.0,0.0,0.0,0.0,0.0,0.0,0.0,1e-08,4.8e-05,0.02439096,1.57760376,11.40364858,6.81028205,0.18794879,7.864e-05,0.0,0.0,0.0],"del_yes_cr_yes":[3.88e-06,3.409e-05,0.07568093,3.73418478,11.07879985,4.675936,0.42859004,0.01061626,0.00010052,2.197e-05,1.662e-05,1.006e-05,4.91e-06,1.96e-06,6.4e-07,1.7e-07,4e-08,1e-08,0.0,0.0,0.0],"del_yes_cr_no":[17.03765088,8.3702315,1.59926266,0.68586151,0.38333729,0.21247096,0.11437097,0.05988507,0.0305643,0.01523068,0.00741977,0.00353722,0.00165148,0.00075558,0.00033891,0.00014908,6.433e-05,2.723e-05,1.131e-05,4.61e-06,1.84e-06],"conf_yes_cr_yes_del_yes":[1.759e-05,2.934e-05,4.561e-05,6.789e-05,0.00011218,0.00031571,0.00168511,0.01014116,0.05127369,0.20284446,0.62245123,1.48644802,2.76540874,3.98331458,4.36982976,3.54328171,2.02393332,0.75739577,0.16689093,0.01820097,0.00064368],"conf_yes_cr_no_del_yes":[0.23608126,0.26913762,0.30921512,0.35631376,0.41043353,0.47157444,0.53973649,0.61491966,0.69712398,0.78634943,0.88259602,0.98586374,1.0961526,1.21346259,1.33779372,1.46914599,1.60751939,1.75291392,1.90532959,2.0647664,2.23122435]}}
