{"nodes":{"cr_yes":[0.0,0.0,0.0,0.0,0.0,0.0,0.0,0.0,0.0,0.0,0.0,0.0,0.0,1e-07,6.744e-05,0.25720988,18.65202596,1.0946966,8.3e-07,0.0,0.0],"imm_yes_cr_yes":[0.0,0.0,0.0,0.0,0.0,1e-08,0.00294826,3.92596239,15.7740191,0.30103702,3.401e-05,0.0,0.0,0.0,0.0,0.0,0.0,0.0,0.0,0.0,0.0],"imm_yes_cr_no":[0.0,0.0,0.0,0.0,1e-08,3.5e-07,3.86e-06,4.83e-05,0.00160166,0.04007379,0.85884046,6.0853685,9.73011749,3.11631954,0.16948025,0.00199589,0.00014419,6.44e-06,6e-08,0.0,0.0],"del_yes_cr_yes":[0.0,0.0,0.0,0.0,0.0,0.0,0.00010453,0.20255196,8.2190916,10.98959099,0.59138127,0.00128037,9e-08,0.0,0.0,0.0,0.0,0.0,0.0,0.0,0.0],"del_yes_cr_no":[0.00612791,0.01027862,0.0128691,0.01236906,0.01504642,0.09790576,0.59476964,1.93537999,3.80107764,5.02106568,4.56139872,2.7163121,0.99128334,0.20704904,0.0228922,0.00121166,2.754e-05,3.4e-07,1e-08,0.0,1e-08],"conf_yes_cr_yes_del_yes":[0.0,1e-08,2e-08,5e-08,9e-08,1.6e-07,3e-07,1.03e-06,6.6e-06,4.074e-05,0.00019424,0.00070438,0.00484258,0.16038907,2.39237315,9.44759602,7.34141696,0.65356618,0.00286332,5.86e-06,1e-07],"conf_yes_cr_no_del_yes":[0.00459378,0.00814142,0.01392957,0.02301687,0.03673699,0.05663678,0.08432005,0.12117601,0.16800371,0.2246151,0.28966756,0.36158783,0.44421489,0.56969541,0.86014762,1.59337547,3.00906121,4.53755929,4.49406004,2.55509249,1.10133121]}}
