{"nodes":{"cr_yes":[0.0,0.0,0.0,0.0,0.0,0.0,0.0,0.0,0.0,0.0,0.0,0.0,0.0,1.8e-07,0.14060581,19.78693794,0.07645686,0.0,0.0,0.0,0.0],"imm_yes_cr_yes":[0.0,0.0,0.0,0.0,0.0,0.0,0.0,0.00013209,1.54442333,18.1240552,0.33537996,1.022e-05,0.0,0.0,0.0,0.0,0.0,0.0,0.0,0.0,0.0],"imm_yes_cr_no":[0.0,0.0,0.0,0.0,0.0,0.0,0.0,0.0,0.0,5.06e-06,0.00519378,0.58397457,7.58621281,10.56662152,1.25395723,0.0080337,2.11e-06,2e-08,0.0,0.0,0.0],"del_yes_cr_yes":[0.0,0.0,0.0,0.0,0.0,0.0,0.0,0.0,1.932e-05,0.05792581,4.91896707,13.80843298,1.21610512,0.00255043,7e-08,0.0,0.0,0.0,0.0,0.0,0.0],"del_yes_cr_no":[0.0,0.0,0.0,0.0,0.0,2.98e-06,0.00040699,0.01634389,0.24561431,1.59120196,4.80174317,6.95130602,4.76249802,1.45341215,0.17476621,0.00665097,5.409e-05,4e-08,0.0,0.0,0.0],"conf_yes_cr_yes_del_yes":[0.0,0.0,0.0,0.0,0.0,0.0,0.0,0.0,0.0,0.0,0.0,1.54e-06,0.0012524,0.17874423,4.15966805,12.57689356,3.06493417,0.02250634,5.1e-07,0.0,0.0],"conf_yes_cr_no_del_yes":[0.0,0.0,0.0,0.0,0.0,0.0,0.0,4e-08,1.65e-06,3.947e-05,0.00059731,0.0061052,0.04404827,0.23029966,0.88144295,2.45117135,4.7986153,6.14685829,4.36477634,1.07980328,0.00048338]}}
