{"nodes":{"cr_yes":[0.0,0.0,0.0,0.0,0.0,0.0,0.0,0.0,0.0,0.0,0.0,0.0,0.0,1.342e-05,0.47868659,19.32954218,0.19575858,2e-08,0.0,0.0,0.0],"imm_yes_cr_yes":[0.0,0.0,0.0,0.0,0.0,0.0,0.0,2e-08,0.00254729,1.91438074,16.24351865,1.84100771,0.00254635,3e-08,0.0,0.0,0.0,0.0,0.0,0.0,0.0],"imm_yes_cr_no":[0.0,0.0,0.0,0.0,0.0,0.0,0.0,0.0,0.0,0.0,1e-07,0.00013496,0.03242705,1.41256339,9.84645446,8.24151327,0.47032267,0.0005849,0.0,0.0,0.0],"del_yes_cr_yes":[0.0,0.0,0.0,0.0,0.0,8e-08,0.00069505,0.24615494,5.79985528,11.6813783,2.23581409,0.04004448,5.857e-05,1e-08,0.0,0.0,0.0,0.0,0.0,0.0,0.0],"del_yes_cr_no":[0.0,0.0,0.0,2.93e-06,0.00150409,0.08568043,1.09589416,4.51517007,7.29522777,5.12732099,1.63424339,0.23433957,0.01428493,0.00033008,2.38e-06,0.0,0.0,0.0,0.0,0.0,0.0],"conf_yes_cr_yes_del_yes":[0.0,0.0,0.0,0.0,0.0,0.0,0.0,0.0,0.0,1.9e-07,5.496e-05,0.00510986,0.16673609,1.92648288,7.45256212,8.35729489,2.03513404,0.06056453,6.123e-05,0.0,0.0],"conf_yes_cr_no_del_yes":[0.0,0.0,0.0,0.0,0.0,0.0,9e-08,2.28e-06,3.483e-05,0.00036386,0.00278579,0.0163755,0.07620545,0.28587344,0.86991216,2.13131963,4.08951444,5.75533637,5.07193694,1.7034498,0.00178043]}}
