{"nodes":{"cr_yes":[0.0,0.0,0.0,0.0,0.0,0.0,0.0,0.0,0.0,0.0,0.0,0.0,1.401e-05,0.07838451,3.11347151,16.80539651,0.00673426,0.0,0.0,0.0,0.0],"imm_yes_cr_yes":[0.0,0.0,2.9e-07,9.5e-07,2.1e-07,1e-07,0.00487708,2.90237156,15.94377862,1.15166576,0.00130622,2e-08,0.0,0.0,0.0,0.0,0.0,0.0,0.0,0.0,0.0],"imm_yes_cr_no":[0.0,0.0,2e-08,5.02e-06,0.00014253,0.00069742,0.00564141,1.22596931,11.74004692,6.6241557,0.39933357,0.00796187,4.699e-05,4e-08,0.0,0.0,0.0,0.0,0.0,0.0,0.0],"del_yes_cr_yes":[0.0,0.0,0.0,0.0,0.0,0.0,0.0,4.332e-05,0.09111104,5.71911889,13.07011009,1.1204592,0.00315786,4.1e-07,0.0,0.0,0.0,0.0,0.0,0.0,0.0],"del_yes_cr_no":[0.0,1e-08,3.43e-06,0.00190348,0.72514747,9.0870751,9.01230387,1.15288186,0.02456114,0.00012326,1.16e-06,2e-08,0.0,0.0,0.0,0.0,0.0,0.0,0.0,0.0,0.0],"conf_yes_cr_yes_del_yes":[0.0,0.0,0.0,0.0,0.0,0.0,0.0,0.0,0.0,0.0,2e-08,6.48e-06,0.00246326,0.22010012,3.90269446,11.45690807,4.1449113,0.26211328,0.01473946,6.436e-05,0.0],"conf_yes_cr_no_del_yes":[0.00040867,0.00077421,0.00144361,0.00264948,0.00478622,0.00850971,0.01488904,0.02563023,0.04339463,0.07223266,0.11814238,0.18973412,0.29892738,0.46151557,0.69733221,1.02992287,1.48853537,2.13717531,3.25332914,5.75556047,8.79862367]}}
