{"nodes":{"cr_yes":[0.0,0.0,0.0,0.0,0.0,0.0,0.0,0.0,0.0,0.0,0.0,0.0,0.0,5.49e-06,0.28804124,19.34091014,0.37504382,1e-07,0.0,0.0,0.0],"imm_yes_cr_yes":[0.0,0.0,0.0,0.0,0.0,0.0,1e-08,0.00279083,2.57371147,16.42782812,0.99906957,0.0006008,0.0,0.0,0.0,0.0,0.0,0.0,0.0,0.0,0.0],"imm_yes_cr_no":[0.0,0.0,0.0,0.0,0.0,0.0,2e-08,0.00013487,0.05781925,2.32384124,10.84575631,6.33330972,0.44011671,0.00302126,1.42e-06,0.0,0.0,0.0,0.0,0.0,0.0],"del_yes_cr_yes":[0.0,0.0,0.0,0.0,0.0,0.0,0.0,0.0001316,0.12852048,5.40755047,12.67911726,1.77528894,0.01338801,4.04e-06,0.0,0.0,0.0,0.0,0.0,0.0,0.0],"del_yes_cr_no":[0.0,0.0,0.0,1.619e-05,0.00506703,0.20713026,1.99394987,6.16328056,7.25368164,3.55342924,0.75308565,0.07089883,0.00335484,0.00010487,1.82e-06,1e-08,0.0,0.0,0.0,0.0,0.0],"conf_yes_cr_yes_del_yes":[0.0,0.0,0.0,0.0,0.0,0.0,0.0,0.0,0.0,0.0,1.2e-07,5.849e-05,0.00794505,0.32230508,3.72013617,10.49002507,5.22750252,0.23582399,0.00020431,0.0,0.0],"conf_yes_cr_no_del_yes":[0.0,0.0,0.0,0.0,0.0,0.0,0.0,0.0,2e-08,1.8e-07,2.77e-06,5.667e-05,0.00092551,0.01085094,0.09061639,0.53429118,2.15241024,5.48313695,7.51713745,4.15821932,0.11270638]}}
