{"nodes":{"cr_yes":[0.0,0.0,0.0,0.0,0.0,0.0,0.0,0.0,0.0,0.0,0.0,0.0,6e-08,0.00154089,1.15556381,16.64085169,2.20531369,0.00073066,0.0,0.0,0.0],"imm_yes_cr_yes":[0.0,0.0,0.0,0.0,0.0,0.0,0.0,0.0,5.041e-05,0.19295168,10.38400141,9.29501267,0.13183186,0.00015275,2e-08,0.0,0.0,0.0,0.0,0.0,0.0],"imm_yes_cr_no":[0.0,0.0,0.0,0.0,0.0,0.0,0.0,0.0,0.0,0.0,2.2e-07,1.342e-05,0.00019795,0.00134701,0.07958961,2.28902527,11.69830924,5.86064733,0.07487031,4.3e-07,0.0],"del_yes_cr_yes":[0.0,0.0,0.0,0.0,0.0,0.0,1.359e-05,0.02072813,1.74629499,11.28120618,6.59241061,0.36163123,0.0017155,5.7e-07,0.0,0.0,0.0,0.0,0.0,0.0,0.0],"del_yes_cr_no":[0.01921111,0.00758209,0.00156274,0.00022552,4.519e-05,0.00127077,0.02759979,0.26597658,1.30761416,3.56717359,5.65049474,5.2771433,2.87025043,0.87146469,0.13620886,0.00954425,0.00023717,1.38e-06,0.0,0.0,0.0],"conf_yes_cr_yes_del_yes":[0.0,0.0,0.0,0.0,0.0,0.0,0.0,0.0,0.0,1.1e-07,3.993e-05,0.00444415,0.1640764,2.02866174,7.89212484,8.22381432,1.65738131,0.03344302,1.498e-05,0.0,0.0],"conf_yes_cr_no_del_yes":[0.0,0.0,0.0,0.0,0.0,4e-08,6.3e-07,6.77e-06,5.557e-05,0.00036709,0.00202194,0.00950878,0.03872352,0.13739321,0.42416988,1.12864868,2.53341529,4.5938415,6.1291998,4.69377622,0.62574374]}}
