{"nodes":{"cr_yes":[0.0,0.0,0.0,0.0,0.0,0.0,0.0,0.0,0.0,0.0,0.0,0.0,0.0,1e-08,0.0117148,16.23310106,3.75917803,6.9e-06,0.0,0.0,0.0],"imm_yes_cr_yes":[0.0,0.0,0.0,0.0,0.0,2e-08,0.02504736,11.55360997,8.40658028,0.018763,1.8e-07,0.0,0.0,0.0,0.0,0.0,0.0,0.0,0.0,0.0,0.0],"imm_yes_cr_no":[0.0,0.0,0.0,0.0,0.0,0.0,0.0,0.0,0.0,1e-08,1.025e-05,0.00452456,0.48188603,7.21405812,11.13677712,1.16292915,0.00381547,9e-08,0.0,0.0,0.0],"del_yes_cr_yes":[0.0,0.0,0.0,0.0,0.0,1.114e-05,0.09794791,7.72386388,11.68123645,0.50024639,0.00069501,3e-08,0.0,0.0,0.0,0.0,0.0,0.0,0.0,0.0,0.0],"del_yes_cr_no":[0.0,2e-08,0.00010628,0.02009143,0.52589352,3.38398926,7.2589936,6.15365184,2.25934439,0.37336688,0.02767151,0.00088097,1.105e-05,5e-08,0.0,0.0,0.0,0.0,0.0,0.0,0.0],"conf_yes_cr_yes_del_yes":[0.0,0.0,0.0,0.0,0.0,0.0,0.0,0.0,0.0,1e-08,5.46e-06,0.00082898,0.04356146,0.80997363,5.11053136,9.63544139,4.16263619,0.24047227,0.00055005,0.0,0.0],"conf_yes_cr_no_del_yes":[0.0,0.0,0.0,0.0,0.0,0.0,3e-08,4.6e-07,6.94e-06,8.439e-05,0.00079565,0.00583471,0.03371706,0.15524663,0.57139394,1.66526362,3.72823183,5.97519191,5.79475224,2.05987238,0.02721802]}}
