{"nodes":{"cr_yes":[0.0,0.0,0.0,0.0,0.0,0.0,0.0,0.0,0.0,0.0,1e-08,2.7e-07,1.32e-06,1.29e-06,8.285e-05,0.14605074,3.11977114,16.71826825,0.01736556,2.315e-05,0.00487245],"imm_yes_cr_yes":[0.0,0.0,0.0,0.0,4.7e-07,3.436e-05,9.959e-05,0.15206294,11.9953615,7.7868339,0.06960111,6.94e-06,0.0,0.0,0.0,0.0,0.0,0.0,0.0,0.0,0.0],"imm_yes_cr_no":[0.0,9e-08,5.57e-06,0.00017492,0.00275247,0.02243406,0.0966573,0.22221742,0.27277572,0.23057861,1.35917217,7.03839645,8.52686711,2.13463124,0.09605534,0.00126036,2.192e-05,6e-08,0.0,0.0,0.0],"del_yes_cr_yes":[0.0,0.0,0.0,0.0,0.0,0.0,0.0,1e-08,1.943e-05,0.00628901,0.50673964,7.31187964,9.62802699,2.45866423,0.09223201,0.00014984,0.0,0.0,0.0,0.0,0.0],"del_yes_cr_no":[0.0,0.0,0.0,2e-08,3.46e-06,0.00022466,0.00599223,0.07675217,0.51613724,1.92970225,4.2319026,5.70643187,4.72870793,2.22835933,0.52401146,0.05252851,0.00186803,0.00010063,0.00022899,0.0005298,0.00103924],"conf_yes_cr_yes_del_yes":[1.682e-05,1.086e-05,6.36e-06,3.35e-06,1.58e-06,6.6e-07,2.5e-07,8e-08,2e-08,2e-08,1.31e-06,7.147e-05,0.00391968,0.21297836,3.57809948,11.41140811,4.6661352,0.13114018,0.00021479,4.8e-07,2.8e-07],"conf_yes_cr_no_del_yes":[0.04784374,0.06439169,0.086029,0.11406889,0.15006435,0.19581136,0.25333106,0.32482073,0.41256065,0.51876215,0.64534031,0.79359558,0.96379184,1.15462767,1.36262429,1.58160154,1.80352842,2.02926481,2.32877072,3.01744802,4.35929172]}}
