{"nodes":{"cr_yes":[0.0,0.0,0.0,0.0,0.0,0.0,0.0,0.0,0.0,0.0,0.0,0.0,0.0,6.1e-07,0.17437516,19.68586588,0.14375914,0.0,0.0,0.0,0.0],"imm_yes_cr_yes":[0.0,0.0,0.0,0.0,0.0,0.0,1.065e-05,0.3381824,16.9001584,2.76364347,0.00200586,1e-08,0.0,0.0,0.0,0.0,0.0,0.0,0.0,0.0,0.0],"imm_yes_cr_no":[0.0,0.0,0.0,0.0,0.0,0.0,0.0,0.0,1.3e-07,0.0002349,0.05404464,1.86888119,9.96031586,7.48668168,0.63003378,0.00380789,7.3e-07,0.0,0.0,0.0,0.0],"del_yes_cr_yes":[0.0,0.0,0.0,0.0,0.0,2e-08,0.00147231,0.96002685,13.10459701,5.83582539,0.10201065,6.856e-05,0.0,0.0,0.0,0.0,0.0,0.0,0.0,0.0,0.0],"del_yes_cr_no":[0.0,0.0,3e-07,0.00174641,0.22128242,2.9427028,8.14611811,6.60881814,1.87388337,0.20106357,0.00826099,0.00012408,6.1e-07,0.0,0.0,0.0,0.0,0.0,0.0,0.0,0.0],"conf_yes_cr_yes_del_yes":[0.0,0.0,0.0,0.0,0.0,0.0,0.0,0.0,0.0,0.0,1.8e-07,5.647e-05,0.00580166,0.20574155,2.45316892,8.82899465,7.56188134,0.9427928,0.00556318,5e-08,0.0],"conf_yes_cr_no_del_yes":[0.0,0.0,0.0,0.0,0.0,0.0,0.0,2.1e-07,5.29e-06,8.38e-05,0.00091426,0.00726862,0.04369431,0.20296093,0.73396807,2.04830801,4.26992418,6.15915008,5.12511227,1.41255818,0.00010516]}}
