{"nodes":{"cr_yes":[0.0,0.0,0.0,0.0,0.0,0.0,0.0,0.0,0.0,0.0,0.0,0.0,0.0,0.0,2.42e-06,0.42797274,19.55897238,0.01705326,0.0,0.0,0.0],"imm_yes_cr_yes":[0.0,0.0,0.0,0.0,0.0,0.0,0.0,0.00187689,4.90131464,15.01935441,0.08145408,7.9e-07,0.0,0.0,0.0,0.0,0.0,0.0,0.0,0.0,0.0],"imm_yes_cr_no":[0.0,0.0,0.0,0.0,0.0,0.0,0.0,6e-08,0.00017262,0.05143618,1.93487232,10.11290397,7.26535704,0.63410599,0.00515022,2.41e-06,0.0,0.0,0.0,0.0,0.0],"del_yes_cr_yes":[0.0,0.0,0.0,0.0,0.0,0.0,0.0,0.0,6e-08,0.00029322,0.11669317,5.21160928,13.35988695,1.31225572,0.0032623,1e-07,0.0,0.0,0.0,0.0,0.0],"del_yes_cr_no":[0.0,0.0,0.0,0.0,0.0,2e-08,6.03e-06,0.00059755,0.02085215,0.2968696,1.87429897,5.44009651,7.21513357,4.1554986,0.93246649,0.06708333,0.00109584,2.13e-06,0.0,0.0,0.0],"conf_yes_cr_yes_del_yes":[0.0,0.0,0.0,0.0,0.0,0.0,0.0,0.0,0.0,0.0,8.66e-06,0.00556696,0.5205683,6.9056107,11.06323578,1.50036328,0.00864659,5.3e-07,0.0,0.0,0.0],"conf_yes_cr_no_del_yes":[0.0,0.0,0.0,0.0,0.0,0.0,0.0,0.0,0.0,0.0,3e-08,8.3e-07,1.487e-05,0.0001895,0.00196461,0.01924724,0.17632915,1.27734984,5.98852292,12.5005203,0.07972302]}}
