{"nodes":{"cr_yes":[0.0,0.0,0.0,0.0,0.0,0.0,0.0,0.0,0.0,0.0,0.0,0.0,0.0,0.0,8.24e-06,0.70123896,19.29031668,0.01243692,0.0,0.0,0.0],"imm_yes_cr_yes":[0.0,0.0,0.0,0.0,0.0,1.44e-05,0.40990856,16.93039016,2.66113706,0.00255061,2e-08,0.0,0.0,0.0,0.0,0.0,0.0,0.0,0.0,0.0,0.0],"imm_yes_cr_no":[0.0,0.0,0.0,0.0,0.0,0.0,0.0,2e-08,3.81e-05,0.01047756,0.51866549,5.12979657,10.27304162,3.84835779,0.22224414,0.00137904,4.8e-07,0.0,0.0,0.0,0.0],"del_yes_cr_yes":[0.0,0.0,0.0,0.0,0.0,0.0,0.00023967,0.32278227,9.55820059,9.70956367,0.41247895,0.00073561,5e-08,0.0,0.0,0.0,0.0,0.0,0.0,0.0,0.0],"del_yes_cr_no":[0.0,2.5e-07,1.352e-05,0.00021177,0.00133377,0.00410272,0.00693394,0.00792873,0.03344215,0.34504467,1.89266222,5.118606,6.84062222,4.37532376,1.23889003,0.13450588,0.00435256,2.66e-05,1e-08,0.0,0.0],"conf_yes_cr_yes_del_yes":[0.0,0.0,0.0,0.0,0.0,0.0,0.0,0.0,0.0,0.0,4e-08,1.715e-05,0.00249473,0.11946961,1.84182246,8.24345432,8.51541232,1.27155058,0.00977939,2.1e-07,0.0],"conf_yes_cr_no_del_yes":[0.0,0.0,0.0,0.0,0.0,2e-08,3.7e-07,4.3e-06,3.975e-05,0.00029923,0.00186502,0.00973413,0.04283585,0.15926512,0.49862464,1.3008389,2.76974614,4.63477348,5.68036123,4.35263225,1.10596072]}}
