{"nodes":{"cr_yes":[0.0,0.0,0.0,0.0,0.0,0.0,0.0,0.0,0.0,0.0,0.0,0.0,3.311e-05,0.28406406,16.34215024,3.37163625,0.006114,3.14e-06,0.0,0.0,0.0],"imm_yes_cr_yes":[0.0,0.0,0.0,0.0,0.0,1e-08,0.00182232,1.6764925,15.858787,2.45935323,0.00754529,4.4e-07,0.0,0.0,0.0,0.0,0.0,0.0,0.0,0.0,0.0],"imm_yes_cr_no":[0.0,0.0,0.0,6.6e-07,0.00066291,0.06990869,1.13615737,3.7698787,5.29102241,6.20101297,2.99613679,0.51482484,0.02413913,0.00025582,5.3e-07,0.0,0.0,0.0,0.0,0.0,0.0],"del_yes_cr_yes":[0.0,0.0,0.0,0.0,0.0,0.0,0.0,4.41e-06,0.00638035,0.71652277,8.01653598,9.92395919,1.32442408,0.0161611,1.291e-05,0.0,0.0,0.0,0.0,0.0,0.0],"del_yes_cr_no":[0.0,1.2e-07,0.00044828,0.05742826,0.98660106,4.93244737,8.41464208,4.67626537,0.87489935,0.05950929,0.00171989,3.724e-05,2.27e-06,2.1e-07,1e-08,0.0,0.0,0.0,0.0,0.0,0.0],"conf_yes_cr_yes_del_yes":[0.0,0.0,0.0,0.0,0.0,0.0,0.0,1e-08,1.1e-07,1.09e-06,9.42e-06,0.00042889,0.02902094,0.69685364,5.13566236,9.99464057,3.93799892,0.20859115,0.00079337,3.3e-07,0.0],"conf_yes_cr_no_del_yes":[0.05213291,0.06755434,0.08706044,0.11156959,0.14215021,0.18002466,0.22656342,0.28326506,0.3517158,0.43352121,0.53020096,0.64303658,0.77286222,0.91979687,1.08298196,1.2609148,1.45674482,1.71464311,2.29837926,4.15102585,6.52784636]}}
