{"nodes":{"cr_yes":[0.0,0.0,0.0,0.0,0.0,0.0,0.0,0.0,0.0,0.0,0.0,0.0,8e-08,0.01716344,16.18258652,3.80421397,3.68e-05,0.0,0.0,0.0,0.0],"imm_yes_cr_yes":[0.0,0.0,0.0,0.0,0.0,0.0,1.185e-05,0.30735673,16.38360381,3.30961554,0.00341284,3e-08,0.0,0.0,0.0,0.0,0.0,0.0,0.0,0.0,0.0],"imm_yes_cr_no":[0.0,0.0,0.0,0.0,6.6e-07,0.002816,0.5252121,6.84820598,9.0258544,3.10973716,0.48059012,0.01140756,0.00017031,6.45e-06,6e-08,0.0,0.0,0.0,0.0,0.0,0.0],"del_yes_cr_yes":[0.0,0.0,0.0,0.0,0.0,0.0,0.0,0.0,2.33e-06,0.00518516,0.81712078,9.87617748,8.80985948,0.49324745,0.00230239,0.00010482,9.2e-07,0.0,0.0,0.0,0.0],"del_yes_cr_no":[0.0,0.0,8.678e-05,0.11291721,3.94452727,11.11222365,4.47021973,0.35570287,0.00710603,0.00030995,0.00032588,0.00028174,0.00017784,8.318e-05,2.915e-05,7.71e-06,1.55e-06,2.4e-07,3e-08,0.0,0.0],"conf_yes_cr_yes_del_yes":[0.0,0.0,0.0,0.0,0.0,0.0,0.0,0.0,0.0,0.0,1e-08,3.17e-06,0.00146866,0.16771904,3.57362872,11.85620551,4.31320609,0.09042433,0.00127137,7.377e-05,2.6e-07],"conf_yes_cr_no_del_yes":[1.2317261,1.2267367,1.21705999,1.20248465,1.18283487,1.15797789,1.12783197,1.09237479,1.05165212,1.00578667,0.95498674,0.89955468,0.83989456,0.77651948,0.71006843,0.64148067,0.57394558,0.52951837,0.64451349,1.39529943,2.31523334]}}
