{"nodes":{"cr_yes":[0.0,0.0,0.0,0.0,0.0,0.0,0.0,0.0,0.0,0.0,0.0,0.0,0.0,0.00259426,11.71802197,8.28328382,0.00010075,0.0,0.0,0.0,0.0],"imm_yes_cr_yes":[0.0,0.0,0.0,0.0,0.0,0.0,0.00072546,2.78375566,16.89957729,0.31991795,2.445e-05,0.0,0.0,0.0,0.0,0.0,0.0,0.0,0.0,0.0,0.0],"imm_yes_cr_no":[0.0,0.0,0.0,0.0,0.0,0.0,2e-08,0.0001501,0.07233066,2.87718801,11.6678044,5.15345526,0.232208,0.00086417,1.8e-07,0.0,0.0,0.0,0.0,0.0,0.0],"del_yes_cr_yes":[0.0,0.0,0.0,0.0,0.0,4.08e-06,0.05839292,6.50023282,12.76974386,0.67450997,0.0011171,5e-08,0.0,0.0,0.0,0.0,0.0,0.0,0.0,0.0,0.0],"del_yes_cr_no":[2e-07,1.42554577,0.30717393,1.07162432,6.62380483,7.7265661,2.54585847,0.29059467,0.01261813,0.00021314,1.35e-06,0.0,0.0,0.0,0.0,0.0,0.0,0.0,0.0,0.0,0.0],"conf_yes_cr_yes_del_yes":[0.0,0.0,0.0,0.0,0.0,0.0,0.0,0.0,0.0,0.0,3.27e-06,0.00071769,0.04821052,1.01025827,6.25453053,9.79675726,2.8162306,0.07724756,4.51e-05,0.0,0.0],"conf_yes_cr_no_del_yes":[0.0,0.0,0.0,0.0,0.0,0.0,0.0,1.3e-07,3.21e-06,5.037e-05,0.00054687,0.00434623,0.02626319,0.12357239,0.45801673,1.33646096,3.02348477,5.11314923,5.98619031,3.91633164,0.03116956]}}
