{"nodes":{"cr_yes":[0.0,0.0,0.0,0.0,0.0,0.0,0.0,0.0,0.0,0.0,0.0,0.0,0.0,0.0,0.0108287,17.74408959,2.24908167,8.4e-07,0.0,0.0,0.0],"imm_yes_cr_yes":[0.0,0.0,0.0,0.0,0.0,0.0,0.0,1.84e-06,0.08380072,11.8567999,8.03363011,0.0297677,5.3e-07,0.0,0.0,0.0,0.0,0.0,0.0,0.0,0.0],"imm_yes_cr_no":[0.0,0.0,0.0,0.0,0.0,0.0,0.0,0.0,8e-08,0.0002596,0.08200924,2.900541,11.82092367,5.02732044,0.17265285,0.00029391,1e-08,0.0,0.0,0.0,0.0],"del_yes_cr_yes":[0.0,0.0,0.0,0.0,0.0,0.0,0.0,0.0,7e-08,0.0015412,0.81704874,13.04817127,6.07354786,0.06368298,8.68e-06,0.0,0.0,0.0,0.0,0.0,0.0],"del_yes_cr_no":[0.0,0.0,0.0,0.0,0.0,0.0,8e-08,2.658e-05,0.00261424,0.08369367,0.98422327,4.50053213,8.01327798,5.24943976,1.11023001,0.05944546,0.00051732,3.1e-07,0.0,0.0,0.0],"conf_yes_cr_yes_del_yes":[0.0,0.0,0.0,0.0,0.0,0.0,0.0,0.0,0.0,0.0,2.7e-07,0.00038571,0.08413784,2.75851211,11.97141772,5.07454811,0.1149577,4.135e-05,0.0,0.0,0.0],"conf_yes_cr_no_del_yes":[0.0,1e-08,1.2e-07,1.1e-06,8.2e-06,5.192e-05,0.000282,0.00132548,0.00542783,0.01945326,0.06118306,0.16898487,0.40938464,0.8681379,1.61220462,2.63907663,3.80041913,4.52526669,3.80132345,1.85797843,0.46698289]}}
