{"nodes":{"cr_yes":[0.0,0.0,0.0,0.0,0.0,0.0,0.0,0.0,0.0,0.0,0.0,1.36e-06,0.00069432,0.05867176,0.71170834,1.10344859,10.26789641,3.86508194,3.9945359,0.00196218,0.0],"imm_yes_cr_yes":[0.0,0.0,0.0,0.0,0.0,1.29e-05,0.04799787,7.59385311,12.20379074,0.15832684,1.934e-05,0.0,0.0,0.0,0.0,0.0,0.0,0.0,0.0,0.0,0.0],"imm_yes_cr_no":[0.0,0.0,0.0,0.0,4e-08,6.09e-06,0.00032949,0.00722184,0.06736734,0.27426995,0.48885724,0.37437755,0.11949842,0.03582598,0.27974224,1.75416136,5.14271832,6.7942471,3.80944845,0.82583068,0.06019745],"del_yes_cr_yes":[0.0,0.0,0.0,0.0,0.0,1.067e-05,0.03620677,3.24868383,12.99540763,3.59315158,0.12978798,0.00075194,4.1e-07,0.0,0.0,0.0,0.0,0.0,0.0,0.0,0.0],"del_yes_cr_no":[1.84e-06,2.74e-06,5e-06,9.635e-05,0.0019284,0.01880223,0.10012023,0.34380308,0.97099904,2.44902023,4.47285894,4.96254017,3.24394857,1.47739591,0.70841438,0.39905499,0.25218138,0.20914027,0.19125278,0.15293452,0.09900135],"conf_yes_cr_yes_del_yes":[4e-08,2e-08,1e-08,0.0,0.0,0.0,0.0,0.0,0.0,0.0,2e-08,1.037e-05,0.00218813,0.13309752,2.22893079,9.05773548,7.34216565,1.19744629,0.04237557,5.092e-05,0.0],"conf_yes_cr_no_del_yes":[0.10929581,0.14263643,0.18171136,0.22585591,0.27371273,0.32316699,0.37137973,0.41496405,0.45036301,0.47452146,0.48602963,0.48733844,0.49095469,0.54008214,0.75914174,1.39039073,2.58301252,3.76934313,3.6643312,2.28073197,1.2793701]}}
