{"nodes":{"cr_yes":[0.0,0.0,0.0,0.0,0.0,0.0,0.0,0.0,0.0,0.0,0.0,0.0,0.0,1.6e-07,0.10266669,19.67149217,0.22984177,1e-08,0.0,0.0,0.0],"imm_yes_cr_yes":[0.0,0.0,0.0,0.0,0.0,5.841e-05,0.69425031,17.42449359,1.88385648,0.00134198,3e-08,0.0,0.0,0.0,0.0,0.0,0.0,0.0,0.0,0.0,0.0],"imm_yes_cr_no":[0.0,0.0,0.0,0.0,0.0,7e-08,0.00046292,0.14422457,3.61193795,11.11103316,4.90627726,0.22924253,0.00081898,3.32e-06,5e-08,0.0,0.0,0.0,0.0,0.0,0.0],"del_yes_cr_yes":[0.0,0.0,0.0,0.0,0.0,0.0,0.0,0.0,0.00017161,0.30982423,10.90930723,8.64278437,0.14187587,3.747e-05,2e-08,0.0,0.0,0.0,0.0,0.0,0.0],"del_yes_cr_no":[0.0,0.0,1.1e-07,0.00039088,0.09934779,2.28591285,8.69716255,7.29917177,1.53449795,0.08584159,0.00161083,6e-05,4.27e-06,2.1e-07,1e-08,0.0,0.0,0.0,0.0,0.0,0.0],"conf_yes_cr_yes_del_yes":[0.0,0.0,0.0,0.0,0.0,0.0,0.0,0.0,0.0,0.0,1e-08,1.027e-05,0.00512484,0.47485502,6.74449758,11.38591574,1.38867738,0.00491711,2.85e-06,0.0,0.0],"conf_yes_cr_no_del_yes":[2.656e-05,6.156e-05,0.00013941,0.0003087,0.00066851,0.0014161,0.00293455,0.00594912,0.01179695,0.022876,0.04336112,0.08029049,0.145112,0.25569878,0.4386609,0.73173186,1.1887346,1.91130044,3.22542137,6.18698407,11.50108201]}}
