{"nodes":{"cr_yes":[0.0,0.0,0.0,0.0,0.0,0.0,0.0,0.0,0.0,0.0,0.0,1e-08,0.0058497,14.56919581,5.4289296,2.568e-05,0.0,0.0,0.0,0.0,0.0],"imm_yes_cr_yes":[0.0,0.0,0.0,0.0,0.0,0.0,0.0,0.0,0.0,0.0,3.205e-05,0.57611602,18.61158088,0.81624752,2.432e-05,0.0,0.0,0.0,0.0,0.0,0.0],"imm_yes_cr_no":[0.0,0.0,0.0,0.0,0.0,0.0,0.0,0.0,1e-07,0.00380948,1.92474287,15.93589344,2.13413397,0.00542008,8.5e-07,0.0,0.0,0.0,0.0,0.0,0.0],"del_yes_cr_yes":[0.0,0.0,0.0,9.861e-05,0.16185338,5.96960232,11.82184922,2.01211667,0.03838537,9.514e-05,7e-08,1e-08,0.0,0.0,0.0,0.0,0.0,0.0,0.0,0.0,0.0],"del_yes_cr_no":[0.33373918,19.81858708,0.01854222,1.91e-06,0.0,0.0,0.0,0.0,0.0,0.0,0.0,0.0,0.0,0.0,0.0,0.0,0.0,0.0,0.0,0.0,0.0],"conf_yes_cr_yes_del_yes":[0.0005385,0.0010287,0.00184972,0.0031277,0.0049666,0.00739305,0.0102922,0.01336106,0.01611554,0.01798089,0.01853354,0.01970765,0.05434168,0.38189505,1.95021119,5.44082851,7.35308575,4.01508539,0.66862977,0.0252541,8.692e-05],"conf_yes_cr_no_del_yes":[0.21247092,0.25054439,0.29905114,0.36367851,0.44978916,0.56097522,0.69799971,0.85812521,1.03482988,1.21791076,1.39397433,1.5473144,1.66117728,1.71941422,1.70852118,1.62006588,1.45350213,1.21937145,0.94289201,0.66793484,0.46138735]}}
