{"nodes":{"cr_yes":[0.0,0.0,0.0,0.0,0.0,0.0,0.0,0.0,0.0,1e-08,1e-08,1e-08,0.0,0.0,0.0,0.0,0.0,0.0,2.41e-06,0.03024304,39.94751065],"imm_yes_cr_yes":[0.0,0.0,0.0,0.0,0.0,0.0,0.0,0.0,0.0,0.0,0.00019438,0.36150669,12.57220449,6.9257179,0.14408129,0.00029605,0.0,0.0,0.0,0.0,0.0],"imm_yes_cr_no":[0.0,0.0,0.0,0.0,0.0,0.0,0.0,0.0,0.0,0.0,0.0,0.0,3.7e-05,0.06002875,4.99387506,14.31305909,0.63691099,8.99e-05,0.0,0.0,0.0],"del_yes_cr_yes":[0.0,0.0,0.0,1e-07,0.00180706,0.57577508,8.34522451,9.78340852,1.27623062,0.02150699,4.791e-05,1e-08,0.0,0.0,0.0,0.0,0.0,0.0,0.0,0.0,0.0],"del_yes_cr_no":[6.92015744,5.68575169,2.92471686,2.17483999,1.71453333,1.29702914,0.93876567,0.65274315,0.43759607,0.28368566,0.17827682,0.10882441,0.06463491,0.03740543,0.02111779,0.01164252,0.00627335,0.00330611,0.00170514,0.00086108,0.00042594],"conf_yes_cr_yes_del_yes":[0.03801915,0.03603689,0.03322178,0.02989967,0.02675914,0.02530952,0.02880552,0.04372056,0.08143296,0.15921831,0.29975166,0.5299043,0.88222445,1.41463556,2.28237303,3.62023178,4.58483519,3.59793353,1.63668512,0.56796036,0.20810377],"conf_yes_cr_no_del_yes":[0.44062705,0.46930603,0.50807401,0.55962909,0.62559327,0.70623279,0.80028868,0.90491763,1.01574302,1.12701643,1.23188917,1.32279432,1.39193883,1.4319061,1.43636864,1.40091114,1.32396373,1.20784558,1.0599187,0.89385208,0.73099605]}}
