{"nodes":{"cr_yes":[0.0,0.0,0.0,0.0,0.0,0.0,0.0,0.0,0.0,0.0,0.0,0.0,0.0,0.00040603,5.2029296,14.79932412,0.00134105,0.0,0.0,0.0,0.0],"imm_yes_cr_yes":[0.0,0.0,0.0,0.0,0.0,0.0,0.0,0.00552084,9.3520724,10.63379553,0.01261201,2e-08,0.0,0.0,0.0,0.0,0.0,0.0,0.0,0.0,0.0],"imm_yes_cr_no":[0.0,0.0,0.0,0.0,0.0,0.0,0.0,0.0,0.0,0.0,8e-07,0.00117962,0.21847729,5.02723172,12.39553128,2.34375433,0.01782421,1.54e-06,0.0,0.0,0.0],"del_yes_cr_yes":[0.0,0.0,0.0,0.0,0.0,0.0,0.0,7.87e-06,0.05933423,6.33594342,13.05601496,0.55229598,0.00040435,0.0,0.0,0.0,0.0,0.0,0.0,0.0,0.0],"del_yes_cr_no":[0.0,0.0,0.0,0.0,0.0,7.4e-07,0.00018276,0.0109355,0.21265396,1.59971319,5.12515747,7.27203921,4.52045142,1.1542703,0.10584833,0.00273506,1.286e-05,0.0,0.0,0.0,0.0],"conf_yes_cr_yes_del_yes":[0.0,0.0,0.0,0.0,0.0,0.0,0.0,0.0,0.0,0.0,1.44e-06,0.00124748,0.17397323,3.8706251,12.03870579,3.85023023,0.06919672,2.081e-05,0.0,0.0,0.0],"conf_yes_cr_no_del_yes":[0.0,0.0,0.0,0.0,0.0,0.0,0.0,1e-08,4.9e-07,1.236e-05,0.00020022,0.00220931,0.01739174,0.10056052,0.43328859,1.39062094,3.26487137,5.37692039,5.76915765,3.59347606,0.11058229]}}
