{"nodes":{"cr_yes":[0.0,0.0,0.0,0.0,0.0,0.0,0.0,0.0,0.0,0.0,0.0,0.0,0.0,0.0,0.00012852,1.46183638,18.51057388,0.03146202,0.0,0.0,0.0],"imm_yes_cr_yes":[0.0,0.0,0.0,0.0,0.0,0.0,1.6e-07,0.02378627,7.82898612,12.03223007,0.11899057,7.6e-06,0.0,0.0,0.0,0.0,0.0,0.0,0.0,0.0,0.0],"imm_yes_cr_no":[0.0,0.0,0.0,0.0,0.0,0.0,0.0,0.0,0.0,0.0,2.1e-07,0.00010089,0.01315575,0.47816418,4.65496034,10.56221664,4.14299826,0.15227334,0.0001312,0.0,0.0],"del_yes_cr_yes":[0.0,1e-08,8.153e-05,0.00027945,1.356e-05,5e-08,3.317e-05,0.00952779,0.4497329,4.29453639,9.42879252,5.10198531,0.69545797,0.02337825,0.0001816,2.9e-07,0.0,0.0,0.0,0.0,0.0],"del_yes_cr_no":[1.98e-06,5.863e-05,2.964e-05,1.125e-05,0.00044796,0.01189778,0.13681437,0.79631446,2.58039975,4.91757836,5.651327,3.91465055,1.59231282,0.35937427,0.0407775,0.0019745,3.089e-05,9e-08,0.0,0.0,0.0],"conf_yes_cr_yes_del_yes":[0.0,0.0,0.0,0.0,0.0,0.0,0.0,0.0,0.0,1e-08,5.43e-06,0.00081789,0.04289897,0.80033644,5.08561578,9.66150099,4.17703999,0.23530477,0.00048053,0.0,0.0],"conf_yes_cr_no_del_yes":[0.0,0.0,0.0,0.0,0.0,0.0,1.1e-07,2.77e-06,4.266e-05,0.00044954,0.00345941,0.02033913,0.09415161,0.34911047,1.04169169,2.47492617,4.52663328,5.89202934,4.5076802,1.09322095,0.00052693]}}
