{"nodes":{"cr_yes":[7.818e-05,0.00015614,0.00019321,0.00014485,6.411e-05,1.626e-05,2.28e-06,1.7e-07,1e-08,0.0,0.0,0.0,0.0,2e-08,3e-08,0.01399276,16.82040098,0.45090636,2.7002194,0.01786512,0.0],"imm_yes_cr_yes":[0.0,0.0,0.0,0.0,0.0,0.0,1e-07,0.03109559,10.54650004,9.37128136,0.05511977,3.93e-06,0.0,0.0,0.0,0.0,0.0,0.0,0.0,0.0,0.0],"imm_yes_cr_no":[0.0,0.0,0.0,0.0,3e-08,8.76e-06,0.00089257,0.03118219,0.39572082,1.88004966,3.37924811,3.10735673,6.1500372,4.65503635,0.40197969,0.00248815,5.4e-07,0.0,0.0,0.0,0.0],"del_yes_cr_yes":[0.0,0.0,0.0,0.0,0.0,0.0,0.0,0.0,2e-08,0.00030528,0.20193965,6.86103498,12.04691427,0.89203898,0.00176757,4e-08,0.0,0.0,0.0,0.0,0.0],"del_yes_cr_no":[0.0002078,0.00038454,0.00057488,0.0006973,0.00068986,0.00066128,0.00247787,0.02262874,0.17582432,1.04572195,3.72956843,6.7512844,5.70387933,2.1349471,0.3790502,0.04985151,0.0053931,0.00025849,3.58e-06,1e-08,0.0],"conf_yes_cr_yes_del_yes":[0.0,0.0,0.0,0.0,0.0,0.0,0.0,0.0,0.0,0.0,0.0,1.049e-05,0.00534728,0.47072434,6.55340044,11.41510619,1.55290406,0.00650788,1.1e-07,0.0,0.0],"conf_yes_cr_no_del_yes":[9.235e-05,0.00018724,0.00037309,0.0007306,0.00140615,0.00265978,0.00494398,0.00902895,0.01619568,0.02852224,0.04928953,0.0835234,0.13866292,0.22528687,0.35775805,0.55501585,0.84819554,1.36008168,2.81967473,7.76595301,11.47293068]}}
