{"nodes":{"cr_yes":[0.0,0.0,0.0,0.0,0.0,0.0,0.0,2e-08,1.3e-07,2.4e-07,1.4e-07,3e-08,0.0,3.8e-07,0.00020129,3.37812752,16.62384503,0.00182602,0.0,0.0,0.0],"imm_yes_cr_yes":[0.0,0.0,0.0,0.0,0.0,0.0,0.0,0.00458661,5.47213504,14.40802931,0.11924669,3.15e-06,0.0,0.0,0.0,0.0,0.0,0.0,0.0,0.0,0.0],"imm_yes_cr_no":[0.0,0.0,0.0,0.0,0.0,0.0,1e-08,5.7e-07,2.945e-05,0.00051014,0.01552271,1.08581267,9.30100314,8.58043154,0.98255052,0.03708544,0.00105135,3.26e-06,0.0,0.0,0.0],"del_yes_cr_yes":[0.0,0.0,0.0,0.0,0.0,0.0,1e-08,1.283e-05,0.01944286,1.8120886,12.06269551,5.91377457,0.19563644,0.00034996,2e-08,0.0,0.0,0.0,0.0,0.0,0.0],"del_yes_cr_no":[3e-08,9.6e-07,2.037e-05,0.00027338,0.00243123,0.01483881,0.06372067,0.19570736,0.4338205,0.69633041,0.82522228,0.92417873,1.89284734,4.41685264,5.8370001,3.62777637,0.9714497,0.09873556,0.00278372,1.065e-05,0.0],"conf_yes_cr_yes_del_yes":[0.0,0.0,0.0,0.0,0.0,0.0,0.0,0.0,0.0,0.0,2e-08,1.232e-05,0.00384096,0.28540728,4.39411279,11.6019698,3.6502816,0.06834008,3.593e-05,2e-08,0.0],"conf_yes_cr_no_del_yes":[0.32606532,0.27688458,0.22637934,0.17789388,0.13419483,0.09735906,0.0689295,0.05027237,0.04291392,0.04930884,0.08050279,0.20039828,0.65533384,1.93122347,4.06780401,5.47690061,4.28916874,1.7084969,0.28085629,0.02069663,0.01090052]}}
