{"nodes":{"cr_yes":[0.0,0.0,0.0,0.0,0.0,0.0,0.0,0.0,0.0,0.0,0.0,0.0,0.0,4.6e-07,0.07051689,17.98328237,1.95019545,5.64e-06,0.0,0.0,0.0],"imm_yes_cr_yes":[0.0,0.0,0.0,0.0,0.0,0.0,0.0,6e-08,0.00426428,2.32203208,16.03736414,1.63808864,0.00225156,3e-08,0.0,0.0,0.0,0.0,0.0,0.0,0.0],"imm_yes_cr_no":[0.0,0.0,0.0,0.0,0.0,0.0,0.0,0.0,0.0,0.0,1.9e-07,9.99e-05,0.01356468,0.50361498,4.88710918,10.67400369,3.81054373,0.11499991,6.453e-05,0.0,0.0],"del_yes_cr_yes":[0.0,0.0,0.0,0.00011408,0.19100884,6.188174,11.48266056,2.09304468,0.04883776,0.0001608,7e-08,0.0,0.0,0.0,0.0,0.0,0.0,0.0,0.0,0.0,0.0],"del_yes_cr_no":[3.928e-05,0.00069411,0.00034626,7.393e-05,1.634e-05,0.00067326,0.01973342,0.2317225,1.28839091,3.74269033,5.98331654,5.34923577,2.6291696,0.67308422,0.08095743,0.00382458,5.184e-05,1.1e-07,0.0,0.0,0.0],"conf_yes_cr_yes_del_yes":[0.0,0.0,0.0,0.0,0.0,0.0,0.0,0.0,4e-08,7.17e-06,0.00057649,0.02040929,0.33433168,2.48684937,7.54658886,7.65770723,1.89082576,0.066578,0.0001269,0.0,0.0],"conf_yes_cr_no_del_yes":[0.0,0.0,0.0,0.0,0.0,0.0,1e-07,2.51e-06,3.944e-05,0.00041922,0.00324291,0.01914645,0.08900529,0.33163533,0.99561671,2.38509469,4.41531383,5.86053709,4.65433212,1.24937727,0.00047571]}}
