{"nodes":{"cr_yes":[0.0,0.0,0.0,0.0,0.0,0.0,0.0,0.0,0.0,0.0,0.0,0.0,0.0,0.00069761,2.5703271,17.37653325,0.05644283,1e-08,0.0,0.0,0.0],"imm_yes_cr_yes":[0.0,0.0,0.0,0.0,0.0,0.0,0.00629079,7.59108743,12.35355659,0.05306523,7.6e-07,0.0,0.0,0.0,0.0,0.0,0.0,0.0,0.0,0.0,0.0],"imm_yes_cr_no":[0.0,0.0,0.0,0.0,0.0,0.0,0.0,2e-08,8.793e-05,0.03240511,1.46821635,9.27426333,8.27596194,0.94233786,0.01072055,7.72e-06,0.0,0.0,0.0,0.0,0.0],"del_yes_cr_yes":[0.0,0.0,0.0,0.0,0.0,8.59e-06,0.0863239,7.43830616,11.94602295,0.53258046,0.00075872,3e-08,0.0,0.0,0.0,0.0,0.0,0.0,0.0,0.0,0.0],"del_yes_cr_no":[0.0,0.0,4.2e-06,0.00310964,0.18625132,2.07337363,6.52071158,7.27943905,3.26517907,0.6231967,0.05099021,0.0017232,2.209e-05,9e-08,0.0,0.0,0.0,0.0,0.0,0.0,0.0],"conf_yes_cr_yes_del_yes":[0.0,0.0,0.0,0.0,0.0,0.0,0.0,0.0,0.0,5e-08,2.336e-05,0.00305999,0.12985181,1.80366216,7.69687175,8.55924891,1.77630193,0.03496684,1.4e-05,0.0,0.0],"conf_yes_cr_no_del_yes":[0.0,0.0,0.0,0.0,0.0,0.0,3e-08,8.7e-07,1.449e-05,0.00017056,0.00147778,0.00979028,0.05095739,0.21182493,0.70702049,1.8796194,3.87008111,5.78419751,5.39987111,2.06335222,0.05124527]}}
