{"nodes":{"cr_yes":[0.0,0.0,0.0,0.0,0.0,0.0,0.0,0.0,0.0,0.0,0.0,0.0,0.0,0.0,9.063e-05,10.8827147,9.12119474,7.3e-07,0.0,0.0,0.0],"imm_yes_cr_yes":[0.0,0.0,0.0,0.0,0.0,0.0,0.00038436,4.18446147,15.77276205,0.04639279,1.4e-07,0.0,0.0,0.0,0.0,0.0,0.0,0.0,0.0,0.0,0.0],"imm_yes_cr_no":[0.0,0.0,0.0,0.0,0.0,0.0,0.0,7.077e-05,0.08015061,4.19310518,13.07619729,2.62339532,0.031065,1.664e-05,0.0,0.0,0.0,0.0,0.0,0.0,0.0],"del_yes_cr_yes":[0.0,0.0,0.0,0.0,0.0,0.0,0.0,0.00016685,0.50125198,14.19209526,5.28313757,0.02734753,1.61e-06,0.0,0.0,0.0,0.0,0.0,0.0,0.0,0.0],"del_yes_cr_no":[0.0,0.0,0.0,0.0,3e-08,4.825e-05,0.01097193,0.47262175,4.33912728,9.38332728,5.0858107,0.69022884,0.02173074,0.00013389,1.2e-07,0.0,0.0,0.0,0.0,0.0,0.0],"conf_yes_cr_yes_del_yes":[0.0,0.0,0.0,0.0,0.0,0.0,0.0,0.0,0.0,0.0,1.4e-07,0.0002199,0.05497552,2.13230466,11.37848858,6.24087426,0.19702608,0.00011166,0.0,0.0,0.0],"conf_yes_cr_no_del_yes":[0.0,0.0,0.0,0.0,0.0,0.0,2e-08,3e-07,3.3e-06,2.888e-05,0.00020149,0.00113506,0.00522981,0.02043092,0.07653197,0.3323609,1.5326957,5.22039491,8.96187199,3.83400767,0.03821577]}}
