{"nodes":{"cr_yes":[0.0,0.0,0.0,0.0,0.0,0.0,0.0,0.0,0.0,0.0,0.0,0.0,0.00027336,3.35647067,16.63737075,0.00988602,0.0,0.0,0.0,0.0,0.0],"imm_yes_cr_yes":[0.0,0.0,0.0,0.0,0.0,0.0,0.0,0.0,1.4e-07,0.00659884,3.07148617,16.06175582,0.86382126,0.00033857,0.0,0.0,0.0,0.0,0.0,0.0,0.0],"imm_yes_cr_no":[0.0,0.0,0.0,0.0,0.0,0.0,9.7e-07,0.00153653,0.07871045,0.37747233,6.61343116,11.88372253,1.04563208,0.00349447,2.7e-07,0.0,0.0,0.0,0.0,0.0,0.0],"del_yes_cr_yes":[0.0,0.0,0.0,0.0,0.0,0.0,0.0,1.514e-05,0.0402218,3.57590068,13.85578374,2.51290026,0.01917465,4.53e-06,0.0,0.0,0.0,0.0,0.0,0.0,0.0],"del_yes_cr_no":[0.00520253,13.06639732,0.92070607,3.05016539,2.69945015,0.2602388,0.00442508,1.67e-05,2e-08,0.0,0.0,0.0,0.0,0.0,0.0,0.0,0.0,0.0,0.0,0.0,0.0],"conf_yes_cr_yes_del_yes":[0.0,0.0,0.0,0.0,0.0,0.0,0.0,0.0,0.0,0.0,3e-08,2.588e-05,0.00556629,0.30757962,4.11630999,11.19013627,4.27602486,0.10832402,3.383e-05,0.0,0.0],"conf_yes_cr_no_del_yes":[7e-08,2.7e-07,9.7e-07,3.26e-06,1.023e-05,3.004e-05,8.307e-05,0.00021714,0.00053825,0.00126871,0.0028544,0.00619022,0.01333207,0.03058876,0.08180016,0.2558323,0.83434896,2.48874914,6.04932893,9.78206244,0.91352289]}}
