{"nodes":{"cr_yes":[0.0,0.0,0.0,0.0,0.0,0.0,0.0,0.0,0.0,0.0,0.0,0.0,0.0,0.0,0.01612736,19.54406409,0.44380935,0.0,0.0,0.0,0.0],"imm_yes_cr_yes":[0.0,0.0,0.0,0.0,0.0,0.0,0.00027422,3.37861886,16.55217061,0.07293673,3.9e-07,0.0,0.0,0.0,0.0,0.0,0.0,0.0,0.0,0.0,0.0],"imm_yes_cr_no":[0.0,0.0,0.0,2.8e-07,0.00011947,0.01256992,0.36139258,3.0706509,8.06456571,6.64370813,1.69197779,0.12730575,0.00298233,0.00361685,0.01109259,0.01069207,0.00307755,0.00024376,5.02e-06,1e-07,1e-08],"del_yes_cr_yes":[0.0,0.0,0.0,0.0,0.0,0.0,2e-08,0.00177101,1.38425713,15.35158496,3.25211813,0.01426842,1.13e-06,0.0,0.0,0.0,0.0,0.0,0.0,0.0,0.0],"del_yes_cr_no":[0.0,0.0,0.0,0.0,1.36e-06,0.00026679,0.01284437,0.19706582,1.20141993,3.65663089,6.34603506,5.76810928,2.37370576,0.41547133,0.03144167,0.00099715,1.124e-05,1.6e-07,1e-08,0.0,0.0],"conf_yes_cr_yes_del_yes":[0.0,0.0,0.0,0.0,0.0,0.0,0.0,0.0,0.0,0.0,3.1e-07,0.0001283,0.01493036,0.50159309,4.66193368,10.44291791,4.20506963,0.17713718,0.00029034,0.0,0.0],"conf_yes_cr_no_del_yes":[0.32885057,0.3404502,0.33739197,0.31951814,0.28857862,0.24799295,0.2022947,0.15654545,0.11642674,0.09036765,0.09555862,0.17257876,0.43093231,1.13717015,2.58722197,4.30054441,4.65610295,3.03035065,1.11472211,0.20786971,0.01391493]}}
