{"nodes":{"cr_yes":[0.0,0.0,0.0,0.0,0.0,0.0,0.0,0.0,0.0,0.0,0.0,0.0,0.0,6.33e-06,0.16882231,17.3758304,2.45926889,7.288e-05,0.0,0.0,0.0],"imm_yes_cr_yes":[0.0,0.0,0.0,0.0,0.0,0.0,0.0,0.0,0.0,0.0,2.24e-06,0.12573007,16.32787575,3.54979212,0.00060062,0.0,0.0,0.0,0.0,0.0,0.0],"imm_yes_cr_no":[0.0,0.0,0.0,0.0,0.0,0.0,0.0,0.0,0.0,0.0,0.0,0.0,4.74e-06,0.00623276,0.91900541,11.66671378,7.33809719,0.07394602,9.1e-07,0.0,0.0],"del_yes_cr_yes":[0.0,0.0,0.0,0.0,0.0,0.0,2.69e-05,0.06743263,4.72864448,13.39511223,1.80136139,0.01142029,2.87e-06,0.0,0.0,0.0,0.0,0.0,0.0,0.0,0.0],"del_yes_cr_no":[5e-08,0.01392782,0.6121602,3.4647211,6.55751497,5.76637053,2.72324412,0.7376042,0.1170905,0.01079461,0.00055742,1.511e-05,1.9e-07,0.0,0.0,0.0,0.0,0.0,0.0,0.0,0.0],"conf_yes_cr_yes_del_yes":[0.0,0.0,0.0,0.0,0.0,0.0,0.0,0.0,0.0,0.0,7e-08,4.067e-05,0.00664092,0.30556922,3.77015222,10.68958529,5.03011992,0.20174196,0.00015053,0.0,0.0],"conf_yes_cr_no_del_yes":[0.0,0.0,0.0,0.0,0.0,1e-08,5e-08,2.3e-07,1.01e-06,6.02e-06,5.143e-05,0.00045804,0.00349096,0.02174109,0.11022931,0.45447385,1.50544185,3.86539462,7.02437127,6.8796926,0.27729691]}}
