{"nodes":{"cr_yes":[0.0,0.0,0.0,0.0,1e-08,2e-08,2e-08,1e-08,0.0,0.0,0.0,0.0,0.0,0.0,0.00088126,3.66690295,16.32633414,0.0098725,1.76e-06,8.07e-06,1e-07],"imm_yes_cr_yes":[0.0,0.0,0.0,0.0,0.0,1.1e-07,0.00892148,4.08762447,15.29186509,0.61510885,0.00048079,1e-08,0.0,0.0,0.0,0.0,0.0,0.0,0.0,0.0,0.0],"imm_yes_cr_no":[0.0,0.0,0.0,0.0,0.0,0.0,4e-08,6.434e-05,0.01374447,0.54002021,4.44915494,8.25071157,4.3262748,1.8482034,0.53623515,0.03909125,0.00049988,7.4e-07,0.0,0.0,0.0],"del_yes_cr_yes":[0.0,0.0,0.0,0.0,0.0,1e-08,0.0002958,0.25611068,7.62155202,11.17054841,0.95075613,0.00473654,1.2e-06,0.0,0.0,0.0,0.0,0.0,0.0,0.0,0.0],"del_yes_cr_no":[7.942e-05,2.893e-05,2.562e-05,0.00084445,0.01592989,0.14228923,0.69513457,2.08425995,4.13596859,5.42675053,4.48836568,2.2407971,0.65522199,0.10808225,0.00937184,0.0003903,2.876e-05,4.116e-05,8.322e-05,0.00017357,0.00034698],"conf_yes_cr_yes_del_yes":[0.0,0.0,0.0,0.0,0.0,0.0,0.0,0.0,0.0,1e-08,1.25e-06,0.00013648,0.00739293,0.18396131,1.92362088,7.28227242,8.24085784,2.25490447,0.11013424,0.00071705,3.89e-06],"conf_yes_cr_no_del_yes":[0.25630971,0.3080209,0.36353243,0.42144831,0.4802002,0.53830886,0.59471519,0.64910482,0.70210095,0.7551796,0.81023703,0.86901967,0.9332407,1.00714779,1.10485722,1.26178773,1.53551765,1.95393471,2.37462181,2.38631891,1.65310294]}}
