{"nodes":{"cr_yes":[0.0,0.0,0.0,0.0,0.0,0.0,0.0,0.0,0.0,0.0,0.0,0.0,0.0,0.0,0.0,0.00045704,15.99583743,4.00770631,1e-08,0.0,0.0],"imm_yes_cr_yes":[0.0,0.0,0.0,0.0,0.0,0.0,0.0,0.0,0.0,0.0,0.00021121,1.99740652,17.90653842,0.09984452,1.3e-07,0.0,0.0,0.0,0.0,0.0,0.0],"imm_yes_cr_no":[0.0,0.0,0.0,0.0,0.0,0.0,0.0,0.0,0.0,0.0,0.0,1.1e-07,0.00038506,0.14569607,5.31426374,13.36600089,1.17674362,0.00091131,0.0,0.0,0.0],"del_yes_cr_yes":[0.0,0.0,0.0,0.0,0.0,1e-08,0.000936,0.85520659,13.49265639,5.5834125,0.07176163,2.768e-05,0.0,0.0,0.0,0.0,0.0,0.0,0.0,0.0,0.0],"del_yes_cr_no":[0.0,2.3432203,11.79109809,5.11296048,0.64962996,0.03565672,0.00240398,0.00518743,0.01150236,0.0167184,0.01648922,0.01129941,0.00544958,0.00185686,0.00044496,7.403e-05,8.37e-06,6.2e-07,3e-08,0.0,0.0],"conf_yes_cr_yes_del_yes":[0.0,0.0,0.0,0.0,0.0,0.0,0.0,0.0,0.0,0.0,6e-08,3.623e-05,0.00631189,0.30407706,3.84373984,10.84002818,4.84078726,0.16893033,8.996e-05,0.0,0.0],"conf_yes_cr_no_del_yes":[0.0,0.0,0.0,0.0,0.0,0.0,0.0,5e-08,4.4e-07,4.16e-06,3.854e-05,0.00031789,0.00223252,0.01320638,0.06589178,0.27769262,0.98284134,2.85821728,6.42921506,9.20535443,0.33797661]}}
