{"nodes":{"cr_yes":[0.0,0.0,0.0,0.0,0.0,0.0,0.0,0.0,0.0,0.0,0.0,0.0,9e-08,0.00883649,5.69713021,14.24250454,0.05506178,0.0004677,0.0,0.0,0.0],"imm_yes_cr_yes":[0.0,0.0,0.0,0.0,0.0,0.0,0.0,0.0,0.0,5.12e-06,0.06292587,8.24644412,11.56248629,0.13213279,6.62e-06,0.0,0.0,0.0,0.0,0.0,0.0],"imm_yes_cr_no":[0.0,0.0,0.0,0.0,0.0,0.0,0.0,0.0,0.0,0.0,1.344e-05,0.0146382,1.42888807,11.79481776,6.60565618,0.15991455,7.261e-05,0.0,0.0,0.0,0.0],"del_yes_cr_yes":[0.0,0.00726149,2.90410931,13.19501783,3.74936557,0.14624466,0.00124933,4.83e-06,4.72e-06,1.185e-05,2.477e-05,4.387e-05,6.678e-05,8.847e-05,0.00010307,0.00010655,9.848e-05,8.194e-05,6.172e-05,4.23e-05,2.65e-05],"del_yes_cr_no":[20.27696598,6.3534922,1.83222419,0.88421129,0.42903521,0.20200359,0.09245627,0.04122552,0.01793851,0.00762738,0.0031724,0.00129176,0.00051527,0.00020145,7.722e-05,2.903e-05,1.071e-05,3.87e-06,1.37e-06,4.8e-07,1.6e-07],"conf_yes_cr_yes_del_yes":[0.04909664,0.04824641,0.04602446,0.04257385,0.03814489,0.0331378,0.02850661,0.02806727,0.04887847,0.15385438,0.50651946,1.35865471,2.7907503,4.273903,4.7315592,3.60091924,1.72924055,0.452998,0.05421644,0.00900535,0.00850417],"conf_yes_cr_no_del_yes":[0.28052351,0.3074656,0.34169928,0.38322455,0.43204141,0.48814986,0.55154989,0.62224152,0.70022473,0.78549953,0.87806592,0.9779239,1.08507347,1.19951463,1.32124738,1.45027172,1.58658764,1.73019516,1.88109426,2.03928496,2.20476724]}}
