{"nodes":{"cr_yes":[0.0,0.0,0.0,0.0,0.0,0.0,0.0,0.0,0.0,0.0,0.0,0.0,0.0,0.0,0.00204549,12.44665739,7.55528335,1.458e-05,0.0,0.0,0.0],"imm_yes_cr_yes":[0.0,0.0,0.0,0.0,0.0,9e-08,0.03482831,10.9320643,8.98736168,0.04971015,3.626e-05,0.0,0.0,0.0,0.0,0.0,0.0,0.0,0.0,0.0,0.0],"imm_yes_cr_no":[0.0,0.0,0.0,0.0,0.0,0.0,0.0,5e-08,0.00011206,0.03041636,1.22939108,8.20422542,9.03938953,1.47278646,0.02764209,3.774e-05,0.0,0.0,0.0,0.0,0.0],"del_yes_cr_yes":[0.0,0.0,0.0,0.0,0.0,1.73e-06,0.03498727,5.3021465,13.73327472,0.93164998,0.00194048,1.2e-07,0.0,0.0,0.0,0.0,0.0,0.0,0.0,0.0,0.0],"del_yes_cr_no":[0.0,0.0,0.0,0.0,4.94e-06,0.00101319,0.04396141,0.58639416,2.97390187,6.46608706,6.39235698,2.9046113,0.58610227,0.04817814,0.00137896,1.051e-05,1e-08,0.0,0.0,0.0,0.0],"conf_yes_cr_yes_del_yes":[0.0,0.0,0.0,0.0,0.0,0.0,0.0,0.0,0.0,0.0,4e-08,2.271e-05,0.00405388,0.21006317,3.0173653,10.33402879,6.11607093,0.32206524,0.00033074,0.0,0.0],"conf_yes_cr_no_del_yes":[0.0,0.0,0.0,0.0,0.0,0.0,0.0,2e-08,2.3e-07,2.13e-06,2.025e-05,0.00022916,0.00262538,0.02476611,0.1746482,0.8782928,2.98536006,6.22330243,6.65081451,3.00227371,0.12333163]}}
