{"nodes":{"cr_yes":[1.85e-06,7.048e-05,0.00163437,0.02304651,0.1967338,1.00915145,3.07781931,5.50356999,5.66757256,3.28735172,1.04508878,0.17616207,0.01512329,0.0006297,1.198e-05,1.3e-07,4.03e-06,2.521e-05,4.48e-06,1e-08,0.0],"imm_yes_cr_yes":[0.0,0.0,0.0,0.0,0.0,0.0,0.0,0.0,0.0,0.0,8e-08,0.01065024,6.38988877,13.54889532,0.05456626,1.3e-07,0.0,0.0,0.0,0.0,0.0],"imm_yes_cr_no":[0.0,0.0,0.0,0.0,0.0,0.0,0.0,0.0,0.0,0.0,0.0,0.0,1.106e-05,0.03669221,4.69883877,14.81029209,0.45814534,2.133e-05,0.0,0.0,0.0],"del_yes_cr_yes":[0.0,0.0,4e-08,1.272e-05,0.00993128,0.81540019,9.59168457,8.8175941,0.76210731,0.00726273,7.85e-06,0.0,0.0,0.0,0.0,0.0,0.0,0.0,0.0,0.0,0.0],"del_yes_cr_no":[13.42546183,8.7985373,2.4950112,1.04169512,0.51734712,0.24767394,0.11190607,0.04786616,0.01945044,0.00752925,0.00278238,0.00098316,0.00033258,0.0001078,3.35e-05,9.98e-06,2.85e-06,7.8e-07,2.1e-07,5e-08,1e-08],"conf_yes_cr_yes_del_yes":[0.00838073,0.01413923,0.02314212,0.03719507,0.05945,0.09525973,0.15277647,0.24222229,0.3724582,0.54445044,0.7447167,0.94852449,1.15331034,1.48043365,2.29893037,3.74604214,4.37812242,2.72045403,0.77877948,0.15550392,0.10779868],"conf_yes_cr_no_del_yes":[0.46904763,0.49460072,0.53011679,0.57788273,0.63910151,0.71374343,0.80047136,0.89664007,0.99836961,1.1006927,1.19777624,1.28321678,1.3504101,1.39299484,1.40537014,1.38328738,1.32451588,1.22958278,1.10258685,0.95208642,0.79206132]}}
