{"nodes":{"cr_yes":[0.0,0.0,0.0,0.0,0.0,0.0,0.0,0.0,0.0,0.0,0.0,0.0,0.0,2.6e-07,0.00302581,13.17080606,6.83014391,2.476e-05,0.0,0.0,0.0],"imm_yes_cr_yes":[0.0,0.0,0.0,0.0,0.0,1.7e-07,0.0375339,10.82035815,9.11147953,0.03462838,6.8e-07,0.0,0.0,0.0,0.0,0.0,0.0,0.0,0.0,0.0,0.0],"imm_yes_cr_no":[0.0,0.0,0.0,0.0,0.0,0.0,4e-08,1.09e-06,1.12e-05,0.00014121,0.04825035,2.17130117,10.50750587,6.63364838,0.62968925,0.01318777,0.00026375,7.1e-07,0.0,0.0,0.0],"del_yes_cr_yes":[0.0,0.0,0.0,0.0,0.0,0.0,0.0,5.708e-05,0.14900454,7.9306701,11.44068946,0.48304697,0.00053263,1e-08,0.0,0.0,0.0,0.0,0.0,0.0,0.0],"del_yes_cr_no":[0.0,0.0,0.0,0.0,0.0,9.5e-07,8.459e-05,0.00303517,0.04943323,0.39773446,1.68956392,4.04878486,5.81019045,4.92945406,2.20253906,0.56012138,0.2068445,0.08636684,0.01828067,0.0015464,4.052e-05],"conf_yes_cr_yes_del_yes":[0.0,0.0,0.0,0.0,0.0,0.0,0.0,0.0,0.0,0.0,1e-08,1.552e-05,0.00696587,0.55259356,7.02286497,11.10606731,1.3112444,0.00424905,1e-07,0.0,0.0],"conf_yes_cr_no_del_yes":[1e-08,3e-08,9e-08,2.4e-07,5.7e-07,1.19e-06,2.63e-06,1.857e-05,0.00029495,0.00361615,0.03120436,0.19333204,0.85220379,2.57633355,5.06665487,6.04223169,3.93782549,1.17978636,0.11839912,0.00209261,5.05e-06]}}
