{"nodes":{"cr_yes":[0.0,0.0,0.0,0.0,0.0,0.0,0.0,0.0,0.0,0.0,0.0,0.0,0.0,0.0,0.00033676,3.34942236,16.65037419,0.00386749,0.0,0.0,0.0],"imm_yes_cr_yes":[0.0,0.0,0.0,0.0,0.0,0.0,0.0,1.4e-07,0.00854054,3.61276558,15.61859716,0.76373372,0.00036366,0.0,0.0,0.0,0.0,0.0,0.0,0.0,0.0],"imm_yes_cr_no":[0.0,0.0,0.0,0.0,0.0,0.0,0.0,0.0,0.0,0.0,3.48e-06,0.00267566,0.31294991,5.42151208,11.89616338,2.34909656,0.02159724,2.5e-06,0.0,0.0,0.0],"del_yes_cr_yes":[0.0,0.0,0.0,0.0,0.0,6.92e-06,0.06044409,5.88443062,13.07448971,0.98160167,0.00302738,4.3e-07,0.0,0.0,0.0,0.0,0.0,0.0,0.0,0.0,0.0],"del_yes_cr_no":[10.15624643,9.517878,2.83259744,0.50048834,0.21582387,0.50847519,0.6914911,0.46426311,0.16184486,0.02994608,0.00292102,0.0001451,3.44e-06,4e-08,0.0,0.0,0.0,0.0,0.0,0.0,0.0],"conf_yes_cr_yes_del_yes":[0.0,0.0,0.0,0.0,0.0,0.0,0.0,0.0,0.0,2e-08,7.66e-06,0.00113532,0.05710921,0.99551595,5.74261663,9.572571,3.47920963,0.155602,0.00023339,0.0,0.0],"conf_yes_cr_no_del_yes":[0.0,0.0,0.0,0.0,0.0,1e-08,1.7e-07,3.32e-06,4.632e-05,0.00046362,0.00345409,0.01986514,0.09056443,0.33247131,0.98700319,2.34608809,4.32718293,5.76366498,4.68434222,1.43157603,0.03454986]}}
