{"nodes":{"cr_yes":[0.0,0.0,0.0,0.0,0.0,0.0,0.0,0.0,0.0,0.0,0.0,0.0,0.0,0.0,7.162e-05,0.95801286,19.00251664,0.04339968,0.0,0.0,0.0],"imm_yes_cr_yes":[0.0,0.0,0.0,0.0,0.0,9.27e-06,0.22175639,14.23184881,5.53029643,0.0200891,8e-07,0.0,0.0,0.0,0.0,0.0,0.0,0.0,0.0,0.0,0.0],"imm_yes_cr_no":[0.0,0.0,0.0,0.0,0.0,0.0,0.0,1.94e-06,0.00086016,0.06968471,1.23722135,5.78686613,8.38788171,3.86754824,0.62013996,0.03346156,0.0003347,3.3e-07,0.0,0.0,0.0],"del_yes_cr_yes":[0.0,0.0,0.0,0.0,0.0,2.11e-06,0.01707318,2.6845029,13.9774652,3.28493349,0.03999895,2.498e-05,0.0,0.0,0.0,0.0,0.0,0.0,0.0,0.0,0.0],"del_yes_cr_no":[0.0,7e-08,1.56e-05,0.00088313,0.01750157,0.15953986,0.81719446,2.55400618,4.77615387,5.20500407,3.45701165,1.72005081,0.83547065,0.35005697,0.09538409,0.01456284,0.00112567,3.88e-05,5e-07,0.0,0.0],"conf_yes_cr_yes_del_yes":[0.0,0.0,0.0,0.0,0.0,0.0,0.0,0.0,0.0,0.0,7.1e-07,0.00016748,0.01347828,0.37474081,3.4527533,9.41278336,6.09407038,0.64589231,0.01005325,6.09e-05,1e-08],"conf_yes_cr_no_del_yes":[1.064e-05,4.096e-05,0.00014324,0.0004563,0.00132999,0.0035601,0.00877695,0.01997067,0.04199849,0.08173418,0.14756559,0.24946638,0.40821654,0.70043786,1.35690106,2.73398543,4.63627448,5.3396797,3.31043411,0.86842336,0.18920018]}}
