{"nodes":{"cr_yes":[0.0,0.0,0.0,0.0,0.0,0.0,0.0,0.0,0.0,0.0,0.0,0.0,0.0,6.48e-06,0.0998953,16.98490981,2.9189463,0.00024291,0.0,0.0,0.0],"imm_yes_cr_yes":[0.0,0.0,0.0,0.0,0.0,0.0,2.19e-05,0.29366511,14.65088764,5.04381648,0.01560924,4.3e-07,0.0,0.0,0.0,0.0,0.0,0.0,0.0,0.0,0.0],"imm_yes_cr_no":[0.0,0.0,0.0,0.0,0.0,0.0,7e-08,2.65e-06,0.00097251,0.08041794,1.47513511,6.87212817,8.67632786,2.73164237,0.16606847,0.00130492,7.2e-07,0.0,0.0,0.0,0.0],"del_yes_cr_yes":[0.0,0.0,0.0,0.0,0.0,0.0,2e-08,0.00039743,0.26510139,7.3949125,11.22872406,1.10341903,0.0114233,2.307e-05,0.0,0.0,0.0,0.0,0.0,0.0,0.0],"del_yes_cr_no":[0.0,5e-08,1.097e-05,0.0006398,0.01322286,0.12263495,0.60981431,1.86570092,3.78189933,5.12902973,4.5906626,2.67029622,0.97842821,0.21198943,0.02474042,0.00150683,0.0003343,0.0005463,0.00083613,0.00109458,0.00122571],"conf_yes_cr_yes_del_yes":[0.0,0.0,2e-08,7e-08,2.5e-07,6.9e-07,1.62e-06,3.17e-06,5.14e-06,6.86e-06,7.85e-06,0.00019874,0.02291701,0.74326488,6.10239905,10.50357225,2.58828828,0.04331754,1.737e-05,1e-08,0.0],"conf_yes_cr_no_del_yes":[1.319e-05,3.744e-05,0.00010644,0.00030092,0.00083369,0.00222763,0.00566537,0.01358604,0.03053527,0.06408746,0.12541368,0.22931424,0.39639879,0.66922955,1.15909452,2.07073046,3.45285107,4.57735669,4.18585808,2.52818222,0.98436931]}}
