{"nodes":{"cr_yes":[0.0,0.0,0.0,0.0,0.0,0.0,0.0,0.0,0.0,0.0,0.0,0.0,0.0,0.0,1.69e-06,0.19187245,19.66084248,0.15128415,3e-08,0.0,0.0],"imm_yes_cr_yes":[0.0,0.0,0.0,0.0,0.0,0.00143674,3.36666762,16.24178537,0.39403683,7.423e-05,0.0,0.0,0.0,0.0,0.0,0.0,0.0,0.0,0.0,0.0,0.0],"imm_yes_cr_no":[0.0,0.0,0.0,3e-08,2.45e-06,6.273e-05,0.00058493,0.00213286,0.00447209,0.08321383,1.31765982,6.15460539,8.57665619,3.4768551,0.37814324,0.00956728,4.483e-05,3e-08,0.0,0.0,0.0],"del_yes_cr_yes":[0.0,0.0,0.0,0.0,2e-08,0.00016823,0.09696949,5.5700218,12.92230751,1.4064798,0.00805161,2.34e-06,0.0,0.0,0.0,0.0,0.0,0.0,0.0,0.0,0.0],"del_yes_cr_no":[0.0,0.0,1.2e-07,3.6e-06,0.0002166,0.01207546,0.22123357,1.5300741,4.59555449,6.50591106,4.63059131,1.85865607,0.52018548,0.11252329,0.0157628,0.00117204,4.019e-05,5.5e-07,2e-08,4e-08,6e-08],"conf_yes_cr_yes_del_yes":[0.0,0.0,0.0,0.0,0.0,0.0,0.0,0.0,0.0,0.0,1.18e-06,0.00027573,0.02113049,0.54063458,4.40609431,9.98829512,4.77051694,0.27646685,0.00058526,2.9e-07,1.2e-07],"conf_yes_cr_no_del_yes":[0.0337788,0.03160596,0.0295026,0.02746899,0.02550544,0.02361225,0.02178984,0.02003884,0.01836073,0.01675937,0.0152455,0.01384819,0.01264366,0.01183004,0.01201262,0.01620579,0.04669217,0.26879635,1.68323393,8.30287185,18.77817453]}}
