{"nodes":{"cr_yes":[0.0,0.0,0.0,0.0,0.0,0.0,0.0,0.0,0.0,0.0,0.0,0.0,0.0,5.16e-06,0.27353967,19.29519859,0.43525721,1.8e-07,0.0,0.0,0.0],"imm_yes_cr_yes":[0.0,0.0,0.0,0.0,0.0,0.0,0.0,0.00258173,3.08866561,16.36942588,0.54321194,0.00011563,0.0,0.0,0.0,0.0,0.0,0.0,0.0,0.0,0.0],"imm_yes_cr_no":[0.0,0.0,0.0,0.0,0.0,0.0,1.625e-05,0.00953898,0.62846926,6.11850868,10.13661559,2.96555604,0.14430834,0.00098695,7.1e-07,0.0,0.0,0.0,0.0,0.0,0.0],"del_yes_cr_yes":[0.0,0.0,0.0,0.0,0.0,0.0,1e-08,0.00026386,0.16912797,5.62353598,12.29805105,1.89413937,0.01887309,9.46e-06,0.0,0.0,0.0,0.0,0.0,0.0,0.0],"del_yes_cr_no":[0.0,0.0,0.0,0.0,1.83e-06,0.00077939,0.05218305,0.85057545,4.31741151,7.82446595,5.39489276,1.4228877,0.13652072,0.00424745,3.494e-05,5e-08,0.0,0.0,0.0,0.0,0.0],"conf_yes_cr_yes_del_yes":[0.0,0.0,0.0,0.0,0.0,0.0,0.0,0.0,0.0,0.0,2e-08,1.167e-05,0.00199618,0.1088374,1.84001198,8.5710617,8.45696638,1.02087126,0.00424421,1e-08,0.0],"conf_yes_cr_no_del_yes":[0.0,0.0,0.0,0.0,0.0,0.0,0.0,0.0,0.0,0.0,2e-08,5.8e-07,1.328e-05,0.0002384,0.00329882,0.03491198,0.27928433,1.63186273,6.32643312,11.71611041,0.02369423]}}
