{"nodes":{"cr_yes":[0.0,0.0,0.0,0.0,0.0,0.0,0.0,0.0,0.0,0.0,0.0,0.0,0.0,0.00022678,1.89466248,18.06823911,0.04087244,0.0,0.0,0.0,0.0],"imm_yes_cr_yes":[0.0,0.0,0.0,0.0,0.0,0.0,0.0,1.963e-05,0.22742584,13.54819338,6.20444157,0.02391974,6.4e-07,0.0,0.0,0.0,0.0,0.0,0.0,0.0,0.0],"imm_yes_cr_no":[0.0,0.0,0.0,0.0,0.0,0.0,2.9e-07,0.00052807,0.09595003,2.39394899,9.76136767,6.91866264,0.81954776,0.01396982,2.553e-05,0.0,0.0,0.0,0.0,0.0,0.0],"del_yes_cr_yes":[0.0,0.0,0.0,0.0,0.0,0.0,4e-08,0.00066105,0.33073015,7.76672357,10.92377427,0.97712598,0.00498467,1.07e-06,0.0,0.0,0.0,0.0,0.0,0.0,0.0],"del_yes_cr_no":[0.0,0.0,1.5e-07,0.00046745,0.05808486,1.03830375,4.77332892,7.60798699,4.93087626,1.40490389,0.17975894,0.01005949,0.00022827,1.83e-06,0.0,0.0,0.0,0.0,0.0,0.0,0.0],"conf_yes_cr_yes_del_yes":[0.0,0.0,0.0,0.0,0.0,0.0,0.0,0.0,0.0,1e-08,5.76e-06,0.00103415,0.05920726,1.10156956,6.31644748,9.60341622,2.83599291,0.08626447,6.299e-05,0.0,0.0],"conf_yes_cr_no_del_yes":[0.0,0.0,0.0,0.0,0.0,0.0,1e-08,2.1e-07,4.94e-06,7.421e-05,0.00078207,0.00610263,0.03654642,0.17157059,0.63613006,1.84663599,4.06123624,6.24964014,5.52538891,1.46986829,4.019e-05]}}
