{"nodes":{"cr_yes":[0.0,0.0,0.0,0.0,0.0,0.0,0.0,0.0,0.0,0.0,0.0,1e-08,2.31e-06,7.293e-05,0.00200837,3.19847675,16.75589747,0.04754293,1e-08,0.0,0.0],"imm_yes_cr_yes":[0.0,0.0,0.0,0.0,0.0,0.0,3.109e-05,0.45841481,16.63181396,2.91049513,0.00324579,2e-08,0.0,0.0,0.0,0.0,0.0,0.0,0.0,0.0,0.0],"imm_yes_cr_no":[0.0,0.0,0.0,0.0,0.0,0.0,1.2e-07,1.377e-05,0.00062346,0.01726291,0.31720098,2.3701489,6.41220513,7.3265432,3.01707688,0.32086899,0.1136121,0.08366248,0.022826,0.00193562,4.05e-05],"del_yes_cr_yes":[0.0,0.0,0.0,0.0,0.0,0.0,5e-08,0.00106823,0.51835217,9.82426079,9.21063846,0.44867929,0.00100174,7e-08,0.0,0.0,0.0,0.0,0.0,0.0,0.0],"del_yes_cr_no":[2.095e-05,0.00011359,0.00054054,0.00192423,0.00641538,0.02858045,0.13842556,0.50569318,1.26759279,2.25956978,3.17477816,3.84777394,3.81097583,2.70822593,1.35352298,0.57044315,0.2291808,0.07057046,0.01546041,0.00772369,0.012959],"conf_yes_cr_yes_del_yes":[0.0,0.0,0.0,0.0,0.0,1e-08,3e-08,8e-08,1.7e-07,3.1e-07,5.9e-07,2.547e-05,0.00326593,0.15869456,2.37026512,9.34584932,7.4186354,0.70379065,0.00337853,7.891e-05,3.146e-05],"conf_yes_cr_no_del_yes":[0.69550897,0.73172777,0.75618293,0.76695383,0.7627141,0.74290447,0.70785803,0.65885936,0.59813442,0.52880895,0.45499869,0.38266442,0.3237802,0.31217047,0.4447907,0.92329876,1.91682474,3.04177527,3.16515407,1.98052214,0.91224603]}}
