{"nodes":{"cr_yes":[0.0,0.0,0.0,0.0,0.0,0.0,0.0,0.0,0.0,0.0,0.0,0.0,0.0,3.32e-05,1.70805883,18.29015345,0.00575531,0.0,0.0,0.0,0.0],"imm_yes_cr_yes":[0.0,0.0,0.0,0.0,0.0,0.0,0.0,0.0,0.0,0.0,1.694e-05,0.33399783,17.75334225,1.91644075,0.00020303,0.0,0.0,0.0,0.0,0.0,0.0],"imm_yes_cr_no":[0.0,0.0,0.0,0.0,0.0,0.0,0.0,0.0,0.0,0.0,0.0,3.3e-07,0.00304306,1.17623669,15.05369498,3.76451977,0.00650597,1e-08,0.0,0.0,0.0],"del_yes_cr_yes":[0.0,0.0,0.0,1.5e-07,0.00742488,2.02770048,13.28352713,4.56185627,0.1231784,0.00031341,8e-08,0.0,0.0,0.0,0.0,0.0,0.0,0.0,0.0,0.0,0.0],"del_yes_cr_no":[2.07258882,16.37629363,2.44663096,0.12122197,0.01532432,0.00541216,0.0019232,0.0006324,0.00019319,5.507e-05,1.47e-05,3.68e-06,8.7e-07,1.9e-07,4e-08,1e-08,0.0,0.0,0.0,0.0,0.0],"conf_yes_cr_yes_del_yes":[0.01436731,0.01468368,0.01451461,0.01385127,0.0127344,0.01125203,0.00952909,0.00771015,0.00593893,0.00435286,0.00333151,0.00671367,0.04879261,0.33445848,1.55333753,4.41311679,6.86379852,5.04240385,1.4783576,0.15547007,0.00493901],"conf_yes_cr_no_del_yes":[0.25807059,0.27150636,0.29418552,0.33494576,0.40256298,0.50360138,0.64082083,0.81214126,1.01016417,1.22225131,1.43116039,1.61623802,1.75516964,1.82628663,1.81143057,1.69937453,1.48980155,1.19784018,0.85915716,0.53560725,0.32144007]}}
