{"nodes":{"cr_yes":[0.0,0.0,0.0,0.0,0.0,0.0,0.0,0.0,0.0,0.0,0.0,0.0,0.0,5.01e-06,0.21174995,17.87701883,1.91514183,8.518e-05,0.0,0.0,0.0],"imm_yes_cr_yes":[0.0,0.0,0.0,0.0,0.0,0.0,0.0,1e-08,2.465e-05,0.00038707,0.10432692,12.71955868,7.16666896,0.01303448,3e-08,0.0,0.0,0.0,0.0,0.0,0.0],"imm_yes_cr_no":[0.0,0.0,0.0,0.0,0.0,0.0,0.0,0.0,1.3e-07,0.00012998,0.02301585,0.83033162,6.3641211,9.93695687,2.74727531,0.10186418,0.00030574,3e-08,0.0,0.0,0.0],"del_yes_cr_yes":[0.0,0.0,0.0,0.0,0.0,1.5e-07,0.00530188,1.86307504,14.37924667,3.71808461,0.03827717,1.527e-05,0.0,0.0,0.0,0.0,0.0,0.0,0.0,0.0,0.0],"del_yes_cr_no":[0.0,0.0,3e-08,7.02e-06,0.00041484,0.00951369,0.10357754,0.60622756,2.06228211,4.27284457,5.51841084,4.45597276,2.21196897,0.64897666,0.10510417,0.00841762,0.00027953,2.87e-06,1e-08,0.0,0.0],"conf_yes_cr_yes_del_yes":[0.0,0.0,0.0,0.0,0.0,0.0,0.0,0.0,0.0,2e-08,7.1e-06,0.00097217,0.04723402,0.8310996,5.08419802,9.54600621,4.23391413,0.25991745,0.00065209,0.0,0.0],"conf_yes_cr_no_del_yes":[0.0,0.0,0.0,3e-08,3.1e-07,2.31e-06,1.412e-05,7.43e-05,0.00035619,0.00163295,0.00724279,0.03019615,0.11342664,0.37065061,1.02582815,2.34045107,4.23068362,5.63053542,4.69641965,1.54737981,0.01821338]}}
