{"nodes":{"cr_yes":[0.0,0.0,0.0,0.0,0.0,0.0,0.0,0.0,0.0,0.0,0.0,1e-08,0.00144826,2.5639174,17.23555806,0.20307607,9.9e-07,0.0,0.0,0.0,0.0],"imm_yes_cr_yes":[0.0,0.0,0.0,0.0,0.0,0.0,0.0,0.0,0.0,0.0,5.511e-05,0.20423356,11.51606944,8.23850856,0.04513341,7.1e-07,0.0,0.0,0.0,0.0,0.0],"imm_yes_cr_no":[0.0,0.0,0.0,0.0,0.0,0.0,0.0,0.0,0.0,4.4e-07,0.00141136,0.35223967,7.27853032,11.34824897,1.02043542,0.00313448,1.3e-07,0.0,0.0,0.0,0.0],"del_yes_cr_yes":[0.0,4.48e-06,0.03270109,2.90600061,11.35919973,5.2326663,0.46326974,0.01009664,6.179e-05,3.7e-07,4e-08,0.0,0.0,0.0,0.0,0.0,0.0,0.0,0.0,0.0,0.0],"del_yes_cr_no":[34.59626068,2.65849375,0.04551389,0.00154449,0.00025738,4.989e-05,9.16e-06,1.59e-06,2.6e-07,4e-08,1e-08,0.0,0.0,0.0,0.0,0.0,0.0,0.0,0.0,0.0,0.0],"conf_yes_cr_yes_del_yes":[0.00863456,0.01614689,0.02802315,0.0452471,0.06810387,0.09572112,0.12618569,0.15954838,0.21054461,0.33932063,0.68399993,1.41934266,2.55859545,3.70712167,4.14648031,3.44490001,2.01325984,0.76017854,0.16153522,0.01518441,0.00048806],"conf_yes_cr_no_del_yes":[0.21529242,0.24302588,0.27897916,0.32315223,0.37554512,0.4361578,0.50499029,0.58204259,0.66731469,0.7608066,0.86251831,0.97244982,1.09060115,1.21697227,1.3515632,1.49437394,1.64540448,1.80465482,1.97212497,2.14781493,2.33172469]}}
