{"nodes":{"cr_yes":[0.0,0.0,0.0,0.0,0.0,0.0,0.0,0.0,0.0,0.0,0.0,0.0,0.0,5e-08,0.00994763,12.67893076,7.31335179,0.00177056,0.0,0.0,0.0],"imm_yes_cr_yes":[0.0,0.0,0.0,0.0,0.0,5e-07,0.10346695,15.06880514,4.82568927,0.0060389,4e-08,0.0,0.0,0.0,0.0,0.0,0.0,0.0,0.0,0.0,0.0],"imm_yes_cr_no":[0.0,0.0,0.0,0.0,0.0,0.0,9e-08,0.00016649,0.03714435,1.24899474,7.56004173,9.03130499,2.04701584,0.07477146,0.00356619,0.00092048,7.303e-05,1.42e-06,1e-08,0.0,0.0],"del_yes_cr_yes":[0.0,0.0,0.0,0.0,0.0,1.25e-06,0.02334521,4.10781072,14.38198995,1.48557879,0.00527426,6.2e-07,0.0,0.0,0.0,0.0,0.0,0.0,0.0,0.0,0.0],"del_yes_cr_no":[2.35e-06,0.00032343,0.0109111,0.12720245,0.6400169,1.74316269,3.49731804,5.37958683,4.89235782,2.3825374,0.79848308,0.33113803,0.14566732,0.04481314,0.00906696,0.00127523,0.00012982,9e-06,3.7e-07,1e-08,0.0],"conf_yes_cr_yes_del_yes":[0.0,0.0,3e-08,2.1e-07,1.23e-06,5.85e-06,2.252e-05,7.038e-05,0.0001774,0.00035771,0.00057079,0.00079339,0.01334833,0.51312275,5.19051319,10.94173879,3.2792815,0.06398129,1.542e-05,1e-08,0.0],"conf_yes_cr_no_del_yes":[0.00051953,0.00094482,0.00166564,0.00287449,0.0049215,0.00848347,0.0148804,0.0265762,0.04780737,0.08511481,0.14747637,0.24663416,0.40365759,0.68353865,1.27806189,2.49474691,4.19446308,4.95942073,3.54148696,1.60208717,0.51779765]}}
