{"nodes":{"cr_yes":[0.00032114,5.443e-05,7.09e-06,7e-07,5e-08,0.0,0.0,3e-08,3.61e-06,0.00022794,0.00737031,0.12074807,0.98408179,3.87972489,7.11344369,5.74863021,1.90508715,0.23491841,0.00943914,0.00010261,2.3e-07],"imm_yes_cr_yes":[0.0,0.0,0.0,0.0,0.0,0.0,0.0,0.0,0.0,0.0,0.0003457,0.51001785,13.76938909,5.70123925,0.02300853,3.8e-07,0.0,0.0,0.0,0.0,0.0],"imm_yes_cr_no":[0.0,0.0,0.0,0.0,0.0,0.0,0.0,0.0,0.0,0.0,4e-08,8.532e-05,0.03707903,2.06531292,12.20933035,5.5825158,0.10964683,3.051e-05,0.0,0.0,0.0],"del_yes_cr_yes":[0.00011761,0.00637491,0.5411561,8.76648458,9.32062642,1.32678143,0.04095421,0.00133374,0.000202,2.606e-05,2.38e-06,1.5e-07,1e-08,0.0,0.0,0.0,0.0,0.0,0.0,0.0,0.0],"del_yes_cr_no":[7.18749798,5.22222728,3.71629161,2.57713769,1.74453597,1.1557215,0.75089617,0.47929341,0.30096686,0.18613281,0.11348003,0.06825656,0.04053017,0.02377147,0.01377761,0.007894,0.00447263,0.00250662,0.00138984,0.00076256,0.00041407],"conf_yes_cr_yes_del_yes":[0.01462355,0.02890171,0.05248105,0.08796313,0.13674666,0.19852927,0.2728376,0.36499437,0.49744398,0.71965588,1.0969102,1.65745674,2.31426404,2.83876219,2.96736281,2.60022736,1.90523649,1.18935572,0.6598717,0.33442694,0.14652239],"conf_yes_cr_no_del_yes":[0.4251061,0.44812333,0.47672634,0.51091512,0.55068968,0.59605001,0.64699612,0.70352801,0.76564567,0.8333491,0.90663831,0.98551329,1.06997405,1.16002058,1.25565289,1.35687098,1.46367484,1.57606447,1.69403988,1.81760106,1.94674802]}}
