{"nodes":{"cr_yes":[0.0,0.0,0.0,0.0,0.0,0.0,0.0,0.0,0.0,0.0,0.0,0.0,4e-08,0.01725339,13.00394411,6.9822998,0.00050346,0.0,0.0,0.0,0.0],"imm_yes_cr_yes":[0.0,0.0,0.0,0.0,0.0,0.0,0.0,0.0,2.854e-05,0.4196077,17.17314537,2.4101879,0.00103129,0.0,0.0,0.0,0.0,0.0,0.0,0.0,0.0],"imm_yes_cr_no":[0.0,0.0,0.0,0.0,0.0,0.0,0.0,0.0,0.0,3.74e-06,0.00362639,0.424373,6.33420715,11.28363823,1.93727022,0.02087574,6.33e-06,0.0,0.0,0.0,0.0],"del_yes_cr_yes":[0.0,0.0,0.0,0.0,0.0,0.0,0.0,0.0,5.46e-06,0.02083524,2.78939829,14.47212442,2.70778513,0.01385115,1.12e-06,0.0,0.0,0.0,0.0,0.0,0.0],"del_yes_cr_no":[0.0,0.0,0.0,0.0,1e-08,4.64e-06,0.00051607,0.018163,0.25160068,1.56074948,4.65147084,6.83342184,4.87564611,1.59190534,0.21120872,0.00922295,9.103e-05,1e-07,0.0,0.0,0.0],"conf_yes_cr_yes_del_yes":[0.0,0.0,0.0,0.0,0.0,0.0,0.0,0.0,0.0,0.0,1e-08,1.902e-05,0.00785803,0.57941614,7.00636773,11.00979875,1.39512212,0.00541893,7e-08,0.0,0.0],"conf_yes_cr_no_del_yes":[0.0,0.0,0.0,0.0,0.0,0.0,0.0,2.8e-07,1.063e-05,0.00022833,0.0030476,0.02693646,0.16393521,0.70018519,2.09821129,4.31426644,5.7833885,4.62064414,1.93907992,0.35355836,0.00101689]}}
