{"nodes":{"cr_yes":[0.0,0.0,0.0,0.0,0.0,0.0,0.0,0.0,0.0,0.0,0.0,0.0,0.0,0.0,5e-08,0.04807711,19.68427058,0.27165307,0.0,0.0,0.0],"imm_yes_cr_yes":[0.0,0.0,0.0,0.0,0.0,2.113e-05,0.51737091,17.37893607,2.10619201,0.00148068,1e-08,0.0,0.0,0.0,0.0,0.0,0.0,0.0,0.0,0.0,0.0],"imm_yes_cr_no":[0.0,0.0,0.0,0.0,0.0,0.0,0.0,1.45e-06,0.00128785,0.15213832,2.94099824,10.15603196,6.16655311,0.58050241,0.00648217,5.29e-06,0.0,0.0,0.0,0.0,0.0],"del_yes_cr_yes":[0.0,0.0,0.0,0.0,0.0,5.5e-07,0.01442993,3.29514986,14.71927793,1.9658877,0.00925336,1.47e-06,0.0,0.0,0.0,0.0,0.0,0.0,0.0,0.0,0.0],"del_yes_cr_no":[0.0,0.0,0.0,0.0,5.9e-07,0.00015332,0.00908945,0.17600459,1.35516757,4.58487935,7.09874151,5.02084155,1.55682347,0.19387515,0.0083282,9.587e-05,1.9e-07,0.0,0.0,0.0,0.0],"conf_yes_cr_yes_del_yes":[0.0,0.0,0.0,0.0,0.0,0.0,0.0,0.0,0.0,0.0,9.1e-07,0.00021286,0.0150748,0.35504172,3.00675721,8.95302041,6.94580662,0.72537989,0.00270637,1e-08,0.0],"conf_yes_cr_no_del_yes":[0.0,0.0,0.0,0.0,0.0,0.0,0.0,0.0,0.0,6e-08,1.73e-06,3.614e-05,0.0005283,0.00559353,0.04371809,0.25344545,1.0791468,3.29364584,6.92085653,8.40371865,0.00661937]}}
