{"nodes":{"cr_yes":[0.0,0.0,0.0,0.0,0.0,0.0,0.0,0.0,0.0,0.0,0.0,0.0,0.0,6.887e-05,1.73833902,18.25113026,0.01446265,0.0,0.0,0.0,0.0],"imm_yes_cr_yes":[0.0,0.0,0.0,0.0,0.0,0.0,0.0,0.0,5.15e-06,0.13475151,13.40158725,6.45364334,0.01401346,9e-08,0.0,0.0,0.0,0.0,0.0,0.0,0.0],"imm_yes_cr_no":[0.0,0.0,0.0,0.0,0.0,0.0,0.0,0.0,0.0,0.0,0.0,0.0,0.0,2.05e-06,0.00239969,0.43904223,9.02686302,10.39884425,0.13684938,1.9e-07,0.0],"del_yes_cr_yes":[0.0,0.0,5.92e-06,0.30076708,12.62111457,5.70926792,1.2382672,0.13355745,0.00102004,6.3e-07,0.0,0.0,0.0,0.0,0.0,0.0,0.0,0.0,0.0,0.0,0.0],"del_yes_cr_no":[7.19008172,10.76553511,4.55249948,0.95538954,0.12202049,0.01037193,0.00061364,5.551e-05,0.00015373,0.00044036,0.00073123,0.00069051,0.00035531,9.21e-05,1.055e-05,4.3e-07,0.0,0.0,0.0,0.0,0.0],"conf_yes_cr_yes_del_yes":[0.0,0.0,0.0,0.0,0.0,0.0,0.0,0.0,0.0,0.0,6.2e-07,0.00037478,0.04985378,1.47002036,8.83889999,8.72680352,0.91383228,0.00421535,1.2e-07,0.0,0.0],"conf_yes_cr_no_del_yes":[0.0,0.0,0.0,0.0,6e-08,1e-06,1.188e-05,0.00010012,0.00063368,0.00321001,0.01424302,0.06011256,0.23951144,0.82182325,2.20931046,4.33146063,5.75964513,4.63059846,1.76487395,0.16825821,0.00041385]}}
