{"nodes":{"cr_yes":[0.0,0.0,0.0,0.0,0.0,0.0,0.0,0.0,0.0,0.0,0.0,0.0,0.0,0.0,0.00032161,13.01350717,6.8872499,0.04591067,0.05700777,3.68e-06,0.0],"imm_yes_cr_yes":[0.0,0.0,0.0,0.0,0.0,0.0,0.00158919,4.37515034,15.4952562,0.13200145,3.61e-06,0.0,0.0,0.0,0.0,0.0,0.0,0.0,0.0,0.0,0.0],"imm_yes_cr_no":[0.0,0.0,0.0,0.0,1e-08,1.07e-06,5.111e-05,0.00078836,0.00408817,0.01502783,0.93271212,9.65481411,8.78662756,0.60747924,0.00240742,3.79e-06,1e-08,0.0,0.0,0.0,0.0],"del_yes_cr_yes":[0.0,0.0,0.0,0.0,0.0,0.0,8.4e-07,0.01700705,3.81499637,15.02932008,1.14115749,0.00151895,3e-08,0.0,0.0,0.0,0.0,0.0,0.0,0.0,0.0],"del_yes_cr_no":[3.2e-07,4.2e-07,4.4e-07,3.7e-07,2.6e-07,4.84e-06,0.00048144,0.01655772,0.22367374,1.34938598,4.12678824,6.77429863,5.35132987,1.69375889,0.27403054,0.11909443,0.05816652,0.01466423,0.00168696,7.656e-05,1.1e-06],"conf_yes_cr_yes_del_yes":[0.0,0.0,0.0,0.0,0.0,0.0,0.0,0.0,0.0,0.0,2e-08,3.831e-05,0.01485991,0.9485853,8.93698997,9.44970471,0.65258023,0.00124223,1.4e-07,0.0,0.0],"conf_yes_cr_no_del_yes":[1e-08,2e-08,6e-08,1.6e-07,3.6e-07,7.2e-07,1.29e-06,2.85e-06,3.517e-05,0.00085614,0.01442832,0.14703719,0.88152361,3.05656731,5.94244868,6.12652992,3.08432118,0.68941447,0.05968821,0.00114476,7.7e-07]}}
