{"nodes":{"cr_yes":[0.0,0.0,0.0,0.0,0.0,0.0,0.0,0.0,0.0,0.0,0.0,0.0,0.0,1e-08,0.0144218,17.64176638,2.34781144,1.18e-06,0.0,0.0,0.0],"imm_yes_cr_yes":[0.0,0.0,0.0,0.0,0.0,5.25e-06,0.33226809,17.4427209,2.22782752,0.00117904,0.0,0.0,0.0,0.0,0.0,0.0,0.0,0.0,0.0,0.0,0.0],"imm_yes_cr_no":[0.0,0.0,0.0,0.0,0.0,0.0,2.73e-06,0.00481765,0.5904075,7.17425249,10.34519818,1.85127493,0.03797557,7.175e-05,1e-08,0.0,0.0,0.0,0.0,0.0,0.0],"del_yes_cr_yes":[0.0,0.0,0.0,0.0,0.0,3.97e-06,0.05982183,6.69359501,12.63583623,0.6138485,0.00089522,4e-08,0.0,0.0,0.0,0.0,0.0,0.0,0.0,0.0,0.0],"del_yes_cr_no":[0.0,0.0,5e-08,0.00016649,0.02737682,0.67381998,4.06772032,7.85323522,5.60509102,1.58709332,0.18126383,0.00810208,0.00013099,6.7e-07,0.0,0.0,0.0,0.0,0.0,0.0,0.0],"conf_yes_cr_yes_del_yes":[0.0,0.0,0.0,0.0,0.0,0.0,0.0,0.0,0.0,0.0,1.4e-07,6.304e-05,0.00840144,0.3339023,3.77552268,10.46327635,5.18262253,0.23997752,0.0002348,0.0,0.0],"conf_yes_cr_no_del_yes":[0.0,0.0,0.0,0.0,0.0,0.0,0.0,2e-08,8e-08,3.7e-07,1.6e-06,1.045e-05,0.00011285,0.00125392,0.01129356,0.07993953,0.45065736,2.01698763,6.57295289,10.86924173,0.00309761]}}
