{"nodes":{"cr_yes":[0.0,0.0,0.0,0.0,0.0,0.0,0.0,0.0,0.0,0.0,0.0,0.0,0.0,0.0,4e-08,0.02051459,16.55266754,3.43081638,2.24e-06,0.0,0.0],"imm_yes_cr_yes":[0.0,0.0,0.0,0.0,0.0,0.0,1e-08,0.00208039,2.36857284,16.62978092,1.0030286,0.00053805,0.0,0.0,0.0,0.0,0.0,0.0,0.0,0.0,0.0],"imm_yes_cr_no":[0.0,0.0,0.0,0.0,0.0,0.0,0.0,0.0,4e-08,5.205e-05,0.01150427,0.52608267,5.18410157,10.45554889,3.66529174,0.1609404,0.00047914,3e-08,0.0,0.0,0.0],"del_yes_cr_yes":[0.0,0.0,0.0,0.0,0.0,0.0,1.8e-07,0.00177553,0.56177539,9.15513978,9.60335137,0.67908161,0.0028764,5.4e-07,0.0,0.0,0.0,0.0,0.0,0.0,0.0],"del_yes_cr_no":[0.0,3.2e-07,9.604e-05,0.00461814,0.07182342,0.49853371,1.83826414,3.9809736,5.35988873,4.61105177,2.54477868,0.88491332,0.18584852,0.02189582,0.00128358,3.08e-05,2.2e-07,0.0,0.0,0.0,0.0],"conf_yes_cr_yes_del_yes":[0.0,0.0,0.0,0.0,0.0,0.0,0.0,0.0,0.0,0.0,1.83e-06,0.00034658,0.02250603,0.51653018,4.04613624,9.61284402,5.3813062,0.42290003,0.00142968,1e-08,0.0],"conf_yes_cr_no_del_yes":[0.0,0.0,0.0,0.0,0.0,0.0,0.0,1.9e-07,4.27e-06,6.295e-05,0.00065497,0.00507242,0.0303018,0.14268986,0.53427989,1.58116451,3.59882051,5.89510514,5.92842558,2.284004,0.00682941]}}
