{"nodes":{"cr_yes":[0.0,0.0,0.0,0.0,0.0,0.0,0.0,0.0,0.0,0.0,0.0,0.0,0.0,1e-08,0.01681793,17.74603902,2.24114256,1.27e-06,0.0,0.0,0.0],"imm_yes_cr_yes":[0.0,0.0,0.0,0.0,0.0,0.0,0.0,6.634e-05,0.50694026,16.19537886,3.29689725,0.00471806,4e-08,0.0,0.0,0.0,0.0,0.0,0.0,0.0,0.0],"imm_yes_cr_no":[0.0,0.0,0.0,0.0,0.0,0.0,0.0,1.5e-07,0.0004014,0.09980124,2.91091392,11.13883574,5.5400696,0.31249478,0.00148363,3.4e-07,0.0,0.0,0.0,0.0,0.0],"del_yes_cr_yes":[0.0,0.0,0.0,0.0,0.0,0.00016071,0.32057734,10.04997024,9.28650475,0.34621557,0.00057215,4e-08,0.0,0.0,0.0,0.0,0.0,0.0,0.0,0.0,0.0],"del_yes_cr_no":[0.0,3.343e-05,0.01771355,0.59822844,3.8301163,7.49741117,5.74255857,1.96776032,0.32309102,0.02604892,0.00102033,1.859e-05,1.5e-07,0.0,0.0,0.0,0.0,0.0,0.0,0.0,0.0],"conf_yes_cr_yes_del_yes":[0.0,0.0,0.0,0.0,0.0,0.0,0.0,0.0,0.0,5.2e-07,0.00017089,0.01598262,0.45586947,3.95944728,9.64981916,5.43675398,0.48282062,0.00313601,2.6e-07,0.0,0.0],"conf_yes_cr_no_del_yes":[0.0,0.0,0.0,0.0,0.0,0.0,1e-08,2.1e-07,4.91e-06,7.346e-05,0.00077193,0.00601011,0.03593685,0.16856944,0.62501033,1.81642728,4.00650913,6.2048819,5.57045032,1.56923162,0.00024659]}}
