{"nodes":{"cr_yes":[6.74e-06,0.00015237,0.00231705,0.0236695,0.16178764,0.73541689,2.20418925,4.30779452,5.41320423,4.29850103,2.11181466,0.62565257,0.10836145,0.01056706,0.00055424,1.478e-05,1.9e-07,0.0,0.0,0.0,0.0],"imm_yes_cr_yes":[0.0,0.0,0.0,0.0,0.0,0.0,0.0,0.0,0.0,0.0,7.2e-07,0.01587885,4.56167701,15.20153879,0.22490142,4.02e-06,0.0,0.0,0.0,0.0,0.0],"imm_yes_cr_no":[0.0,0.0,0.0,0.0,0.0,0.0,0.0,0.0,0.0,1e-08,3e-08,2.4e-07,0.00049785,0.17821966,5.83927709,12.88936522,1.09534043,0.00130026,0.0,0.0,0.0],"del_yes_cr_yes":[0.0,7e-08,3.8e-07,2.5e-06,0.0174058,2.21079143,12.2011517,5.32220229,0.25098143,0.00146415,1.06e-06,0.0,0.0,0.0,0.0,0.0,0.0,0.0,0.0,0.0,0.0],"del_yes_cr_no":[5.77864866,7.48152394,3.46565982,2.06708501,1.46270112,1.00435927,0.65777568,0.41236908,0.24837657,0.14416439,0.08083497,0.04387508,0.02309115,0.01180021,0.00586212,0.00283372,0.00133396,0.00061192,0.00027367,0.00011938,5.081e-05],"conf_yes_cr_yes_del_yes":[0.31502949,0.31482774,0.30453138,0.28512684,0.25916786,0.23113245,0.2077359,0.19792177,0.2122194,0.26177954,0.35863851,0.5194567,0.7833905,1.30340637,2.47326648,4.21677823,4.56791672,2.50168321,0.6925966,0.14295337,0.02391297],"conf_yes_cr_no_del_yes":[0.40660309,0.43659396,0.47773787,0.5334303,0.6054025,0.69361608,0.79624467,0.909743,1.02900305,1.14759751,1.25811047,1.35255529,1.42287975,1.46155841,1.4622722,1.42067521,1.33524879,1.20824278,1.04670403,0.86359215,0.67898245]}}
