{"nodes":{"cr_yes":[0.0,0.0,0.0,0.0,0.0,0.0,0.0,0.0,0.0,0.0,0.0,0.0,0.0,1e-08,0.00705661,10.85443583,9.14208811,0.00042023,0.0,0.0,0.0],"imm_yes_cr_yes":[0.0,0.0,0.0,0.0,0.0,0.0,0.00469041,6.08915441,13.80378316,0.10636926,3.56e-06,0.0,0.0,0.0,0.0,0.0,0.0,0.0,0.0,0.0,0.0],"imm_yes_cr_no":[0.0,0.0,0.0,0.0,0.0,0.0,1e-08,1.33e-06,0.00018081,0.02265375,0.80704915,6.51998851,10.11561762,2.45572146,0.077843,0.00429817,0.00062441,2.244e-05,1.5e-07,0.0,0.0],"del_yes_cr_yes":[0.0,0.0,0.0,0.0,0.0,7e-08,0.00122979,0.51827684,9.2299904,9.57624471,0.67496577,0.00329223,1e-06,0.0,0.0,0.0,0.0,0.0,0.0,0.0,0.0],"del_yes_cr_no":[0.0,0.0,2.37e-06,0.00035516,0.01263586,0.15286045,0.79428545,2.16924055,3.7990414,4.68556706,3.9545723,2.42165197,1.27009178,0.54983574,0.16203118,0.02880112,0.00286445,0.00014877,7.74e-06,5.04e-06,4.79e-06],"conf_yes_cr_yes_del_yes":[0.0,0.0,0.0,0.0,0.0,0.0,0.0,0.0,1e-08,1.9e-07,1.73e-06,2.847e-05,0.00329037,0.17505661,2.67137376,9.96146214,6.72831699,0.46337854,0.00109185,1.3e-07,0.0],"conf_yes_cr_no_del_yes":[0.0064779,0.00926938,0.01283088,0.01716991,0.02219337,0.02768484,0.03331995,0.03879711,0.0442983,0.05180494,0.06834713,0.11331566,0.23484263,0.54376003,1.24766357,2.54170636,4.13043944,4.83475233,3.76311114,1.95263214,0.62564549]}}
