{"nodes":{"cr_yes":[0.0,0.0,0.0,0.0,0.0,0.0,0.0,0.0,0.0,0.0,0.0,1e-08,6e-08,7e-08,1e-08,0.00789791,16.59840392,3.39769721,1.61e-06,0.0,0.0],"imm_yes_cr_yes":[0.0,0.0,0.0,0.0,0.0,8e-08,0.03986695,12.71335185,7.23794649,0.01283534,9e-08,0.0,0.0,0.0,0.0,0.0,0.0,0.0,0.0,0.0,0.0],"imm_yes_cr_no":[2e-08,1.9e-07,1.02e-06,3.13e-06,5.54e-06,5.71e-06,4.42e-06,3.656e-05,0.00043142,0.0203765,0.89845848,7.53828962,9.83513335,1.68178762,0.02943223,3.499e-05,0.0,0.0,0.0,0.0,0.0],"del_yes_cr_yes":[0.0,0.0,0.0,0.0,0.0,0.0,0.0,3.274e-05,0.16818346,10.02776888,9.64661182,0.16136397,3.993e-05,0.0,0.0,0.0,0.0,0.0,0.0,0.0,0.0],"del_yes_cr_no":[3.609e-05,4.435e-05,4.185e-05,3.073e-05,0.00010595,0.00709276,0.15946796,1.27669188,4.27707893,6.6973192,5.16178815,1.97648285,0.39610372,0.04812054,0.00349924,0.00011341,1.21e-06,1e-08,1e-08,1e-08,1e-08],"conf_yes_cr_yes_del_yes":[0.0,0.0,0.0,0.0,0.0,0.0,0.0,0.0,0.0,0.0,2e-08,4.584e-05,0.01698773,1.03011819,9.17761254,9.17680272,0.60154901,0.00088476,0.0,0.0,0.0],"conf_yes_cr_no_del_yes":[0.00692277,0.0103187,0.01523707,0.02228552,0.03227625,0.04627597,0.0656583,0.09215223,0.12787661,0.1753444,0.23741373,0.31715441,0.4175905,0.54127634,0.68972557,0.86370641,1.07671052,1.48145853,3.04694282,8.06312254,5.35602598]}}
