{"nodes":{"cr_yes":[0.0,0.0,0.0,0.0,0.0,0.0,0.0,0.0,0.0,0.0,0.0,0.0,0.0,0.0,5.682e-05,1.0090467,18.93258004,0.06231724,0.0,0.0,0.0],"imm_yes_cr_yes":[0.0,0.0,0.0,0.0,0.0,0.0,0.0,0.0,3e-08,1e-08,5e-08,0.02525007,13.74821009,6.229521,0.00101956,0.0,0.0,0.0,0.0,0.0,0.0],"imm_yes_cr_no":[0.0,0.0,0.0,0.0,0.0,0.0,0.0,0.0,0.0,0.0,0.0,3.97e-06,0.00392849,0.52085207,8.07805602,10.74199443,0.65863388,0.00053194,0.0,0.0,0.0],"del_yes_cr_yes":[0.0,0.0,0.0,0.00036999,1.42432146,15.96753392,2.59831739,0.01345481,3.23e-06,0.0,0.0,0.0,0.0,0.0,0.0,0.0,0.0,0.0,0.0,0.0,0.0],"del_yes_cr_no":[0.06622579,7.18250417,8.7301188,2.62716192,0.35270311,0.0260448,0.00124982,0.00046902,0.00108353,0.00277559,0.00796103,0.02016696,0.04271294,0.07623169,0.11594161,0.15162269,0.17167175,0.16914644,0.14554755,0.10961526,0.07231846],"conf_yes_cr_yes_del_yes":[0.0,0.0,0.0,0.0,0.0,0.0,0.0,0.0,0.0,0.0,1e-08,8.36e-06,0.00201427,0.13540072,2.43042229,10.04872583,6.96613403,0.4208016,0.0004937,0.0,0.0],"conf_yes_cr_no_del_yes":[0.0,0.0,0.0,0.0,0.0,0.0,0.0,0.0,8e-08,1.44e-06,1.936e-05,0.00020086,0.00164899,0.01094337,0.05962361,0.26863029,0.99649901,2.97121475,6.64769465,8.93829014,0.2184685]}}
