{"nodes":{"cr_yes":[0.0,0.0,0.0,0.0,0.0,0.0,0.0,0.0,0.0,0.0,0.0,0.0,0.0,3.8e-07,0.14112641,19.67599513,0.18687888,0.0,0.0,0.0,0.0],"imm_yes_cr_yes":[0.0,0.0,0.0,0.0,0.0,0.0,1e-08,0.00722598,7.20537037,12.7339338,0.05746999,6.6e-07,0.0,0.0,0.0,0.0,0.0,0.0,0.0,0.0,0.0],"imm_yes_cr_no":[0.0,0.0,0.0,0.0,0.0,0.0,0.0,5e-08,0.00029066,0.11456792,3.84139447,12.29091713,3.67024958,0.08646837,0.00011262,0.0,0.0,0.0,0.0,0.0,0.0],"del_yes_cr_yes":[0.0,0.0,0.0,0.0,0.0,0.0,0.0,0.0,1e-08,0.00023609,0.25695031,9.08882047,10.35531199,0.30254576,0.00013619,0.0,0.0,0.0,0.0,0.0,0.0],"del_yes_cr_no":[0.0,0.0,0.0,0.0,0.0,4.2e-07,0.0002872,0.03043545,0.71426279,4.53898745,8.66481991,5.115591,0.89758,0.04162709,0.00040891,5.8e-07,0.0,0.0,0.0,0.0,0.0],"conf_yes_cr_yes_del_yes":[0.0,0.0,0.0,0.0,0.0,0.0,0.0,0.0,0.0,0.0,6.53e-06,0.00437556,0.43498167,6.29481759,11.40748145,1.84841152,0.01392516,1.33e-06,0.0,0.0,0.0],"conf_yes_cr_no_del_yes":[0.0,0.0,0.0,0.0,0.0,0.0,0.0,0.0,0.0,1e-07,4.78e-06,0.0001417,0.00262042,0.03130618,0.24493681,1.24359837,3.9380315,7.10457802,5.99761514,1.43717651,0.00798252]}}
