{"nodes":{"cr_yes":[0.0,0.0,0.0,0.0,0.0,0.0,0.0,0.0,0.0,0.0,0.0,0.0,0.0,0.0,0.00679134,15.04213457,4.95505897,1.591e-05,1e-08,0.0,0.0],"imm_yes_cr_yes":[0.0,0.0,0.0,0.0,0.0,0.0,1e-08,0.00779642,7.33519584,12.60402177,0.05698607,6.8e-07,0.0,0.0,0.0,0.0,0.0,0.0,0.0,0.0,0.0],"imm_yes_cr_no":[0.0,0.0,0.0,0.0,0.0,0.0,1e-08,1.23e-06,0.00030093,0.0553081,1.56028108,7.3690612,8.16244487,2.70417179,0.15167612,0.00075528,1.8e-07,0.0,0.0,0.0,0.0],"del_yes_cr_yes":[0.0,0.0,0.0,0.0,0.0,0.0,0.0,0.0,5.2e-06,0.02782628,3.72481851,14.64263002,1.60501623,0.00370447,1e-07,0.0,0.0,0.0,0.0,0.0,0.0],"del_yes_cr_no":[1.443e-05,0.00022516,0.00215864,0.01330469,0.05458311,0.15278033,0.29713605,0.40936395,0.4158303,0.38106013,0.73076218,2.46208886,5.43415239,6.02224919,2.98345114,0.57789249,0.03634471,0.00191437,0.00455134,0.01186586,0.02455737],"conf_yes_cr_yes_del_yes":[0.0,0.0,0.0,0.0,0.0,0.0,0.0,0.0,1e-08,2e-08,9e-08,4.665e-05,0.01617469,0.96135574,8.7962404,9.51156556,0.71716324,0.00145428,1e-07,0.0,0.0],"conf_yes_cr_no_del_yes":[0.03597195,0.05640295,0.08752183,0.13103409,0.1862713,0.24896877,0.31088442,0.36091734,0.38795375,0.38542595,0.36012633,0.35863047,0.53515274,1.20623034,2.5770282,3.99085188,4.03285598,2.55664673,1.20244669,0.74294434,0.53544144]}}
