{"nodes":{"cr_yes":[0.0,0.0,0.0,0.0,0.0,0.0,0.0,0.0,0.0,0.0,0.0,0.0,0.0,1.016e-05,0.41640219,19.35796411,0.22962431,3e-08,0.0,0.0,0.0],"imm_yes_cr_yes":[0.0,0.0,0.0,0.0,0.0,0.0,0.0,1e-08,0.00111667,1.04808896,15.05925944,3.87898195,0.01655293,8.4e-07,0.0,0.0,0.0,0.0,0.0,0.0,0.0],"imm_yes_cr_no":[0.0,0.0,0.0,0.0,0.0,0.0,0.0,0.0,4e-07,5.526e-05,0.01128946,1.11277512,10.49427042,8.01633459,0.36870141,0.00057412,1e-08,0.0,0.0,0.0,0.0],"del_yes_cr_yes":[0.0,0.0,0.00051117,0.13095524,0.19045192,0.01030013,0.03488569,2.56062364,12.0708848,4.82302814,0.18173625,0.00062367,1.6e-07,0.0,0.0,0.0,0.0,0.0,0.0,0.0,0.0],"del_yes_cr_no":[0.5685884,5.27534525,8.48666632,4.67006707,1.13887375,0.13933659,0.00908789,0.0003234,6.26e-06,6e-08,0.0,0.0,0.0,0.0,0.0,0.0,0.0,0.0,0.0,0.0,0.0],"conf_yes_cr_yes_del_yes":[0.0,0.0,0.0,0.0,0.0,0.0,0.0,0.0,0.0,1e-07,1.967e-05,0.00148944,0.0479815,0.6708951,3.93774672,8.73413349,5.85672574,0.74874715,0.00626177,1.2e-07,0.0],"conf_yes_cr_no_del_yes":[0.0,0.0,0.0,0.0,0.0,0.0,3e-08,6.4e-07,8.31e-06,7.785e-05,0.00056195,0.00326131,0.01568367,0.06380531,0.22240571,0.66736689,1.71460015,3.68896976,6.2623955,6.97451022,0.78070701]}}
