{"nodes":{"cr_yes":[0.0,0.0,0.0,0.0,0.0,0.0,0.0,0.0,0.0,0.0,0.0,0.0,0.0,0.0,0.0,2.57e-06,0.20151219,19.80022028,0.00226576,0.0,0.0],"imm_yes_cr_yes":[0.0,0.0,0.0,0.0,0.0,0.0,0.0,0.0,0.0,4.842e-05,0.71101693,18.55429798,0.73861167,2.58e-05,0.0,0.0,0.0,0.0,0.0,0.0,0.0],"imm_yes_cr_no":[0.0,0.0,0.0,0.0,0.0,0.0,0.0,0.0,0.0,0.0,0.0,5.1e-07,0.00134789,0.35772173,8.1484437,11.06448268,0.43189391,0.00011038,0.0,0.0,0.0],"del_yes_cr_yes":[0.0,0.0,0.0,0.0,0.0,1e-08,0.00177094,1.41458682,15.15042964,3.417792,0.01941873,2.66e-06,0.0,0.0,0.0,0.0,0.0,0.0,0.0,0.0,0.0],"del_yes_cr_no":[2.5e-07,1.50416963,9.91329435,6.16792714,1.22535979,0.26215337,0.32713348,0.33893799,0.19249695,0.06073589,0.01070175,0.00103602,5.297e-05,1.34e-06,2e-08,0.0,0.0,0.0,0.0,0.0,0.0],"conf_yes_cr_yes_del_yes":[0.0,0.0,0.0,0.0,0.0,0.0,0.0,0.0,0.0,0.0,2e-08,1.358e-05,0.00259732,0.14756793,2.39115593,9.64486237,7.25202835,0.564559,0.0012163,0.0,0.0],"conf_yes_cr_no_del_yes":[0.0,0.0,0.0,0.0,0.0,0.0,0.0,0.0,8e-08,1.12e-06,1.228e-05,0.00011021,0.00083054,0.00533657,0.02951592,0.14105141,0.58029262,2.02160461,5.68891401,11.01037557,1.05191169]}}
