{"nodes":{"cr_yes":[0.0,0.0,0.0,0.0,0.0,0.0,0.0,0.0,0.0,0.0,0.0,1.039e-05,0.82182536,19.12517395,0.05699109,0.0,0.0,0.0,0.0,0.0,0.0],"imm_yes_cr_yes":[0.0,0.0,0.0,0.0,0.0,0.0,0.0,0.0,7.08e-06,0.10982859,9.07599067,5.05004337,4.67256435,1.09496498,0.00060176,0.0,0.0,0.0,0.0,0.0,0.0],"imm_yes_cr_no":[0.0,0.0,0.0,0.0,0.0,0.0,2.9e-07,0.00618034,1.91654887,14.56652559,3.48744689,0.0272929,5.93e-06,0.0,0.0,0.0,0.0,0.0,0.0,0.0,0.0],"del_yes_cr_yes":[0.0,0.0,0.0,0.00541459,5.20819421,14.25186836,0.53791938,0.00060423,3e-08,0.0,0.0,0.0,0.0,0.0,0.0,0.0,0.0,0.0,0.0,0.0,0.0],"del_yes_cr_no":[2.25e-06,11.59511532,3.50821845,0.07150984,0.41407295,2.26232376,1.84481591,0.29693865,0.01090802,9.656e-05,2e-07,0.0,0.0,0.0,0.0,0.0,0.0,0.0,0.0,0.0,0.0],"conf_yes_cr_yes_del_yes":[0.0,0.0,0.0,0.0,0.0,0.0,0.0,0.0,0.0,0.0,7.7e-07,0.00050515,0.06793606,1.88921694,9.87422599,7.63194255,0.53885903,0.00131429,1e-08,0.0,0.0],"conf_yes_cr_no_del_yes":[0.0,0.0,0.0,0.0,0.0,0.0,0.0,4e-08,1.89e-06,5.597e-05,0.0010117,0.01185676,0.09349197,0.50409847,1.84873598,4.46317965,6.57592218,5.04704117,1.40892736,0.04967739,5.2e-07]}}
