{"nodes":{"cr_yes":[0.0,0.0,0.0,0.0,0.0,0.0,0.0,0.0,0.0,0.0,0.0,0.0,0.0,0.00241296,9.04030326,10.96066427,0.00062031,0.0,0.0,0.0,0.0],"imm_yes_cr_yes":[0.0,0.0,0.0,0.0,0.0,0.0,0.00063452,2.00439588,17.23240783,0.76633265,0.00022992,0.0,0.0,0.0,0.0,0.0,0.0,0.0,0.0,0.0,0.0],"imm_yes_cr_no":[0.0,0.0,0.0,0.0,0.0,0.0,0.0,0.0,2.95e-06,0.006208,0.88951395,9.98083624,8.64245597,0.48379472,0.00118891,6e-08,0.0,0.0,0.0,0.0,0.0],"del_yes_cr_yes":[0.0,0.0,0.00188033,2.2528124,14.54024597,3.15745449,0.05151538,9.221e-05,2e-08,0.0,0.0,0.0,0.0,0.0,0.0,0.0,0.0,0.0,0.0,0.0,0.0],"del_yes_cr_no":[0.00018464,19.42217603,0.57811494,0.00348239,0.0001102,2.347e-05,1.41e-06,3e-08,0.0,0.0,0.0,0.0,0.0,0.0,0.0,0.0,0.0,0.0,0.0,0.0,0.0],"conf_yes_cr_yes_del_yes":[0.0,0.0,0.0,0.0,0.0,0.0,0.0,0.0,0.0,1.5e-07,2.112e-05,0.00131119,0.03740735,0.49991022,3.05072471,7.81351458,7.02308158,1.54130819,0.03671284,8.88e-06,0.0],"conf_yes_cr_no_del_yes":[0.0,0.0,0.0,0.0,0.0,0.0,3e-08,6.4e-07,8.83e-06,8.731e-05,0.00065656,0.00392772,0.01929279,0.07948105,0.27802617,0.82821255,2.08100194,4.27276293,6.58940086,5.80952574,0.08323136]}}
