{"nodes":{"cr_yes":[0.0,0.0,0.0,0.0,0.0,0.0,0.0,0.0,0.0,0.0,0.0,0.0,0.0,2e-08,0.02368189,17.76321104,2.21694812,0.0001409,1.884e-05,0.0,0.0],"imm_yes_cr_yes":[0.0,0.0,0.0,0.0,0.0,4.5e-07,0.09722371,14.90638467,4.99388086,0.00651106,4e-08,0.0,0.0,0.0,0.0,0.0,0.0,0.0,0.0,0.0,0.0],"imm_yes_cr_no":[0.0,0.0,0.0,0.0,0.0,0.0,7e-08,0.00016015,0.03960292,1.4056734,8.31290191,8.65661344,1.54525177,0.04307565,0.00054931,0.0001532,1.837e-05,5.9e-07,0.0,0.0,0.0],"del_yes_cr_yes":[0.0,0.0,0.0,0.0,0.0,7.5e-07,0.01072789,2.75180418,14.8983491,2.32800859,0.01510451,5.79e-06,0.0,0.0,0.0,0.0,0.0,0.0,0.0,0.0,0.0],"del_yes_cr_no":[0.001583,0.00134868,0.00087568,0.00047071,0.00053085,0.02116949,0.4203445,2.66443513,6.44137718,6.63190421,3.07113108,0.64639345,0.06203322,0.00686952,0.00700445,0.0082973,0.00781774,0.00584203,0.00345704,0.00161265,0.00058876],"conf_yes_cr_yes_del_yes":[0.0,0.0,0.0,0.0,1e-08,7e-08,6.3e-07,4.33e-06,2.262e-05,8.909e-05,0.00026265,0.00066271,0.01207522,0.40767152,4.18249574,10.47053673,4.71881974,0.21105991,0.00029399,5.6e-06,4.8e-07],"conf_yes_cr_no_del_yes":[0.00437619,0.00335429,0.00253551,0.00188826,0.00138421,0.00099958,0.00072043,0.00056263,0.00063522,0.00132437,0.00389695,0.01306611,0.04831867,0.18340853,0.63260733,1.7904789,3.84707486,5.7684927,5.29120985,2.28888983,0.24192888]}}
