{"nodes":{"cr_yes":[0.0,0.0,0.0,0.0,0.0,0.0,0.0,0.0,0.0,0.0,0.0,0.0,0.0,0.0007506,1.07327648,18.8412895,0.08866967,1.454e-05,0.0,0.0,0.0],"imm_yes_cr_yes":[0.0,0.0,0.0,0.0,0.0,0.0,0.0,0.0,0.0,0.0,5.248e-05,0.20318968,11.63590831,8.1197455,0.0451039,9.4e-07,0.0,0.0,0.0,0.0,0.0],"imm_yes_cr_no":[0.0,0.0,0.0,0.0,0.0,0.0,0.0,0.0,0.0,0.0,0.0,0.0,2.506e-05,0.04831087,4.58561951,14.63480649,0.7351072,0.00013167,0.0,0.0,0.0],"del_yes_cr_yes":[0.0,0.0,0.0,0.0,0.00011544,0.18810042,6.54774533,11.59707258,1.64760445,0.02332786,3.47e-05,0.0,0.0,0.0,0.0,0.0,0.0,0.0,0.0,0.0,0.0],"del_yes_cr_no":[5.76505791,12.5231145,3.78274453,0.56183564,0.16080958,0.06091124,0.02181705,0.00719907,0.00219834,0.00062394,0.00016512,4.083e-05,9.45e-06,2.05e-06,4.2e-07,8e-08,1e-08,0.0,0.0,0.0,0.0],"conf_yes_cr_yes_del_yes":[0.00013491,0.00016513,0.0001938,0.00021769,0.00023354,0.00023869,0.00023177,0.00021317,0.00018555,0.00015781,0.00022797,0.00267185,0.0465211,0.48146399,2.62240872,6.88171035,7.42640457,2.40812298,0.12904558,0.0034549,0.00012836],"conf_yes_cr_no_del_yes":[0.09438793,0.11985877,0.15891063,0.21976486,0.30990709,0.43433525,0.59428652,0.78644312,1.00261722,1.22991456,1.45137721,1.6471051,1.79585657,1.87712786,1.87371147,1.77473349,1.57916988,1.29984165,0.96788901,0.63772438,0.39246442]}}
