{"nodes":{"cr_yes":[0.0,0.0,0.0,0.0,0.0,0.0,0.0,0.0,0.0,0.0,0.0,0.0,0.0,1.926e-05,0.49811497,19.20751138,0.29835503,1.6e-07,0.0,0.0,0.0],"imm_yes_cr_yes":[0.0,0.0,0.0,0.0,0.0,0.0,0.0,0.0,0.0,9.699e-05,0.6376189,17.38356245,1.97191857,0.01080323,6.7e-07,0.0,0.0,0.0,0.0,0.0,0.0],"imm_yes_cr_no":[0.0,0.0,0.0,0.0,0.0,0.0,0.0,0.0,0.0,0.0,0.0,3e-08,3.525e-05,0.01028191,0.63204418,7.13827061,10.95633897,1.26414902,0.00288084,0.0,0.0],"del_yes_cr_yes":[0.0,0.0,0.0,0.0,0.0,1e-08,0.00011965,0.0791458,3.48936949,12.48288403,3.85514897,0.09716581,0.00016703,1e-08,0.0,0.0,0.0,0.0,0.0,0.0,0.0],"del_yes_cr_no":[0.0,0.0,0.0,0.0,0.0,0.0,1.4e-07,3.084e-05,0.00212741,0.05578498,0.61864043,3.06259956,6.82794923,6.60051633,2.51307473,0.31400403,0.00923918,3.393e-05,0.0,0.0,0.0],"conf_yes_cr_yes_del_yes":[0.0,0.0,0.0,0.0,0.0,0.0,0.0,0.0,0.0,0.0,2.42e-06,0.0009754,0.09141581,2.00256391,9.42482711,7.74355979,0.7370375,0.0036187,1.5e-07,0.0,0.0],"conf_yes_cr_no_del_yes":[0.0,0.0,0.0,0.0,0.0,1e-08,4.4e-07,1.086e-05,0.0001841,0.00217198,0.01799142,0.10606138,0.45020212,1.38246372,3.05384162,4.76238296,5.06307219,3.47521517,1.41388071,0.27321337,0.00661745]}}
