{"nodes":{"cr_yes":[0.0,0.0,0.0,0.0,0.0,0.0,0.0,0.0,0.0,0.0,0.0,0.0,4.1e-07,0.21800945,19.7036813,0.08230964,0.0,0.0,0.0,0.0,0.0],"imm_yes_cr_yes":[0.0,0.0,0.0,0.0,0.0,0.0,0.0,0.00752118,9.06748144,10.90912858,0.01986954,6e-08,0.0,0.0,0.0,0.0,0.0,0.0,0.0,0.0,0.0],"imm_yes_cr_no":[0.0,0.0,0.0,0.0,0.0,0.0,1.1e-07,0.00309805,1.27478015,13.66699289,4.99334336,0.06575911,2.713e-05,0.0,0.0,0.0,0.0,0.0,0.0,0.0,0.0],"del_yes_cr_yes":[0.0,0.0,0.0,0.0,0.0,0.0,0.0,0.00018705,0.61818458,15.32540149,4.04816235,0.012065,3.3e-07,0.0,0.0,0.0,0.0,0.0,0.0,0.0,0.0],"del_yes_cr_no":[0.0,0.00205148,2.08632159,13.15897962,4.5557622,0.19927179,0.00161127,2.86e-06,0.0,0.0,0.0,0.0,0.0,0.0,0.0,0.0,0.0,0.0,0.0,0.0,0.0],"conf_yes_cr_yes_del_yes":[0.0,0.0,0.0,0.0,0.0,0.0,0.0,0.0,0.0,0.0,6.2e-07,0.00059854,0.09827971,2.73159315,11.46707866,5.52824716,0.17807293,0.00013002,0.0,0.0,0.0],"conf_yes_cr_no_del_yes":[0.0,0.0,0.0,0.0,0.0,0.0,0.0,1e-08,4.7e-07,1.28e-05,0.00021926,0.00252162,0.0204201,0.12000705,0.51942637,1.65380763,3.79097245,5.92799573,5.60781075,2.34821293,0.02518728]}}
