{"nodes":{"cr_yes":[0.0,0.0,0.0,0.0,0.0,0.0,0.0,0.0,0.0,0.0,0.0,5e-08,5.66e-06,0.00027305,0.07795008,17.6453106,2.23260679,0.04781872,3.584e-05,0.0,0.0],"imm_yes_cr_yes":[0.0,0.0,0.0,0.0,0.0,0.0,2.995e-05,0.46482993,16.7554199,2.78090144,0.00281957,2e-08,0.0,0.0,0.0,0.0,0.0,0.0,0.0,0.0,0.0],"imm_yes_cr_no":[6.22e-06,3.68e-06,1.69e-06,5.9e-07,1.6e-07,3e-08,1.59e-06,0.00054544,0.04210729,0.83246494,4.53227541,7.11233896,4.20180229,2.40919052,0.80885143,0.06359479,0.00081775,1.13e-06,0.0,0.0,0.0],"del_yes_cr_yes":[0.0,0.0,0.0,0.0,0.0,0.0,3e-08,0.0006549,0.37072442,8.60371058,10.34664795,0.68008441,0.00217826,2.5e-07,0.0,0.0,0.0,0.0,0.0,0.0,0.0],"del_yes_cr_no":[2.31e-06,2.745e-05,0.0005405,0.00551749,0.0300836,0.09519661,0.19508479,0.42842946,1.60591679,4.4915264,6.39680349,4.55590299,1.72868971,0.40081826,0.06285193,0.00585968,0.00030809,9.87e-05,0.00012847,0.00014588,0.00013874],"conf_yes_cr_yes_del_yes":[0.0,0.0,0.0,0.0,0.0,0.0,0.0,0.0,0.0,1e-07,1.99e-06,6.283e-05,0.00649065,0.28687154,3.56225701,10.50160168,5.3868162,0.25950114,0.00039566,2e-06,1e-08],"conf_yes_cr_no_del_yes":[0.21081576,0.22827064,0.24341541,0.25560045,0.26444784,0.27009635,0.27353491,0.27699841,0.28432967,0.30111685,0.33437181,0.39176782,0.48169393,0.61897474,0.84639925,1.27254926,2.05586663,3.15897812,3.93151409,3.43634289,1.94464768]}}
