{"nodes":{"cr_yes":[0.0,0.0,0.0,0.0,0.0,0.0,0.0,0.0,0.0,0.0,0.0,0.0,0.0,5.5e-07,0.14277327,19.57462811,0.28659885,2e-08,0.0,0.0,0.0],"imm_yes_cr_yes":[0.0,0.0,0.0,0.0,0.0,0.0,0.0,2.464e-05,0.77293326,18.66841001,0.56261046,2.243e-05,0.0,0.0,0.0,0.0,0.0,0.0,0.0,0.0,0.0],"imm_yes_cr_no":[0.0,0.0,0.0,0.0,0.0,0.0,0.0,6.89e-06,0.00390085,0.32116542,4.42191612,10.66888209,4.32958755,0.25684548,0.00169562,7.7e-07,0.0,0.0,0.0,0.0,0.0],"del_yes_cr_yes":[0.0,0.0,0.0,0.0,0.0,0.0,0.0,0.0,3.2e-07,0.00510369,1.73678902,15.05308989,3.19642983,0.01258754,5.1e-07,0.0,0.0,0.0,0.0,0.0,0.0],"del_yes_cr_no":[0.0,0.0,0.0,0.0,0.0,1.35e-06,0.00025799,0.01311848,0.23078524,1.63876268,5.10613714,7.200118,4.52003335,1.18003136,0.11173363,0.00300672,1.485e-05,1e-08,0.0,0.0,0.0],"conf_yes_cr_yes_del_yes":[0.0,0.0,0.0,0.0,0.0,0.0,0.0,0.0,0.0,0.0,0.0,2.72e-06,0.00158313,0.18043352,3.78484727,12.06782521,3.91229653,0.05700651,5.91e-06,0.0,0.0],"conf_yes_cr_no_del_yes":[0.0,0.0,0.0,0.0,0.0,0.0,0.0,0.0,1.1e-07,3.46e-06,6.69e-05,0.0008815,0.00828469,0.05718474,0.29399432,1.12326693,3.11346828,5.88865779,6.58905701,2.92753436,0.00320142]}}
