{"nodes":{"cr_yes":[0.0,0.0,0.0,0.0,0.0,0.0,0.0,0.0,0.0,3e-08,0.00093169,0.74647651,14.19813457,5.03552203,0.0229352,7.7e-07,0.0,0.0,0.0,0.0,0.0],"imm_yes_cr_yes":[0.0,0.0,0.0,0.0,0.0,0.0,0.00200018,6.28701101,13.67410643,0.04088297,2.2e-07,0.0,0.0,0.0,0.0,0.0,0.0,0.0,0.0,0.0,0.0],"imm_yes_cr_no":[0.0,0.0,0.0,0.0,0.0,0.0,0.00011841,0.35392172,11.59448616,7.25338796,0.6074247,0.18342469,0.01112577,0.00011113,1.7e-07,0.0,1e-08,2e-08,3e-08,2e-08,1e-08],"del_yes_cr_yes":[0.0,0.0,0.0,0.0,0.0,0.0,7e-08,0.00501496,2.52434927,15.84528724,1.62654139,0.0028078,8e-08,0.0,0.0,0.0,0.0,0.0,0.0,0.0,0.0],"del_yes_cr_no":[1.53e-06,1.604e-05,0.00132217,0.27581771,3.20055119,4.72415591,3.96632216,4.41166459,2.62185193,0.70838519,0.08855625,0.00521051,0.00014451,1.86e-06,1e-08,0.0,0.0,0.0,0.0,0.0,0.0],"conf_yes_cr_yes_del_yes":[0.0,0.0,0.0,0.0,0.0,0.0,1e-08,3e-08,6e-08,1e-07,1.4e-07,2.866e-05,0.01189858,0.82246729,8.47052996,9.92777238,0.76995623,0.0013473,7e-08,0.0,0.0],"conf_yes_cr_no_del_yes":[0.02150069,0.02018044,0.01825694,0.01609784,0.01449681,0.0151673,0.02151517,0.03929676,0.07628935,0.14077107,0.24338198,0.42741867,0.9044132,2.18773745,4.2609196,5.26831417,3.93534022,1.84688911,0.49381632,0.0610427,0.0038107]}}
