{"nodes":{"cr_yes":[0.0,0.0,0.0,0.0,0.0,0.0,0.0,0.0,0.0,0.0,0.0,0.0,0.0,6.2e-07,0.05908015,16.02383392,3.92099349,9.262e-05,0.0,0.0,0.0],"imm_yes_cr_yes":[0.0,0.0,0.0,0.0,0.0,0.0,3.944e-05,0.43026732,15.86167591,3.7048792,0.00713882,1.1e-07,0.0,0.0,0.0,0.0,0.0,0.0,0.0,0.0,0.0],"imm_yes_cr_no":[0.0,0.0,0.0,0.0,0.0,3e-08,8.25e-06,0.00063507,0.0147451,0.12077167,0.78186402,5.27856954,10.04410271,3.57269907,0.18953739,0.00105402,9.73e-06,3.66e-06,5.2e-07,2e-08,0.0],"del_yes_cr_yes":[0.0,0.0,0.0,0.0,0.0,0.0,0.0,0.00017738,0.16109456,6.08255112,12.31724153,1.43424221,0.00869194,2.05e-06,0.0,0.0,0.0,0.0,0.0,0.0,0.0],"del_yes_cr_no":[0.0,0.0,5e-08,8.43e-06,0.00039779,0.00757129,0.07605152,0.45412683,1.67537976,3.87275173,5.58708762,4.91788266,2.54818756,0.7417734,0.11400689,0.00846492,0.00026674,7.75e-06,9.41e-06,1.542e-05,2.203e-05],"conf_yes_cr_yes_del_yes":[0.0,0.0,0.0,0.0,0.0,0.0,0.0,0.0,0.0,1e-08,4.7e-07,0.00013549,0.01360887,0.44154014,4.24455061,10.31510711,4.74267433,0.2457469,0.00063685,3e-08,0.0],"conf_yes_cr_no_del_yes":[0.01795812,0.0249569,0.03415046,0.04618053,0.06194909,0.08270536,0.11007826,0.14597469,0.19228073,0.25043279,0.32129202,0.40682969,0.5193934,0.7172643,1.18934322,2.28039333,3.989334,4.91270396,3.33292024,1.15302455,0.44762844]}}
