{"nodes":{"cr_yes":[0.0,0.0,0.0,0.0,0.0,0.0,0.0,0.0,0.0,0.0,0.0,0.0,0.0,0.0,0.00137631,4.69919975,15.2986781,0.00474664,0.0,0.0,0.0],"imm_yes_cr_yes":[0.0,0.0,0.0,0.0,0.0,0.0,7.834e-05,0.32246912,12.33447621,7.29806111,0.04891283,3.19e-06,0.0,0.0,0.0,0.0,0.0,0.0,0.0,0.0,0.0],"imm_yes_cr_no":[0.0,0.0,0.0,0.0,0.0,0.0,0.0,0.0,0.0,4.2e-07,0.00028323,0.03839805,1.13686174,7.34774697,9.46961244,1.9671432,0.04384727,0.00010732,1.5e-07,0.0,0.0],"del_yes_cr_yes":[0.0,0.0,0.00020044,0.76662001,12.64343576,6.3582249,0.23453566,0.00098312,9.1e-07,1e-08,0.0,0.0,0.0,0.0,0.0,0.0,0.0,0.0,0.0,0.0,0.0],"del_yes_cr_no":[4.25e-06,5.5e-06,4.76e-06,3.11e-06,2.07e-06,2.533e-05,0.00061263,0.00813449,0.06415996,0.32264027,1.0853735,2.52036778,4.11404516,4.75303895,3.8714738,2.18960587,0.83576052,0.20574679,0.03049825,0.00245425,9.14e-05],"conf_yes_cr_yes_del_yes":[0.0,0.0,0.0,0.0,0.0,0.0,0.0,0.0,0.0,1e-08,3.92e-06,0.00063713,0.03576589,0.71116847,4.80589231,9.70726883,4.47222706,0.27043037,0.0006068,0.0,0.0],"conf_yes_cr_no_del_yes":[0.0,0.0,0.0,2e-08,8e-08,3.6e-07,1.44e-06,5.73e-06,3.293e-05,0.00028714,0.00245779,0.01680483,0.08900897,0.36641731,1.17153048,2.86212942,5.114157,6.05701516,3.75321719,0.5708728,0.00012432]}}
