{"nodes":{"cr_yes":[0.0,0.0,0.0,0.0,0.0,0.0,0.0,0.0,0.0,0.0,0.0,0.0,0.00146297,5.70337102,14.29028631,0.00888051,0.0,0.0,0.0,0.0,0.0],"imm_yes_cr_yes":[0.0,0.0,0.0,0.0,0.0,0.0,0.00585512,7.35593829,12.59026497,0.05194179,6.3e-07,0.0,0.0,0.0,0.0,0.0,0.0,0.0,0.0,0.0,0.0],"imm_yes_cr_no":[0.0,0.0,0.0,0.0,1.452e-05,0.00268714,0.04821003,1.47440127,12.91321381,5.43270839,0.13253886,0.00022669,8e-08,0.0,0.0,0.0,0.0,0.0,0.0,0.0,0.0],"del_yes_cr_yes":[0.0,0.0,0.0,0.0,0.0,0.0,0.0,0.00010713,0.27088905,10.65913239,8.8741882,0.19301242,0.0064762,0.00019477,6.4e-07,0.0,0.0,0.0,0.0,0.0,0.0],"del_yes_cr_no":[1e-08,6.628e-05,0.01441425,0.26461783,0.94052779,3.08910684,8.27093456,6.2139828,1.15243714,0.05578821,0.00072555,1.042e-05,2.825e-05,7.46e-05,0.0001496,0.00023145,0.00027987,0.00026733,0.00020341,0.00012411,6.103e-05],"conf_yes_cr_yes_del_yes":[0.0,0.0,0.0,0.0,0.0,0.0,0.0,0.0,0.0,0.0,0.0,6.45e-06,0.00346728,0.34132941,5.57554459,11.9428647,2.12668003,0.0141072,1.14e-06,0.0,0.0],"conf_yes_cr_no_del_yes":[9.6e-07,7.85e-06,5.137e-05,0.0002738,0.00120459,0.00441835,0.01360935,0.03537606,0.07799565,0.14869041,0.2686002,0.57718959,1.54415369,3.65039565,5.73575982,5.13484798,2.30040546,0.45512914,0.04722342,0.00796587,0.00140415]}}
