{"nodes":{"cr_yes":[0.0,0.0,0.0,0.0,0.0,0.0,0.0,0.0,0.0,0.0,0.0,0.0,7.6e-07,0.01869865,5.66328424,14.20463689,0.11727704,0.00010315,6e-08,0.0,0.0],"imm_yes_cr_yes":[0.0,0.0,0.0,0.0,0.0,0.0,0.0,0.0,0.0,0.0,1e-08,0.00371274,4.55371894,15.3706978,0.07587116,1.6e-07,0.0,0.0,0.0,0.0,0.0],"imm_yes_cr_no":[0.0,0.0,0.0,0.0,0.0,0.0,0.0,0.0,0.0,0.0,0.0,0.0,7.21e-06,0.02035339,2.97186548,15.60486443,1.40640846,0.00050182,0.0,0.0,0.0],"del_yes_cr_yes":[0.0,0.0,0.0,4.7e-07,0.00234717,0.41383113,5.88864684,10.53544581,3.00792757,0.1543274,0.00147191,2.51e-06,0.0,0.0,0.0,0.0,0.0,0.0,0.0,0.0,0.0],"del_yes_cr_no":[1.14439387,10.07475304,7.02584383,1.0285842,0.29572152,0.22985329,0.19416837,0.1586228,0.12444737,0.09389593,0.06832592,0.04808848,0.03281749,0.02176254,0.01404892,0.00884252,0.00543349,0.00326317,0.00191723,0.00110292,0.00062165],"conf_yes_cr_yes_del_yes":[0.0,0.0,0.0,0.0,0.0,0.0,3e-08,4e-07,3.91e-06,3.013e-05,0.00020297,0.00189235,0.02717101,0.30436847,1.92248851,6.03499302,8.04908302,3.39535983,0.26122287,0.0067201,0.00092831],"conf_yes_cr_no_del_yes":[0.16267569,0.18752611,0.22620735,0.28628759,0.37443214,0.49486747,0.64827187,0.83109287,1.03529124,1.2485117,1.45468031,1.63502846,1.76954362,1.83884665,1.82649591,1.72171788,1.52256461,1.23949767,0.89939891,0.55000782,0.26478553]}}
