{"nodes":{"cr_yes":[0.0,0.0,0.0,0.0,0.0,0.0,0.0,0.0,0.0,0.0,0.0,0.0,0.0,2.079e-05,0.67002585,19.237806,0.09614816,0.0,0.0,0.0,0.0],"imm_yes_cr_yes":[0.0,0.0,0.0,0.0,0.0,0.0,3e-08,0.00611824,3.98751327,15.51475631,0.4954806,0.00013236,0.0,0.0,0.0,0.0,0.0,0.0,0.0,0.0,0.0],"imm_yes_cr_no":[0.0,0.0,0.0,0.0,0.0,0.0,0.0,1e-08,3.927e-05,0.01591557,0.88235268,7.50471267,9.81154931,1.75637521,0.03301627,3.982e-05,0.0,0.0,0.0,0.0,0.0],"del_yes_cr_yes":[0.0,0.0,0.0,0.0,0.0,0.0,1.09e-06,0.00591118,1.10535536,11.11066374,7.43626548,0.34482438,0.00097944,1.3e-07,0.0,0.0,0.0,0.0,0.0,0.0,0.0],"del_yes_cr_no":[0.0,0.0,5.21e-06,0.00290308,0.145726,1.54940934,5.27458078,7.17038025,4.38803377,1.28037437,0.18031294,0.01192537,0.00034578,3.9e-06,1e-08,0.0,0.0,0.0,0.0,0.0,0.0],"conf_yes_cr_yes_del_yes":[0.0,0.0,0.0,0.0,0.0,0.0,0.0,0.0,0.0,2e-08,7.94e-06,0.0010373,0.0485484,0.83124615,5.00998559,9.44949676,4.36284451,0.29983619,0.00099793,1e-08,0.0],"conf_yes_cr_no_del_yes":[0.0,0.0,0.0,0.0,0.0,0.0,0.0,4e-08,8.3e-07,1.289e-05,0.00014535,0.00123567,0.00820559,0.04366304,0.18904633,0.66895405,1.91582081,4.29288434,6.88740863,5.98888074,0.01548498]}}
