{"nodes":{"cr_yes":[0.0,0.0,0.0,0.0,0.0,0.0,0.0,0.0,0.0,0.0,0.0,0.0,0.0,0.0,0.00193922,7.77257086,12.22901235,0.00047838,0.0,0.0,0.0],"imm_yes_cr_yes":[0.0,0.0,0.0,0.0,0.0,2.927e-05,0.44647288,16.04839954,3.29445745,0.00601138,0.00449253,0.1638887,0.04020324,4.581e-05,0.0,0.0,0.0,0.0,0.0,0.0,0.0],"imm_yes_cr_no":[0.0,0.0,0.0,0.0,0.0,0.0,0.0,4e-08,4.535e-05,0.00876733,0.3258383,2.55665117,4.36428302,2.88428988,5.90663676,3.73872036,0.21832024,0.00044836,0.0,0.0,0.0],"del_yes_cr_yes":[0.0,0.0,1e-08,0.00043027,0.28902755,6.788832,11.06417054,1.82444426,0.03699696,9.917e-05,3e-08,0.0,0.0,0.0,0.0,0.0,0.0,0.0,0.0,0.0,0.0],"del_yes_cr_no":[2e-07,0.00043413,0.02127771,0.23480612,1.14545915,3.69903475,6.5479788,5.55578384,2.28355523,0.46613385,0.04719979,0.0022877,4.922e-05,4.2e-07,0.0,0.0,0.0,0.0,0.0,0.0,0.0],"conf_yes_cr_yes_del_yes":[0.0,0.0,0.0,0.0,0.0,0.0,0.0,0.0,1e-08,1.32e-06,0.00011889,0.00489648,0.09688337,0.93066864,4.20185031,8.14675937,5.64061923,0.96427511,0.01792477,3.32e-06,0.0],"conf_yes_cr_no_del_yes":[0.0,0.0,0.0,0.0,0.0,1e-08,3.2e-07,4.68e-06,4.743e-05,0.00035665,0.00210581,0.0101521,0.04105912,0.14183068,0.42263084,1.08801138,2.39591156,4.37932547,6.1510015,5.22608535,0.29095579]}}
