{"nodes":{"cr_yes":[0.0,0.0,0.0,0.0,0.0,0.0,0.0,0.0,0.0,0.0,0.0,0.0,0.0,0.0,1e-08,0.01307928,17.37712262,2.61379858,3.1e-07,0.0,0.0],"imm_yes_cr_yes":[0.0,0.0,0.0,0.0,0.0,0.0,4.8e-07,0.05103776,10.66874502,9.23771363,0.04650252,1.39e-06,0.0,0.0,0.0,0.0,0.0,0.0,0.0,0.0,0.0],"imm_yes_cr_no":[0.0,0.0,0.0,0.0,0.0,0.0,0.0,0.0,8e-08,1.531e-05,0.00053903,0.00408548,0.01612378,0.53183674,6.07965369,11.25162311,2.10468837,0.01543471,4.9e-07,0.0,0.0],"del_yes_cr_yes":[0.0,0.0,0.0,0.0,9e-08,0.00490657,1.8960083,14.34191543,3.71790805,0.04323835,2.401e-05,0.0,0.0,0.0,0.0,0.0,0.0,0.0,0.0,0.0,0.0],"del_yes_cr_no":[0.0,0.0,2e-08,3.654e-05,0.00506064,0.13625809,1.15552682,3.99253134,6.48738128,5.34889736,2.30462846,0.51418845,0.05663622,0.00280223,5.304e-05,2.9e-07,0.0,0.0,0.0,0.0,0.0],"conf_yes_cr_yes_del_yes":[0.0,0.0,0.0,0.0,0.0,0.0,0.0,0.0,0.0,9e-08,4.388e-05,0.00574536,0.2268606,2.71136138,9.0876325,7.0818013,0.88229515,0.0082595,1.03e-06,0.0,0.0],"conf_yes_cr_no_del_yes":[0.0,0.0,0.0,0.0,0.0,0.0,2e-08,9e-08,4.8e-07,2.98e-06,2.324e-05,0.00019186,0.00142454,0.00898265,0.04766994,0.21325972,0.80248097,2.50030742,6.14118433,10.03935983,0.49822549]}}
