{"nodes":{"cr_yes":[0.0,0.0,0.0,0.0,0.0,0.0,0.0,0.0,0.0,0.0,0.0,0.0,0.0,0.00239118,16.45139613,3.55021156,1.93e-06,0.0,0.0,0.0,0.0],"imm_yes_cr_yes":[0.0,0.0,0.0,0.0,0.0,0.0,1e-08,0.00730316,7.48582583,12.46366645,0.04720496,4e-07,0.0,0.0,0.0,0.0,0.0,0.0,0.0,0.0,0.0],"imm_yes_cr_no":[0.0,0.0,0.0,0.0,0.0,0.0,2.063e-05,0.07590425,5.56944452,13.09822777,1.25509731,0.00530538,9.4e-07,0.0,0.0,0.0,0.0,0.0,0.0,0.0,0.0],"del_yes_cr_yes":[0.0,0.0,0.0,0.0,0.0,0.0,0.0,0.0,6e-08,0.00154463,0.87371112,13.50785636,5.57337165,0.04751217,4.8e-06,0.0,0.0,0.0,0.0,0.0,0.0],"del_yes_cr_no":[0.0,0.0,0.0,8.456e-05,0.11970071,4.40026354,11.61844512,3.68218311,0.18176478,0.00155666,2.3e-06,0.0,0.0,0.0,0.0,0.0,0.0,0.0,0.0,0.0,0.0],"conf_yes_cr_yes_del_yes":[0.0,0.0,0.0,0.0,0.0,0.0,0.0,0.0,0.0,0.0,0.0,4.34e-06,0.00216653,0.21605377,4.05325205,11.91433454,3.75815944,0.06002059,9.54e-06,0.0,0.0],"conf_yes_cr_no_del_yes":[0.0,0.0,0.0,0.0,0.0,0.0,0.0,0.0,1e-08,1.34e-06,6.702e-05,0.00183841,0.02922886,0.27588103,1.53536894,4.81329393,7.64212076,4.91955222,0.77863033,0.00798438,6.713e-05]}}
