{"nodes":{"cr_yes":[0.0,0.0,0.0,0.0,0.0,0.0,0.0,0.0,0.0,0.0,0.0,0.0,0.0,0.0,2.956e-05,3.4053687,16.59850043,0.00010211,0.0,0.0,0.0],"imm_yes_cr_yes":[0.0,0.0,0.0,0.0,0.0,0.0,0.0,0.0,2.8e-07,0.03633354,10.65149767,9.29362914,0.02254007,1e-07,0.0,0.0,0.0,0.0,0.0,0.0,0.0],"imm_yes_cr_no":[0.0,0.0,0.0,0.0,0.0,0.0,0.0,0.0,0.0,1e-08,3.47e-05,0.01732559,1.14075106,9.58319646,8.6721986,0.58898047,0.00151388,4e-08,0.0,0.0,0.0],"del_yes_cr_yes":[0.0,0.0,0.0,0.0,0.0,0.0,0.0,0.0,2.1e-07,0.003142,1.1952853,13.94809946,4.81946947,0.03800043,3.93e-06,0.0,0.0,0.0,0.0,0.0,0.0],"del_yes_cr_no":[0.0,0.0,0.0,0.0,0.0,1.77e-06,0.00026176,0.01141492,0.18639373,1.31429362,4.33092863,6.88460903,5.22562025,1.79164309,0.24748995,0.01122764,0.00011627,1.4e-07,0.0,0.0,0.0],"conf_yes_cr_yes_del_yes":[0.0,0.0,0.0,0.0,0.0,0.0,0.0,0.0,0.0,0.0,6e-08,0.00010668,0.03056034,1.44484101,10.11942606,7.99630925,0.41229827,0.00045913,0.0,0.0,0.0],"conf_yes_cr_no_del_yes":[0.0,0.0,0.0,0.0,0.0,0.0,0.0,1.5e-07,4.69e-06,8.762e-05,0.00108497,0.00941486,0.05935381,0.27751626,0.96835885,2.4967621,4.60855918,5.70589288,4.2247456,1.6464414,0.01155688]}}
