{"nodes":{"cr_yes":[0.0,0.0,0.0,0.0,0.0,0.0,0.0,0.0,0.0,0.0,0.0,0.0,6e-08,6.423e-05,1.59513294,17.7173918,0.69135261,5.915e-05,0.0,0.0,0.0],"imm_yes_cr_yes":[0.0,0.0,0.0,0.0,0.0,0.0,0.0,0.0,0.0,0.0,1e-08,0.00298121,4.57800117,15.36514946,0.05786888,7e-08,0.0,0.0,0.0,0.0,0.0],"imm_yes_cr_no":[0.0,0.0,0.0,0.0,0.0,0.0,0.0,0.0,0.0,0.0,0.0,0.0,5.87e-06,0.01672904,2.60126229,15.58996233,1.7950202,0.00102107,0.0,0.0,0.0],"del_yes_cr_yes":[0.0,0.0,0.0,3.9e-07,0.0048059,0.97068058,9.64839361,8.46600296,0.90056071,0.01352697,2.967e-05,1e-08,0.0,0.0,0.0,0.0,0.0,0.0,0.0,0.0,0.0],"del_yes_cr_no":[0.95107092,1.09989056,1.11608297,1.30031501,1.47562706,1.59242632,1.64200419,1.62661547,1.55503278,1.43993476,1.29547965,1.13534063,0.97136491,0.81285647,0.66637971,0.53593661,0.42336774,0.32884985,0.25139691,0.18930565,0.14051621],"conf_yes_cr_yes_del_yes":[2.3e-07,4.6e-07,8.9e-07,1.71e-06,3.7e-06,1.002e-05,3.24e-05,0.00010694,0.00032463,0.00087405,0.00224216,0.00844351,0.05878417,0.39114551,1.7342771,4.60586803,6.77160389,4.91584959,1.41647836,0.09773267,0.00044173],"conf_yes_cr_no_del_yes":[0.20795585,0.24016264,0.28301954,0.34313588,0.42659704,0.53749472,0.67685159,0.8419403,1.02599678,1.21832802,1.40481409,1.56880462,1.69240958,1.75818443,1.75120969,1.66156473,1.48719612,1.23718014,0.9353798,0.62449616,0.37051399]}}
