{"nodes":{"cr_yes":[0.81375545,0.25270268,0.05880116,0.01008548,0.00125166,0.00011006,6.69e-06,2.7e-07,1e-08,0.0,5e-08,1.388e-05,0.00102564,0.01806982,0.0909368,2.29199997,14.17036933,2.69211381,0.00963531,4.5e-07,0.0],"imm_yes_cr_yes":[0.0,0.0,0.0,0.0,0.0,0.00038948,0.78488189,14.63614307,4.5504112,0.0321694,5.76e-06,0.0,0.0,0.0,0.0,0.0,0.0,0.0,0.0,0.0,0.0],"imm_yes_cr_no":[1e-08,8e-08,5.5e-07,2.33e-06,6.19e-06,1.044e-05,2.228e-05,0.00184866,0.08337741,1.16282974,5.32938002,8.21667051,4.27976298,0.83061201,0.0867045,0.00437755,0.00056904,0.00152849,0.00268274,0.00278546,0.00165969],"del_yes_cr_yes":[0.0,0.0,0.0,0.0,0.0,2.4e-07,0.00305911,0.88637437,10.6793073,7.92567235,0.50594182,0.00364293,2.68e-06,0.0,0.0,0.0,0.0,0.0,0.0,0.0,0.0],"del_yes_cr_no":[9.67e-06,5.224e-05,0.0008779,0.00888982,0.05504896,0.22109429,0.60157774,1.16675544,1.85014463,2.99690528,4.5519514,4.66536884,2.66519021,0.81966464,0.20910754,0.10591355,0.0577028,0.02163175,0.00518616,0.00082839,0.00020876],"conf_yes_cr_yes_del_yes":[0.0,2e-08,1.2e-07,8e-07,4.35e-06,1.984e-05,7.53e-05,0.00023783,0.00062292,0.00134588,0.00238252,0.00377923,0.02769203,0.56171,4.33484457,9.71680517,4.95798297,0.39068787,0.00570707,0.00010221,2.3e-07],"conf_yes_cr_no_del_yes":[0.16577885,0.19901644,0.23794713,0.283292,0.33579309,0.39618979,0.46518606,0.54340672,0.63134057,0.72926837,0.83717397,0.95463769,1.0807139,1.21380183,1.35154399,1.49089903,1.62910749,1.76898334,1.9421017,2.28303009,3.09535634]}}
