{"nodes":{"cr_yes":[0.0,0.0,0.0,0.0,0.0,0.0,0.0,0.0,0.0,0.0,0.0,0.0,0.0,0.0,0.00051645,8.42211558,11.58130845,6.033e-05,0.0,0.0,0.0],"imm_yes_cr_yes":[0.0,0.0,0.0,0.0,0.0,0.0,0.0,0.0,0.00046606,1.85357273,17.65938474,0.49054277,3.449e-05,0.0,0.0,0.0,0.0,0.0,0.0,0.0,0.0],"imm_yes_cr_no":[0.0,0.0,0.0,0.0,0.0,0.0,0.0,0.0,2.6e-07,0.00080549,0.20608094,5.06691071,12.16826488,2.52801151,0.03391002,1.701e-05,0.0,0.0,0.0,0.0,0.0],"del_yes_cr_yes":[0.0,0.0,0.0,0.0,0.0,0.0,0.0,0.0,4e-08,0.00092894,0.60364795,12.03404766,7.26029617,0.1050582,2.185e-05,0.0,0.0,0.0,0.0,0.0,0.0],"del_yes_cr_no":[0.0,0.0,6.3e-07,0.00012369,0.03309325,0.97305718,5.46849116,8.40440482,4.27802132,0.7910757,0.05438148,0.00134079,1.076e-05,2e-08,0.0,0.0,0.0,0.0,0.0,0.0,0.0],"conf_yes_cr_yes_del_yes":[0.0,0.0,0.0,0.0,0.0,0.0,0.0,0.0,0.0,0.0,2e-08,4.629e-05,0.01610026,0.95334243,8.72304141,9.56149295,0.74851051,0.00146691,1e-08,0.0,0.0],"conf_yes_cr_no_del_yes":[0.0,0.0,0.0,0.0,0.0,0.0,1e-08,5.2e-07,1.762e-05,0.00034629,0.0043206,0.03625453,0.21174871,0.87325255,2.52683828,4.96575511,6.15616489,4.130979,1.06130165,0.03702057,9.2e-07]}}
