{"nodes":{"cr_yes":[0.0,0.0,0.0,0.0,0.0,0.0,0.0,0.0,0.0,0.0,0.0,0.0,0.0,1.3e-07,0.02644127,13.97022809,6.00713572,0.00019558,0.0,0.0,0.0],"imm_yes_cr_yes":[0.0,0.0,0.0,0.0,0.0,0.0,2.085e-05,0.26251183,14.00381183,5.71468713,0.02296825,8.9e-07,0.0,0.0,0.0,0.0,0.0,0.0,0.0,0.0,0.0],"imm_yes_cr_no":[0.0,2e-08,4.2e-07,5.55e-06,4.007e-05,0.00016309,0.00038043,0.0005119,0.00040712,0.00314672,0.17140821,2.36500685,8.11289488,7.04869093,1.94162786,0.33221156,0.02698806,0.00051561,1.51e-06,0.0,0.0],"del_yes_cr_yes":[0.0,0.0,0.0,0.0,0.0,0.0,1e-08,0.00033744,0.24779721,7.3671374,11.40611881,0.97845502,0.00415427,6.4e-07,0.0,0.0,0.0,0.0,0.0,0.0,0.0],"del_yes_cr_no":[0.19739651,0.24234066,0.24473038,0.21172209,0.16810355,0.14338179,0.25605411,0.91599398,2.57579568,4.57015944,4.99270837,3.3327549,1.42878851,0.50684574,0.20719798,0.08121992,0.02286855,0.00415246,0.00045576,2.819e-05,9.6e-07],"conf_yes_cr_yes_del_yes":[1.49e-06,9.6e-07,5.8e-07,3.3e-07,1.7e-07,9e-08,4e-08,2e-08,1e-08,0.0,3e-08,1.24e-05,0.00198958,0.10626865,1.78859227,8.38831375,8.55004307,1.1611603,0.00761691,9e-07,0.0],"conf_yes_cr_no_del_yes":[0.97480754,0.96416468,0.93949541,0.90116234,0.85013272,0.78796336,0.71674304,0.63899628,0.55757034,0.47558222,0.39666035,0.32611276,0.27447239,0.26602509,0.354504,0.63834618,1.23544244,2.14024241,2.97806623,3.03877826,2.07227302]}}
