{"nodes":{"cr_yes":[0.0,0.0,0.0,0.0,0.0,0.0,0.0,0.0,0.0,7.2e-07,0.00036334,0.00902298,0.35587253,2.9564969,16.67099176,0.01125258,0.0,0.0,0.0,0.0,0.0],"imm_yes_cr_yes":[0.0,0.0,0.0,0.0,0.0,0.0,0.00401788,6.51357808,13.42364696,0.06275706,8.2e-07,0.0,0.0,0.0,0.0,0.0,0.0,0.0,0.0,0.0,0.0],"imm_yes_cr_no":[0.0,0.0,0.0,0.0,0.0,0.0,0.00033415,0.39110999,10.28446557,9.01459222,0.3130714,0.00042744,2e-08,0.0,0.0,0.0,0.0,0.0,0.0,0.0,0.0],"del_yes_cr_yes":[0.0,0.0,0.0,0.0,0.0,0.0,0.0,0.00017531,0.44666592,13.23912534,6.26557038,0.05245554,8.31e-06,0.0,0.0,0.0,0.0,0.0,0.0,0.0,0.0],"del_yes_cr_no":[0.0,0.0,5.93e-06,0.00201259,0.37785168,5.52135265,10.39263296,3.47020622,0.23610569,0.00340953,1.022e-05,1.6e-07,7.5e-07,2.89e-06,8.84e-06,2.172e-05,4.345e-05,7.156e-05,9.789e-05,0.00011206,0.00010803],"conf_yes_cr_yes_del_yes":[0.0,0.0,0.0,0.0,0.0,0.0,1e-08,4e-08,1.6e-07,5e-07,1.16e-06,3.47e-06,0.00068992,0.0776792,2.03004426,10.2478234,7.24905817,0.39818043,0.00052009,0.0,0.0],"conf_yes_cr_no_del_yes":[0.02251269,0.02235127,0.02421731,0.0295697,0.03977286,0.05546612,0.07581374,0.09805412,0.11799438,0.13224456,0.14573092,0.21807568,0.67166942,2.29933878,5.10704843,6.21698684,3.7003915,0.93457772,0.09173714,0.00916116,0.00508563]}}
