{"nodes":{"cr_yes":[0.0,0.0,0.0,0.0,0.0,0.0,0.0,0.0,0.0,0.0,0.0,0.0,0.0,0.0,0.01392831,18.89289058,1.09718182,9e-08,0.0,0.0,0.0],"imm_yes_cr_yes":[0.0,0.0,0.0,0.0,0.0,0.0,0.0,0.01076902,10.55251368,9.42891671,0.01180137,2e-08,0.0,0.0,0.0,0.0,0.0,0.0,0.0,0.0,0.0],"imm_yes_cr_no":[0.0,0.0,0.0,0.0,0.0,0.0,9e-08,0.00053833,0.18272712,4.84117611,12.00641302,2.90988781,0.06316127,9.705e-05,1e-08,0.0,0.0,0.0,0.0,0.0,0.0],"del_yes_cr_yes":[0.0,0.0,0.0,0.0,0.0,0.0,0.0,0.00015449,0.48003743,14.07032126,5.42443594,0.02904992,1.76e-06,0.0,0.0,0.0,0.0,0.0,0.0,0.0,0.0],"del_yes_cr_no":[0.0,0.0,1.2e-07,0.00046213,0.07386192,1.49322551,6.48912012,8.06693324,3.35133753,0.50115209,0.02737829,0.00052659,3.26e-06,1e-08,0.0,0.0,0.0,0.0,0.0,0.0,0.0],"conf_yes_cr_yes_del_yes":[0.0,0.0,0.0,0.0,0.0,0.0,0.0,0.0,0.0,0.0,5e-08,7.868e-05,0.02259156,1.13697036,9.11049503,9.05751152,0.67498832,0.00136528,1e-08,0.0,0.0],"conf_yes_cr_no_del_yes":[1.2e-07,3.5e-07,9.2e-07,2.21e-06,4.95e-06,1.028e-05,1.99e-05,3.584e-05,6.037e-05,0.00010145,0.00025319,0.00136171,0.00862328,0.04448896,0.17889474,0.57469047,1.53381764,3.48046842,6.39225333,7.61171335,0.3543988]}}
