{"nodes":{"cr_yes":[0.0,0.0,0.0,0.0,0.0,0.0,0.0,0.0,0.0,0.0,0.0,0.0,0.0,0.0,0.00126435,5.38098428,14.61932592,0.00242625,0.0,0.0,0.0],"imm_yes_cr_yes":[0.0,0.0,0.0,0.0,0.0,0.0,0.0,0.0,0.0,0.0,0.00060145,1.28707269,17.56690284,1.1492416,0.00018222,0.0,0.0,0.0,0.0,0.0,0.0],"imm_yes_cr_no":[0.0,0.0,0.0,0.0,0.0,0.0,6e-08,7.151e-05,0.0136235,0.52690279,4.63658214,9.67913756,4.66937709,0.47019887,0.00809049,1.679e-05,0.0,0.0,0.0,0.0,0.0],"del_yes_cr_yes":[0.0,0.0,0.02613846,8.69237043,7.99983269,0.17036542,0.00258991,0.17627769,1.37865379,1.36825098,0.18608343,0.00343021,7.78e-06,0.0,0.0,0.0,0.0,0.0,0.0,0.0,0.0],"del_yes_cr_no":[0.0,4e-08,1.253e-05,0.00084151,0.01876418,0.18281613,0.91727605,2.63128311,4.61939389,5.18531552,3.82038182,1.87019442,0.60834658,0.12998041,0.01781137,0.00150681,7.442e-05,1.98e-06,3e-08,0.0,0.0],"conf_yes_cr_yes_del_yes":[0.0,0.0,0.0,0.0,0.0,0.0,0.0,0.0,0.0,1e-08,4.27e-06,0.00067958,0.0373247,0.72596929,4.81308276,9.63076762,4.50259477,0.2927541,0.0008237,0.0,0.0],"conf_yes_cr_no_del_yes":[0.0,0.0,0.0,0.0,0.0,0.0,2e-08,6.8e-07,1.35e-05,0.00017653,0.00163534,0.01128189,0.05990066,0.24951209,0.82059478,2.1133552,4.14087009,5.78449155,4.98788491,1.81413916,0.0402888]}}
