{"nodes":{"cr_yes":[0.0,0.0,0.0,0.0,0.0,0.0,0.0,0.0,0.0,0.0,0.0,0.0,0.0,2e-08,0.01046179,11.68651279,8.30674875,0.00027744,0.0,0.0,0.0],"imm_yes_cr_yes":[0.0,0.0,0.0,0.0,0.0,0.0,2.795e-05,0.24251102,12.68220723,7.02637753,0.05287168,5.39e-06,0.0,0.0,0.0,0.0,0.0,0.0,0.0,0.0,0.0],"imm_yes_cr_no":[0.0,0.0,0.0,0.0,0.0,0.0,0.0,0.0,0.0,0.0,0.0,1e-06,0.00089527,0.14301834,3.74778291,12.6872696,3.39848053,0.02655254,6.1e-07,0.0,0.0],"del_yes_cr_yes":[0.0,0.0,0.0,1.16e-06,0.00660871,0.94983402,8.93558318,8.89609027,1.1921992,0.02359728,8.421e-05,2.66e-06,9e-08,0.0,0.0,0.0,0.0,0.0,0.0,0.0,0.0],"del_yes_cr_no":[0.02662595,5.50711863,2.46974746,0.64206114,1.42655408,3.07822126,3.52376881,2.27189291,0.85565865,0.18961524,0.02427099,0.00171562,6.202e-05,1.02e-06,1e-08,0.0,0.0,0.0,0.0,0.0,0.0],"conf_yes_cr_yes_del_yes":[0.0,0.0,0.0,0.0,0.0,0.0,0.0,0.0,0.0,4.1e-07,5.406e-05,0.0030056,0.07459396,0.84342771,4.21872629,8.4816467,5.58487454,0.78870933,0.00896184,3.7e-07,0.0],"conf_yes_cr_no_del_yes":[0.0,0.0,2e-08,8e-08,3.3e-07,1.31e-06,4.64e-06,1.553e-05,5.284e-05,0.00020318,0.00090167,0.00417559,0.01818617,0.07073284,0.2409955,0.71265446,1.80630722,3.81768114,6.29388826,6.62473862,0.82692278]}}
