{"nodes":{"cr_yes":[0.0,0.0,0.0,0.0,0.0,0.0,0.0,0.0,0.0,0.0,0.0,0.0,0.0,1e-08,0.00210033,5.41846226,14.57281139,0.01062682,0.0,0.0,0.0],"imm_yes_cr_yes":[0.0,0.0,0.0,0.0,0.0,0.0,0.00420899,4.71696336,15.03594038,0.24686204,2.603e-05,0.0,0.0,0.0,0.0,0.0,0.0,0.0,0.0,0.0,0.0],"imm_yes_cr_no":[0.0,0.0,0.0,1e-08,4e-07,2.736e-05,0.00071876,0.00751092,0.03791653,0.33365087,3.08472271,8.3594029,6.50990817,1.56896049,0.0935016,0.00394699,0.00268761,0.00092342,0.00011724,4.81e-06,5e-08],"del_yes_cr_yes":[0.0,0.0,0.0,0.0,0.0,0.0,0.00018414,0.27211294,8.96682745,10.26622945,0.49762173,0.00102503,8e-08,0.0,0.0,0.0,0.0,0.0,0.0,0.0,0.0],"del_yes_cr_no":[0.1330887,0.19226972,0.21667388,0.23012492,0.38029553,0.81760878,1.34837391,1.67108771,1.89589876,1.9965389,2.00942656,2.27975802,2.47748418,2.11279452,1.35257334,0.65031995,0.23312599,0.06073167,0.01101099,0.00131142,9.542e-05],"conf_yes_cr_yes_del_yes":[2e-08,8e-08,2.7e-07,8.4e-07,2.27e-06,5.28e-06,1.053e-05,1.795e-05,2.593e-05,3.148e-05,3.187e-05,8.212e-05,0.00739151,0.30090186,3.54180068,10.29976045,5.52428562,0.32864581,0.00100621,3e-08,0.0],"conf_yes_cr_no_del_yes":[0.01139337,0.01865227,0.02944243,0.04480656,0.06572029,0.09285521,0.12627695,0.16514857,0.20761547,0.25126046,0.29496689,0.34427463,0.4264011,0.62878801,1.1598666,2.30207235,3.92643031,4.77083847,3.46591724,1.40965697,0.53462665]}}
