{"nodes":{"cr_yes":[0.0,0.0,0.0,0.0,1e-08,1e-08,1e-08,1e-08,0.0,0.0,0.0,0.0,0.0,1e-08,0.00116767,1.92424639,13.28087526,4.79292151,0.00478991,0.0,0.0],"imm_yes_cr_yes":[0.0,0.0,0.0,0.0,0.0,1e-08,0.00047969,0.98826626,15.67650754,3.32487165,0.01387258,3.07e-06,0.0,0.0,0.0,0.0,0.0,0.0,0.0,0.0,0.0],"imm_yes_cr_no":[0.0,0.0,0.0,0.0,0.0,0.0,2.6e-07,0.00012197,0.0123612,0.32788645,2.56166399,6.62509858,6.80482958,3.03444142,0.49741286,0.09560486,0.03791834,0.00632077,0.00033594,4.56e-06,2e-08],"del_yes_cr_yes":[0.0,0.0,0.0,0.0,6e-08,1.8e-06,1.735e-05,5.92e-05,0.00905926,1.10607017,10.17113409,8.03471299,0.66805267,0.0147606,0.00013244,1.8e-07,0.0,0.0,0.0,0.0,0.0],"del_yes_cr_no":[2.503e-05,1.996e-05,1.578e-05,1.309e-05,2.486e-05,0.00019633,0.00140432,0.00893591,0.07103364,0.47514918,1.90631689,4.33275457,5.67326969,4.43613705,2.16191837,0.67792559,0.16083536,0.05673666,0.02861772,0.01122851,0.00290959],"conf_yes_cr_yes_del_yes":[0.0,0.0,0.0,0.0,0.0,1e-08,3e-08,7e-08,1.5e-07,3.6e-07,3.92e-06,0.00051804,0.03679704,0.84365594,5.77700018,10.05433993,3.1967744,0.09484341,6.702e-05,3.1e-07,0.0],"conf_yes_cr_no_del_yes":[0.12904166,0.15630823,0.18850549,0.22629718,0.27037042,0.321413,0.38008135,0.44695702,0.52248945,0.60692288,0.70020523,0.80187814,0.91094974,1.02576282,1.14393978,1.26304391,1.38672306,1.56510064,2.08681371,3.86118254,4.14907078]}}
