{"nodes":{"cr_yes":[0.0,1.1e-07,2.45e-06,3.071e-05,0.00021457,0.00081937,0.00166762,0.00175443,0.00091941,0.0002295,2.585e-05,1.23e-06,2e-08,7e-08,0.00198906,1.0403493,5.28810971,12.07839322,1.57794705,0.0115471,1e-08],"imm_yes_cr_yes":[0.0,0.0,0.0,0.0,0.0,2.36e-06,0.16640155,15.04331284,4.78456741,0.00971647,1.8e-07,0.0,0.0,0.0,0.0,0.0,0.0,0.0,0.0,0.0,0.0],"imm_yes_cr_no":[0.0,0.0,1e-08,8e-08,3.8e-07,9.4e-07,3.025e-05,0.00668383,0.28395243,2.6307586,6.0731815,5.29495522,4.01516003,1.53807298,0.15775115,0.00344109,1.233e-05,0.0,0.0,0.0,0.0],"del_yes_cr_yes":[0.0,0.0,0.0,0.0,0.0,2e-08,0.00201281,1.30563631,14.40102791,4.25474445,0.04056715,1.214e-05,0.0,0.0,0.0,0.0,0.0,0.0,0.0,0.0,0.0],"del_yes_cr_no":[0.0,2.44e-06,0.00034286,0.01083966,0.11569091,0.58107631,1.9426122,4.55122329,6.15068297,4.42621061,1.74409827,0.39754684,0.05622234,0.00888884,0.00578706,0.00520182,0.00383418,0.00225218,0.00104892,0.00038433,0.00010953],"conf_yes_cr_yes_del_yes":[0.0,0.0,0.0,0.0,0.0,0.0,0.0,0.0,0.0,0.0,3.4e-07,0.00010408,0.0104284,0.34057044,3.47559233,9.78949112,5.91375786,0.47170365,0.00234326,9.32e-06,0.0],"conf_yes_cr_no_del_yes":[0.80212104,0.73976497,0.67304278,0.6035743,0.53305125,0.46318073,0.39564902,0.33213167,0.27438802,0.22449117,0.18527979,0.16134033,0.16206096,0.212915,0.3891932,0.87024256,1.8914424,3.31510812,4.07942804,3.19121904,1.81087384]}}
