{"nodes":{"cr_yes":[0.0,0.0,0.0,0.0,0.0,0.0,0.0,0.0,0.0,0.0,0.0,0.0,0.0,0.0,7.18e-06,0.41667962,19.52694959,0.06036442,0.0,0.0,0.0],"imm_yes_cr_yes":[0.0,0.0,0.0,0.0,0.0,0.0,2.2e-07,0.02296042,7.03033437,12.76319511,0.18748817,2.251e-05,0.0,0.0,0.0,0.0,0.0,0.0,0.0,0.0,0.0],"imm_yes_cr_no":[0.0,0.0,0.0,0.0,0.0,0.0,0.0,1.33e-06,0.00020384,0.01278131,0.49450584,5.07044703,10.42457887,3.80282991,0.19767578,0.00097665,2.2e-07,0.0,0.0,0.0,0.0],"del_yes_cr_yes":[0.0,0.0,0.0,0.0,0.0,0.0,6e-08,0.00076753,0.32624908,7.37750068,11.1154138,1.17621323,0.00785395,2.48e-06,0.0,0.0,0.0,0.0,0.0,0.0,0.0],"del_yes_cr_no":[0.0,0.0,0.0,0.0,3e-08,8.21e-06,0.00052583,0.01174877,0.12241914,0.72381215,2.60958304,5.5269393,6.36307803,3.64086007,0.91840683,0.08453655,0.00206567,1.539e-05,1.64e-06,1.4e-07,0.0],"conf_yes_cr_yes_del_yes":[0.0,0.0,0.0,0.0,0.0,0.0,0.0,0.0,0.0,0.0,2.8e-07,0.0001024,0.0114239,0.39336583,3.9939239,10.3421422,5.02035536,0.24241712,0.00026982,0.0,0.0],"conf_yes_cr_no_del_yes":[0.0,0.0,0.0,0.0,0.0,0.0,0.0,0.0,0.0,0.0,3e-08,8.1e-07,1.881e-05,0.00032332,0.00422315,0.04225106,0.32113182,1.78768716,6.57179535,11.27051486,0.01210886]}}
