{"nodes":{"cr_yes":[0.0,0.0,0.0,0.0,0.0,0.0,0.0,0.0,0.0,0.0,0.0,0.0,0.0,1.95e-06,0.14684535,19.39889491,0.4582577,8.9e-07,0.0,0.0,0.0],"imm_yes_cr_yes":[0.0,0.0,0.0,0.0,0.0,0.0,0.00034446,1.36968199,17.48469097,1.14881893,0.00046445,0.0,0.0,0.0,0.0,0.0,0.0,0.0,0.0,0.0,0.0],"imm_yes_cr_no":[0.0,0.0,0.0,0.0,4e-08,3.92e-06,0.0001524,0.00229655,0.01372932,0.03283714,0.0513576,1.04838638,9.57799864,8.73212299,0.54373613,0.00137964,6e-08,0.0,0.0,0.0,0.0],"del_yes_cr_yes":[0.0,0.0,0.0,0.0,0.0,0.0,0.0,1e-08,1.178e-05,0.02894772,2.92301137,13.92144255,3.10301864,0.02755025,1.838e-05,1e-07,0.0,0.0,0.0,0.0,0.0],"del_yes_cr_no":[0.0,0.0,1e-08,4.2e-07,1.137e-05,0.00017869,0.00171751,0.01054634,0.04435101,0.15341075,0.55568426,1.91351844,4.61387595,6.3618051,4.53343382,1.57667119,0.22936353,0.00935308,6.035e-05,1.229e-05,1.345e-05],"conf_yes_cr_yes_del_yes":[0.0,0.0,0.0,0.0,0.0,0.0,0.0,0.0,0.0,0.0,1e-08,2.468e-05,0.00982604,0.68566229,7.62345547,10.56530102,1.1163347,0.00339654,4e-08,0.0,0.0],"conf_yes_cr_no_del_yes":[1.4e-07,3.9e-07,2.47e-06,1.504e-05,7.566e-05,0.00031376,0.00108038,0.00310828,0.0075686,0.0168738,0.04652558,0.19235893,0.79194886,2.36811621,4.65910064,5.75360542,4.21407335,1.65313134,0.28245313,0.01361448,6.884e-05]}}
