{"nodes":{"cr_yes":[0.0,0.0,0.0,0.0,0.0,0.0,0.0,0.0,0.0,0.0,1e-08,4e-08,3e-08,1e-07,0.01979409,14.05162469,5.93214409,0.00043774,0.0,0.0,0.0],"imm_yes_cr_yes":[0.0,0.0,0.0,0.0,0.0,4.77e-06,0.07773998,8.45652784,11.22019449,0.24943089,0.00010283,0.0,0.0,0.0,0.0,0.0,0.0,0.0,0.0,0.0,0.0],"imm_yes_cr_no":[9e-08,1.72e-06,2.097e-05,0.00015936,0.00076522,0.00234547,0.00460631,0.00578316,0.00460575,0.00397179,0.13398093,2.3010577,8.94884135,7.44729601,1.12806436,0.0224677,3.296e-05,0.0,0.0,0.0,0.0],"del_yes_cr_yes":[0.0,0.0,0.0,0.0,0.0,0.0,9e-08,0.00081658,0.30843081,6.91967831,11.32304014,1.43875698,0.01327066,7.22e-06,0.0,0.0,0.0,0.0,0.0,0.0,0.0],"del_yes_cr_no":[0.01039319,0.02223839,0.03868765,0.05521752,0.06511576,0.06531349,0.07268485,0.17523317,0.6148027,1.71593534,3.40054552,4.70823398,4.45190221,2.77501712,1.10656734,0.30148977,0.11450639,0.10875466,0.10537385,0.07902706,0.04431489],"conf_yes_cr_yes_del_yes":[1.7e-07,3.7e-07,7.2e-07,1.26e-06,1.93e-06,2.62e-06,3.12e-06,3.23e-06,2.9e-06,2.22e-06,1.57e-06,7.38e-05,0.0111004,0.46113047,4.87437311,10.95077891,3.62043688,0.08598818,9.9e-05,4e-08,0.0],"conf_yes_cr_no_del_yes":[0.02503838,0.0367213,0.05212006,0.07155249,0.0949408,0.12164115,0.15032076,0.17894288,0.20492255,0.22554129,0.23906125,0.24915911,0.28363181,0.45320864,1.04738408,2.44619222,4.3815432,5.13748217,3.39630939,1.12158942,0.19843408]}}
