{"nodes":{"cr_yes":[0.0,0.0,0.0,0.0,0.0,0.0,0.0,0.0,0.0,0.0,0.0,0.0,0.0,0.0,0.01000035,19.69255327,0.30144718,0.0,0.0,0.0,0.0],"imm_yes_cr_yes":[0.0,0.0,0.0,0.0,0.0,0.0,9e-08,0.10338026,18.4978104,1.40274204,6.802e-05,0.0,0.0,0.0,0.0,0.0,0.0,0.0,0.0,0.0,0.0],"imm_yes_cr_no":[0.0,0.0,0.0,0.0,0.0,0.0,0.0,0.0,5e-08,0.00035788,0.15270495,4.96724464,12.64366397,2.22037771,0.01964676,4.84e-06,0.0,0.0,0.0,0.0,0.0],"del_yes_cr_yes":[0.0,0.0,0.0,0.0,0.0,0.0,0.0,0.00028153,0.66911913,14.94040554,4.37643547,0.01775832,8.1e-07,0.0,0.0,0.0,0.0,0.0,0.0,0.0,0.0],"del_yes_cr_no":[0.0,0.0,0.0,6.982e-05,0.03773783,1.34709353,7.13961122,8.44487645,2.75366968,0.27255392,0.00831419,7.399e-05,1.7e-07,0.0,0.0,0.0,0.0,0.0,0.0,0.0,0.0],"conf_yes_cr_yes_del_yes":[0.0,0.0,0.0,0.0,0.0,0.0,0.0,0.0,0.0,0.0,5.2e-07,0.00053625,0.09285338,2.6804952,11.49846141,5.55652257,0.17501082,0.00012066,0.0,0.0,0.0],"conf_yes_cr_no_del_yes":[0.0,0.0,0.0,0.0,0.0,0.0,0.0,1.3e-07,4.5e-06,9.491e-05,0.00128719,0.01193104,0.07855298,0.37508459,1.30363061,3.24332477,5.5138149,5.79792765,3.06307852,0.61101542,0.00850717]}}
