{"nodes":{"cr_yes":[0.0,0.0,0.0,0.0,0.0,0.0,0.0,0.0,0.0,0.0,0.0,0.0,0.0,7.352e-05,0.98528664,18.88446934,0.13417128,3e-08,0.0,0.0,0.0],"imm_yes_cr_yes":[0.0,0.0,0.0,0.0,0.0,0.0,0.0,0.0,0.0,3.02e-06,0.09691101,12.90377825,6.99265458,0.01065392,2e-08,0.0,0.0,0.0,0.0,0.0,0.0],"imm_yes_cr_no":[0.0,0.0,0.0,0.0,0.0,0.0,0.0,4.3e-07,0.00112873,0.24093629,5.14013854,11.80195492,2.76530032,0.05447984,6.174e-05,0.0,0.0,0.0,0.0,0.0,0.0],"del_yes_cr_yes":[0.0,0.0,0.0,0.0,0.00010329,0.25741994,8.93809563,10.20173427,0.60434799,0.0022991,5.8e-07,0.0,0.0,0.0,0.0,0.0,0.0,0.0,0.0,0.0,0.0],"del_yes_cr_no":[1e-08,0.02549406,1.66346598,9.33757746,7.41052683,1.46892348,0.09564797,0.00234212,2.281e-05,9e-08,0.0,0.0,0.0,0.0,0.0,0.0,0.0,0.0,0.0,0.0,0.0],"conf_yes_cr_yes_del_yes":[0.0,0.0,0.0,0.0,0.0,0.0,0.0,0.0,0.0,4e-08,7.12e-06,0.00051145,0.01710663,0.27298895,2.04498111,6.69913017,8.1855889,2.67498066,0.10865406,5.172e-05,0.0],"conf_yes_cr_no_del_yes":[0.0,0.0,0.0,0.0,1e-08,1e-07,1.17e-06,1.06e-05,7.489e-05,0.00043147,0.00208996,0.00870676,0.0317131,0.10214088,0.29282433,0.74834525,1.69569768,3.34962065,5.53012657,6.75871286,2.96700905]}}
