{"nodes":{"cr_yes":[0.0,0.0,0.0,0.0,0.0,0.0,0.0,0.0,0.0,0.0,0.0,0.0,0.0,0.0,0.0,0.00938445,18.39713409,1.59748216,1e-07,0.0,0.0],"imm_yes_cr_yes":[0.0,0.0,0.0,0.0,0.0,1.7e-07,0.05296042,13.07268245,6.86573262,0.01262505,1e-07,0.0,0.0,0.0,0.0,0.0,0.0,0.0,0.0,0.0,0.0],"imm_yes_cr_no":[0.0,0.0,0.0,0.0,0.0,0.0,0.0,1.8e-06,0.00089625,0.08559956,1.75857487,8.17804656,8.30929182,1.62128447,0.05010421,0.00019327,4.46e-06,2.9e-06,5.9e-07,3e-08,0.0],"del_yes_cr_yes":[0.0,0.0,0.0,0.0,0.0,0.0,0.0,0.00012816,0.15480152,6.55942512,11.9416022,1.30770701,0.04016947,0.00016728,3e-08,0.0,0.0,0.0,0.0,0.0,0.0],"del_yes_cr_no":[0.00421499,0.00845491,0.01347889,0.01718154,0.01756514,0.01444508,0.01226578,0.07212743,0.65747197,2.88257923,6.04620491,6.2177385,3.15480681,0.78677131,0.09524831,0.00525212,0.00014485,5.527e-05,5.365e-05,3.804e-05,1.914e-05],"conf_yes_cr_yes_del_yes":[0.0,0.0,0.0,0.0,0.0,0.0,0.0,0.0,0.0,0.0,1e-08,1.79e-05,0.00897053,0.71677843,8.20927108,10.26014727,0.8074914,0.00132418,0.0,0.0,0.0],"conf_yes_cr_no_del_yes":[0.18593808,0.22568728,0.27238902,0.32681212,0.38967247,0.4615764,0.54294805,0.63393954,0.73432334,0.84336795,0.95970007,1.08115999,1.20466087,1.32606884,1.44012997,1.54050773,1.62031392,1.67596945,1.72904033,1.88223553,2.0410578]}}
