{"nodes":{"cr_yes":[3.03e-06,3.028e-05,0.00018154,0.0006423,0.00131389,0.00153539,0.00147566,0.00609008,0.02771392,0.05471562,0.04223186,0.01186945,0.00111459,3.143e-05,0.00111599,1.20709577,11.31980041,7.23976374,0.04645799,0.04080752,2.366e-05],"imm_yes_cr_yes":[0.0,0.0,0.0,0.0,0.0,0.0,0.00019026,0.11354164,10.1544066,9.66912808,0.06670569,2.852e-05,0.0,0.0,0.0,0.0,0.0,0.0,0.0,0.0,0.0],"imm_yes_cr_no":[0.13994671,0.16371945,0.14165103,0.09018666,0.04194805,0.01505529,0.02782386,0.2626195,1.22239231,2.50274464,2.26092232,1.90293023,4.13721874,1.67294586,0.2224558,0.94754335,2.1075593,1.71310753,0.46437495,0.03649199,0.00067321],"del_yes_cr_yes":[0.0,0.0,0.0,0.0,0.0,0.0,0.0,0.0,6.6e-07,0.00039536,0.0661992,3.93855333,14.07558626,1.91664744,0.00661805,5.1e-07,0.0,0.0,0.0,0.0,0.0],"del_yes_cr_no":[6.295e-05,3.099e-05,1.513e-05,3.508e-05,0.00034828,0.0022925,0.00909176,0.02450279,0.08806021,0.54353281,2.21863003,4.69974325,5.51357463,4.08890241,2.05073686,0.63006347,0.10634775,0.01644471,0.00738948,0.00361911,0.00121617],"conf_yes_cr_yes_del_yes":[0.0,0.0,0.0,0.0,0.0,0.0,0.0,0.0,0.0,0.0,1e-08,1.627e-05,0.00596732,0.43129109,5.71660451,11.45661283,2.36897944,0.02444604,7.615e-05,7.11e-06,6e-08],"conf_yes_cr_no_del_yes":[0.00368301,0.00592158,0.00941367,0.01479476,0.02298293,0.03528169,0.05350703,0.08013646,0.11847072,0.17278792,0.2484531,0.35192239,0.49055152,0.6720886,0.90375309,1.19146117,1.54741814,2.07462538,3.40694539,6.56828322,4.06672107]}}
