{"nodes":{"cr_yes":[0.0,0.0,0.0,0.0,0.0,0.0,0.0,0.0,0.0,0.0,0.0,0.0,0.0,0.0,1.75e-06,0.28574238,19.67282634,0.04543033,0.0,0.0,0.0],"imm_yes_cr_yes":[0.0,0.0,0.0,0.0,0.0,0.0,6e-08,0.01431751,6.60641466,13.21999759,0.16325801,1.297e-05,0.0,0.0,0.0,0.0,0.0,0.0,0.0,0.0,0.0],"imm_yes_cr_no":[0.0,0.0,0.0,0.0,0.0,0.0,0.0,2e-08,5.453e-05,0.01970911,0.98702399,7.72906541,9.55556315,1.67978173,0.0327583,4.457e-05,0.0,0.0,0.0,0.0,0.0],"del_yes_cr_yes":[0.0,0.0,2.058e-05,0.32498358,10.34397227,5.96498577,0.27678803,2.11146704,0.9665488,0.01522564,9.08e-06,0.0,0.0,0.0,0.0,0.0,0.0,0.0,0.0,0.0,0.0],"del_yes_cr_no":[0.0,6e-08,9.263e-05,0.01002245,0.20935067,1.43855475,4.25389652,6.26840539,4.98205631,2.21238246,0.54976431,0.07421069,0.00510248,0.00016016,1.92e-06,1e-08,0.0,0.0,0.0,0.0,0.0],"conf_yes_cr_yes_del_yes":[0.0,0.0,0.0,0.0,0.0,0.0,0.0,0.0,0.0,0.0,6.4e-07,0.00016114,0.01342445,0.38046506,3.54933942,9.66539202,5.91841338,0.47534911,0.00145559,0.0,0.0],"conf_yes_cr_no_del_yes":[0.0,0.0,0.0,0.0,0.0,0.0,1e-08,4.4e-07,1.03e-05,0.00015438,0.00160346,0.01215987,0.06963516,0.30670174,1.04227517,2.69131859,5.05273103,6.24000984,3.98138501,0.60601099,9.61e-06]}}
