{"nodes":{"cr_yes":[0.0,0.0,0.0,0.0,0.0,0.0,0.0,0.0,0.0,0.0,0.0,0.0,0.0,1.695e-05,0.54723192,19.29856058,0.15819133,1e-08,0.0,0.0,0.0],"imm_yes_cr_yes":[0.0,0.0,0.0,0.0,0.0,0.0,0.0,1.455e-05,0.19968227,13.31029544,6.46893133,0.02507658,6.3e-07,0.0,0.0,0.0,0.0,0.0,0.0,0.0,0.0],"imm_yes_cr_no":[0.0,0.0,0.0,0.0,0.0,0.0,1e-08,4.155e-05,0.01748411,0.91942105,7.35383948,9.64626042,2.00948349,0.05730511,0.00016556,3e-08,0.0,0.0,0.0,0.0,0.0],"del_yes_cr_yes":[0.0,0.0,0.0,0.0,0.0,0.0,7e-08,0.00096256,0.39646414,8.14838734,10.54594501,0.90758971,0.00465091,1.05e-06,0.0,0.0,0.0,0.0,0.0,0.0,0.0],"del_yes_cr_no":[0.0,0.0,1.3e-07,0.00043187,0.05424392,0.98440252,4.62637198,7.57828222,5.06368317,1.48876687,0.19628467,0.01127095,0.0002604,2.1e-06,0.0,0.0,0.0,0.0,0.0,0.0,0.0],"conf_yes_cr_yes_del_yes":[0.0,0.0,0.0,0.0,0.0,0.0,0.0,0.0,2e-08,6.09e-06,0.0006391,0.02654641,0.45068811,3.09003736,8.02278397,6.86938183,1.49390582,0.04992555,8.654e-05,0.0,0.0],"conf_yes_cr_no_del_yes":[0.0,0.0,0.0,0.0,0.0,0.0,0.0,1.1e-07,2.64e-06,4.004e-05,0.00042778,0.00340245,0.02090967,0.10163907,0.39517577,1.2264335,2.97770487,5.37200129,6.37551767,3.5190429,0.02340607]}}
