{"nodes":{"cr_yes":[0.0,0.0,0.0,0.0,0.0,0.0,0.0,0.0,0.0,0.0,0.0,0.0,0.0,0.0,8.09e-06,0.0514823,7.66063036,12.24213339,0.04974663,2e-08,0.0],"imm_yes_cr_yes":[0.0,0.0,0.0,0.0,0.0,0.0,0.0,0.0,0.0,0.0,4.432e-05,0.22433783,12.94435244,6.81666391,0.0186022,9e-08,0.0,0.0,0.0,0.0,0.0],"imm_yes_cr_no":[0.0,0.0,0.0,0.0,0.0,0.0,0.0,0.0,0.0,0.0,7.3e-07,0.00042367,0.05471048,1.57677925,9.16649868,8.44167984,0.76136631,0.00254181,3e-08,0.0,0.0],"del_yes_cr_yes":[0.0,0.0,0.0,0.0,3.183e-05,0.03395013,1.97403017,10.53776604,6.83730462,0.61319587,0.00770972,1.242e-05,0.0,0.0,0.0,0.0,0.0,0.0,0.0,0.0,0.0],"del_yes_cr_no":[0.01439336,0.02963875,0.03000477,0.03251972,0.15436799,0.73532792,2.11557688,3.8722878,4.77545244,4.11943109,2.54047474,1.13084417,0.36297851,0.08309189,0.01327421,0.0014302,9.887e-05,4.08e-06,9e-08,0.0,0.0],"conf_yes_cr_yes_del_yes":[0.0,0.0,0.0,0.0,0.0,0.0,0.0,0.0,2.1e-07,1.828e-05,0.0007737,0.01713463,0.20506753,1.33009097,4.53400986,7.5233464,5.22362705,1.12963577,0.04025554,4.085e-05,0.0],"conf_yes_cr_no_del_yes":[0.0,0.0,0.0,3e-08,2.2e-07,1.27e-06,6.46e-06,3.038e-05,0.00013574,0.00058047,0.00235668,0.00894219,0.03125016,0.09956019,0.28718992,0.7453102,1.72315307,3.47914811,5.85157804,7.0739453,1.40162473]}}
