{"nodes":{"cr_yes":[0.0,0.0,0.0,0.0,0.0,0.0,0.0,0.0,0.0,0.0,0.0,0.0,0.0,0.0,0.00325137,13.72661464,6.27412181,1.297e-05,0.0,0.0,0.0],"imm_yes_cr_yes":[0.0,0.0,0.0,0.0,0.0,0.0,0.0,3.29e-06,0.24559398,17.72665906,2.03134334,0.00040113,0.0,0.0,0.0,0.0,0.0,0.0,0.0,0.0,0.0],"imm_yes_cr_no":[0.0,0.0,0.0,0.0,0.0,0.0,0.0,0.0,5.02e-06,0.00718307,0.83375692,9.07263117,9.30424466,0.78226969,0.00390964,6.4e-07,0.0,0.0,0.0,0.0,0.0],"del_yes_cr_yes":[0.0,0.0,0.0,0.0,0.0,0.0,0.0,0.0,1.1e-07,0.0018354,0.8312432,12.70950271,6.37916518,0.08223811,1.608e-05,0.0,0.0,0.0,0.0,0.0,0.0],"del_yes_cr_no":[0.0,0.0,0.0,0.0,0.0,2.13e-06,0.00044821,0.02348498,0.39703929,2.5164855,6.47984688,6.96710978,3.06672013,0.51883403,0.03270286,0.00128539,4.136e-05,2.4e-07,0.0,0.0,0.0],"conf_yes_cr_yes_del_yes":[0.0,0.0,0.0,0.0,0.0,0.0,0.0,0.0,0.0,0.0,2.7e-07,0.00033584,0.06802786,2.27694825,11.24185207,6.19763519,0.21903851,0.00016281,0.0,0.0,0.0],"conf_yes_cr_no_del_yes":[0.0,0.0,0.0,0.0,0.0,0.0,0.0,0.0,0.0,0.0,0.0,3e-08,1.34e-06,4.437e-05,0.00102303,0.01648042,0.18417728,1.37786532,6.22934006,12.15693089,0.07627614]}}
