{"nodes":{"cr_yes":[0.0,0.0,0.0,0.0,0.0,0.0,0.0,0.0,0.0,1.5e-07,2.93e-06,8e-06,2.67e-06,7.534e-05,0.07723734,2.63170565,16.99318001,0.30108362,0.00070509,0.0,0.0],"imm_yes_cr_yes":[0.0,0.0,0.0,0.0,0.0,1.3e-07,0.08712053,16.79891367,3.11691002,0.00105646,0.0,0.0,0.0,0.0,0.0,0.0,0.0,0.0,0.0,0.0,0.0],"imm_yes_cr_no":[0.0,0.0,0.0,5e-08,0.0001644,0.03485693,0.68686775,2.28907844,4.88451062,8.34426922,3.51289187,0.24864007,0.00271735,4.11e-06,0.0,0.0,0.0,0.0,0.0,0.0,0.0],"del_yes_cr_yes":[0.0,0.0,0.0,0.0,0.0,0.0,0.0,0.00016046,0.34059769,11.51713761,8.02648706,0.119586,3.197e-05,0.0,0.0,0.0,0.0,0.0,0.0,0.0,0.0],"del_yes_cr_no":[0.0,1.15e-06,0.00312021,0.20690025,2.10934527,9.43583424,7.29643916,0.92880065,0.02340829,0.00015098,5.8e-07,0.0,0.0,0.0,0.0,0.0,0.0,0.0,0.0,0.0,1e-08],"conf_yes_cr_yes_del_yes":[0.0,0.0,0.0,0.0,0.0,0.0,0.0,0.0,3e-08,4.1e-07,3.52e-06,5.816e-05,0.01600032,1.01929609,9.22175233,9.0821224,0.65830158,0.00645663,9.32e-06,0.0,0.0],"conf_yes_cr_no_del_yes":[1.01e-06,2.83e-06,7.66e-06,2.013e-05,5.129e-05,0.00012689,0.00030492,0.00071208,0.00161654,0.00356784,0.00765539,0.01596454,0.03234151,0.06360721,0.12148288,0.22733228,0.44088188,1.06044471,3.50859063,10.46806313,8.1024519]}}
