{"nodes":{"cr_yes":[0.0,0.0,0.0,0.0,0.0,0.0,0.0,3e-08,9.95e-06,0.00120481,0.04627829,0.52950976,1.65951514,1.27531651,0.20771669,0.20226136,13.40416085,2.67774124,0.0002666,2.98e-06,3.319e-05],"imm_yes_cr_yes":[0.0,0.0,0.0,0.0,0.0,0.0,2.55e-06,0.15266012,15.048393,4.79641356,0.00653154,4e-08,0.0,0.0,0.0,0.0,0.0,0.0,0.0,0.0,0.0],"imm_yes_cr_no":[3.112e-05,1.239e-05,3.97e-06,1.09e-06,3.57e-06,6.652e-05,0.0006297,0.00293533,0.00735084,0.06280622,1.25158619,6.76766702,8.76379514,2.81539811,0.31920349,0.0124669,5.84e-05,2e-07,1.3e-07,3e-08,0.0],"del_yes_cr_yes":[0.0,0.0,0.0,0.0,0.0,0.0,0.0,0.0,1.3e-07,0.0002015,0.13149744,6.04523997,12.82360194,1.00159338,0.00186635,1e-07,0.0,0.0,0.0,0.0,0.0],"del_yes_cr_no":[0.00065744,0.00259733,0.00769611,0.01750289,0.03267848,0.06738646,0.21520942,0.72216159,1.77193109,3.0826553,4.28482584,4.83694619,3.4997755,1.26185119,0.18998996,0.01025466,0.00018734,8.52e-06,7.1e-06,5.55e-06,3.14e-06],"conf_yes_cr_yes_del_yes":[0.0,1e-08,1e-08,1e-08,1e-08,0.0,0.0,0.0,0.0,0.0,4e-08,4.026e-05,0.01055662,0.60510009,6.5437235,10.86034512,1.95550923,0.02865106,7.483e-05,1e-08,0.0],"conf_yes_cr_no_del_yes":[2e-07,5.8e-07,1.61e-06,4.37e-06,1.142e-05,2.891e-05,7.093e-05,0.00016865,0.00038874,0.0008687,0.00188151,0.00394784,0.00801967,0.01577026,0.03016357,0.05816858,0.13310339,0.47611353,2.28404338,9.05983728,15.86281558]}}
