{"nodes":{"cr_yes":[0.0,0.0,0.0,0.0,0.0,0.0,0.0,0.0,0.0,0.0,0.0,0.0,4.71e-06,0.00681741,1.97858064,18.00735302,0.01124502,0.0,0.0,0.0,0.0],"imm_yes_cr_yes":[0.0,0.0,0.0,0.0,0.0,0.0,0.0,0.0,0.0,0.0,1.738e-05,0.33914251,17.7775066,1.88713791,0.0001964,0.0,0.0,0.0,0.0,0.0,0.0],"imm_yes_cr_no":[0.0,0.0,0.0,0.0,0.0,0.0,0.0,0.0,0.0,0.0,3.39e-06,0.02353495,4.04094585,15.11805735,0.82117285,0.00028641,0.0,0.0,0.0,0.0,0.0],"del_yes_cr_yes":[0.0,0.0,0.0,7.587e-05,0.16791436,6.43795351,11.66471181,1.70658922,0.02670503,5.097e-05,2e-08,0.0,0.0,0.0,0.0,0.0,0.0,0.0,0.0,0.0,0.0],"del_yes_cr_no":[34.51854268,2.65152535,0.08267785,0.00889634,0.001402,0.00019973,2.509e-05,2.79e-06,2.8e-07,2e-08,0.0,0.0,0.0,0.0,0.0,0.0,0.0,0.0,0.0,0.0,0.0],"conf_yes_cr_yes_del_yes":[0.0,0.0,0.0,0.0,0.0,0.0,4e-08,3.4e-07,2.33e-06,1.335e-05,8.558e-05,0.00127738,0.02395659,0.2826015,1.81037085,5.79832884,8.05994305,3.69092529,0.3309058,0.00554768,8.437e-05],"conf_yes_cr_no_del_yes":[0.14835736,0.17063609,0.20498074,0.26038445,0.34526055,0.46546667,0.6228581,0.81437033,1.03163068,1.26109912,1.4847383,1.68121267,1.82761683,1.90173296,1.88481751,1.76491698,1.54071287,1.22589585,0.854069,0.4841803,0.20648423]}}
