{"nodes":{"cr_yes":[0.0,0.0,0.0,0.0,0.0,0.0,0.0,0.0,0.0,0.0,0.0,0.0,0.0,6.3e-07,0.23094814,19.70352153,0.0695305,0.0,0.0,0.0,0.0],"imm_yes_cr_yes":[0.0,0.0,0.0,0.0,0.0,0.0,0.0,0.0,0.0,0.0,1e-08,0.00280554,3.99493393,15.90904099,0.09722005,2.8e-07,0.0,0.0,0.0,0.0,0.0],"imm_yes_cr_no":[0.0,0.0,0.0,0.0,0.0,0.0,0.0,0.0,0.0,0.0,0.0,0.0,2.091e-05,0.0380086,3.82138038,14.99133525,1.15279414,0.00046151,0.0,0.0,0.0],"del_yes_cr_yes":[0.0,0.0,0.0,1.48e-05,0.03496773,2.43684245,11.42059149,5.7102513,0.3968166,0.00450675,9.67e-06,0.0,0.0,0.0,0.0,0.0,0.0,0.0,0.0,0.0,0.0],"del_yes_cr_no":[0.94372119,12.24274868,5.73066361,0.83914969,0.31146434,0.18542967,0.10709342,0.05834485,0.03012169,0.01479981,0.00694419,0.00312011,0.00134543,0.00055778,0.00022263,8.565e-05,3.179e-05,1.139e-05,3.94e-06,1.32e-06,4.3e-07],"conf_yes_cr_yes_del_yes":[5.622e-05,9.009e-05,0.00013696,0.00019723,0.00026858,0.0003451,0.00041727,0.00047327,0.00050157,0.00049508,0.00050886,0.0026183,0.04495239,0.470635,2.56977796,6.79194025,7.47388325,2.51633142,0.13023626,0.00016378,1.4e-07],"conf_yes_cr_no_del_yes":[0.11693206,0.13155877,0.15786045,0.2054231,0.28351517,0.39893998,0.55444537,0.74769053,0.97077012,1.21029544,1.44803301,1.66210019,1.82871812,1.92452181,1.92942744,1.83005692,1.62371962,1.32295128,0.96061021,0.59553063,0.31873326]}}
