{"nodes":{"cr_yes":[0.0,0.0,0.0,0.0,0.0,0.0,0.0,0.0,0.0,0.0,0.0,0.0,0.0,0.0,2.198e-05,0.57538462,19.33857517,0.09001903,0.0,0.0,0.0],"imm_yes_cr_yes":[0.0,0.0,0.0,0.0,0.0,0.0,0.0,0.0,0.0,0.0,0.00045911,0.95019887,17.01341249,2.03905057,0.00087976,0.0,0.0,0.0,0.0,0.0,0.0],"imm_yes_cr_no":[0.0,0.0,0.0,0.0,0.0,0.0,0.0,0.0,1.4e-07,0.00012384,0.02062505,0.73381709,5.8376161,10.00612634,3.24187307,0.16222347,0.00159313,2.58e-06,0.0,0.0,0.0],"del_yes_cr_yes":[0.0,0.0,1e-08,0.00024224,0.10881463,3.19276541,10.66767446,5.50842052,0.51665611,0.00939461,3.277e-05,2e-08,0.0,0.0,0.0,0.0,0.0,0.0,0.0,0.0,0.0],"del_yes_cr_no":[8.23e-06,4.27088589,2.82942689,0.50087332,0.06341766,0.09068038,0.2798923,0.65872035,1.20251751,1.75421365,2.08954739,2.06412294,1.70946577,1.19551512,0.70893894,0.35696976,0.15245337,0.0550258,0.01668216,0.00421045,0.00087412],"conf_yes_cr_yes_del_yes":[0.0,0.0,0.0,0.0,0.0,0.0,0.0,0.0,0.0,2.6e-07,3.669e-05,0.00216383,0.05748154,0.70129483,3.81289225,8.38850755,6.08014737,0.94952099,0.01195495,5.5e-07,0.0],"conf_yes_cr_no_del_yes":[4.016e-05,8.028e-05,0.00015492,0.0002891,0.0005226,0.00091637,0.00156053,0.00258587,0.0041974,0.00683682,0.01191671,0.02451828,0.06136996,0.16959852,0.45951431,1.13526783,2.45003722,4.41617519,6.09672677,4.99322146,0.33698117]}}
