{"nodes":{"cr_yes":[0.0,0.0,0.0,0.0,0.0,0.0,0.0,0.0,0.0,0.0,0.0,0.0,3e-08,0.0087441,8.6532448,11.33777858,0.00423329,0.0,0.0,0.0,0.0],"imm_yes_cr_yes":[0.0,0.0,0.0,0.0,0.0,0.0,0.0,0.0,0.0,0.0,0.00025055,0.45795187,13.90301864,5.62474625,0.01803331,1.7e-07,0.0,0.0,0.0,0.0,0.0],"imm_yes_cr_no":[0.0,0.0,0.0,0.0,0.0,0.0,0.0,0.0,4.2e-07,5.962e-05,0.00162124,0.00932651,0.03344674,0.94130615,7.76951608,10.00986814,1.23337083,0.0054849,1.6e-07,0.0,0.0],"del_yes_cr_yes":[0.0,0.0,0.0,0.0,0.0,1.256e-05,0.01962291,1.57697158,10.43667882,7.35048854,0.61419946,0.00602084,6.09e-06,0.0,0.0,0.0,0.0,0.0,0.0,0.0,0.0],"del_yes_cr_no":[2.571e-05,0.00154597,0.04316458,0.36859639,1.47291052,3.35138941,4.82295411,4.66386549,3.13750036,1.49390628,0.50540758,0.12053058,0.0198667,0.00218982,0.00015364,6.39e-06,1.4e-07,0.0,0.0,0.0,0.0],"conf_yes_cr_yes_del_yes":[0.0,0.0,0.0,0.0,0.0,0.0,0.0,0.0,0.0,3.1e-07,4.647e-05,0.00281805,0.07463711,0.8785083,4.4400842,8.68401273,5.2812428,0.63724099,0.00540971,1.2e-07,0.0],"conf_yes_cr_no_del_yes":[0.0,0.0,0.0,0.0,0.0,1e-08,2.2e-07,3.45e-06,3.702e-05,0.00029139,0.0017852,0.00887435,0.03683913,0.13017414,0.39584587,1.03834573,2.32845495,4.33730242,6.22842734,5.45401953,0.08720013]}}
