{"nodes":{"cr_yes":[0.0,0.0,0.0,0.0,0.0,0.0,0.0,0.0,0.0,0.0,0.0,0.0,0.0,0.0,0.00016908,2.19926743,17.79596833,0.00859596,0.0,0.0,0.0],"imm_yes_cr_yes":[0.0,0.0,0.0,0.0,0.0,0.0,9.393e-05,0.53299182,15.47251755,3.97986782,0.01847509,5.458e-05,0.0,0.0,0.0,0.0,0.0,0.0,0.0,0.0,0.0],"imm_yes_cr_no":[0.0,0.0,0.0,0.0,0.0,0.0,0.0,0.0,4e-08,6.176e-05,0.0155885,0.71890174,6.35142671,10.25827131,2.58553758,0.07407858,0.00013458,1e-08,0.0,0.0,0.0],"del_yes_cr_yes":[0.0,0.0,0.0,0.0,0.0,2.64e-06,0.02458393,3.44694696,14.11695665,2.39622104,0.01928253,7.05e-06,0.0,0.0,0.0,0.0,0.0,0.0,0.0,0.0,0.0],"del_yes_cr_no":[0.0,0.0,0.0,2e-08,9.86e-06,0.00086967,0.0242094,0.27447803,1.47443217,4.10101874,6.18293726,5.11144633,2.26927415,0.51082731,0.0524285,0.00204704,2.227e-05,4e-08,0.0,0.0,0.0],"conf_yes_cr_yes_del_yes":[0.0,0.0,0.0,0.0,0.0,0.0,0.0,0.0,0.0,1e-08,2.45e-06,0.00039404,0.02280885,0.48928684,3.76616243,9.31195425,5.83808276,0.57237794,0.00293121,3e-08,0.0],"conf_yes_cr_no_del_yes":[0.0,0.0,0.0,0.0,1e-08,1.4e-07,1.55e-06,1.338e-05,9.495e-05,0.00058115,0.003171,0.01550973,0.06689389,0.24817155,0.7718192,1.95561941,3.87756916,5.60952042,5.14228597,2.17668303,0.27213252]}}
