{"nodes":{"cr_yes":[0.0,0.0,0.0,0.0,0.0,0.0,0.0,0.0,0.0,0.0,0.0,0.0,0.0,9.2e-07,0.05582315,14.49111906,5.45671376,0.00034391,0.0,0.0,0.0],"imm_yes_cr_yes":[0.0,0.0,0.0,0.0,0.0,0.0,0.0010002,1.64924328,16.66446255,1.68723833,0.00205641,3e-08,0.0,0.0,0.0,0.0,0.0,0.0,0.0,0.0,0.0],"imm_yes_cr_no":[0.0,0.0,0.0,0.0,0.0,0.0,0.0,4.4e-07,0.00042833,0.06163157,1.60724111,8.31939591,8.46493482,1.51283711,0.03744725,8.426e-05,1e-08,0.0,0.0,0.0,0.0],"del_yes_cr_yes":[0.0,0.0,0.0,0.0,0.0,0.0,0.0,0.00014958,0.13636942,5.50479894,12.60555441,1.74402842,0.01309606,3.96e-06,0.0,0.0,0.0,0.0,0.0,0.0,0.0],"del_yes_cr_no":[0.0,0.0,0.0,0.0,1.7e-07,3.94e-05,0.00211742,0.03904349,0.3259933,1.49977215,4.1128094,6.44567929,5.25604989,1.99952632,0.30751389,0.01528898,0.00016691,1.9e-07,0.0,0.0,0.0],"conf_yes_cr_yes_del_yes":[0.0,0.0,0.0,0.0,0.0,0.0,0.0,0.0,0.0,0.0,6e-08,1.235e-05,0.00140505,0.06752519,1.18523251,6.68445255,9.70627554,2.32552655,0.03356958,1.42e-06,0.0],"conf_yes_cr_no_del_yes":[0.0,0.0,0.0,0.0,0.0,0.0,0.0,0.0,0.0,2e-08,8.6e-07,2.233e-05,0.00039643,0.00497791,0.04514905,0.29683245,1.38801368,4.36323071,8.03252741,5.81683044,0.11203906]}}
