{"nodes":{"cr_yes":[0.0,0.0,0.0,0.0,0.0,0.0,0.0,0.0,0.0,0.0,0.0,0.0,0.0,2.9e-07,0.01922922,8.78317999,11.19415406,0.00743725,0.0,0.0,0.0],"imm_yes_cr_yes":[0.0,0.0,0.0,0.0,0.0,0.0,0.00011831,1.20338854,17.97786478,0.82247205,0.00015713,0.0,0.0,0.0,0.0,0.0,0.0,0.0,0.0,0.0,0.0],"imm_yes_cr_no":[0.0,0.0,0.0,0.0,0.0,0.0,0.0,0.0,1.34e-06,0.00097484,0.11403582,2.43005226,9.74806427,6.93743136,0.74080275,0.02162573,0.01072458,0.00028781,3e-08,0.0,0.0],"del_yes_cr_yes":[0.0,1.1e-07,0.06258266,11.21447942,6.02770539,2.23939641,0.42815904,0.03129082,0.00038632,6.3e-07,0.0,0.0,0.0,0.0,0.0,0.0,0.0,0.0,0.0,0.0,0.0],"del_yes_cr_no":[0.00680912,0.00145518,0.00020998,2.288e-05,4.033e-05,0.00486302,0.13721961,1.24320881,4.43926782,6.99730101,5.13096188,1.75842923,0.27029306,0.01695463,0.00036673,2.05e-06,0.0,0.0,0.0,0.0,0.0],"conf_yes_cr_yes_del_yes":[0.0,0.0,0.0,0.0,0.0,0.0,0.0,0.0,0.0,4e-08,1.658e-05,0.00205237,0.08740034,1.30092084,6.43529158,9.20458697,2.86417744,0.10941294,0.00014171,0.0,0.0],"conf_yes_cr_no_del_yes":[0.0,0.0,0.0,0.0,4e-08,2.9e-07,1.71e-06,8.63e-06,4.155e-05,0.00022029,0.00132854,0.00795416,0.04164138,0.1803315,0.63240303,1.76478704,3.79639312,5.88343586,5.61141039,2.07394518,0.02019617]}}
