{"nodes":{"cr_yes":[0.0,0.0,0.0,0.0,0.0,0.0,0.0,0.0,0.0,0.0,0.0,0.0,1.01e-06,0.00205429,0.02056293,0.93909422,18.72170591,0.32058216,2.7e-07,0.0,0.0],"imm_yes_cr_yes":[0.0,0.0,0.0,0.0,0.0,0.0,0.0,0.0,0.00013598,0.27842182,10.74993627,8.8357949,0.13968185,2.998e-05,0.0,0.0,0.0,0.0,0.0,0.0,0.0],"imm_yes_cr_no":[0.0,0.0,0.0,0.0,0.0,0.0,0.0,0.0,1.55e-06,0.00016733,0.02018443,1.39487297,10.69244893,7.52936813,0.36624255,0.00071489,2e-08,0.0,0.0,0.0,0.0],"del_yes_cr_yes":[0.0,0.0,0.0,0.0,1e-08,0.00028913,0.1721772,5.14096634,11.93394617,2.69307269,0.06340258,0.00014666,3e-08,0.0,0.0,0.0,0.0,0.0,0.0,0.0,0.0],"del_yes_cr_no":[3.53222235,8.98114247,6.68605846,2.17188868,0.36310305,0.0338197,0.00181921,5.701e-05,1.03e-06,1e-08,0.0,0.0,0.0,0.0,0.0,0.0,0.0,0.0,0.0,0.0,0.0],"conf_yes_cr_yes_del_yes":[0.0,0.0,0.0,0.0,0.0,0.0,0.0,0.0,0.0,4.4e-07,4.728e-05,0.00229042,0.0532644,0.6042867,3.26017278,7.71596832,6.76335293,1.56029852,0.04430201,1.699e-05,0.0],"conf_yes_cr_no_del_yes":[0.0,0.0,0.0,0.0,1e-08,3e-08,1.6e-07,9.8e-07,8.12e-06,6.808e-05,0.0004879,0.00288842,0.01424766,0.05943018,0.21200065,0.64970846,1.70175489,3.726572,6.4233037,7.17698995,0.0730792]}}
