{"nodes":{"cr_yes":[0.0,0.0,0.0,0.0,0.0,0.0,0.0,0.0,0.0,0.0,0.0,0.0,0.0,1.1e-06,0.17806987,19.54080597,0.28512384,2e-08,0.0,0.0,0.0],"imm_yes_cr_yes":[0.0,0.0,0.0,0.0,0.0,0.0,2.9e-07,0.03398341,8.99251468,10.89438298,0.0831154,4.03e-06,0.0,0.0,0.0,0.0,0.0,0.0,0.0,0.0,0.0],"imm_yes_cr_no":[0.0,0.0,0.0,0.0,0.0,0.0,4e-08,0.00018944,0.06530748,2.33908517,10.60196905,6.48639916,0.50685421,0.00419371,2.55e-06,0.0,0.0,0.0,0.0,0.0,0.0],"del_yes_cr_yes":[0.0,0.0,0.0,0.0,0.0,4.48e-06,0.04812809,5.39608949,13.45474314,1.10162269,0.00341253,3.8e-07,0.0,0.0,0.0,0.0,0.0,0.0,0.0,0.0,0.0],"del_yes_cr_no":[0.0,0.0,2.93e-06,0.00604938,0.42779467,3.92498912,8.42057398,5.68139452,1.40274262,0.13527144,0.00511003,7.178e-05,3.4e-07,0.0,0.0,0.0,0.0,0.0,0.0,0.0,0.0],"conf_yes_cr_yes_del_yes":[0.0,0.0,0.0,0.0,0.0,0.0,0.0,0.0,0.0,1e-08,7.75e-06,0.00124697,0.0652633,1.13474752,6.24794324,9.47761696,2.96966348,0.10739103,0.00012053,0.0,0.0],"conf_yes_cr_no_del_yes":[0.0,0.0,0.0,0.0,0.0,0.0,1e-08,2.7e-07,5.38e-06,7.264e-05,0.00070499,0.00516976,0.02960302,0.13505815,0.4950352,1.45045244,3.31689884,5.58812832,6.06285991,2.89980824,0.04040727]}}
