{"nodes":{"cr_yes":[0.00014633,0.00088344,0.00371495,0.01074343,0.02114493,0.02976901,0.04985498,0.17919525,0.57995105,1.06503134,1.01071751,0.46899805,0.09996983,0.00914425,0.02747949,1.08868122,3.94293932,1.63928352,9.44670525,0.32965225,0.00013712],"imm_yes_cr_yes":[0.0,0.0,0.0,0.0,6e-08,0.00575785,2.27975506,13.64520325,4.00808972,0.06515338,4.149e-05,0.0,0.0,0.0,0.0,0.0,0.0,0.0,0.0,0.0,0.0],"imm_yes_cr_no":[0.05331362,0.09286551,0.12189793,0.1207212,0.09004841,0.05035509,0.02094689,0.006547,0.00672058,0.09824555,0.78015084,2.90016043,6.25729093,6.6684761,2.494473,0.26194211,0.00643239,3.037e-05,2.76e-06,1.33e-05,4.723e-05],"del_yes_cr_yes":[0.0,0.0,0.0,0.0,0.0,1e-07,0.00144802,0.53730471,9.11662265,9.62599893,0.71890588,0.00371936,1.15e-06,0.0,0.0,0.0,0.0,0.0,0.0,0.0,0.0],"del_yes_cr_no":[0.00348014,0.0155875,0.05204884,0.13355695,0.26949464,0.43457001,0.56547502,0.60588895,0.64068174,1.1305919,2.68123218,4.6210168,4.82183471,2.89645121,0.95398082,0.16028002,0.01249547,0.00085701,0.00119276,0.00256071,0.00492692],"conf_yes_cr_yes_del_yes":[0.0,0.0,0.0,0.0,0.0,0.0,0.0,0.0,0.0,7e-08,7.72e-06,0.00065938,0.03038327,0.57977426,4.04496846,9.13308347,5.52397616,0.67693816,0.0141284,7.882e-05,5.25e-06],"conf_yes_cr_no_del_yes":[0.00032971,0.00062037,0.00114918,0.00209639,0.00376704,0.00666887,0.0116328,0.01999534,0.03386835,0.05652806,0.09296065,0.15060425,0.24032436,0.37765631,0.58440102,0.89116326,1.34442977,2.03554917,3.21462859,5.61668273,10.63821887]}}
