{"nodes":{"cr_yes":[0.0,0.0,0.0,0.0,0.0,0.0,0.0,0.0,0.0,0.0,0.0,0.00010765,0.21562408,10.55180379,9.15907217,0.0773909,2.21e-06,0.0,0.0,0.0,0.0],"imm_yes_cr_yes":[0.0,0.0,0.0,0.0,0.0,0.0,0.0,0.0,0.0,6e-08,0.00170032,1.11300374,15.35061222,3.53057892,0.00810548,7e-08,0.0,0.0,0.0,0.0,0.0],"imm_yes_cr_no":[0.0,0.0,0.0,0.0,0.0,0.0,7e-08,9.51e-05,0.0193359,0.72359409,5.67196982,9.75884633,3.57797561,0.24953089,0.00265007,2.93e-06,0.0,0.0,0.0,0.0,0.0],"del_yes_cr_yes":[0.0,0.0,0.0,0.0,2.79e-06,0.00720858,0.85858366,8.42011723,9.32766831,1.36282957,0.02751459,7.604e-05,3e-08,0.0,0.0,0.0,0.0,0.0,0.0,0.0,0.0],"del_yes_cr_no":[0.0,6e-08,0.00214916,0.44795527,4.9340192,9.09882294,4.63094767,0.82964371,0.05873514,0.00170757,2e-05,9e-08,0.0,0.0,0.0,0.0,0.0,0.0,0.0,0.0,0.0],"conf_yes_cr_yes_del_yes":[0.0,0.0,0.0,0.0,0.0,0.0,0.0,0.0,0.0,8e-08,1.355e-05,0.00093748,0.02925673,0.42314732,2.77994942,7.64954018,7.36948954,1.71121563,0.04044426,6.62e-06,0.0],"conf_yes_cr_no_del_yes":[0.0,0.0,0.0,0.0,1e-08,1.6e-07,1.77e-06,1.479e-05,9.94e-05,0.00055141,0.00258461,0.01043635,0.03685833,0.11512768,0.32025291,0.79508407,1.75406238,3.38591993,5.49470598,6.65807252,2.86045698]}}
