{"nodes":{"cr_yes":[0.0,0.0,0.0,0.0,0.0,0.0,0.0,0.0,0.0,0.0,1e-08,3.957e-05,0.01054721,0.12989496,1.62266036,4.83142098,5.39503857,8.00781918,0.00657997,0.0,0.0],"imm_yes_cr_yes":[0.0,0.0,0.0,0.0,0.0,0.0,1.67e-06,0.09594036,12.69093417,7.19431078,0.02281343,3.9e-07,0.0,0.0,0.0,0.0,0.0,0.0,0.0,0.0,0.0],"imm_yes_cr_no":[0.0,0.0,0.0,0.0,3e-08,1e-07,1.79e-06,0.00734257,1.19919079,11.18007602,7.27228995,0.34262603,0.00113907,0.00034758,0.00052974,0.00034792,9.737e-05,1.131e-05,5.2e-07,1e-08,0.0],"del_yes_cr_yes":[0.0,0.0,0.0,0.0,0.0,0.0,0.0,0.0,0.0,4.268e-05,0.07105315,4.88364462,13.74901751,1.29761769,0.00262511,5e-08,0.0,0.0,0.0,0.0,0.0],"del_yes_cr_no":[1e-08,1e-08,8.84e-06,0.00142426,0.05774523,0.9917093,4.88271972,6.85392014,4.51078771,2.03879862,0.57001586,0.08892669,0.00758706,0.00034826,8.6e-06,3e-07,1.1e-07,5e-08,2e-08,1e-08,0.0],"conf_yes_cr_yes_del_yes":[1e-08,2e-08,2e-08,3e-08,4e-08,4e-08,3e-08,2e-08,1e-08,1e-08,1e-08,2.411e-05,0.01004245,0.71034057,7.79313141,10.43509628,1.05230777,0.00305793,3e-08,0.0,0.0],"conf_yes_cr_no_del_yes":[0.00652431,0.00968148,0.01422835,0.0207056,0.02982898,0.04252853,0.05998773,0.08367626,0.11536712,0.15712344,0.21123598,0.28008754,0.36592231,0.47052319,0.59499828,0.74190682,0.94036132,1.42883658,3.41307831,8.74443344,4.55245478]}}
