{"nodes":{"cr_yes":[27.20212047,5.49088644,0.8164773,0.08833083,0.00685564,0.00037571,1.428e-05,3.7e-07,1e-08,0.0,0.0,0.0,0.0,0.0,0.0,0.0,0.0,0.0,0.0,0.0,0.0],"imm_yes_cr_yes":[0.0,0.0,0.0,0.0,0.0,0.0,0.0,0.0,0.0,0.0,2.74e-06,0.00083547,0.84746503,16.52848622,2.62538266,0.00182868,0.0,0.0,0.0,0.0,0.0],"imm_yes_cr_no":[0.0,0.0,0.0,0.0,0.0,0.0,0.0,0.0,0.0,0.0,0.0,0.0,2.677e-05,0.04779199,4.45368519,14.70452437,0.79781542,0.00015705,0.0,0.0,0.0],"del_yes_cr_yes":[0.0,0.0,9.6e-07,0.00410354,0.78635174,8.30396795,9.22800063,1.62323613,0.05787236,0.00045639,7.7e-07,4e-08,1.6e-07,4.2e-07,8.7e-07,1.43e-06,1.9e-06,2.04e-06,1.79e-06,1.29e-06,7.7e-07],"del_yes_cr_no":[3.51315584,4.80110928,3.61047745,2.62525923,2.08403249,1.59931072,1.17463217,0.82885005,0.56393617,0.3710726,0.23671935,0.1467058,0.08848066,0.05200777,0.02982916,0.01671167,0.00915353,0.00490539,0.00257365,0.00132267,0.00066614],"conf_yes_cr_yes_del_yes":[0.00060357,0.00121797,0.00252361,0.00499905,0.00926894,0.01598214,0.02556318,0.03792683,0.05255393,0.06993793,0.0961295,0.15301927,0.30630296,0.75711362,1.96542012,4.14849351,5.67668651,4.21511218,1.63467342,0.66052599,0.34049674],"conf_yes_cr_no_del_yes":[0.28390363,0.31300545,0.35699019,0.41864601,0.4993215,0.59873937,0.71490814,0.84413194,0.98111827,1.11918384,1.25055844,1.3667868,1.4592286,1.51965635,1.54095147,1.51789829,1.44807613,1.33284943,1.17845589,0.99719263,0.80870046]}}
