{"nodes":{"cr_yes":[0.0,0.0,0.0,0.0,0.0,0.0,0.0,0.0,0.0,0.0,0.0,0.0,0.0,5.78e-06,0.28093127,19.2664816,0.4565815,6.5e-07,0.0,0.0,0.0],"imm_yes_cr_yes":[0.0,0.0,0.0,0.0,0.0,0.0,0.0,0.0,0.0,1e-08,0.00093483,0.97800516,15.90256376,3.118333,0.00416402,1e-08,0.0,0.0,0.0,0.0,0.0],"imm_yes_cr_no":[0.0,0.0,0.0,0.0,0.0,0.0,0.0,2.8e-07,0.00059052,0.12075456,3.07573328,10.9732662,5.48993348,0.34170624,0.00201554,7e-07,0.0,0.0,0.0,0.0,0.0],"del_yes_cr_yes":[0.0,0.0,0.0,0.0,0.0,1.608e-05,0.02905126,2.21149302,11.76700834,5.71473079,0.28035992,0.00134087,5.3e-07,0.0,0.0,0.0,0.0,0.0,0.0,0.0,0.0],"del_yes_cr_no":[0.0,6.4e-07,0.00294747,0.51757239,5.18646393,9.02716595,4.43439993,0.77904636,0.05478442,0.00160056,1.906e-05,9e-08,0.0,0.0,0.0,0.0,0.0,0.0,0.0,0.0,0.0],"conf_yes_cr_yes_del_yes":[0.0,0.0,0.0,0.0,0.0,0.0,0.0,0.0,0.0,8e-07,9.832e-05,0.00498818,0.11180313,1.12734268,4.94978627,8.55829219,4.71299399,0.53415617,0.00453896,1.2e-07,0.0],"conf_yes_cr_no_del_yes":[0.0,0.0,0.0,0.0,0.0,1e-08,3e-07,4.42e-06,4.633e-05,0.00036084,0.00219623,0.01085186,0.04473274,0.1566406,0.47049878,1.21280699,2.64943896,4.72895019,6.26464829,4.45908731,0.00747389]}}
