{"nodes":{"cr_yes":[0.0,0.0,0.0,0.0,0.0,0.0,0.0,0.0,0.0,0.0,0.0,0.0,0.0,3.06e-06,0.07647148,13.19540007,6.73001463,0.00211155,0.0,0.0,0.0],"imm_yes_cr_yes":[0.0,0.0,0.0,0.0,0.0,0.0,5.18e-06,0.3921208,18.42461395,1.18711701,0.00014385,1e-08,0.0,0.0,0.0,0.0,0.0,0.0,0.0,0.0,0.0],"imm_yes_cr_no":[0.0,0.0,0.0,0.0,0.0,0.0,0.0,0.0,0.0,3.8e-06,0.00237689,0.240881,4.12381556,11.30192284,4.18526905,0.14945594,0.00027572,1e-08,0.0,0.0,0.0],"del_yes_cr_yes":[0.0,0.0,0.0,2e-08,8.189e-05,0.00150037,0.00134742,0.43011705,8.97368799,9.94651318,0.64839461,0.00235789,3.9e-07,0.0,0.0,0.0,0.0,0.0,0.0,0.0,0.0],"del_yes_cr_no":[0.00027614,3.23459332,10.25651567,5.33371397,1.06083943,0.10755259,0.00731146,0.00178765,0.00109073,0.00038278,6.874e-05,6.07e-06,2.4e-07,0.0,0.0,0.0,0.0,1e-08,2e-08,3e-08,4e-08],"conf_yes_cr_yes_del_yes":[0.0,0.0,0.0,0.0,0.0,0.0,0.0,0.0,0.0,0.0,1e-08,9.55e-06,0.00198154,0.1212207,2.11100445,9.23430135,7.78631459,0.74660788,0.00256072,1e-08,0.0],"conf_yes_cr_no_del_yes":[0.0,0.0,0.0,0.0,0.0,2e-08,6e-08,2.1e-07,8.8e-07,5.96e-06,5.281e-05,0.00043447,0.0029854,0.01697248,0.08047896,0.32014011,1.06528708,2.90999155,6.18238002,8.61844339,1.61365479]}}
