{"nodes":{"cr_yes":[0.0,0.0,0.0,0.0,0.0,0.0,0.0,0.0,0.0,0.0,0.0,0.0,0.0,0.0,0.0,0.00375333,15.98587113,4.01437588,4.6e-07,0.0,0.0],"imm_yes_cr_yes":[0.0,0.0,0.0,0.0,0.0,0.0,0.0,1.55e-06,0.14735727,16.2985454,3.55622509,0.0017691,1e-08,1.745e-05,8.43e-05,6.2e-07,0.0,0.0,0.0,0.0,0.0],"imm_yes_cr_no":[0.0,0.0,0.0,0.0,0.0,0.0,0.0,0.0,2e-08,7.154e-05,0.02955185,1.52308142,10.08033685,7.81159448,0.55705412,0.00231025,2.7e-07,0.0,0.0,0.0,0.0],"del_yes_cr_yes":[0.0,0.0,0.0,5.154e-05,0.45683583,13.20498074,6.2359104,0.10612189,9.653e-05,2.91e-06,9.3e-07,3e-08,0.0,0.0,0.0,0.0,0.0,0.0,0.0,0.0,0.0],"del_yes_cr_no":[3e-08,6.9e-07,6e-07,1.154e-05,0.00241773,0.08965471,0.9547155,3.82400417,6.71124339,5.60564371,2.30593762,0.46467603,0.04389146,0.00177701,2.651e-05,1.1e-07,0.0,0.0,0.0,0.0,0.0],"conf_yes_cr_yes_del_yes":[0.0,0.0,0.0,0.0,0.0,0.0,0.0,0.0,0.0,0.0,4e-08,2.969e-05,0.00541237,0.27355518,3.63695711,10.81023787,5.09096245,0.18674301,0.00010309,0.0,0.0],"conf_yes_cr_no_del_yes":[0.0,0.0,0.0,0.0,0.0,0.0,0.0,1e-08,2.9e-07,4.95e-06,6.072e-05,0.00056122,0.00407247,0.02385133,0.11467503,0.45538538,1.48162984,3.82178165,7.1230284,6.97671511,0.0044688]}}
