{"nodes":{"cr_yes":[0.0,0.0,0.0,0.0,0.0,0.0,0.0,0.0,0.0,0.0,0.0,0.0,0.00642373,12.96817729,7.02521682,0.00418296,0.0,0.0,0.0,0.0,0.0],"imm_yes_cr_yes":[0.0,0.0,0.0,0.0,0.0,0.0,5e-08,0.03196603,12.58021736,7.38237424,0.0094431,3e-08,0.0,0.0,0.0,0.0,0.0,0.0,0.0,0.0,0.0],"imm_yes_cr_no":[0.0,0.0,0.0,0.0,0.0,0.0,4.18e-06,0.02875521,3.70198518,14.22576636,2.0363096,0.01117824,2.02e-06,0.0,0.0,0.0,0.0,0.0,0.0,0.0,0.0],"del_yes_cr_yes":[0.0,0.0,0.0,0.0,0.0,0.0,0.0,0.0,5.015e-05,0.13699482,7.9554045,11.52211658,0.38921037,0.00022437,0.0,0.0,0.0,0.0,0.0,0.0,0.0],"del_yes_cr_no":[0.0,0.0,0.0,1.509e-05,0.01803929,1.24200353,8.46870885,8.48651121,1.70691945,0.08071233,0.00092701,3.008e-05,4.155e-05,4.216e-05,2.949e-05,1.439e-05,4.94e-06,1.2e-06,2.1e-07,2e-08,0.0],"conf_yes_cr_yes_del_yes":[0.0,0.0,0.0,0.0,0.0,0.0,0.0,0.0,0.0,0.0,1e-08,1.182e-05,0.00431464,0.34206045,5.12616141,11.72881783,2.77036741,0.03226297,4.26e-06,0.0,0.0],"conf_yes_cr_no_del_yes":[0.00147306,0.00206087,0.00269954,0.00330654,0.00378145,0.00403204,0.00400442,0.00370416,0.00321098,0.00318021,0.01364836,0.12766284,0.78577346,2.82374917,5.74399168,6.25489321,3.33564372,0.79628441,0.08775775,0.00387,1.892e-05]}}
