{"nodes":{"cr_yes":[0.0,0.0,0.0,0.0,0.0,0.0,0.0,0.0,2e-08,1.095e-05,0.00123734,0.0266888,0.09938664,0.05580742,0.00469934,3.17621594,16.55369804,0.08594722,0.00030909,0.0,0.0],"imm_yes_cr_yes":[0.0,0.0,0.0,0.0,0.0,0.00079873,2.71501785,16.49668145,0.7874438,0.00405883,1.4e-07,0.0,0.0,0.0,0.0,0.0,0.0,0.0,0.0,0.0,0.0],"imm_yes_cr_no":[0.0,0.0,7e-08,2.27e-06,3.309e-05,0.0002214,0.00069068,0.00102015,0.00155567,0.02244076,0.78680277,7.5796761,9.21495407,2.23784102,0.14743433,0.01096039,0.00036655,1.49e-06,0.0,0.0,0.0],"del_yes_cr_yes":[0.0,0.0,0.0,0.0,0.0,0.0,4.4e-07,0.01682358,4.49959019,14.72391844,0.76302516,0.00064299,1e-08,0.0,0.0,0.0,0.0,0.0,0.0,0.0,0.0],"del_yes_cr_no":[0.00066892,0.00048967,0.00030357,0.00015874,6.965e-05,3.727e-05,0.00105742,0.03140897,0.36573683,1.81669576,4.14312303,4.96374499,4.24629336,2.98367668,1.22272805,0.21406748,0.01301653,0.00031087,0.00021139,0.00033554,0.00040108],"conf_yes_cr_yes_del_yes":[0.0,0.0,0.0,0.0,0.0,0.0,0.0,0.0,0.0,0.0,7e-08,3.506e-05,0.00789434,0.42150603,4.98296611,11.09082142,3.41603799,0.08466715,7.262e-05,0.0,0.0],"conf_yes_cr_no_del_yes":[0.12235005,0.10679536,0.08956226,0.0720207,0.05540671,0.04067354,0.02840647,0.01881338,0.01180527,0.00738212,0.00890249,0.05062184,0.33845197,1.50914598,4.0421597,6.07395084,4.75791593,1.93715227,0.59969401,0.18054464,0.02684058]}}
