{"nodes":{"cr_yes":[0.0,0.0,0.0,0.0,0.0,0.0,0.0,0.0,0.0,0.0,0.0,0.0,0.0,1.42e-06,0.39711931,19.58306889,0.02381118,0.0,0.0,0.0,0.0],"imm_yes_cr_yes":[0.0,0.0,0.0,0.0,0.0,0.0,3.53e-06,0.02847114,8.89421123,11.01732834,0.06398481,1.75e-06,0.0,0.0,0.0,0.0,0.0,0.0,0.0,0.0,0.0],"imm_yes_cr_no":[0.0,0.0,0.0,0.0,2.9e-07,8.724e-05,0.00365237,0.0301555,0.9519415,10.54603152,7.99184623,0.47606724,0.00419926,1.919e-05,4.6e-07,0.0,0.0,0.0,0.0,0.0,0.0],"del_yes_cr_yes":[0.0,0.0,0.0,0.0,0.0,0.0,0.0,0.0,2e-08,0.00018877,0.12727367,5.19550893,12.92939792,1.74138967,0.01023985,1.98e-06,0.0,0.0,0.0,0.0,0.0],"del_yes_cr_no":[0.0,2e-08,4.79e-06,0.0001257,0.01561465,1.0585681,7.56550055,8.94058985,2.26864453,0.1475364,0.00626811,0.00100494,0.00013294,9.82e-06,3.9e-07,1e-08,0.0,0.0,0.0,0.0,0.0],"conf_yes_cr_yes_del_yes":[0.0,0.0,0.0,0.0,0.0,0.0,0.0,0.0,0.0,0.0,0.0,8.95e-06,0.00437711,0.39133877,5.84515424,11.70909058,2.04045174,0.01357857,8.2e-07,0.0,0.0],"conf_yes_cr_no_del_yes":[0.03538044,0.04813405,0.06499732,0.08709416,0.11577467,0.1526267,0.19947094,0.25832992,0.33135919,0.42072594,0.5284186,0.65597035,0.80408186,0.97213687,1.15765292,1.35626009,1.56886055,1.86883853,2.74643179,5.1652129,2.96786644]}}
