{"nodes":{"cr_yes":[0.0,0.0,0.0,0.0,0.0,0.0,0.0,0.0,0.0,0.0,0.0,0.0,0.0,0.02145379,19.2211986,0.76134828,1.1e-07,0.0,0.0,0.0,0.0],"imm_yes_cr_yes":[0.0,0.0,0.0,0.0,0.0,0.0,0.0,0.0013198,4.09994658,15.78959536,0.11313753,1.54e-06,0.0,0.0,0.0,0.0,0.0,0.0,0.0,0.0,0.0],"imm_yes_cr_no":[0.0,0.0,0.0,0.0,0.0,0.0,0.0,0.0,0.0,1.146e-05,0.03590828,3.87305097,14.53679962,1.55525794,0.00297248,4e-08,0.0,0.0,0.0,0.0,0.0],"del_yes_cr_yes":[0.0,0.0,0.0,0.0,0.0,0.0,0.0,0.0,1.05e-06,0.01062762,2.43582994,15.11872834,2.43114749,0.00766608,2.6e-07,0.0,0.0,0.0,0.0,0.0,0.0],"del_yes_cr_no":[0.0,0.0,4.19e-05,0.05705256,2.32936795,9.46396503,6.86887392,1.22052128,0.06313546,0.00103713,5.56e-06,1e-08,0.0,0.0,0.0,0.0,0.0,0.0,0.0,0.0,0.0],"conf_yes_cr_yes_del_yes":[0.0,0.0,0.0,0.0,0.0,0.0,0.0,0.0,0.0,0.0,3.4e-07,0.00043799,0.08765065,2.74074125,11.82179562,5.22232599,0.13099185,5.711e-05,0.0,0.0,0.0],"conf_yes_cr_no_del_yes":[0.0,0.0,0.0,0.0,0.0,0.0,0.0,6e-08,2.68e-06,6.762e-05,0.00105429,0.01087129,0.07740912,0.3896405,1.39303575,3.47830645,5.78198205,5.77171679,2.75813634,0.34175822,3.927e-05]}}
