{"nodes":{"cr_yes":[0.0,0.0,0.0,0.0,0.0,0.0,0.0,0.0,0.0,0.0,0.0,0.0,0.0,0.0,9.6e-07,0.10616413,19.0945296,0.80330601,1e-07,0.0,0.0],"imm_yes_cr_yes":[0.0,0.0,0.0,0.0,0.0,0.0,0.0,0.0,0.00067599,0.89691211,15.20687364,3.88573056,0.01380802,4.8e-07,0.0,0.0,0.0,0.0,0.0,0.0,0.0],"imm_yes_cr_no":[0.0,0.0,0.0,0.0,0.0,0.0,0.0,0.0,0.0,0.0,0.0,5.6e-07,0.00022869,0.02714547,0.89861689,7.21668134,10.40854765,1.44811263,0.00466757,0.0,0.0],"del_yes_cr_yes":[0.0,0.0,0.0,0.0,1e-08,0.00010999,0.07292318,3.11615496,11.86810427,4.73923465,0.20655601,0.00091736,3.7e-07,0.0,0.0,0.0,0.0,0.0,0.0,0.0,0.0],"del_yes_cr_no":[8.81e-06,1.38e-06,1.7e-07,4.4e-07,1.219e-05,0.00025787,0.003448,0.02869272,0.1557185,0.57825156,1.52395,2.92186612,4.13500403,4.34232838,3.37195476,1.91166936,0.77291286,0.21478401,0.03881914,0.00420433,0.00024115],"conf_yes_cr_yes_del_yes":[0.0,0.0,0.0,0.0,0.0,0.0,0.0,0.0,0.0,0.0,1.06e-06,0.00015938,0.00945151,0.22746981,2.17698599,7.61631482,8.11299141,1.82176791,0.03885006,8.84e-06,0.0],"conf_yes_cr_no_del_yes":[0.0,0.0,0.0,0.0,0.0,0.0,1e-07,1.82e-06,2.282e-05,0.00020892,0.00146737,0.00820164,0.03743307,0.14187788,0.45038028,1.19667825,2.62699576,4.60568357,5.96064418,4.61128551,0.72623927]}}
