{"nodes":{"cr_yes":[0.0,0.0,0.0,0.0,0.0,0.0,0.0,0.0,0.0,0.0,0.0,0.0,3.5e-07,0.08851293,18.67077914,1.24470282,5.55e-06,0.0,0.0,0.0,0.0],"imm_yes_cr_yes":[0.0,0.0,0.0,0.0,1.47e-06,0.05970684,6.53022181,12.90974367,0.50407885,0.00024817,0.0,0.0,0.0,0.0,0.0,0.0,0.0,0.0,0.0,0.0,0.0],"imm_yes_cr_no":[0.0,0.0,0.0,0.0,1.46e-06,0.01339454,2.07085465,12.74689414,5.01256483,0.15984622,0.00044484,1e-07,0.0,0.0,0.0,0.0,0.0,0.0,0.0,0.0,0.0],"del_yes_cr_yes":[0.0,0.0,0.0,0.0,0.0,3.615e-05,0.06897719,4.1727969,12.99056658,2.7280616,0.04350999,5.238e-05,0.0,0.0,0.0,0.0,0.0,0.0,0.0,0.0,0.0],"del_yes_cr_no":[0.0,2.184e-05,0.00598832,0.84974575,8.44326199,8.94343236,1.67930343,0.08001991,0.00197031,0.00018552,5.494e-05,1.366e-05,2.43e-06,3.1e-07,3e-08,0.0,0.0,0.0,0.0,0.0,0.0],"conf_yes_cr_yes_del_yes":[0.0,0.0,0.0,0.0,0.0,0.0,0.0,0.0,0.0,2e-08,6.9e-07,7.024e-05,0.00581052,0.18955996,2.19613791,8.16847142,8.00766082,1.41534444,0.02093938,5.37e-06,0.0],"conf_yes_cr_no_del_yes":[0.79502586,0.83073329,0.86566432,0.89943085,0.93160166,0.96170179,0.98921266,1.0135733,1.03418289,1.05040483,1.06157294,1.06700001,1.06598938,1.05785039,1.04192312,1.01765881,0.98514391,0.94869772,0.93696443,1.07628441,1.54179436]}}
