{"nodes":{"cr_yes":[0.0,0.0,0.0,0.0,0.0,0.0,0.0,0.0,0.0,0.0,0.0,0.0,0.0,0.0,0.00019777,1.89253574,18.09278746,0.01847982,0.0,0.0,0.0],"imm_yes_cr_yes":[0.0,0.0,0.0,0.0,0.0,0.0,1.594e-05,0.26007768,14.53434169,5.19403503,0.01553007,3.8e-07,0.0,0.0,0.0,0.0,0.0,0.0,0.0,0.0,0.0],"imm_yes_cr_no":[0.0,2e-08,9e-08,3.3e-07,8.2e-07,1.44e-06,1.404e-05,0.00101905,0.03034451,0.35111926,1.63683152,3.22763332,3.04705352,1.38803434,0.26213845,0.4734516,1.8011933,3.42557678,3.06847576,1.19982303,0.18257926],"del_yes_cr_yes":[0.0,0.0,0.0,0.0,0.0,5.6e-07,0.00141624,0.26650038,5.03726515,11.33048504,3.2511292,0.11673416,0.00046991,1.7e-07,0.0,0.0,0.0,0.0,0.0,0.0,0.0],"del_yes_cr_no":[0.06288511,0.04326057,0.0271575,0.01627202,0.01613959,0.05168798,0.18693188,0.54306423,1.41062158,3.17431759,5.12871233,5.16673697,2.99721157,0.94203904,0.16557225,0.03732189,0.02385536,0.01806385,0.0131489,0.00834502,0.00419627],"conf_yes_cr_yes_del_yes":[6.061e-05,7.658e-05,8.93e-05,9.575e-05,9.403e-05,8.418e-05,6.833e-05,4.998e-05,3.269e-05,1.896e-05,9.75e-06,2.856e-05,0.00336023,0.16282176,2.42324295,9.46207367,7.27545128,0.66909035,0.00724011,3.291e-05,1.824e-05],"conf_yes_cr_no_del_yes":[0.03352423,0.02669951,0.02101403,0.01633185,0.01252572,0.0094873,0.00716084,0.00564713,0.00548543,0.0083181,0.01827875,0.04476517,0.1084433,0.25507912,0.58075966,1.24481203,2.37997048,3.82270108,4.91253457,4.85366534,3.30711852]}}
