{"nodes":{"cr_yes":[0.0,0.0,0.0,0.0,0.0,0.0,0.0,0.0,0.0,0.0,0.0,0.0,0.0,0.0,1.14e-06,0.17405398,19.66754619,0.16239949,0.0,0.0,0.0],"imm_yes_cr_yes":[0.0,0.0,0.0,0.0,0.0,0.0,8.03e-06,0.20190105,14.26300645,5.5234857,0.01559926,3.2e-07,0.0,0.0,0.0,0.0,0.0,0.0,0.0,0.0,0.0],"imm_yes_cr_no":[0.0,0.0,0.0,0.0,0.0,0.0,0.0,0.0,0.0,3.4e-07,5.257e-05,0.00144922,0.02126173,0.69664916,6.58177712,10.67313251,2.00969721,0.01997926,1.69e-06,0.0,0.0],"del_yes_cr_yes":[0.0,0.0,0.0,0.0,0.0,0.0,2.26e-06,0.01051092,1.60920165,12.37473341,5.83627793,0.17299502,0.0002796,2e-08,0.0,0.0,0.0,0.0,0.0,0.0,0.0],"del_yes_cr_no":[0.0,0.0,0.0,1e-08,4.23e-06,0.00043645,0.01359382,0.17064121,1.02181277,3.2244879,5.66193842,5.64465726,3.16194221,0.95318092,0.14206676,0.00904613,0.00019185,8.7e-07,0.0,0.0,0.0],"conf_yes_cr_yes_del_yes":[0.0,0.0,0.0,0.0,0.0,0.0,0.0,0.0,0.0,0.0,3.2e-07,9.104e-05,0.00861953,0.28146231,3.03852975,9.51281534,6.58075919,0.57987109,0.00185223,0.0,0.0],"conf_yes_cr_no_del_yes":[0.0,0.0,0.0,0.0,0.0,0.0,1e-08,3.9e-07,9.5e-06,0.00014701,0.00156201,0.01204482,0.06982214,0.31016122,1.05953452,2.74041397,5.12941997,6.26598044,3.88236607,0.53253875,2e-08]}}
