{"nodes":{"cr_yes":[0.0,0.0,0.0,0.0,0.0,0.0,0.0,0.0,0.0,0.0,0.0,0.0,0.0,1e-08,0.00642056,2.04104812,0.58515222,17.29847731,0.07290258,0.0,0.0],"imm_yes_cr_yes":[0.0,0.0,0.0,0.0,0.0,0.0,1.5e-07,0.01609365,5.73718018,13.9297807,0.32087201,7.411e-05,0.0,0.0,0.0,0.0,0.0,0.0,0.0,0.0,0.0],"imm_yes_cr_no":[0.0,0.0,0.0,0.0,0.0,0.0,0.0,0.0,0.0,0.0,2.42e-06,0.00071311,0.09176169,2.5758665,11.39538459,5.75442929,0.18572142,0.00012177,0.0,0.0,0.0],"del_yes_cr_yes":[0.0,0.0,0.0,0.0,5.1e-07,0.00708853,1.63245931,12.96518781,5.26765452,0.1314043,0.00020579,2e-08,0.0,0.0,0.0,0.0,0.0,0.0,0.0,0.0,0.0],"del_yes_cr_no":[0.0,0.0,1.58e-06,0.00078624,0.04854744,0.70943144,3.45071904,6.77202725,5.97429786,2.49841541,0.50091754,0.04690611,0.00192015,3.06e-05,1.6e-07,0.0,0.0,0.0,0.0,0.0,0.0],"conf_yes_cr_yes_del_yes":[0.0,0.0,0.0,0.0,0.0,0.0,0.0,0.0,0.0,0.0,1.3e-06,0.0002441,0.01624998,0.39511187,3.4011908,9.26884499,6.27799961,0.64122838,0.00312976,2e-08,0.0],"conf_yes_cr_no_del_yes":[0.0,0.0,0.0,0.0,0.0,0.0,1e-08,2.1e-07,4.7e-06,6.914e-05,0.0007216,0.00560722,0.03355766,0.1579066,0.58871324,1.72570461,3.85771534,6.10897943,5.7235054,1.79983086,0.00336957]}}
