{"nodes":{"cr_yes":[0.00089114,0.00148372,0.0014191,0.00076346,0.00022527,3.537e-05,2.85e-06,1.1e-07,0.0,0.0,4.89e-06,0.01220977,1.83541783,14.0017322,4.11212819,0.03812962,2.84e-06,0.0,0.0,0.0,0.0],"imm_yes_cr_yes":[0.0,0.0,0.0,0.0,0.0,0.00012091,0.82022049,16.78155887,2.39847844,0.00362202,6e-08,0.0,0.0,0.0,0.0,0.0,0.0,0.0,0.0,0.0,0.0],"imm_yes_cr_no":[2.02e-06,2.176e-05,8.087e-05,0.00011405,6.515e-05,0.00018105,0.0604441,2.05809034,9.63587022,7.29197693,0.93700396,0.02008545,6.587e-05,3e-08,0.0,0.0,0.0,0.0,0.0,0.0,0.0],"del_yes_cr_yes":[0.0,0.0,0.0,0.0,1.6e-07,8.702e-05,0.00419994,0.3161519,8.07324897,10.77576321,0.83088225,0.00366657,7.8e-07,0.0,0.0,0.0,0.0,0.0,0.0,0.0,0.0],"del_yes_cr_no":[0.0005107,0.00597663,0.01748913,0.11434805,2.39306233,8.67112177,7.05790572,1.61852737,0.11850389,0.00357087,0.00089878,0.00087717,0.00069035,0.00043156,0.00021624,8.741e-05,2.863e-05,7.61e-06,1.64e-06,2.9e-07,4e-08],"conf_yes_cr_yes_del_yes":[0.0,0.0,0.0,0.0,0.0,0.0,0.0,2e-08,1e-07,6.5e-07,1.358e-05,0.00041678,0.0164267,0.39697725,3.55108907,9.51173078,5.92451047,0.58119053,0.01945325,0.00215193,7.938e-05],"conf_yes_cr_no_del_yes":[0.00040797,0.00071769,0.00124639,0.00213718,0.00361857,0.00605022,0.00998957,0.01628725,0.02622009,0.04167171,0.06537031,0.1011915,0.15453158,0.23276825,0.34598949,0.50976566,0.76406111,1.29341517,2.97808096,8.35993785,10.18149251]}}
