{"nodes":{"cr_yes":[0.0,0.0,0.0,0.0,0.0,0.0,0.0,0.0,0.0,0.0,0.0,0.0,0.0,0.0,0.00964415,18.34406729,1.65028913,2.2e-07,0.0,0.0,0.0],"imm_yes_cr_yes":[0.0,0.0,0.0,0.0,0.0,0.0,2.6e-07,0.04939337,12.08947079,7.80175959,0.01833115,0.01378786,0.03113989,0.00011788,0.0,0.0,0.0,0.0,0.0,0.0,0.0],"imm_yes_cr_no":[0.0,0.0,0.0,0.0,0.0,0.0,0.0,0.0,0.0,0.0,0.0,0.0,0.0,1e-08,9.506e-05,0.08641865,5.96902386,13.79744902,0.15101419,2e-08,0.0],"del_yes_cr_yes":[0.0,0.0,0.0,0.0,0.0,0.0,5e-08,0.00251242,1.4066732,14.85932099,3.7134389,0.02205273,2.52e-06,0.0,0.0,0.0,0.0,0.0,0.0,0.0,0.0],"del_yes_cr_no":[0.00743903,3.59104665,9.43509476,5.44058869,1.33951216,0.17889,0.0143938,0.00073047,2.387e-05,6.9e-07,1.3e-07,5e-08,1e-08,0.0,0.0,0.0,0.0,0.0,0.0,0.0,0.0],"conf_yes_cr_yes_del_yes":[0.0,0.0,0.0,0.0,0.0,0.0,0.0,0.0,0.0,0.0,9.5e-07,0.00050534,0.06013498,1.61781521,9.03240273,8.43372426,0.855435,0.00398222,1.2e-07,0.0,0.0],"conf_yes_cr_no_del_yes":[0.0,0.0,0.0,0.0,0.0,0.0,1e-08,3.6e-07,1.195e-05,0.00023125,0.00285763,0.02409712,0.144717,0.63177713,1.99685999,4.41358627,6.29956436,4.94036789,1.48925487,0.06067496,5e-08]}}
