{"nodes":{"cr_yes":[0.0,0.0,0.0,0.0,0.0,0.0,0.0,0.0,0.0,0.0,0.0,0.0,0.0,0.00011797,0.34294402,14.99392452,4.66441107,0.00260322,0.0,0.0,0.0],"imm_yes_cr_yes":[0.0,0.0,0.0,0.0,0.0,0.0,0.0,3.42e-06,0.04087952,5.79850253,13.59265029,0.57159375,0.00037128,0.0,0.0,0.0,0.0,0.0,0.0,0.0,0.0],"imm_yes_cr_no":[0.0,0.0,0.0,0.0,0.0,0.0,0.0,0.0,0.0,0.0,0.0,9.9e-07,0.00100295,0.16867427,4.29086009,12.83963342,2.6901636,0.01366534,1.5e-07,0.0,0.0],"del_yes_cr_yes":[0.0,0.0,0.0,1e-08,3.253e-05,0.02971598,1.67804363,9.67364292,7.6318275,0.96940525,0.02125302,7.991e-05,5e-08,0.0,0.0,0.0,0.0,0.0,0.0,0.0,0.0],"del_yes_cr_no":[0.0,0.0,7.94e-06,0.00342798,0.14532236,1.41577113,4.76188514,6.8660909,4.77387928,1.69527174,0.31194845,0.02907939,0.00129179,2.453e-05,1.7e-07,0.0,0.0,0.0,0.0,0.0,0.0],"conf_yes_cr_yes_del_yes":[0.0,0.0,0.0,0.0,0.0,0.0,0.0,0.0,0.0,1.8e-07,2.535e-05,0.0015519,0.04305546,0.55473259,3.24648369,7.94449668,6.78832643,1.39586851,0.02945541,4.61e-06,0.0],"conf_yes_cr_no_del_yes":[0.0,0.0,0.0,0.0,0.0,1e-08,1.2e-07,1.44e-06,1.321e-05,9.823e-05,0.00060495,0.00314702,0.01404902,0.05447752,0.18497013,0.55159801,1.43881475,3.22844175,5.95159996,7.77116475,1.61003986]}}
