{"nodes":{"cr_yes":[0.0,0.0,0.0,0.0,0.0,0.0,0.0,0.0,0.0,0.0,0.0,0.0,0.0,1e-08,0.0137674,16.50592064,3.48430464,8.11e-06,0.0,0.0,0.0],"imm_yes_cr_yes":[0.0,0.0,0.0,0.0,0.0,0.0,0.0,1.56e-06,0.10635552,14.12417137,5.76539042,0.0080819,3e-08,0.0,0.0,0.0,0.0,0.0,0.0,0.0,0.0],"imm_yes_cr_no":[0.0,0.0,0.0,0.0,0.0,0.0,0.0,0.0,3e-08,0.00013863,0.05448476,2.35385904,11.52485926,5.83079744,0.23935746,0.00050415,2e-08,0.0,0.0,0.0,0.0],"del_yes_cr_yes":[0.0,0.0,0.0,0.0,0.0,0.0,0.0,0.0,5.434e-05,0.09525202,5.71948027,13.12669918,1.06027372,0.00224119,7e-08,0.0,0.0,0.0,0.0,0.0,0.0],"del_yes_cr_no":[0.0,0.0,0.0,2.05e-06,0.00165338,0.12321952,1.71094351,6.37445416,7.76984969,3.42538457,0.5639911,0.03381968,0.00067923,3.91e-06,0.0,0.0,0.0,0.0,0.0,0.0,0.0],"conf_yes_cr_yes_del_yes":[0.0,0.0,0.0,0.0,0.0,0.0,0.0,0.0,0.0,0.0,3e-08,5.175e-05,0.01682567,0.95619719,8.62798325,9.60923296,0.79199737,0.00171257,1e-08,0.0,0.0],"conf_yes_cr_no_del_yes":[0.00454657,0.01017141,0.02132609,0.04198454,0.07770668,0.13529717,0.2215999,0.34118277,0.49304655,0.66714965,0.84231339,0.98766485,1.07031749,1.07436176,1.04274748,1.14954753,1.72784501,2.96710619,4.06199281,3.03965021,0.05743208]}}
