{"nodes":{"cr_yes":[0.0,0.0,0.0,0.0,0.0,0.0,0.0,0.0,0.0,0.0,0.0,0.0,0.0,0.0,0.0,0.00613182,17.79808305,2.19978582,1.1e-07,0.0,0.0],"imm_yes_cr_yes":[0.0,0.0,0.0,0.0,0.0,0.0,9.218e-05,1.55840042,18.12907771,0.31641929,1.12e-05,0.0,0.0,0.0,0.0,0.0,0.0,0.0,0.0,0.0,0.0],"imm_yes_cr_no":[0.0,0.0,0.0,0.0,4e-08,5e-07,3.08e-06,1.223e-05,0.00084614,0.05641248,0.93264368,4.39547853,8.39481164,5.59827861,0.61905886,0.00633212,9.24e-05,2.81e-05,2.35e-06,4e-08,0.0],"del_yes_cr_yes":[0.0,0.0,0.0,0.0,0.0,0.0,0.0,1.57e-06,0.01149654,2.20954341,14.33751277,3.41366604,0.0317298,5.065e-05,2e-08,0.0,0.0,0.0,0.0,0.0,0.0],"del_yes_cr_no":[3.202e-05,0.00035408,0.00252533,0.01215186,0.04076545,0.09756563,0.16915987,0.21549932,0.23347205,0.53562707,2.20285519,5.44830603,6.54560168,3.5989044,0.82984577,0.06910339,0.00165759,6.87e-05,0.00012808,0.00022783,0.00033101],"conf_yes_cr_yes_del_yes":[0.0,0.0,0.0,0.0,0.0,0.0,0.0,0.0,0.0,0.0,1e-08,3.225e-05,0.01267026,0.83783258,8.41850307,9.9177879,0.81550914,0.00166558,1e-08,0.0,0.0],"conf_yes_cr_no_del_yes":[2.48e-05,5.806e-05,0.00013282,0.00029693,0.00064901,0.00138717,0.00289962,0.00592776,0.01185046,0.02316158,0.04423993,0.08253059,0.1502484,0.2666349,0.46060082,0.77342831,1.26314729,2.02887168,3.34670853,6.07247184,10.93748538]}}
