{"nodes":{"cr_yes":[0.0,0.0,0.0,0.0,0.0,0.0,0.0,0.0,0.0,0.0,0.0,0.0,2.1e-07,0.06229042,17.86764156,2.07404795,2.066e-05,0.0,0.0,0.0,0.0],"imm_yes_cr_yes":[0.0,0.0,0.0,0.0,0.0,0.0,1e-06,0.10961895,14.7974265,5.09084707,0.00610726,3e-08,0.0,0.0,0.0,0.0,0.0,0.0,0.0,0.0,0.0],"imm_yes_cr_no":[0.0,0.0,0.0,0.0,0.0,5.1e-07,0.00480862,1.12662698,11.49495914,7.0736081,0.30311807,0.00087924,1.4e-07,0.0,0.0,0.0,0.0,0.0,0.0,0.0,0.0],"del_yes_cr_yes":[0.0,0.0,0.0,0.0,0.0,0.0,0.0,0.0,1e-08,3.095e-05,0.01586479,1.24845145,11.6116568,6.94426164,0.18360301,0.00013215,0.0,0.0,0.0,0.0,0.0],"del_yes_cr_no":[0.0,5.26e-06,0.00440199,0.23338008,3.16378736,9.34848019,6.2829692,0.93625722,0.03286338,0.00052045,0.00020221,0.00028879,0.00031184,0.00025473,0.00015965,7.762e-05,2.951e-05,8.83e-06,2.09e-06,3.9e-07,6e-08],"conf_yes_cr_yes_del_yes":[0.0,0.0,0.0,0.0,0.0,0.0,0.0,0.0,0.0,0.0,1e-08,2.01e-05,0.01066695,0.84946031,9.0320027,9.55557223,0.55572344,0.00055503,3e-08,0.0,0.0],"conf_yes_cr_no_del_yes":[0.25130366,0.29047479,0.33403495,0.38205627,0.43448784,0.49112046,0.55154762,0.61512398,0.68092295,0.74769632,0.81383949,0.87736768,0.93590963,0.98672788,1.02679418,1.05327073,1.06897013,1.13558411,1.70325603,4.09872498,3.30087788]}}
