{"nodes":{"cr_yes":[0.0,2e-08,6.03e-06,0.00072244,0.03332401,0.57891183,3.67208001,8.16820638,6.05347504,1.40189999,0.09369587,0.00163772,6.63e-06,1e-08,2.64e-06,3.219e-05,0.0,0.0,0.0,0.0,0.0],"imm_yes_cr_yes":[0.0,0.0,0.0,0.0,0.0,0.0,0.0,0.0,0.0,0.0,1e-08,0.00340657,4.43836505,15.48388451,0.07834449,1.7e-07,0.0,0.0,0.0,0.0,0.0],"imm_yes_cr_no":[0.0,0.0,0.0,0.0,0.0,0.0,0.0,0.0,0.0,0.0,0.0,0.0,6.98e-06,0.0246251,3.64173995,15.34012448,0.99686801,0.00063628,0.0,0.0,0.0],"del_yes_cr_yes":[0.0,0.0,0.0,6e-08,0.00292359,1.02221916,10.97391736,7.51881202,0.48266045,0.00346529,2.87e-06,0.0,0.0,0.0,0.0,0.0,0.0,0.0,0.0,0.0,0.0],"del_yes_cr_no":[0.43986546,6.44733786,2.5222473,0.8435681,0.80505907,0.88379506,0.93366732,0.94821492,0.92978266,0.88350761,0.81606018,0.73457394,0.64580271,0.55555594,0.46840282,0.3875985,0.31517003,0.2520994,0.19855054,0.15410031,0.11794759],"conf_yes_cr_yes_del_yes":[0.00065556,0.00072443,0.00077034,0.0007868,0.00077022,0.00072088,0.00064323,0.00054535,0.00043769,0.00033338,0.00037306,0.00467239,0.07838414,0.71589315,3.35667417,7.45869016,6.64348881,1.68179878,0.05757046,0.00039143,8.31e-06],"conf_yes_cr_no_del_yes":[0.23379011,0.25992522,0.30111108,0.36296164,0.44997411,0.56446088,0.70579929,0.86999956,1.04959065,1.23382405,1.40919575,1.56028599,1.67091721,1.72562986,1.7114763,1.62013259,1.45032846,1.21059508,0.92233097,0.62318583,0.37076244]}}
