{"nodes":{"cr_yes":[0.0,0.0,0.0,0.0,0.0,0.0,0.0,0.0,0.0,0.0,0.0,0.0,0.0,5.6e-07,0.02710284,9.66702583,10.30397277,0.00589881,0.0,0.0,0.0],"imm_yes_cr_yes":[0.0,0.0,0.0,0.0,0.0,0.00184984,2.76817995,16.49326406,0.74036848,0.00033847,0.0,0.0,0.0,0.0,0.0,0.0,0.0,0.0,0.0,0.0,0.0],"imm_yes_cr_no":[0.0,0.0,0.0,0.0,0.0,0.0,0.0,0.0,1e-08,8.32e-06,0.00221993,0.1401741,2.22292472,8.72599812,7.67458822,1.21524066,0.02282415,2.257e-05,0.0,0.0,0.0],"del_yes_cr_yes":[0.0,0.0,0.0,3.32e-06,0.02810359,3.23980415,13.40303838,3.27284703,0.06011481,8.951e-05,1e-08,0.0,0.0,0.0,0.0,0.0,0.0,0.0,0.0,0.0,0.0],"del_yes_cr_no":[11.93611807,12.24755146,1.66475438,0.11796877,0.00547314,0.00018773,6.02e-06,2.6e-07,1e-08,0.0,0.0,0.0,0.0,0.0,0.0,0.0,0.0,0.0,0.0,0.0,0.0],"conf_yes_cr_yes_del_yes":[0.0,0.0,0.0,0.0,0.0,0.0,0.0,0.0,0.0,1e-08,4.54e-06,0.00059246,0.02897265,0.54476767,3.82629035,9.07397805,5.85815761,0.66616713,0.00507017,1.5e-07,0.0],"conf_yes_cr_no_del_yes":[0.0,0.0,0.0,0.0,0.0,0.0,1.1e-07,2.58e-06,3.966e-05,0.00041795,0.00321881,0.01895357,0.08794492,0.32721771,0.98126344,2.34904047,4.34940465,5.79061956,4.66979621,1.40326993,0.04562246]}}
