{"nodes":{"cr_yes":[0.0,0.0,0.0,0.0,0.0,0.0,0.0,0.0,0.0,0.0,0.0,0.0,0.0,0.0,6.141e-05,4.9086299,15.09525034,5.914e-05,0.0,0.0,0.0],"imm_yes_cr_yes":[0.0,0.0,0.0,0.0,0.0,0.0,0.00117895,7.02049866,12.96576224,0.01656093,2e-08,0.0,0.0,0.0,0.0,0.0,0.0,0.0,0.0,0.0,0.0],"imm_yes_cr_no":[0.0,0.0,0.0,0.0,0.0,0.0,0.0,4e-08,4.749e-05,0.02395576,1.44083133,9.99520488,7.912208,0.62800149,0.00375081,1e-06,0.0,0.0,0.0,0.0,0.0],"del_yes_cr_yes":[0.0,0.0,0.0,0.0,0.0,0.0,0.0,0.00033665,0.81157446,15.74539032,3.43783101,0.00886814,2.2e-07,0.0,0.0,0.0,0.0,0.0,0.0,0.0,0.0],"del_yes_cr_no":[0.0,0.0,0.0,0.0,9.9e-07,0.00017372,0.00877043,0.1611957,1.2261847,4.18518415,6.76109541,5.30253869,1.9951723,0.33973718,0.0233998,0.00054451,3.22e-06,0.0,0.0,0.0,0.0],"conf_yes_cr_yes_del_yes":[0.0,0.0,0.0,0.0,0.0,0.0,0.0,0.0,0.0,0.0,9e-08,0.00012864,0.03163799,1.37264583,9.57463795,8.44298337,0.58077702,0.0011899,1e-08,0.0,0.0],"conf_yes_cr_no_del_yes":[0.0,0.0,0.0,0.0,0.0,0.0,0.0,0.0,0.0,0.0,1e-08,5e-07,2.178e-05,0.00062007,0.01148215,0.13753004,1.03301076,4.48609027,9.24701923,5.07696269,0.02252662]}}
