{"nodes":{"cr_yes":[0.0,0.0,0.0,0.0,0.0,0.0,0.0,0.0,0.0,0.0,0.0,0.0,0.0,6.43e-05,0.45974886,18.13716211,1.40699579,2.974e-05,0.0,0.0,0.0],"imm_yes_cr_yes":[0.0,0.0,0.0,0.0,0.0,0.0,0.0,0.0,0.0,6.095e-05,0.34607138,14.9978222,4.65286665,0.00717959,3e-08,0.0,0.0,0.0,0.0,0.0,0.0],"imm_yes_cr_no":[0.0,0.0,0.0,0.0,0.0,0.0,0.0,0.0,7e-08,4.847e-05,0.00833395,0.35810119,3.88351017,10.02897284,5.29622555,0.42578295,0.00302496,6.6e-07,0.0,0.0,0.0],"del_yes_cr_yes":[0.0,0.0,0.0,0.0,0.0,7.7e-07,0.01090054,2.28885946,14.06111531,3.59925642,0.04384412,2.419e-05,0.0,0.0,0.0,0.0,0.0,0.0,0.0,0.0,0.0],"del_yes_cr_no":[31.12660754,4.19976123,0.23268976,0.00793712,0.00019736,2.926e-05,3.574e-05,2.852e-05,1.352e-05,3.83e-06,6.4e-07,6e-08,0.0,0.0,0.0,0.0,0.0,0.0,0.0,0.0,0.0],"conf_yes_cr_yes_del_yes":[0.0,0.0,0.0,0.0,0.0,0.0,0.0,0.0,0.0,0.0,1.63e-06,0.00030304,0.01971809,0.46177688,3.76248539,9.48969634,5.76487031,0.50321892,0.00193018,1e-08,0.0],"conf_yes_cr_no_del_yes":[0.0,0.0,0.0,0.0,0.0,1e-08,2.2e-07,3.55e-06,4.719e-05,0.00046965,0.0035175,0.02036811,0.09337565,0.34393737,1.02153442,2.42025115,4.42495354,5.7875975,4.5333119,1.30413212,0.10100184]}}
