{"nodes":{"cr_yes":[0.0,0.0,0.0,0.0,0.0,0.0,0.0,0.0,0.0,0.0,0.0,0.0,0.0,0.0,2.352e-05,1.53456282,18.46673943,0.00267503,0.0,0.0,0.0],"imm_yes_cr_yes":[0.0,0.0,0.0,0.0,0.0,0.0,0.0,0.0,3.594e-05,0.19850339,11.54700132,8.19253176,0.0658832,4.454e-05,6.5e-07,0.0,0.0,0.0,0.0,0.0,0.0],"imm_yes_cr_no":[0.0,0.0,0.0,0.0,0.0,0.0,0.0,0.0,0.0,0.0,0.0,0.0,1.06e-05,0.00901882,0.99547749,11.16911403,7.71073792,0.11963748,4.45e-06,0.0,0.0],"del_yes_cr_yes":[0.0,0.0,0.0,2.833e-05,0.20374058,9.10049069,10.11966619,0.570312,0.0023699,0.00159525,0.00514294,0.00065202,2.89e-06,0.0,0.0,0.0,0.0,0.0,0.0,0.0,0.0],"del_yes_cr_no":[0.0,0.0,1.4e-07,0.00015267,0.01574118,0.33717323,2.25275328,5.87200685,6.76816734,3.67592384,0.95819876,0.11739343,0.00635341,0.00013571,9.5e-07,0.0,0.0,0.0,0.0,0.0,0.0],"conf_yes_cr_yes_del_yes":[0.0,0.0,0.0,0.0,0.0,0.0,0.0,0.0,0.0,0.0,1e-08,1.238e-05,0.00303768,0.19745259,3.21010983,10.96654229,5.44404862,0.18272827,6.913e-05,0.0,0.0],"conf_yes_cr_no_del_yes":[7.7e-07,2.62e-06,8.26e-06,2.451e-05,6.865e-05,0.00018211,0.00045906,0.00110224,0.00252588,0.00553236,0.01159473,0.02328999,0.04506835,0.08548435,0.16631764,0.35789204,0.88590332,2.3332675,5.56657419,9.43443643,2.16853235]}}
