{"nodes":{"cr_yes":[0.0,0.0,0.0,0.0,0.0,0.0,0.0,0.0,0.0,0.0,0.0,0.0,0.0,1e-08,0.02438907,11.46107416,8.51829327,0.00024429,0.0,0.0,0.0],"imm_yes_cr_yes":[0.0,0.0,0.0,0.0,0.0,0.0,0.0,0.0,4.31e-06,0.13446007,14.04756547,5.81378054,0.00819039,2e-08,0.0,0.0,0.0,0.0,0.0,0.0,0.0],"imm_yes_cr_no":[0.0,0.0,0.0,0.0,0.0,0.0,0.0,0.0,0.0,1.664e-05,0.00921837,0.69102565,7.32106923,10.33671457,1.62582999,0.02011574,1.052e-05,8e-08,0.0,0.0,0.0],"del_yes_cr_yes":[0.0,0.0,0.0,0.0,0.0,0.0,0.0,5.645e-05,0.22387593,10.78081546,8.86503192,0.13418952,3.152e-05,0.0,0.0,0.0,0.0,0.0,0.0,0.0,0.0],"del_yes_cr_no":[0.0,6.2e-07,2.993e-05,0.00065604,0.00792662,0.05902999,0.28980922,0.97768069,2.32228466,3.92977296,4.74306724,4.04714302,2.39422577,0.95099494,0.24167378,0.03661214,0.00298023,0.00011146,1.5e-06,0.0,0.0],"conf_yes_cr_yes_del_yes":[0.0,0.0,0.0,0.0,0.0,0.0,0.0,0.0,0.0,0.0,1.5e-07,0.00012251,0.0221005,0.88806026,7.35563306,10.18818042,1.53923799,0.01066544,4.7e-07,0.0,0.0],"conf_yes_cr_no_del_yes":[0.0,0.0,0.0,0.0,2e-08,1.9e-07,1.22e-06,7.45e-06,7.65e-05,0.0011827,0.01421987,0.11286045,0.58907371,2.02701178,4.51465501,6.18340203,4.70009119,1.64799276,0.20594564,0.00748007,4.1e-07]}}
