{"nodes":{"cr_yes":[0.0,0.0,0.0,0.0,0.0,0.0,0.0,0.0,0.0,0.0,0.0,0.0,0.0,5.3e-07,0.13266908,19.48361907,0.38771207,6e-08,0.0,0.0,0.0],"imm_yes_cr_yes":[0.0,0.0,0.0,0.0,0.0,0.0,0.0,0.0,0.0,0.0,5.523e-05,0.34268009,15.63954874,4.01852637,0.00319037,0.0,0.0,0.0,0.0,0.0,0.0],"imm_yes_cr_no":[0.0,0.0,0.0,0.0,0.0,0.0,0.0,0.0,1e-08,5.108e-05,0.03032442,1.81694798,11.30730761,6.57659955,0.2722927,0.00047744,1e-08,0.0,0.0,0.0,0.0],"del_yes_cr_yes":[0.0,0.0,0.0,0.0,0.0,0.0,0.0,6.89e-06,0.01971231,2.25431982,13.28590465,4.36995966,0.07404741,5.006e-05,0.0,0.0,0.0,0.0,0.0,0.0,0.0],"del_yes_cr_no":[6.41e-06,2.36281449,4.9004069,4.70627997,5.187933,2.3637273,0.44422699,0.03715769,0.00142616,2.49e-05,1.9e-07,0.0,0.0,0.0,0.0,0.0,0.0,0.0,0.0,0.0,0.0],"conf_yes_cr_yes_del_yes":[0.0,0.0,0.0,0.0,0.0,0.0,0.0,0.0,0.0,0.0,2e-08,1.421e-05,0.00339708,0.21374252,3.34751477,10.99462633,5.27027975,0.17435636,6.977e-05,0.0,0.0],"conf_yes_cr_no_del_yes":[0.0,0.0,0.0,0.0,0.0,1e-08,7e-08,4.3e-07,2.35e-06,1.22e-05,6.561e-05,0.00037634,0.00217918,0.01179598,0.05684445,0.23808857,0.85301707,2.55403545,6.05617392,9.60331513,1.25618806]}}
