{"nodes":{"cr_yes":[0.0,0.0,0.0,0.0,0.0,0.0,0.0,0.0,0.0,0.0,0.0,0.0,0.0,0.0,7.77e-06,0.44404447,19.50138795,0.05856061,0.0,0.0,0.0],"imm_yes_cr_yes":[0.0,0.0,0.0,0.0,0.0,0.0,0.00019915,0.90821372,16.84737402,2.24553166,0.00268222,3e-08,0.0,0.0,0.0,0.0,0.0,0.0,0.0,0.0,0.0],"imm_yes_cr_no":[0.0,0.0,0.0,0.0,0.0,0.0,0.0,5.8e-07,0.0005727,0.07989466,1.75971849,6.70122185,4.50158014,1.59382818,3.09336789,2.01068092,0.25856486,0.00456475,5.79e-06,0.0,0.0],"del_yes_cr_yes":[0.0,0.0,0.0,0.0,0.0,0.0,1e-08,0.000206,0.17691753,6.31318239,12.15183263,1.3539861,0.00787437,1.77e-06,0.0,0.0,0.0,0.0,0.0,0.0,0.0],"del_yes_cr_no":[0.0,0.0,0.0,0.0,3e-08,7.69e-06,0.00057486,0.01514091,0.17588137,1.04103546,3.38691009,6.11946914,5.88476369,2.7736469,0.56495057,0.04086292,0.00075523,1.94e-06,0.0,0.0,0.0],"conf_yes_cr_yes_del_yes":[0.0,0.0,0.0,0.0,0.0,0.0,0.0,0.0,0.0,0.0,3.7e-07,0.00013663,0.01467311,0.47464177,4.42985566,10.36690188,4.51787959,0.19968713,0.00022465,0.0,0.0],"conf_yes_cr_no_del_yes":[0.0,0.0,0.0,0.0,0.0,0.0,0.0,0.0,0.0,2e-08,5.4e-07,1.18e-05,0.0001792,0.00195778,0.0158643,0.09856687,0.48914851,1.99965641,6.34412042,10.98776179,0.13346632]}}
