{"nodes":{"cr_yes":[0.0,0.0,0.0,0.0,0.0,0.0,0.0,0.0,0.0,0.0,0.0,0.0,0.0,0.0,0.00129717,5.33550127,14.66505803,0.00214433,0.0,0.0,0.0],"imm_yes_cr_yes":[0.0,0.0,0.0,0.0,0.0,0.0,0.0,0.00226809,2.66645508,16.56397566,0.77102285,0.00027913,0.0,0.0,0.0,0.0,0.0,0.0,0.0,0.0,0.0],"imm_yes_cr_no":[0.0,0.0,0.0,0.0,0.0,0.0,0.0,0.0,0.0,9.5e-07,4.26e-05,0.00037391,0.00065154,0.00142519,0.15269722,3.76856088,13.03003582,3.04172512,0.00848757,0.0,0.0],"del_yes_cr_yes":[0.0,0.0,0.0,0.0,0.0,0.0,3.2e-07,0.0024474,0.65738393,9.52543997,9.19934446,0.61683492,0.00254932,4.8e-07,0.0,0.0,0.0,0.0,0.0,0.0,0.0],"del_yes_cr_no":[0.0,1e-08,7.3e-07,2.016e-05,0.00036077,0.00793721,0.10716089,0.71675232,2.53165514,5.03293758,5.82211973,3.9328128,1.51057947,0.31004684,0.03042346,0.00118067,1.301e-05,2e-08,0.0,0.0,0.0],"conf_yes_cr_yes_del_yes":[0.0,0.0,0.0,0.0,0.0,0.0,0.0,0.0,0.0,0.0,3.5e-07,0.0001032,0.00987013,0.31706938,3.29306073,9.72087989,6.18384569,0.47798175,0.00118967,0.0,0.0],"conf_yes_cr_no_del_yes":[0.0,0.0,0.0,0.0,0.0,0.0,1e-08,2.1e-07,4.96e-06,7.479e-05,0.00079014,0.00617556,0.03701831,0.17384582,0.64436878,1.86842525,4.0992267,6.27758599,5.48965325,1.40683102,0.0]}}
