{"nodes":{"cr_yes":[0.0,0.0,0.0,0.0,0.0,0.0,0.0,0.0,0.0,0.0,0.0,0.0,0.0,0.0,0.00039025,7.37309005,12.63044325,7.725e-05,0.0,0.0,0.0],"imm_yes_cr_yes":[0.0,0.0,0.0,0.0,0.0,0.0,0.0,8.25e-06,0.29513565,17.18674313,2.52111356,0.00100022,0.0,0.0,0.0,0.0,0.0,0.0,0.0,0.0,0.0],"imm_yes_cr_no":[0.0,0.0,0.0,0.0,0.0,0.0,0.0,4e-08,1.602e-05,0.00098386,0.02199837,0.88669954,8.12304398,9.73384512,1.22650955,0.01090103,3.29e-06,0.0,0.0,0.0,0.0],"del_yes_cr_yes":[0.0,0.0,0.0,0.0,0.0,0.0,0.0,0.0,4e-08,0.00090744,0.56966368,11.66584067,7.64128255,0.12627507,3.136e-05,0.0,0.0,0.0,0.0,0.0,0.0],"del_yes_cr_no":[0.0,0.0,0.0,0.0,2.6e-07,9.534e-05,0.00718568,0.16215919,1.35074173,4.68378888,7.18473451,4.94530506,1.48318639,0.17917378,0.00754341,8.641e-05,1.8e-07,0.0,0.0,0.0,0.0],"conf_yes_cr_yes_del_yes":[0.0,0.0,0.0,0.0,0.0,0.0,0.0,0.0,0.0,0.0,1e-08,1.766e-05,0.00847996,0.66662064,7.80715752,10.54777057,0.97187047,0.00208397,1e-08,0.0,0.0],"conf_yes_cr_no_del_yes":[0.0,0.0,0.0,0.0,0.0,0.0,1e-08,1e-08,1e-08,1e-08,1e-08,4e-08,1.49e-06,5.053e-05,0.001161,0.01840715,0.20109825,1.46394237,6.40320354,11.90324383,0.0257851]}}
