{"nodes":{"cr_yes":[0.0,0.0,0.0,0.0,0.0,0.0,0.0,0.0,0.0,0.0,0.0,0.0,0.0,0.0,0.0,0.01096386,19.04447699,0.94855994,1e-08,0.0,0.0],"imm_yes_cr_yes":[0.0,0.0,0.0,0.0,0.0,0.0,0.0,0.0,0.0,1.5e-07,0.0214981,9.20206312,10.75818242,0.02225698,3e-08,0.0,0.0,0.0,0.0,0.0,0.0],"imm_yes_cr_no":[0.0,0.0,0.0,0.0,0.0,0.0,0.0,0.0,0.0,0.0,0.0,0.0,1.66e-06,0.00359096,0.77195316,11.9240777,7.25451245,0.04986466,2.1e-07,0.0,0.0],"del_yes_cr_yes":[0.0,0.0,0.0,0.0,0.0,0.0,6.9e-07,0.01046833,2.44977292,14.67656361,2.84887703,0.01831497,3.25e-06,0.0,0.0,0.0,0.0,0.0,0.0,0.0,0.0],"del_yes_cr_no":[0.0,1.70833201,11.73166188,5.74087462,0.77750975,0.0441638,0.0012434,3.924e-05,4.845e-05,6.072e-05,4.36e-05,1.824e-05,4.44e-06,6.1e-07,5e-08,0.0,0.0,0.0,0.0,0.0,0.0],"conf_yes_cr_yes_del_yes":[0.0,0.0,0.0,0.0,0.0,0.0,0.0,0.0,0.0,0.0,1e-08,1.098e-05,0.00259709,0.16801925,2.82804527,10.54360453,6.18090304,0.2806294,0.00019122,0.0,0.0],"conf_yes_cr_no_del_yes":[0.0,0.0,0.0,0.0,0.0,0.0,0.0,1e-08,3.5e-07,5.69e-06,6.798e-05,0.00061867,0.00444143,0.02574624,0.12214305,0.47570153,1.50522474,3.7444313,6.74799562,6.9735933,0.80806179]}}
