{"nodes":{"cr_yes":[0.0,0.0,0.0,0.0,0.0,0.0,0.0,0.0,0.0,0.0,0.0,0.0,0.0,0.00698757,19.28580345,0.71120976,2e-08,0.0,0.0,0.0,0.0],"imm_yes_cr_yes":[0.0,0.0,0.0,0.0,0.0,0.0,2.446e-05,1.3904328,18.47546767,0.13807505,8.1e-07,0.0,0.0,0.0,0.0,0.0,0.0,0.0,0.0,0.0,0.0],"imm_yes_cr_no":[0.0,0.0,0.0,0.0,0.0,1e-08,0.00169399,1.25849358,14.54690679,4.16116523,0.0357322,9e-06,0.0,0.0,0.0,0.0,0.0,0.0,0.0,0.0,0.0],"del_yes_cr_yes":[0.0,0.0,0.0,0.0,0.0,0.0,0.0,0.00015045,0.56485021,15.22782927,4.1986188,0.01255173,3.3e-07,0.0,0.0,0.0,0.0,0.0,0.0,0.0,0.0],"del_yes_cr_no":[0.0,0.0,5e-07,0.0279328,3.88819892,13.12185417,2.89782139,0.06798012,0.0002128,1e-07,0.0,0.0,0.0,0.0,0.0,0.0,0.0,0.0,0.0,0.0,0.0],"conf_yes_cr_yes_del_yes":[0.0,0.0,0.0,0.0,0.0,0.0,0.0,0.0,0.0,0.0,2.69e-06,0.00194209,0.22808936,4.33663328,11.84840201,3.52255608,0.06634791,2.738e-05,0.0,0.0,0.0],"conf_yes_cr_no_del_yes":[0.0,0.0,0.0,0.0,0.0,0.0,0.0,0.0,0.0,1e-07,4.49e-06,0.00012127,0.00208168,0.02348113,0.17666123,0.88399905,2.87581251,5.80446841,6.70208231,3.50751014,0.05555694]}}
