{"nodes":{"cr_yes":[0.0,0.0,0.0,0.0,0.0,0.0,0.0,0.0,0.0,0.0,0.0,0.0,0.0,0.02179027,19.61961874,0.36259178,1e-08,0.0,0.0,0.0,0.0],"imm_yes_cr_yes":[0.0,0.0,0.0,0.0,0.0,0.0,1e-08,0.01030945,8.93236814,11.03295372,0.02836932,1.5e-07,0.0,0.0,0.0,0.0,0.0,0.0,0.0,0.0,0.0],"imm_yes_cr_no":[0.0,0.0,0.0,0.0,0.0,0.0,2.885e-05,0.11230666,7.13717204,12.07632085,0.6769078,0.00126454,6e-08,0.0,0.0,0.0,0.0,0.0,0.0,0.0,0.0],"del_yes_cr_yes":[0.0,0.0,0.0,0.0,0.0,0.0,0.0,0.0,3e-08,0.00081998,0.60774054,12.43131088,6.88358144,0.08053635,1.158e-05,0.0,0.0,0.0,0.0,0.0,0.0],"del_yes_cr_no":[0.0,0.0,0.0,0.00030793,0.31311622,7.16933497,10.70320257,1.77513074,0.04274189,0.00016637,1e-07,0.0,0.0,0.0,0.0,0.0,0.0,0.0,0.0,0.0,0.0],"conf_yes_cr_yes_del_yes":[0.0,0.0,0.0,0.0,0.0,0.0,0.0,0.0,0.0,0.0,9.2e-07,0.00100324,0.16309425,3.92768462,12.24834094,3.60980231,0.05406266,1.186e-05,0.0,0.0,0.0],"conf_yes_cr_no_del_yes":[0.0,0.0,0.0,0.0,0.0,0.0,0.0,0.0,3e-08,2.08e-06,8.146e-05,0.00185386,0.02570992,0.22224592,1.19466994,3.86439668,6.95717867,5.94557463,1.72113626,0.07114853,5.64e-06]}}
