{"nodes":{"cr_yes":[0.0,0.0,0.0,0.0,0.0,0.0,0.0,0.0,0.0,0.0,0.0,0.0,0.0,4e-08,0.00075886,3.84459258,16.14814387,0.00952308,0.00087905,0.00010332,0.0],"imm_yes_cr_yes":[0.0,0.0,0.0,0.0,0.0,1.11e-06,0.1154809,14.73909395,5.14203409,0.00739071,5e-08,0.0,0.0,0.0,0.0,0.0,0.0,0.0,0.0,0.0,0.0],"imm_yes_cr_no":[1e-08,1.7e-07,2.03e-06,1.359e-05,5.216e-05,0.00011553,0.00014723,0.00010786,5.997e-05,0.00072817,0.13799341,3.63172142,11.6688405,4.32149937,0.23683459,0.0058649,1.989e-05,0.0,0.0,0.0,0.0],"del_yes_cr_yes":[0.0,0.0,0.0,0.0,0.0,0.0,1e-08,0.00037485,0.38641682,10.30354019,9.03617078,0.27722982,0.00026833,1e-08,0.0,0.0,0.0,0.0,0.0,0.0,0.0],"del_yes_cr_no":[0.00118649,0.00727121,0.03247392,0.10771056,0.268933,0.50984385,0.73702624,0.81360777,0.69483495,0.53618946,0.73079611,1.63226632,2.63880836,3.0501243,3.40057704,3.00921604,1.47375028,0.33070585,0.02854479,0.00072575,3.48e-06],"conf_yes_cr_yes_del_yes":[0.0,0.0,0.0,0.0,0.0,0.0,0.0,0.0,0.0,0.0,0.0,4.02e-06,0.00237955,0.26246657,4.88101752,12.21630899,2.62125993,0.02055825,5.96e-06,0.0,0.0],"conf_yes_cr_no_del_yes":[0.00813304,0.00566683,0.00381797,0.00248393,0.00156855,0.00102047,0.0009388,0.00184925,0.00541771,0.01686527,0.05641119,0.21567405,0.83315748,2.54623639,5.13945931,6.09103572,3.79500188,1.10598406,0.15541931,0.01833083,0.00719057]}}
