{"nodes":{"cr_yes":[0.0,0.0,0.0,0.0,0.0,0.0,0.0,0.0,0.0,0.0,2e-08,1.887e-05,0.0050787,0.32221336,4.30807445,10.33738199,3.89438566,0.2721428,0.1030368,0.75461169,0.01411291],"imm_yes_cr_yes":[0.0,0.0,0.0,0.0,0.0,5.992e-05,0.3668584,13.53722393,6.05273104,0.04712028,7.23e-06,0.0,0.0,0.0,0.0,0.0,0.0,0.0,0.0,0.0,0.0],"imm_yes_cr_no":[0.0,0.0,1e-08,2.9e-07,4.03e-06,2.95e-05,0.00019541,0.00472483,0.0844963,0.5946399,1.79035865,3.30925294,5.20719725,5.18612248,2.94428326,0.80790665,0.0731995,0.0015842,5.59e-06,0.0,0.0],"del_yes_cr_yes":[0.0,0.0,0.0,0.0,0.0,2e-08,0.00048881,0.29101645,7.36716182,11.12664551,1.20554617,0.01309499,4.701e-05,4e-08,0.0,0.0,0.0,0.0,0.0,0.0,0.0],"del_yes_cr_no":[0.00083634,0.0005081,0.00045205,0.00093208,0.00285163,0.01474572,0.100251,0.49724144,1.58418365,3.31588418,4.72739882,4.6506943,3.09910913,1.38098988,0.45021993,0.13293873,0.03456421,0.00627779,0.00156219,0.00168358,0.00218841],"conf_yes_cr_yes_del_yes":[9.7e-07,7.1e-07,4.9e-07,3.2e-07,1.9e-07,1.1e-07,6e-08,3e-08,1e-08,1e-08,3e-06,0.00050003,0.02945272,0.61610739,4.39434366,9.53705982,5.01092753,0.41287405,0.00268672,4.326e-05,4.5e-07],"conf_yes_cr_no_del_yes":[2.31e-06,5.92e-06,1.474e-05,3.566e-05,8.397e-05,0.00019266,0.00043112,0.00094191,0.00201109,0.0042004,0.00859018,0.01721791,0.03385664,0.06539054,0.1243929,0.23540592,0.45869799,1.00045712,2.65390216,7.73162348,15.33309469]}}
