{"nodes":{"cr_yes":[0.0,0.0,0.0,0.0,0.0,0.0,0.0,0.0,0.0,0.0,0.0,0.0,0.0,7e-08,0.03852006,18.37057647,1.59490222,1.99e-06,0.0,0.0,0.0],"imm_yes_cr_yes":[0.0,0.0,0.0,0.0,0.0,0.0,0.00570343,7.0323432,12.89862991,0.067323,1.25e-06,0.0,0.0,0.0,0.0,0.0,0.0,0.0,0.0,0.0,0.0],"imm_yes_cr_no":[0.0,0.0,0.0,0.0,0.0,0.0,5e-08,0.0002134,0.06679036,2.28864803,10.38986863,6.67360389,0.579131,0.00574074,4.69e-06,0.0,0.0,0.0,0.0,0.0,0.0],"del_yes_cr_yes":[0.0,0.0,0.0,0.0,0.0,8.6e-07,0.02323315,4.48122227,14.32500403,1.17165506,0.00288522,2e-07,0.0,0.0,0.0,0.0,0.0,0.0,0.0,0.0,0.0],"del_yes_cr_no":[0.0,0.0,1.8e-07,0.00029459,0.03068017,0.68284967,4.42704782,8.53541031,5.1971352,1.05635947,0.07259222,0.00162051,1.064e-05,2e-08,0.0,0.0,0.0,0.0,0.0,0.0,0.0],"conf_yes_cr_yes_del_yes":[0.0,0.0,0.0,0.0,0.0,0.0,0.0,0.0,0.0,3e-08,7.42e-06,0.00062189,0.02144047,0.33589835,2.54253477,8.1479675,7.72099086,1.22375928,0.01078002,2.2e-07,0.0],"conf_yes_cr_no_del_yes":[0.0,0.0,0.0,0.0,0.0,0.0,0.0,0.0,0.0,3e-08,1.03e-06,2.241e-05,0.00034637,0.00393503,0.03350575,0.2149542,1.02578375,3.4889503,7.58549036,7.57209339,0.15783636]}}
