{"nodes":{"cr_yes":[0.0,0.0,0.0,0.0,0.0,0.0,0.0,0.0,0.0,0.0,0.0,0.0,0.0,0.0,0.00047422,8.91963152,11.08373249,0.00016257,0.0,0.0,0.0],"imm_yes_cr_yes":[0.0,0.0,0.0,0.0,0.0,0.0,4e-08,0.02724938,11.86974038,8.09470374,0.01230722,4e-08,0.0,0.0,0.0,0.0,0.0,0.0,0.0,0.0,0.0],"imm_yes_cr_no":[0.0,0.0,0.0,0.0,0.0,0.0,0.0,0.0,7.64e-06,0.00943471,0.96776891,9.46908157,8.86270008,0.69170422,0.00330289,7.8e-07,0.0,0.0,0.0,0.0,0.0],"del_yes_cr_yes":[0.0,0.0,0.0,0.0,0.0,0.0,0.0,0.0,2e-08,0.00077852,0.59627206,12.41775718,6.90912874,0.08005311,1.117e-05,0.0,0.0,0.0,0.0,0.0,0.0],"del_yes_cr_no":[0.0,0.0,0.0,0.0,4e-08,2.624e-05,0.00305219,0.09604227,1.02812967,4.27148265,7.36467711,5.36296075,1.62133668,0.2206973,0.03082332,0.00457206,0.00019932,1.21e-06,0.0,0.0,0.0],"conf_yes_cr_yes_del_yes":[0.0,0.0,0.0,0.0,0.0,0.0,0.0,0.0,0.0,0.0,8.8e-06,0.0039379,0.32345371,4.80640337,11.45439167,3.34445687,0.07130808,4.04e-05,0.0,0.0,0.0],"conf_yes_cr_no_del_yes":[0.0,0.0,0.0,0.0,0.0,0.0,0.0,0.0,0.0,3.1e-07,1.535e-05,0.00043347,0.0073804,0.07801507,0.51460768,2.07169365,4.80833589,5.8916071,4.04119711,2.58845648,0.00451659]}}
