{"nodes":{"cr_yes":[0.0,0.0,0.0,0.0,0.0,0.0,0.0,0.0,0.0,0.0,0.0,0.0,2.942e-05,0.39624579,18.30448897,1.30320421,3.242e-05,0.0,0.0,0.0,0.0],"imm_yes_cr_yes":[0.0,0.0,0.0,0.0,0.0,0.0,0.00201273,4.416192,15.41836924,0.16741954,7.29e-06,0.0,0.0,0.0,0.0,0.0,0.0,0.0,0.0,0.0,0.0],"imm_yes_cr_no":[0.0,0.0,0.0,0.0,0.0,0.0,0.0,0.0,1.5e-07,0.00012176,0.01387505,0.2439919,0.67383671,0.27505563,0.70615777,8.09590887,9.49377483,0.50108155,0.00019659,0.0,0.0],"del_yes_cr_yes":[0.0,0.0,0.0,0.0,0.0,0.0001426,0.32772582,10.52503425,8.87930689,0.27145761,0.0003336,2e-08,0.0,0.0,0.0,0.0,0.0,0.0,0.0,0.0,0.0],"del_yes_cr_no":[0.00040004,0.00613688,0.00141444,0.00032245,0.00389315,0.03108103,0.12644547,0.31859569,0.67243763,1.474109,2.89932688,4.27683013,4.47198179,3.28272775,1.68160759,0.59292738,0.1403785,0.02147268,0.00200553,0.00010543,2.77e-06],"conf_yes_cr_yes_del_yes":[0.0,0.0,0.0,0.0,0.0,0.0,0.0,0.0,0.0,1.1e-07,3.938e-05,0.00431784,0.1582483,1.96056603,7.73786993,8.32450009,1.77867298,0.03976469,2.145e-05,0.0,0.0],"conf_yes_cr_no_del_yes":[0.0,0.0,0.0,0.0,0.0,0.0,0.0,1.6e-07,3.85e-06,5.949e-05,0.00064584,0.00519371,0.0320518,0.15499672,0.59157495,1.76611817,3.98910249,6.29002803,5.66902035,1.50520382,2.83e-06]}}
