{"nodes":{"cr_yes":[0.0,0.0,0.0,0.0,0.0,0.0,0.0,0.0,0.0,0.0,0.0,0.0,0.0,0.0,8.76e-05,2.35323341,17.64837066,0.00230913,0.0,0.0,0.0],"imm_yes_cr_yes":[0.0,0.0,0.0,0.0,0.0,2e-08,0.01673344,9.35904912,10.58286373,0.04535357,9.2e-07,0.0,0.0,0.0,0.0,0.0,0.0,0.0,0.0,0.0,0.0],"imm_yes_cr_no":[0.0,0.0,0.0,0.0,0.0,0.0,0.0,2.28e-06,0.00197322,0.2145142,3.63155819,10.54302335,5.21661452,0.39280332,0.00350936,2.37e-06,0.0,0.0,0.0,0.0,0.0],"del_yes_cr_yes":[0.0,0.0,0.0,0.0,0.0,2.6e-06,0.03868512,5.17402537,13.70586744,1.08245388,0.00296613,2.7e-07,0.0,0.0,0.0,0.0,0.0,0.0,0.0,0.0,0.0],"del_yes_cr_no":[0.0,0.0,0.0,1.6e-07,0.00013923,0.01374961,0.30327531,2.1215426,5.74205061,6.76979124,3.77429692,1.08442485,0.17744582,0.01656034,0.00071397,1.01e-05,3e-08,0.0,0.0,0.0,0.0],"conf_yes_cr_yes_del_yes":[0.0,0.0,0.0,0.0,0.0,0.0,0.0,0.0,0.0,1e-08,5.76e-06,0.00087148,0.04568557,0.84178725,5.21432824,9.59090648,4.06865583,0.24109532,0.00066484,0.0,0.0],"conf_yes_cr_no_del_yes":[0.0,0.0,0.0,0.0,0.0,0.0,0.0,0.0,0.0,4e-08,3.6e-07,3.15e-06,2.864e-05,0.00030447,0.00338319,0.03313221,0.25981403,1.5318931,6.12655241,12.01794261,0.06189318]}}
