{"nodes":{"cr_yes":[0.0,0.0,0.0,0.0,0.0,0.0,0.0,0.0,0.0,0.0,0.0,0.0,0.0,2.3e-07,0.06056903,18.50677763,1.43665263,1.29e-06,0.0,0.0,0.0],"imm_yes_cr_yes":[0.0,0.0,0.0,0.0,0.0,0.0,0.0,0.00013598,0.68990277,16.54848327,2.76202936,0.00344939,3e-08,0.0,0.0,0.0,0.0,0.0,0.0,0.0,0.0],"imm_yes_cr_no":[0.0,0.0,0.0,0.0,0.0,0.0,0.0,0.0,1.71e-06,0.00100899,0.10476528,2.16618123,9.19664515,7.52635641,0.99402834,0.01499703,1.637e-05,2.9e-07,0.0,0.0,0.0],"del_yes_cr_yes":[0.0,0.0,0.0,0.0,0.0,0.0,3e-07,0.00278361,0.77787962,10.42035229,8.37750389,0.42427442,0.00120653,1.4e-07,0.0,0.0,0.0,0.0,0.0,0.0,0.0],"del_yes_cr_no":[0.18229005,5.17491667,7.10313475,4.72451025,2.04745468,0.63873778,0.15072942,0.0318021,0.01378848,0.01251587,0.00924875,0.00444509,0.00132094,0.00022899,2.111e-05,8.9e-07,1e-08,0.0,0.0,0.0,0.0],"conf_yes_cr_yes_del_yes":[0.0,0.0,0.0,0.0,0.0,0.0,0.0,0.0,0.0,0.0,3.9e-07,0.00010627,0.00950754,0.29242523,3.00661192,9.26004175,6.72627831,0.7055099,0.00351945,3e-08,0.0],"conf_yes_cr_no_del_yes":[0.0,0.0,0.0,0.0,0.0,0.0,0.0,3e-08,7e-07,1.216e-05,0.00014685,0.00131504,0.00908473,0.04970267,0.21849721,0.77365946,2.17676841,4.67262435,6.91029101,5.17993054,0.0239353]}}
