{"nodes":{"cr_yes":[0.0,0.0,0.0,0.0,0.0,0.0,0.0,6e-07,0.00010946,0.00776295,0.20736419,1.98286087,6.34554515,6.22411092,1.66981172,0.16102483,2.86712846,0.53823818,3.028e-05,6.9e-06,1.254e-05],"imm_yes_cr_yes":[0.0,0.0,0.0,0.0,0.0,0.00187851,3.50682269,16.09436057,0.40085782,8.12e-05,0.0,0.0,0.0,0.0,0.0,0.0,0.0,0.0,0.0,0.0,0.0],"imm_yes_cr_no":[7.537e-05,6.268e-05,3.769e-05,1.635e-05,5.09e-06,3.75e-06,0.00076721,0.04640931,0.69986574,3.05391404,5.26016551,6.25375094,3.92752264,0.73029425,0.03091197,0.00023531,3.4e-07,1.4e-07,1e-07,4e-08,1e-08],"del_yes_cr_yes":[0.0,0.0,0.0,0.0,3.5e-07,0.00294046,0.51406388,6.96696413,11.54350484,0.9730933,0.00343338,4.6e-07,0.0,0.0,0.0,0.0,0.0,0.0,0.0,0.0,0.0],"del_yes_cr_no":[0.0,0.0,1.79e-06,0.00021163,0.00649401,0.08191842,0.59429241,2.55987375,5.80350054,6.48885834,3.48428794,0.87096413,0.09913604,0.00879746,0.00333392,0.00160942,0.00056069,0.00013573,2.215e-05,2.34e-06,1.5e-07],"conf_yes_cr_yes_del_yes":[0.00023933,0.00016951,0.00011342,7.144e-05,4.22e-05,2.327e-05,1.192e-05,5.64e-06,2.45e-06,1.3e-06,1.528e-05,0.00046953,0.01135527,0.17788899,1.45187716,5.42336864,8.25376054,4.19743298,0.48163048,0.00564051,1.22e-06],"conf_yes_cr_no_del_yes":[2.685e-05,5.515e-05,0.0001112,0.00022015,0.00042816,0.00081825,0.001537,0.00283818,0.00515261,0.00919707,0.01613946,0.02784257,0.04721483,0.07871721,0.12925997,0.2114459,0.36441067,0.78565651,2.46081513,8.59045251,14.54334968]}}
