{"nodes":{"cr_yes":[0.0,0.0,0.0,0.0,0.0,0.0,0.0,0.0,0.0,0.0,0.0,1e-08,9.2e-07,4.83e-06,0.0177287,10.23055711,9.7537863,0.00192292,0.0,0.0,0.0],"imm_yes_cr_yes":[0.0,0.0,0.0,0.0,0.0,0.0,0.0,0.0,7e-07,0.01146273,3.0522449,15.52474501,1.41384762,0.00169983,1e-08,0.0,0.0,0.0,0.0,0.0,0.0],"imm_yes_cr_no":[0.0,0.0,0.0,0.0,0.0,0.0,0.0,0.0,3.89e-06,0.00121697,0.08736998,1.58421064,7.43792979,8.63142616,2.16969967,0.09172915,0.00041446,9e-08,0.0,0.0,0.0],"del_yes_cr_yes":[0.0,0.0,0.0,0.0,0.0,0.0,2.19e-06,0.01062594,1.63745713,12.42689363,5.75897411,0.16976583,0.00028196,2e-08,0.0,0.0,0.0,0.0,0.0,0.0,0.0],"del_yes_cr_no":[10.8483339,9.87211659,3.66071576,0.87276588,0.15176682,0.02019595,0.00209272,0.00016905,1.055e-05,5.1e-07,2e-08,0.0,0.0,0.0,0.0,0.0,0.0,0.0,0.0,0.0,0.0],"conf_yes_cr_yes_del_yes":[0.0,0.0,0.0,0.0,0.0,0.0,0.0,0.0,0.0,2e-08,8.11e-06,0.00105958,0.04950367,0.84548433,5.07329655,9.47493946,4.27835856,0.28049926,0.00085126,0.0,0.0],"conf_yes_cr_no_del_yes":[0.0,0.0,0.0,0.0,0.0,1e-08,3e-07,4.93e-06,5.507e-05,0.00045506,0.00292613,0.0151526,0.06466467,0.23054598,0.68971705,1.71977909,3.49027705,5.4502746,5.712404,2.61791288,0.01966272]}}
