{"nodes":{"cr_yes":[0.0,0.0,0.0,0.0,0.0,0.0,0.0,0.0,0.0,0.0,0.0,0.0,0.0,0.0,1.1e-07,0.10475379,19.84976747,0.04947944,0.0,0.0,0.0],"imm_yes_cr_yes":[0.0,0.0,0.0,0.0,0.0,0.0,0.0,0.00022016,1.9790079,17.7776635,0.24710377,5.47e-06,0.0,0.0,0.0,0.0,0.0,0.0,0.0,0.0,0.0],"imm_yes_cr_no":[0.0,0.0,0.0,0.0,0.0,0.0,0.0,0.0,1e-08,0.00011163,0.06102508,2.9071689,12.53686234,4.4036524,0.09510678,7.365e-05,0.0,0.0,0.0,0.0,0.0],"del_yes_cr_yes":[0.0,0.0,0.0,0.0,0.0,0.0,0.0,0.0,7.4e-07,0.00745854,1.91962037,14.79252002,3.26855008,0.01585009,9.6e-07,0.0,0.0,0.0,0.0,0.0,0.0],"del_yes_cr_no":[0.0,0.0,0.0,0.0,0.0,9e-08,4.256e-05,0.00426026,0.12391166,1.24938792,4.82025342,7.43574503,4.66554938,1.34795532,0.30325431,0.05095067,0.0026685,2.166e-05,1e-08,0.0,0.0],"conf_yes_cr_yes_del_yes":[0.0,0.0,0.0,0.0,0.0,0.0,0.0,0.0,0.0,0.0,1.5e-07,0.00025548,0.06539282,2.46885377,11.96819673,5.3832017,0.11806576,3.439e-05,0.0,0.0,0.0],"conf_yes_cr_no_del_yes":[0.0,0.0,0.0,0.0,0.0,0.0,0.0,0.0,1e-08,7.8e-07,3.925e-05,0.00110264,0.01823917,0.18238081,1.100526,3.86595329,7.24489268,6.04158039,1.50992137,0.03936147,5.88e-06]}}
