{"nodes":{"cr_yes":[0.0,0.0,0.0,8e-08,8.6e-07,5.04e-06,1.516e-05,2.265e-05,1.621e-05,5.33e-06,7.6e-07,4e-08,2e-08,1.839e-05,0.05415398,13.30995927,6.63228359,0.00154721,0.00561982,0.00035238,2e-08],"imm_yes_cr_yes":[0.0,0.0,0.0,0.0,0.0,0.0,0.00011427,0.5436979,16.03470705,3.41899329,0.00648819,1.1e-07,0.0,0.0,0.0,0.0,0.0,0.0,0.0,0.0,0.0],"imm_yes_cr_no":[1.2e-07,1.6e-07,1.6e-07,1.1e-07,6e-08,2e-08,5.9e-07,9.393e-05,0.00572047,0.18232966,2.17117661,7.16574234,6.34787952,2.40429614,1.30059275,0.394905,0.03079669,0.00046559,9.4e-07,0.0,0.0],"del_yes_cr_yes":[0.0,0.0,0.0,0.0,0.0,8.5e-07,0.0009843,0.0944998,1.21606835,5.3782479,9.61914154,3.49079767,0.20271874,0.0015404,1.24e-06,0.0,0.0,0.0,0.0,0.0,0.0],"del_yes_cr_no":[0.04871119,0.14022573,0.28517569,0.42209592,0.46919281,0.44143266,0.56625832,1.28094851,2.82105761,4.43870454,4.58773953,2.92626343,1.09283785,0.26014858,0.08976203,0.06843654,0.0489017,0.02649056,0.01060177,0.00306232,0.00061825],"conf_yes_cr_yes_del_yes":[0.0,0.0,1e-08,3e-08,8e-08,1.9e-07,3.8e-07,6.6e-07,9.8e-07,1.24e-06,1.34e-06,1.175e-05,0.00197558,0.11789746,2.06066759,9.17116418,7.87075913,0.77568649,0.00580936,2.16e-05,5.45e-06],"conf_yes_cr_no_del_yes":[0.09913951,0.07876675,0.06177672,0.0478701,0.03686109,0.02884087,0.02449338,0.02564135,0.03606155,0.06247259,0.11538931,0.20966056,0.36644557,0.62391119,1.0647986,1.8271947,2.96275593,4.07485836,4.272992,3.18169483,1.70389118]}}
