{"nodes":{"cr_yes":[0.0,0.0,0.0,0.0,0.0,0.0,0.0,0.0,0.0,0.0,0.0,0.0,0.0,0.0,0.00049989,14.6901316,5.31336893,3.8e-07,0.0,0.0,0.0],"imm_yes_cr_yes":[0.0,0.0,0.0,0.0,0.0,0.0,0.0,0.00044865,3.15057117,16.74572941,0.10725071,8.6e-07,0.0,0.0,0.0,0.0,0.0,0.0,0.0,0.0,0.0],"imm_yes_cr_no":[0.0,0.0,0.0,0.0,0.0,0.0,0.0,0.0,3.63e-06,0.00672142,0.8927664,9.7779291,8.77517499,0.54972256,0.00168256,1.3e-07,0.0,0.0,0.0,0.0,0.0],"del_yes_cr_yes":[0.0,0.0,0.0,0.0,0.0,0.0,0.0,2.4e-07,0.00719762,2.54201101,15.59471278,1.85629286,0.0037862,9e-08,0.0,0.0,0.0,0.0,0.0,0.0,0.0],"del_yes_cr_no":[0.0,0.0,1e-08,0.000101,0.02617305,0.76818499,4.71076743,8.30587071,4.99093738,1.10713366,0.09205304,0.00275271,2.675e-05,7e-08,0.0,0.0,0.0,0.0,0.0,0.0,0.0],"conf_yes_cr_yes_del_yes":[0.0,0.0,0.0,0.0,0.0,0.0,0.0,0.0,0.0,0.0,0.0,3.17e-06,0.0021323,0.25380642,4.92404548,12.34309633,2.46630707,0.01460979,2.6e-07,0.0,0.0],"conf_yes_cr_no_del_yes":[0.0,0.0,0.0,0.0,0.0,0.0,0.0,1e-07,3.69e-06,8.105e-05,0.0011382,0.0108858,0.07375295,0.36157538,1.28735586,3.27150279,5.65245252,5.96823141,3.01738155,0.35962937,2.028e-05]}}
