{"nodes":{"cr_yes":[8e-08,0.0,0.0,0.0,0.0,0.0,0.0,0.0,0.0,0.0,0.0,2e-08,4.574e-05,0.02062567,1.41642272,11.20527656,7.14193628,0.21954866,0.0001451,0.0,0.0],"imm_yes_cr_yes":[0.0,0.0,0.0,0.0,0.0,4e-08,0.00210467,1.19728629,14.04006566,4.71327096,0.05125306,2.011e-05,0.0,0.0,0.0,0.0,0.0,0.0,0.0,0.0,0.0],"imm_yes_cr_no":[4.052e-05,2.687e-05,1.784e-05,0.00011006,0.00161311,0.01344727,0.06258727,0.16616472,0.25690436,0.36434973,1.99441432,6.85282824,6.92760427,2.48092448,0.69539742,0.12325162,0.02039766,0.02109777,0.01600859,0.00625253,0.00116482],"del_yes_cr_yes":[0.0,0.0,0.0,0.0,0.0,0.0,1e-08,3.452e-05,0.02783595,1.76931488,10.84894243,6.89429648,0.45756235,0.00595399,6.008e-05,1.1e-07,0.0,0.0,0.0,0.0,0.0],"del_yes_cr_no":[0.02274767,0.052719,0.09972235,0.15552035,0.20151831,0.22100753,0.22834973,0.30536449,0.5742335,1.0826464,1.83853625,2.90000538,3.93545955,4.02235979,2.7956522,1.21985049,0.30900038,0.04338221,0.0052692,0.00170786,0.00064405],"conf_yes_cr_yes_del_yes":[5.296e-05,4.248e-05,3.207e-05,2.271e-05,1.508e-05,9.47e-06,5.94e-06,4.42e-06,4.71e-06,6.36e-06,1.714e-05,0.00076332,0.03192369,0.57292322,3.89205197,8.85869132,5.71707752,0.89476528,0.03504332,0.00056917,1.028e-05],"conf_yes_cr_no_del_yes":[0.0707507,0.09089533,0.11616992,0.14768186,0.18671198,0.2347186,0.29333146,0.36433053,0.44960384,0.55107679,0.67060451,0.80981827,0.96991899,1.15142026,1.3538775,1.57578258,1.81541076,2.07580475,2.38466089,2.85282247,3.74796832]}}
