{"nodes":{"cr_yes":[0.0,0.0,0.0,0.0,0.0,0.0,0.0,0.0,1.7e-07,6.347e-05,0.00710884,0.22386902,1.83415142,3.52421665,1.39751302,1.4622789,2.95399459,0.16169518,7.97452185,0.46458734,7.2e-07],"imm_yes_cr_yes":[0.0,0.0,0.0,0.0,0.0,9e-08,0.00589188,1.85816503,10.50916782,7.52306453,0.10767957,3.157e-05,3.2e-07,0.0,0.0,0.0,0.0,0.0,0.0,0.0,0.0],"imm_yes_cr_no":[0.00242248,0.00378567,0.00436213,0.0036945,0.00228644,0.00102494,0.00033466,0.0005603,0.01346931,0.13170981,0.48964935,1.3785716,6.12357717,9.13936751,2.30626765,0.11300365,0.11995961,0.12135055,0.04450698,0.00522614,0.00016322],"del_yes_cr_yes":[0.0,0.0,0.0,0.0,0.0,0.0,0.0,0.0,0.0,5.54e-06,0.01402499,1.87031105,13.47515325,4.59110529,0.05338906,1.161e-05,0.0,0.0,0.0,0.0,0.0],"del_yes_cr_no":[3.08e-06,1.632e-05,6.199e-05,0.00018396,0.00067535,0.0046698,0.03013974,0.12731443,0.37116722,0.99896979,2.71916802,5.14015753,5.34718257,3.10628202,1.34634438,0.58444637,0.19060742,0.03380362,0.0027272,8.12e-05,6.4e-07],"conf_yes_cr_yes_del_yes":[1e-08,3e-08,1e-07,3e-07,7.5e-07,1.53e-06,2.59e-06,3.58e-06,4.01e-06,3.61e-06,2.59e-06,2.96e-06,0.00065771,0.06563731,1.58500884,8.74641992,8.61991253,0.9804692,0.00587288,3.5e-07,0.0],"conf_yes_cr_no_del_yes":[1.16158813,1.12575138,1.08693096,1.04523607,1.00080675,0.95381573,0.90446993,0.8530118,0.79972027,0.74491133,0.68893807,0.63219045,0.57509563,0.51812857,0.46193408,0.40873577,0.37620202,0.49763051,1.44224589,4.27645246,2.06199815]}}
