{"nodes":{"cr_yes":[0.0,0.0,0.0,0.0,0.0,0.0,0.0,0.0,0.0,0.0,0.0,0.0,0.0,4e-08,0.01927539,15.46208001,4.52261937,2.6e-05,0.0,0.0,0.0],"imm_yes_cr_yes":[0.0,0.0,0.0,0.0,0.0,0.0,0.0,0.00157671,2.24266758,16.81476955,0.94457263,0.00041431,0.0,0.0,0.0,0.0,0.0,0.0,0.0,0.0,0.0],"imm_yes_cr_no":[0.0,0.0,0.0,0.0,0.0,0.0,0.0,0.0,1.1e-07,0.00012188,0.02254923,0.83343418,6.45180965,9.98121126,2.62946791,0.08522224,0.00018431,1e-08,0.0,0.0,0.0],"del_yes_cr_yes":[0.0,0.0,0.0,0.0,0.0,0.0,4.03e-06,0.01226166,1.53564238,11.69059772,6.49589042,0.26887992,0.00072457,9e-08,0.0,0.0,0.0,0.0,0.0,0.0,0.0],"del_yes_cr_no":[0.0,0.0,0.0,3.3e-07,8.454e-05,0.00441377,0.07749414,0.59487321,2.30993926,4.91886195,5.96962021,4.15267397,1.61397488,0.32936247,0.03152473,0.00116552,1.181e-05,2e-08,0.0,0.0,0.0],"conf_yes_cr_yes_del_yes":[0.0,0.0,0.0,0.0,0.0,0.0,0.0,0.0,0.0,5e-08,2.416e-05,0.0032054,0.13595491,1.86584942,7.79687458,8.45154701,1.71666147,0.03386933,1.448e-05,0.0,0.0],"conf_yes_cr_no_del_yes":[0.0,0.0,0.0,0.0,0.0,0.0,1e-08,2.4e-07,5.05e-06,7.113e-05,0.00071365,0.00536793,0.03132629,0.14481318,0.53467732,1.56732376,3.55192496,5.83501277,5.95584397,2.37561592,0.00260925]}}
