{"nodes":{"cr_yes":[0.0,0.0,0.0,0.0,0.0,0.0,0.0,0.0,0.0,0.0,0.0,0.0,0.0,0.00027285,0.69630072,17.46518146,1.84208244,0.00016333,0.0,0.0,0.0],"imm_yes_cr_yes":[0.0,0.0,0.0,0.0,0.0,0.0,0.0,6.2e-07,8.597e-05,0.00017488,0.00027635,0.01821293,3.72021692,15.93123826,0.33378267,1.22e-05,0.0,0.0,0.0,0.0,0.0],"imm_yes_cr_no":[0.0,0.0,0.0,0.0,0.0,0.0,0.0,0.0,3e-08,8.441e-05,0.02999477,1.44777943,9.69586656,8.15646579,0.67047566,0.00333373,4.1e-07,0.0,0.0,0.0,0.0],"del_yes_cr_yes":[0.0,0.0,0.0,0.0,2.557e-05,0.02908814,1.79305195,10.24053089,7.21591283,0.71524151,0.01013112,1.878e-05,0.0,0.0,0.0,0.0,0.0,0.0,0.0,0.0,0.0],"del_yes_cr_no":[2.79e-06,2.177e-05,0.04533955,1.74902735,7.54357293,7.68322915,2.6107434,0.3513105,0.02024123,0.00050812,5.39e-06,2e-08,0.0,0.0,0.0,0.0,0.0,0.0,0.0,0.0,0.0],"conf_yes_cr_yes_del_yes":[0.0,0.0,0.0,0.0,0.0,0.0,0.0,0.0,0.0,1.6e-07,2.078e-05,0.00119897,0.03263444,0.43012769,2.69100725,7.38111382,7.46188731,1.94737091,0.05862139,1.809e-05,0.0],"conf_yes_cr_no_del_yes":[0.0,0.0,0.0,0.0,2e-08,2.9e-07,2.9e-06,2.204e-05,0.00013632,0.00070891,0.0031731,0.01242094,0.04299345,0.13254153,0.36518052,0.89826611,1.95719107,3.70137516,5.78193907,6.42191138,1.37227597]}}
