{"nodes":{"cr_yes":[0.0,0.0,0.0,0.0,0.0,0.0,0.0,0.0,0.0,0.0,0.0,0.0,0.0,0.0,0.00072621,13.99365207,6.00962129,1.23e-06,0.0,0.0,0.0],"imm_yes_cr_yes":[0.0,0.0,0.0,0.0,0.0,0.0,0.0,0.00895458,10.73891679,9.24743036,0.00869906,1e-08,0.0,0.0,0.0,0.0,0.0,0.0,0.0,0.0,0.0],"imm_yes_cr_no":[0.0,0.0,0.0,0.0,0.0,0.0,0.0,0.0,9.92e-06,0.00946379,0.87227653,8.70612479,9.43095696,0.97789331,0.00727322,2.28e-06,0.0,0.0,0.0,0.0,0.0],"del_yes_cr_yes":[0.0,0.0,0.0,0.0,0.0,0.0,0.0,6.3e-07,0.01406144,3.60250363,15.21891313,1.16711902,0.00140294,2e-08,0.0,0.0,0.0,0.0,0.0,0.0,0.0],"del_yes_cr_no":[0.0,0.0,0.0,0.0,0.0,0.0,2e-08,8.87e-06,0.00113214,0.04563775,0.66021971,3.65413904,7.8086437,6.14445487,1.58199032,0.10652786,0.00124538,1.14e-06,0.0,0.0,0.0],"conf_yes_cr_yes_del_yes":[0.0,0.0,0.0,0.0,0.0,0.0,0.0,0.0,0.0,0.0,7.19e-06,0.00421497,0.39376412,5.76645076,11.51744295,2.29706489,0.02505136,4.56e-06,0.0,0.0,0.0],"conf_yes_cr_no_del_yes":[0.0,0.0,0.0,0.0,0.0,0.0,0.0,3e-08,6.5e-07,1.04e-05,0.00012554,0.00116136,0.00837726,0.0475808,0.21340289,0.75228491,2.05660907,4.25298274,6.33531241,5.79294338,1.08641874]}}
