{"nodes":{"cr_yes":[0.0,0.0,0.0,0.0,0.0,0.0,0.0,0.0,0.0,0.0,2e-08,2e-08,1e-08,0.0,2.58e-06,0.00462608,0.81760901,11.15976513,7.87580199,0.1461858,2.03e-05],"imm_yes_cr_yes":[0.0,0.0,0.0,0.0,0.0,0.0,0.0,0.0,0.0,0.0,0.00026179,1.29059769,18.18938262,0.52374454,1.417e-05,0.0,0.0,0.0,0.0,0.0,0.0],"imm_yes_cr_no":[0.0,0.0,0.0,0.0,0.0,0.0,0.0,0.0,0.0,0.0,0.0,7.4e-07,0.00531971,1.62650175,15.63812125,2.73090763,0.00314972,1e-08,0.0,0.0,0.0],"del_yes_cr_yes":[1e-08,6e-08,1.1e-07,1.12e-05,0.0219686,3.70694374,13.83074745,2.41473324,0.02956623,3.018e-05,0.0,0.0,0.0,0.0,0.0,0.0,0.0,0.0,0.0,0.0,0.0],"del_yes_cr_no":[8.42885284,12.82792353,1.78523696,0.62463534,0.30334759,0.14175935,0.06288939,0.02656508,0.01071701,0.00414007,0.00153484,0.00054703,0.0001877,6.207e-05,1.98e-05,6.1e-06,1.81e-06,5.2e-07,1.4e-07,4e-08,1e-08],"conf_yes_cr_yes_del_yes":[0.00774382,0.01435731,0.02518789,0.04191849,0.06646772,0.10111969,0.14903214,0.21508284,0.30640262,0.43142157,0.59701874,0.80631705,1.06786099,1.46256267,2.30960087,3.85291244,4.68457722,2.93182465,0.78784183,0.13664438,0.02395558],"conf_yes_cr_no_del_yes":[0.45480118,0.49558315,0.5447779,0.60490875,0.67730011,0.76188592,0.8571121,0.95993276,1.06590037,1.16934982,1.2636764,1.34170762,1.39616896,1.42024355,1.40822567,1.3562682,1.26322396,1.13158093,0.96849139,0.78689494,0.60673541]}}
