{"nodes":{"cr_yes":[0.0,0.0,0.0,0.0,0.0,0.0,0.0,0.0,0.0,0.0,0.0,0.0,0.00011054,0.89107465,18.67086577,0.44194736,2.47e-06,0.0,0.0,0.0,0.0],"imm_yes_cr_yes":[0.0,0.0,0.0,0.0,0.0,0.0,0.00062869,0.7990881,13.98589028,5.16947163,0.04891029,1.181e-05,0.0,0.0,0.0,0.0,0.0,0.0,0.0,0.0,0.0],"imm_yes_cr_no":[0.0,0.0,0.0,0.0,8e-08,2.177e-05,0.02689714,1.9276968,10.71392958,6.69049595,0.63456593,0.01036805,2.548e-05,1e-08,0.0,0.0,0.0,0.0,0.0,0.0,0.0],"del_yes_cr_yes":[0.0,0.0,0.0,0.0,0.0,0.0,0.0,4.568e-05,0.04010971,2.37545568,11.88760386,5.47190897,0.22803302,0.00084357,3.1e-07,0.0,0.0,0.0,0.0,0.0,0.0],"del_yes_cr_no":[0.0,1e-08,0.0001488,0.08908463,2.57391983,9.23916575,6.72236671,1.29847192,0.07891706,0.001887,3.484e-05,2.91e-06,9.9e-07,2.9e-07,6e-08,1e-08,0.0,0.0,0.0,0.0,0.0],"conf_yes_cr_yes_del_yes":[0.0,0.0,0.0,0.0,0.0,0.0,0.0,6e-08,6.7e-07,5.63e-06,3.466e-05,0.00037829,0.02226514,0.62850269,5.17222135,10.3393658,3.63347309,0.19484366,0.01275368,0.00015605,4e-08],"conf_yes_cr_no_del_yes":[0.00054281,0.0009884,0.00177515,0.00314494,0.00549672,0.00947824,0.01612419,0.02705981,0.04479301,0.07312181,0.11768396,0.18666986,0.29170655,0.44890122,0.68003872,1.01419552,1.49218429,2.18937861,3.32898884,5.61242956,8.91913998]}}
