{"nodes":{"cr_yes":[0.0,0.0,0.0,0.0,0.0,1e-08,1.7e-07,1.09e-06,3.6e-06,5.79e-06,4.43e-06,1.55e-06,2.4e-07,1e-08,9e-08,0.00145459,0.88377306,13.79553635,2.63185531,0.00197101,5.37878697],"imm_yes_cr_yes":[0.0,0.0,0.0,0.0,0.0,0.0,0.0,0.0,0.0,0.0,1.7e-07,0.01805453,8.03707776,11.91746603,0.03140226,4e-08,0.0,0.0,0.0,0.0,0.0],"imm_yes_cr_no":[0.0,0.0,0.0,0.0,0.0,0.0,0.0,0.0,0.0,0.0,0.0,0.0,1.254e-05,0.03957247,4.84340649,14.68103226,0.43995705,1.999e-05,0.0,0.0,0.0],"del_yes_cr_yes":[0.0,0.0,1e-08,0.00034434,0.21411233,5.35752043,11.30001549,3.00675521,0.12438429,0.00086766,1.01e-06,1e-08,1e-08,1e-08,1e-08,0.0,0.0,0.0,0.0,0.0,0.0],"del_yes_cr_no":[4.80093946,14.81189985,2.63634503,0.15096675,0.00424821,7.03e-05,9.1e-07,2e-08,0.0,0.0,0.0,0.0,0.0,0.0,0.0,0.0,0.0,0.0,0.0,0.0,0.0],"conf_yes_cr_yes_del_yes":[0.00246027,0.00281876,0.00460067,0.00892089,0.01754448,0.03282615,0.05727122,0.09270555,0.13962613,0.19830235,0.27369831,0.38535934,0.59219097,1.08522038,2.29009541,4.21453986,5.09204437,3.48652935,1.44880718,0.46873795,0.22186268],"conf_yes_cr_no_del_yes":[0.28524026,0.31866001,0.36745005,0.43373751,0.51819668,0.61997147,0.73666772,0.86441536,0.99800025,1.13106592,1.25638511,1.36620101,1.45263844,1.50818475,1.52624052,1.50174009,1.43184187,1.31668849,1.16023667,0.97115701,0.76380346]}}
