{"nodes":{"cr_yes":[0.0,0.0,0.0,0.0,0.0,0.0,0.0,0.0,0.0,0.0,0.0,0.0,0.0,1.978e-05,2.81497761,17.18858867,0.00041474,0.0,0.0,0.0,0.0],"imm_yes_cr_yes":[0.0,0.0,0.0,0.0,0.0,0.0,1.55e-06,0.41130458,19.18075955,0.41192913,5.98e-06,0.0,0.0,0.0,0.0,0.0,0.0,0.0,0.0,0.0,0.0],"imm_yes_cr_no":[0.0,0.0,0.0,0.0,0.0,0.0,0.0,5e-07,0.00256855,0.61692119,9.23212027,9.51425419,0.63595505,0.0021808,2.4e-07,0.0,0.0,0.0,0.0,0.0,0.0],"del_yes_cr_yes":[0.0,0.0,0.0,0.0,0.0,0.0,0.0,5.011e-05,0.18973899,9.8794909,9.7370651,0.19758329,7.241e-05,0.0,0.0,0.0,0.0,0.0,0.0,0.0,0.0],"del_yes_cr_no":[0.0,0.0,1e-08,0.00015915,0.05344196,1.50218872,7.13591886,8.2229858,2.7785279,0.30016806,0.01049722,0.00011278,3.3e-07,0.0,0.0,0.0,0.0,0.0,0.0,0.0,0.0],"conf_yes_cr_yes_del_yes":[0.0,0.0,0.0,0.0,0.0,0.0,0.0,0.0,0.0,0.0,1e-08,2.446e-05,0.01039637,0.74087311,8.03840997,10.28871273,0.92356363,0.0020205,1e-08,0.0,0.0],"conf_yes_cr_no_del_yes":[0.0,0.0,0.0,0.0,0.0,0.0,0.0,8e-08,3.38e-06,7.94e-05,0.00117208,0.01158712,0.07995125,0.39374759,1.38974482,3.45499293,5.76252421,5.80154173,2.78131607,0.32707674,0.0005268]}}
