{"nodes":{"cr_yes":[0.0,0.0,0.0,0.0,0.0,0.0,0.0,0.0,0.0,0.0,0.0,0.0,0.0,6e-08,0.05436226,19.37979456,0.56984386,8e-08,0.0,0.0,0.0],"imm_yes_cr_yes":[0.0,0.0,0.0,0.0,0.0,0.0,0.0,0.0,0.0,0.0,5.387e-05,0.52409859,17.95712719,1.52257625,0.0001449,0.0,0.0,0.0,0.0,0.0,0.0],"imm_yes_cr_no":[0.0,0.0,0.0,0.0,0.0,0.0,0.0,3.3e-05,0.07825292,5.23653121,13.28737498,1.3963131,0.005495,5.9e-07,0.0,0.0,0.0,0.0,0.0,0.0,0.0],"del_yes_cr_yes":[0.0,0.0,0.0,0.0,0.0,0.0,0.0,5.185e-05,0.08220357,4.82114008,13.27604736,1.81362049,0.01093532,2.13e-06,0.0,0.0,0.0,0.0,0.0,0.0,0.0],"del_yes_cr_no":[7.99e-06,18.10562873,1.88419838,0.01414544,2.424e-05,1e-08,0.0,0.0,0.0,0.0,0.0,0.0,0.0,0.0,0.0,0.0,0.0,0.0,0.0,0.0,0.0],"conf_yes_cr_yes_del_yes":[0.0,0.0,0.0,0.0,0.0,0.0,0.0,0.0,0.0,0.0,1e-08,6.8e-06,0.00178312,0.12772125,2.3939214,10.11245868,6.96753056,0.40017545,0.00040353,0.0,0.0],"conf_yes_cr_no_del_yes":[0.0,0.0,0.0,0.0,0.0,0.0,0.0,3e-08,2.3e-07,2.38e-06,2.606e-05,0.00025557,0.00207635,0.01377754,0.07489626,0.33412761,1.21219723,3.46259931,7.11748995,7.76629177,0.04052103]}}
