{"nodes":{"cr_yes":[0.0,0.0,0.0,0.0,0.0,0.0,0.0,0.0,0.0,0.0,0.0,0.0,0.0,0.0,3.1e-07,0.06908123,19.07042306,0.86449613,6e-08,0.0,0.0],"imm_yes_cr_yes":[0.0,0.0,0.0,0.0,0.0,0.0,0.0,1.89e-06,0.05934695,9.15003199,10.68723848,0.10737351,7.98e-06,0.0,0.0,0.0,0.0,0.0,0.0,0.0,0.0],"imm_yes_cr_no":[0.0,0.0,0.0,0.0,0.0,0.0,0.0,1e-08,2.437e-05,0.00918826,0.54203765,5.63683529,10.49401007,3.19429732,0.12717349,0.00043428,6e-08,0.0,0.0,0.0,0.0],"del_yes_cr_yes":[0.0,0.0,0.0,0.0,0.0,3e-08,0.00044395,0.20757898,5.66230543,11.92320992,2.17665739,0.03376699,3.81e-05,0.0,0.0,0.0,0.0,0.0,0.0,0.0,0.0],"del_yes_cr_no":[0.0,0.0,0.0,3.59e-06,0.00048927,0.0166688,0.20925308,1.19906911,3.54764924,5.80214814,5.40360658,2.85967367,0.83192005,0.12443724,0.00875516,0.0003133,1.3e-05,5.3e-07,1e-08,0.0,0.0],"conf_yes_cr_yes_del_yes":[0.0,0.0,0.0,0.0,0.0,0.0,0.0,0.0,0.0,1e-08,7.91e-06,0.00145065,0.08119938,1.4114158,7.19039378,9.16202921,2.11171444,0.04576848,2.113e-05,0.0,0.0],"conf_yes_cr_no_del_yes":[0.0,0.0,0.0,0.0,0.0,0.0,1e-08,3.9e-07,9.39e-06,0.00014503,0.00153929,0.01186309,0.06876704,0.30564216,1.04541359,2.71002443,5.09235942,6.26460634,3.93883218,0.5647984,7e-08]}}
