{"nodes":{"cr_yes":[0.0,0.0,0.0,0.0,0.0,0.0,0.0,0.0,0.0,0.0,0.0,0.0,0.0,1e-08,0.00407851,6.5909051,13.40535364,0.00366355,0.0,0.0,0.0],"imm_yes_cr_yes":[0.0,0.0,0.0,0.0,0.0,0.00010487,0.26780923,9.9889715,9.3100785,0.43529127,0.00174487,5.5e-07,2e-08,0.0,0.0,0.0,0.0,0.0,0.0,0.0,0.0],"imm_yes_cr_no":[0.0,0.0,0.0,0.0,1e-08,6.66e-06,0.00102061,0.04664019,0.71195969,3.88770792,7.83662558,5.82979468,1.55136912,0.13559083,0.00326827,1.723e-05,2e-08,0.0,0.0,0.0,0.0],"del_yes_cr_yes":[0.0,0.0,0.0,0.0,0.0,0.0,1e-08,0.00014059,0.07663734,3.16340247,12.07319527,4.53311862,0.15706677,0.00043799,1.73e-06,2e-08,0.0,0.0,0.0,0.0,0.0],"del_yes_cr_no":[2.2e-07,9.43e-06,0.00019664,0.0022895,0.01623519,0.07453571,0.23231086,0.52235459,0.96491281,1.75246017,3.1215901,4.5256297,4.5819159,2.92243949,1.06583113,0.20003975,0.01862114,0.00183217,0.00052788,0.00021953,9.804e-05],"conf_yes_cr_yes_del_yes":[1.5e-07,1.4e-07,1.2e-07,9e-08,7e-08,4e-08,3e-08,2e-08,3.3e-07,1.398e-05,0.00035442,0.0055859,0.06501439,0.63399712,3.7412638,8.74658298,5.91090095,0.8639349,0.03560674,0.00074362,2.16e-06],"conf_yes_cr_no_del_yes":[0.00933442,0.01378803,0.02020885,0.02938793,0.04239707,0.06067085,0.08610407,0.12116303,0.16900575,0.23360065,0.31982574,0.43351878,0.58143433,0.77104808,1.01016627,1.30666158,1.67191081,2.15332266,3.01666546,5.18142608,5.55405514]}}
