{"nodes":{"cr_yes":[0.0,0.0,0.0,0.0,0.0,0.0,0.0,0.0,0.0,0.0,0.0,0.0,0.0,0.0,0.00023057,3.12967411,16.87168778,0.00240834,0.0,0.0,0.0],"imm_yes_cr_yes":[0.0,0.0,0.0,0.0,0.0,0.0,4.71e-06,0.20301864,15.48369917,4.31133557,0.00594267,4e-08,0.0,0.0,0.0,0.0,0.0,0.0,0.0,0.0,0.0],"imm_yes_cr_no":[0.0,0.0,0.0,0.0,0.0,0.0,1e-08,5.006e-05,0.01739374,0.8401311,6.77801277,9.80345042,2.46988888,0.09465409,0.00041959,1.3e-07,0.0,0.0,0.0,0.0,0.0],"del_yes_cr_yes":[0.0,0.0,0.0,0.0,0.0,0.0,0.00027009,0.3219249,9.26018221,9.93962115,0.48095987,0.0010425,8e-08,0.0,0.0,0.0,0.0,0.0,0.0,0.0,0.0],"del_yes_cr_no":[0.0,0.0,0.0,1e-08,1.527e-05,0.00296328,0.11275487,1.23210986,4.79112599,7.45688558,4.89523921,1.35602328,0.15077787,0.00603364,7.176e-05,1.8e-07,0.0,0.0,0.0,0.0,0.0],"conf_yes_cr_yes_del_yes":[0.0,0.0,0.0,0.0,0.0,0.0,0.0,0.0,0.0,0.0,2.1e-07,5.408e-05,0.00499987,0.16996946,2.06231346,8.06781289,8.22509345,1.45263503,0.02111596,6.38e-06,0.0],"conf_yes_cr_no_del_yes":[0.0,0.0,0.0,0.0,0.0,0.0,0.0,0.0,0.0,0.0,2e-08,5.3e-07,1.128e-05,0.00019209,0.00261027,0.02796354,0.23204903,1.43646776,6.02105486,12.2802847,0.00673342]}}
