{"nodes":{"cr_yes":[0.0,0.0,0.0,0.0,0.0,0.0,0.0,0.0,0.0,0.0,0.0,0.0,0.0,0.0,0.00940077,16.75119747,3.24340023,2.33e-06,0.0,0.0,0.0],"imm_yes_cr_yes":[0.0,0.0,0.0,0.0,0.0,0.0,6.6e-07,0.07443882,12.75841866,7.15278448,0.01835797,2.2e-07,0.0,0.0,0.0,0.0,0.0,0.0,0.0,0.0,0.0],"imm_yes_cr_no":[0.0,0.0,0.0,0.0,0.0,0.0,0.0,0.0,1.4e-06,0.00202511,0.30034179,5.32062625,11.55019736,2.77392007,0.05682822,6.06e-05,0.0,0.0,0.0,0.0,0.0],"del_yes_cr_yes":[0.0,0.0,0.0,0.0,0.0,1.02e-06,0.01506997,2.85378089,14.32881054,2.78223616,0.02409336,8.86e-06,0.0,0.0,0.0,0.0,0.0,0.0,0.0,0.0,0.0],"del_yes_cr_no":[0.0,0.0,6.8e-07,0.00217835,0.2198996,2.73395758,7.73343708,6.81237722,2.20420766,0.2830012,0.01464492,0.0002944,2.1e-06,0.0,0.0,0.0,0.0,0.0,0.0,0.0,0.0],"conf_yes_cr_yes_del_yes":[0.0,0.0,0.0,0.0,0.0,0.0,0.0,0.0,0.0,0.0,1.09e-06,0.00029075,0.0239908,0.62725377,4.95240855,10.20257121,4.0342379,0.16308879,0.00015795,0.0,0.0],"conf_yes_cr_no_del_yes":[0.0,0.0,0.0,0.0,0.0,0.0,1e-08,3.8e-07,9.16e-06,0.00014093,0.00149202,0.01148314,0.06654861,0.29607541,1.01524772,2.64419305,5.00965494,6.25607269,4.06026638,0.64279793,3.685e-05]}}
