{"nodes":{"cr_yes":[0.0,0.0,0.0,0.0,0.0,0.0,0.0,0.0,0.0,0.0,0.0,0.0,0.0,7.14e-06,0.44729081,19.43916553,0.11753731,0.0,0.0,0.0,0.0],"imm_yes_cr_yes":[0.0,0.0,0.0,0.0,0.0,0.0,3.313e-05,0.61514061,17.7472707,1.64090237,0.000654,0.0,0.0,0.0,0.0,0.0,0.0,0.0,0.0,0.0,0.0],"imm_yes_cr_no":[0.0,0.0,0.0,0.0,0.0,0.0,9.81e-06,0.01144891,0.9694278,8.494675,9.21249191,1.29389383,0.02197826,7.45e-05,7.7e-07,0.0,0.0,0.0,0.0,0.0,0.0],"del_yes_cr_yes":[0.0,0.0,0.0,0.0,0.0,2.609e-05,0.12637792,7.63160478,11.60883978,0.63573839,0.00141372,1.2e-07,0.0,0.0,0.0,0.0,0.0,0.0,0.0,0.0,0.0],"del_yes_cr_no":[0.0,0.0,1.065e-05,0.01575946,0.80677072,5.41676542,8.58908828,4.31751625,0.79858334,0.05784842,0.00164095,1.724e-05,6e-08,0.0,0.0,0.0,0.0,0.0,0.0,0.0,0.0],"conf_yes_cr_yes_del_yes":[0.0,0.0,0.0,0.0,0.0,0.0,0.0,0.0,0.0,1e-08,6.15e-06,0.00109001,0.06148734,1.12635715,6.36285682,9.55761695,2.808172,0.08634815,6.622e-05,0.0,0.0],"conf_yes_cr_no_del_yes":[0.0,0.0,0.0,0.0,0.0,0.0,0.0,1.4e-07,3.36e-06,5.115e-05,0.00054722,0.0043439,0.02654938,0.12780664,0.48934751,1.48308235,3.46774567,5.8665579,6.13331002,2.40463246,4.616e-05]}}
