{"nodes":{"cr_yes":[0.0,0.0,0.0,0.0,0.0,0.0,0.0,0.0,0.0,0.0,0.0,0.0,0.0,1.23e-06,0.10584468,18.22113509,1.67701426,5.53e-06,0.0,0.0,0.0],"imm_yes_cr_yes":[0.0,0.0,0.0,0.0,0.0,0.0,0.0,0.00039518,1.05016411,16.70250426,2.24823996,0.00269727,2e-08,0.0,0.0,0.0,0.0,0.0,0.0,0.0,0.0],"imm_yes_cr_no":[0.0,0.0,0.0,0.0,0.0,0.0,6e-08,0.0002022,0.05725086,1.9455521,9.63639194,7.47562206,0.87568487,0.01327754,1.916e-05,0.0,0.0,0.0,0.0,0.0,0.0],"del_yes_cr_yes":[0.0,0.0,0.0,0.0,0.0,0.0,0.0,8.016e-05,0.07724289,3.88774156,12.95069719,3.04241743,0.04578806,3.351e-05,0.0,0.0,0.0,0.0,0.0,0.0,0.0],"del_yes_cr_no":[0.0,0.0,0.0,2e-08,9.5e-07,0.00017121,0.00878884,0.15654558,1.15663937,3.94297754,6.57050364,5.46308301,2.23791721,0.43069806,0.03558003,0.00108573,9.59e-06,2e-08,0.0,0.0,0.0],"conf_yes_cr_yes_del_yes":[0.0,0.0,0.0,0.0,0.0,0.0,0.0,0.0,0.0,1e-08,5.08e-06,0.0008792,0.05019831,0.95796201,5.79941791,9.68615345,3.369243,0.1399371,0.00020473,0.0,0.0],"conf_yes_cr_no_del_yes":[0.0,0.0,0.0,0.0,0.0,1e-08,6e-08,5.2e-07,3.66e-06,2.212e-05,0.00011637,0.00053885,0.00223149,0.00856385,0.03272316,0.13419372,0.57579647,2.24495608,6.58525878,10.2000864,0.43901852]}}
