{"nodes":{"cr_yes":[0.0,0.0,0.0,0.0,0.0,0.0,0.0,8e-08,3.3e-06,5.039e-05,0.00028451,0.00055903,0.00035302,6.47e-05,4.021e-05,0.03137783,12.26154121,7.70850298,0.00012718,6.725e-05,0.0020582],"imm_yes_cr_yes":[0.0,0.0,0.0,0.0,0.0,1.5e-07,0.06812192,14.70392499,5.22624079,0.00571293,2e-08,0.0,0.0,0.0,0.0,0.0,0.0,0.0,0.0,0.0,0.0],"imm_yes_cr_no":[4e-08,2.59e-06,8.928e-05,0.00153933,0.01386139,0.06719432,0.17863583,0.26253576,0.2133514,0.15428629,1.68623447,8.44239893,7.76348493,1.17566271,0.02583195,0.0016367,0.00084164,0.0021856,0.00508059,0.00671139,0.00487135],"del_yes_cr_yes":[0.0,0.0,0.0,0.0,0.0,5.2e-07,0.01242806,2.96622022,14.7539571,2.25896731,0.01242522,2.36e-06,0.0,0.0,0.0,0.0,0.0,0.0,0.0,0.0,0.0],"del_yes_cr_no":[0.01386362,0.01235576,0.00908428,0.0055273,0.00293272,0.00329883,0.03417432,0.35579777,1.84548205,4.75361698,6.30053103,4.39105968,1.66951457,0.42823317,0.12832909,0.04412546,0.01109822,0.00174098,0.00015828,8.08e-06,8.2e-07],"conf_yes_cr_yes_del_yes":[0.0,0.0,0.0,0.0,0.0,0.0,0.0,0.0,0.0,0.0,6e-08,2.669e-05,0.00464155,0.23531778,3.25076468,10.48618147,5.7423839,0.28423541,0.00044612,3.05e-06,1.5e-07],"conf_yes_cr_no_del_yes":[0.0035423,0.00690647,0.01291494,0.02317689,0.03993014,0.06605135,0.10489386,0.15987318,0.2337715,0.32787229,0.44131161,0.57158046,0.71843529,0.8962343,1.15991921,1.62638631,2.40422748,3.33847026,3.80795973,3.18443684,1.75575504]}}
