{"nodes":{"cr_yes":[0.0,0.0,0.0,0.0,0.0,0.0,1e-08,1e-08,0.0,0.0,0.0,0.0,1.81e-06,0.07085728,19.72564708,0.20749005,9e-08,4.05e-06,4.3e-07,0.0,0.0],"imm_yes_cr_yes":[0.0,0.0,0.0,0.0,0.0,0.0,0.0,0.0,0.0,0.0,5.739e-05,0.57551203,18.08238112,1.34591776,0.00013249,0.0,0.0,0.0,0.0,0.0,0.0],"imm_yes_cr_no":[0.0,0.0,0.0,0.0,0.0,0.0,0.0,0.0,0.0,0.0,3.35e-06,0.02154666,3.71739925,15.25144567,1.01310161,0.00050426,0.0,0.0,0.0,0.0,0.0],"del_yes_cr_yes":[0.0,0.0,0.0,8e-08,0.00641992,2.01151718,13.47806151,4.40088822,0.10688088,0.00023296,5e-08,0.0,0.0,0.0,0.0,0.0,0.0,0.0,0.0,0.0,0.0],"del_yes_cr_no":[7.94751994,5.63229366,3.87273647,2.71267609,1.72538385,1.0094827,0.54991311,0.28147862,0.1363387,0.06283845,0.02768138,0.01169661,0.00475456,0.00186373,0.00070589,0.00025876,9.193e-05,3.169e-05,1.061e-05,3.45e-06,1.09e-06],"conf_yes_cr_yes_del_yes":[3.822e-05,6.503e-05,0.000105,0.00016066,0.00023257,0.00031788,0.00040922,0.00049465,0.00055938,0.00058981,0.0006082,0.00176573,0.02772578,0.32533418,2.03221553,6.21096992,7.99599043,3.19587326,0.20778935,0.00274349,6.323e-05],"conf_yes_cr_no_del_yes":[0.24284407,0.27150807,0.31113069,0.36845784,0.44969478,0.55896767,0.69720409,0.86143253,1.04450093,1.23521417,1.41889057,1.57833735,1.69524518,1.75200157,1.73392344,1.63190847,1.44550566,1.18640473,0.88234457,0.58144067,0.35693159]}}
