{"nodes":{"cr_yes":[0.0,0.0,0.0,0.0,0.0,0.0,0.0,0.0,0.0,0.0,0.0,0.0,0.00017487,1.04656345,18.5399868,0.41727335,2.32e-06,0.0,0.0,0.0,0.0],"imm_yes_cr_yes":[0.0,0.0,0.0,0.0,0.0,0.0,0.0,2e-07,0.00358928,1.3366437,14.04852743,4.57324511,0.04198702,8.05e-06,0.0,0.0,0.0,0.0,0.0,0.0,0.0],"imm_yes_cr_no":[0.0,0.0,0.0,0.0,0.0,0.0,0.0,0.0,0.0,1.22e-05,0.01304389,1.23382671,10.73360203,7.6862958,0.33671256,0.0005076,1e-08,0.0,0.0,0.0,0.0],"del_yes_cr_yes":[0.0,0.0,1.36e-06,0.00496234,0.59873136,6.38786106,9.91254022,2.91266159,0.18460688,0.00262784,8.14e-06,1e-08,0.0,0.0,0.0,0.0,0.0,0.0,0.0,0.0,0.0],"del_yes_cr_no":[0.10069351,12.58867176,6.42483502,0.88471754,0.05372255,0.00167853,2.837e-05,2.6e-07,0.0,0.0,0.0,0.0,0.0,0.0,0.0,0.0,0.0,0.0,0.0,0.0,0.0],"conf_yes_cr_yes_del_yes":[0.0,0.0,0.0,0.0,0.0,0.0,0.0,0.0,0.0,1.1e-07,1.881e-05,0.0013559,0.04258575,0.59487654,3.58536304,8.45423796,6.33252527,0.98130517,0.01173176,5e-07,0.0],"conf_yes_cr_no_del_yes":[0.0,0.0,0.0,2e-08,1e-07,5.5e-07,2.65e-06,1.145e-05,4.809e-05,0.00021203,0.00099445,0.00465654,0.02026851,0.07869366,0.26751703,0.787488,1.97692976,4.09818807,6.48807642,6.15828427,0.2452584]}}
