{"nodes":{"cr_yes":[0.0,0.0,0.0,0.0,0.0,1e-08,1.79e-06,9.999e-05,0.00219627,0.01818767,0.05374595,0.05282753,0.01579473,0.00128207,2.445e-05,6.165e-05,0.07631967,18.21335994,1.56846862,1.043e-05,0.00324007],"imm_yes_cr_yes":[0.0,0.0,0.0,0.0,0.0,0.0,4e-07,0.0469296,10.71582167,9.20182877,0.03941951,8.5e-07,0.0,0.0,0.0,0.0,0.0,0.0,0.0,0.0,0.0],"imm_yes_cr_no":[0.0,7e-08,3.94e-06,0.00011355,0.00165333,0.012561,0.05096405,0.11313956,0.14343176,0.11071436,0.05689798,0.25239105,2.38251073,5.03445559,6.20173544,4.67648865,0.9305887,0.03615333,0.00019758,9e-08,3e-08],"del_yes_cr_yes":[0.0,0.0,0.0,0.0,0.0,0.0,0.0,0.0,6e-08,0.00061768,0.30462348,8.01279182,11.02345858,0.66133429,0.00117487,3e-08,0.0,0.0,0.0,0.0,0.0],"del_yes_cr_no":[0.0,0.0,0.0,1e-08,2.61e-06,0.00018149,0.00471888,0.05444609,0.3242428,1.18719035,3.07486171,5.39477054,5.46720839,2.85155103,0.84549311,0.35162081,0.24975323,0.13530486,0.04824813,0.01247472,0.00386406],"conf_yes_cr_yes_del_yes":[0.0,0.0,0.0,0.0,0.0,0.0,0.0,0.0,0.0,0.0,3e-08,1.547e-05,0.00604316,0.46110551,6.10682451,11.41275622,2.00107525,0.01614533,3.497e-05,3.5e-07,0.0],"conf_yes_cr_no_del_yes":[1.55716668,1.5159359,1.47024514,1.42018694,1.3658985,1.30756509,1.24542317,1.17976333,1.1109328,1.03933752,0.96544417,0.88978362,0.81296145,0.73569483,0.65893568,0.58429117,0.51571941,0.46776696,0.50191467,0.80019899,1.27483626]}}
