{"nodes":{"cr_yes":[0.0,0.0,0.0,0.0,0.0,0.0,0.0,0.0,0.0,0.0,0.0,0.0,0.0,0.0,0.0,0.00164631,15.59318347,4.40917065,3.7e-07,0.0,0.0],"imm_yes_cr_yes":[0.0,0.0,0.0,0.0,0.0,0.0,0.0,1.91e-06,0.14579063,15.80973115,4.04568077,0.00279634,0.0,0.0,0.0,0.0,0.0,0.0,0.0,0.0,0.0],"imm_yes_cr_no":[0.0,0.0,0.0,0.0,0.0,0.0,0.0,0.0,0.0,4e-08,0.00011517,0.0378667,1.57669674,8.19474432,4.70996894,2.16906507,3.18621542,0.129315,1.341e-05,0.0,0.0],"del_yes_cr_yes":[0.0,0.0,0.0,0.0,0.0,0.0,0.00062865,0.75462446,13.73756401,5.45060975,0.06034257,0.00023092,4.5e-07,0.0,0.0,0.0,0.0,0.0,0.0,0.0,0.0],"del_yes_cr_no":[0.00081888,0.00073534,0.00027995,6.218e-05,9.18e-06,1e-06,2.54e-06,7.547e-05,0.00131446,0.01400369,0.09600029,0.4389613,1.37183462,2.97421458,4.50259457,4.75254389,3.46376378,1.71067523,0.55582656,0.11379057,0.01380432],"conf_yes_cr_yes_del_yes":[0.0,0.0,0.0,0.0,0.0,0.0,0.0,0.0,0.0,0.0,7.8e-07,0.00045796,0.05800892,1.60809293,9.05375954,8.4313081,0.84853005,0.00384242,1e-07,0.0,0.0],"conf_yes_cr_no_del_yes":[0.0,0.0,0.0,0.0,0.0,0.0,3e-08,2.9e-07,2.74e-06,3.315e-05,0.00048916,0.00600033,0.05247493,0.31848548,1.32654905,3.68295216,6.36994663,5.94384305,2.16586128,0.13725508,0.00021487]}}
