{"nodes":{"cr_yes":[0.0,0.0,0.0,0.0,0.0,0.0,0.0,0.0,0.0,0.0,0.0,0.0,0.0,0.0,0.00026192,6.91278165,13.09089267,6.456e-05,0.0,0.0,0.0],"imm_yes_cr_yes":[0.0,0.0,0.0,0.0,0.0,0.0,0.0,2.518e-05,0.65936837,18.46893399,0.87559907,7.419e-05,0.0,0.0,0.0,0.0,0.0,0.0,0.0,0.0,0.0],"imm_yes_cr_no":[0.0,0.0,0.0,0.0,0.0,0.0,0.0,3e-08,0.00017663,0.07204361,2.81202212,11.74559268,5.16763312,0.20599372,0.00053885,5e-08,0.0,0.0,0.0,0.0,0.0],"del_yes_cr_yes":[0.0,0.0,0.0,0.0,0.0,0.0,0.0,0.0,1e-08,0.00026776,0.26887837,9.11051413,10.31260374,0.31158431,0.00015248,0.0,0.0,0.0,0.0,0.0,0.0],"del_yes_cr_no":[0.0,0.0,0.0,0.0,1.252e-05,0.00339936,0.13662279,1.25804127,3.47323313,4.11436713,4.56309777,4.35168024,1.82530275,0.26663688,0.01149374,0.00011307,1.6e-07,0.0,0.0,0.0,0.0],"conf_yes_cr_yes_del_yes":[0.0,0.0,0.0,0.0,0.0,0.0,0.0,0.0,0.0,0.0,9.28e-06,0.00490206,0.42145544,5.83071129,11.38667589,2.33206497,0.0281754,6.46e-06,0.0,0.0,0.0],"conf_yes_cr_no_del_yes":[0.0,0.0,0.0,4e-08,4.1e-07,3.42e-06,2.417e-05,0.00014517,0.00074938,0.00334911,0.01302565,0.04421416,0.1310804,0.33933542,0.77014203,1.56316583,2.92920892,4.87254706,5.75093452,3.22819083,0.71576853]}}
