{"nodes":{"cr_yes":[0.0,0.0,0.0,0.0,0.0,0.0,0.0,0.0,0.0,0.0,0.0,0.0,0.0,0.0,7.4e-06,0.16323483,17.51099546,2.32967851,8.458e-05,2e-08,0.0],"imm_yes_cr_yes":[0.0,0.0,0.0,0.0,0.0,3.217e-05,0.35446812,14.5608459,5.06596399,0.02268913,1.5e-06,0.0,0.0,0.0,0.0,0.0,0.0,0.0,0.0,0.0,0.0],"imm_yes_cr_no":[0.0,0.0,0.0,0.0,0.0,1e-08,3.16e-06,0.0006736,0.03600244,0.54726219,2.56984687,4.10831322,3.95568492,4.94418798,3.18708165,0.62464569,0.0300339,0.00026491,2.7e-07,0.0,0.0],"del_yes_cr_yes":[0.0,0.0,0.0,0.0,0.0,3e-08,3.517e-05,0.07254249,4.68388695,13.23249729,1.99859729,0.01643529,6.29e-06,0.0,0.0,0.0,0.0,0.0,0.0,0.0,0.0],"del_yes_cr_no":[0.0,0.0,1e-08,7.6e-07,2.368e-05,0.00035467,0.00333883,0.02776733,0.20337861,1.00227544,2.92777889,4.94990331,4.89391176,3.06030289,1.57486325,0.84679479,0.38158789,0.11150591,0.0186209,0.00156441,5.495e-05],"conf_yes_cr_yes_del_yes":[0.0,0.0,0.0,0.0,0.0,0.0,0.0,0.0,1e-08,5e-08,2.61e-06,0.00050197,0.03419642,0.77130263,5.37310245,9.93758406,3.7004677,0.18586633,0.00097643,1.3e-07,0.0],"conf_yes_cr_no_del_yes":[1.11050315,1.11073978,1.10770023,1.10116312,1.09091336,1.07674573,1.05846904,1.03591129,1.0089261,0.97740212,0.94127935,0.90058242,0.85549584,0.80654061,0.75500021,0.70404864,0.66242874,0.65905446,0.80006302,1.41751576,2.75753881]}}
