{"nodes":{"cr_yes":[0.0,0.0,0.0,0.0,0.0,0.0,0.0,0.0,0.0,0.0,0.0,0.0,1.2e-07,0.16058729,19.79199638,0.05141701,0.0,0.0,0.0,0.0,0.0],"imm_yes_cr_yes":[0.0,0.0,0.0,0.0,0.0,0.0,0.0,1.005e-05,0.41012503,18.19717422,1.39649322,0.00019827,0.0,0.0,0.0,0.0,0.0,0.0,0.0,0.0,0.0],"imm_yes_cr_no":[0.0,0.0,0.0,0.0,0.0,0.0,0.00041582,0.44807072,10.64925876,8.61921244,0.28665442,0.00038862,2e-08,0.0,0.0,0.0,0.0,0.0,0.0,0.0,0.0],"del_yes_cr_yes":[0.0,0.0,0.0,0.0,0.0,0.0,0.0,0.0,1.9e-07,0.00307419,1.20672229,14.05253406,4.70653334,0.03513334,3.39e-06,0.0,0.0,0.0,0.0,0.0,0.0],"del_yes_cr_no":[0.0,0.0,0.0,0.00064911,0.51068261,8.73425254,9.5780928,1.1588339,0.02139069,9.891e-05,2.4e-07,0.0,0.0,0.0,0.0,0.0,0.0,0.0,0.0,0.0,0.0],"conf_yes_cr_yes_del_yes":[0.0,0.0,0.0,0.0,0.0,0.0,0.0,0.0,0.0,0.0,1e-08,2.243e-05,0.00922418,0.65916659,7.49362934,10.67037098,1.16792878,0.00365846,3e-08,0.0,0.0],"conf_yes_cr_no_del_yes":[0.0,0.0,0.0,0.0,0.0,0.0,0.0,0.0,0.0,5e-08,8.7e-07,1.157e-05,0.00011407,0.00088735,0.0061745,0.04388163,0.30501634,1.71563157,6.43409366,11.46782853,0.06072135]}}
