{"nodes":{"cr_yes":[0.0,0.0,0.0,0.0,0.0,0.0,0.0,0.0,0.0,0.0,0.0,0.0,0.0,0.0,8.7e-07,0.10995065,19.26046237,0.63358687,4e-08,0.0,0.0],"imm_yes_cr_yes":[0.0,0.0,0.0,0.0,0.0,0.0,1.97e-05,0.25955054,14.05004428,5.67224229,0.02214316,8.3e-07,0.0,0.0,0.0,0.0,0.0,0.0,0.0,0.0,0.0],"imm_yes_cr_no":[0.0,0.0,0.0,0.0,0.0,0.0,1.67e-06,0.00073156,0.05234602,0.76998055,2.98069992,6.13314586,7.64954853,2.30827745,0.1087001,0.00056895,1.9e-07,0.0,0.0,0.0,0.0],"del_yes_cr_yes":[0.0,0.0,0.0,0.0,0.0,0.0,9.5e-05,0.1766347,7.53667024,11.52091594,0.7674599,0.00222479,2.3e-07,0.0,0.0,0.0,0.0,0.0,0.0,0.0,0.0],"del_yes_cr_no":[0.0,0.0,0.0,0.0,7e-07,4.271e-05,0.0010396,0.01652106,0.18103881,1.13750741,3.77756965,6.49803899,5.63800703,2.32317259,0.40586501,0.02477037,0.00042,6.68e-06,2e-07,0.0,0.0],"conf_yes_cr_yes_del_yes":[0.0,0.0,0.0,0.0,0.0,0.0,0.0,0.0,0.0,0.0,6e-08,2.343e-05,0.00308764,0.13625802,1.96895822,8.38718027,8.32159872,1.17907602,0.00781834,8e-08,0.0],"conf_yes_cr_no_del_yes":[0.0,0.0,0.0,0.0,0.0,0.0,0.0,0.0,0.0,1e-08,4.2e-07,9.49e-06,0.00015428,0.00186157,0.01705107,0.11975108,0.64127569,2.54062665,6.84712261,9.59292977,0.48643631]}}
