{"nodes":{"cr_yes":[0.0,0.0,0.0,7.9e-07,6.303e-05,0.00142928,0.00913619,0.01610875,0.00753953,0.00088478,2.406e-05,1.4e-07,0.0,1.2e-07,1.86e-06,0.00915907,2.10861374,15.72977254,2.1193794,0.00188751,0.0],"imm_yes_cr_yes":[0.0,0.0,0.0,0.0,0.0,0.0,0.0,0.0,0.0,0.0,1.2e-07,0.0137546,6.89717696,12.98509748,0.10795944,1.22e-05,0.0,0.0,0.0,0.0,0.0],"imm_yes_cr_no":[0.0,0.0,0.0,0.0,0.0,0.0,0.0,2e-07,0.00037419,0.09151537,4.27568712,13.61871328,1.89507214,0.11829939,0.00433156,7.55e-06,0.0,0.0,0.0,0.0,0.0],"del_yes_cr_yes":[0.0,2e-08,1.08e-06,1.025e-05,0.01216834,1.57497925,10.98741631,6.90502722,0.51907399,0.00531636,7.96e-06,1e-08,0.0,0.0,0.0,0.0,0.0,0.0,0.0,0.0,0.0],"del_yes_cr_no":[22.58548156,4.40262515,2.22944479,1.12410454,0.53544871,0.24257327,0.1050767,0.04370869,0.01752006,0.00678654,0.00254644,0.00092737,0.00032834,0.00011318,3.803e-05,1.247e-05,3.99e-06,1.25e-06,3.8e-07,1.1e-07,3e-08],"conf_yes_cr_yes_del_yes":[0.17138323,0.17056369,0.16424319,0.15276415,0.1369753,0.11816063,0.09799085,0.07881346,0.06515145,0.06806502,0.11381018,0.25502819,0.58220416,1.25800123,2.55106273,4.31616274,4.90596627,3.2323054,1.28615508,0.33494862,0.05987368],"conf_yes_cr_no_del_yes":[0.39782111,0.43297237,0.47959292,0.54030385,0.61637565,0.7075428,0.8119164,0.9259947,1.04477168,1.16194352,1.27021315,1.36169267,1.42840379,1.46287627,1.45884427,1.41204073,1.32108973,1.18849673,1.0217369,0.83444138,0.64768147]}}
