{"nodes":{"cr_yes":[0.0,0.0,0.0,0.0,0.0,0.0,0.0,0.0,0.0,0.0,0.0,0.0,0.0,0.00016826,1.09492704,18.67621571,0.23268962,1.7e-07,0.0,0.0,0.0],"imm_yes_cr_yes":[0.0,0.0,0.0,0.0,0.0,0.0,0.0,0.0,0.0,3.542e-05,0.09174179,6.64177164,12.76592218,0.50428641,0.00024336,0.0,0.0,0.0,0.0,0.0,0.0],"imm_yes_cr_no":[0.0,0.0,0.0,0.0,0.0,0.0,0.0,0.0,7.49e-06,0.00246803,0.17069058,2.66105591,9.35738677,6.89430278,0.90243428,0.0156333,2.166e-05,0.0,0.0,0.0,0.0],"del_yes_cr_yes":[0.0,3e-08,0.0028858,0.80504114,8.46765602,9.07300989,1.5963333,0.05857588,0.00049775,9.9e-07,0.0,0.0,0.0,0.0,0.0,0.0,0.0,0.0,0.0,0.0,0.0],"del_yes_cr_no":[0.0,4.9e-06,0.02307099,1.25752031,6.81948295,8.21191931,3.18287153,0.4779632,0.03032577,0.00083218,9.62e-06,4e-08,0.0,0.0,0.0,0.0,0.0,0.0,0.0,0.0,0.0],"conf_yes_cr_yes_del_yes":[0.0,0.0,0.0,0.0,0.0,0.0,0.0,0.0,0.0,1.2e-07,2.133e-05,0.00149824,0.04583953,0.62413608,3.67237922,8.47355253,6.22735402,0.94816632,0.01105299,4.3e-07,0.0],"conf_yes_cr_no_del_yes":[0.0,0.0,0.0,0.0,0.0,2e-08,3e-07,3.91e-06,3.692e-05,0.00026617,0.00153231,0.00728765,0.02935793,0.10194456,0.30848948,0.81686211,1.88424326,3.7158385,5.95605698,6.62444631,1.11526879]}}
