{"nodes":{"cr_yes":[0.0,0.0,0.0,0.0,0.0,0.0,0.0,0.0,0.0,0.0,0.0,0.0,0.0,0.0,0.00030524,4.2484398,15.7539786,0.00127716,0.0,0.0,0.0],"imm_yes_cr_yes":[0.0,0.0,0.0,0.0,0.0,0.0,0.0,0.0,0.0,0.0,0.0,0.00086409,2.51546775,17.34020156,0.14746696,4.4e-07,0.0,0.0,0.0,0.0,0.0],"imm_yes_cr_no":[0.0,0.0,0.0,0.0,0.0,0.0,0.0,0.0,0.0,0.0,1.25e-06,0.00104263,0.14660845,3.43049918,11.80439517,4.51050663,0.11088783,5.965e-05,0.0,0.0,0.0],"del_yes_cr_yes":[0.0,0.0,0.0,0.0,0.0,0.0,4.6e-07,0.00062236,0.10639177,5.02233459,13.33031448,1.5375866,0.00674973,8.1e-07,0.0,0.0,0.0,0.0,0.0,0.0,0.0],"del_yes_cr_no":[0.0,3.6e-07,0.00030155,0.02261957,0.3806687,2.19877422,5.4293495,6.47186358,3.97279107,1.28847025,0.21945485,0.0189245,0.00076943,1.313e-05,8e-08,0.0,0.0,0.0,0.0,0.0,0.0],"conf_yes_cr_yes_del_yes":[0.0,0.0,0.0,0.0,0.0,0.0,0.0,0.0,0.0,0.0,3e-08,1.91e-05,0.00356656,0.19283208,2.88070004,10.24558633,6.32626521,0.35462354,0.0004079,0.0,0.0],"conf_yes_cr_no_del_yes":[0.0,0.0,0.0,0.0,1e-08,6e-08,5.3e-07,3.63e-06,2.134e-05,0.00010903,0.00049333,0.00201449,0.00757339,0.02675432,0.09024308,0.29157316,0.88777296,2.44975404,5.69893869,9.37291375,2.35166999]}}
