{"nodes":{"cr_yes":[0.0,0.0,0.0,0.0,0.0,0.0,0.0,0.0,0.0,0.0,0.0,0.0,4.26e-06,0.77735331,19.20357322,0.02307002,0.0,0.0,0.0,0.0,0.0],"imm_yes_cr_yes":[0.0,0.0,0.0,0.0,0.0,0.0,0.0,0.0,0.0,0.0,3.05e-06,0.16008631,17.15678116,2.68685685,0.00027343,0.0,0.0,0.0,0.0,0.0,0.0],"imm_yes_cr_no":[0.0,0.0,0.0,0.0,0.0,0.0,0.0,0.0,5.4e-07,0.00362405,0.98049293,12.19866917,6.69354639,0.1276162,5.152e-05,0.0,0.0,0.0,0.0,0.0,0.0],"del_yes_cr_yes":[0.0,0.0,0.0,0.00640825,4.83314962,14.41665213,0.74639778,0.00139289,1.3e-07,0.0,0.0,0.0,0.0,0.0,0.0,0.0,0.0,0.0,0.0,0.0,0.0],"del_yes_cr_no":[0.00025635,19.5185451,0.48434955,0.00097754,4.4e-07,0.0,0.0,0.0,0.0,0.0,0.0,0.0,0.0,0.0,0.0,0.0,0.0,0.0,0.0,0.0,0.0],"conf_yes_cr_yes_del_yes":[0.0,0.0,0.0,0.0,0.0,0.0,0.0,0.0,0.0,0.0,5.4e-07,0.00036131,0.05113087,1.54404254,9.13505813,8.48114282,0.78927768,0.00298685,6e-08,0.0,0.0],"conf_yes_cr_no_del_yes":[0.0,0.0,0.0,0.0,0.0,0.0,0.0,4e-08,2.07e-06,7.124e-05,0.00142334,0.01761986,0.14093199,0.741258,2.54301404,5.45957814,6.67086434,3.79416456,0.62815084,0.00692235,0.0]}}
