{"nodes":{"cr_yes":[0.0,0.0,0.0,0.0,0.0,0.0,0.0,0.0,0.0,0.0,0.0,0.0,0.00017456,1.09290489,18.3895668,0.52045956,0.00089499,0.0,0.0,0.0,0.0],"imm_yes_cr_yes":[0.0,0.0,0.0,0.0,0.0,3e-08,0.00069391,0.83278873,14.29618481,4.83542158,0.03890436,7.38e-06,0.0,0.0,0.0,0.0,0.0,0.0,0.0,0.0,0.0],"imm_yes_cr_no":[0.0,0.0,0.0,0.0,3.71e-06,0.00410903,0.31293054,3.35124778,10.18362145,5.76053555,0.38882219,0.00272878,1.75e-06,1e-08,0.0,0.0,0.0,0.0,0.0,0.0,0.0],"del_yes_cr_yes":[0.0,0.0,0.0,0.0,0.0,1e-08,8.24e-06,0.00150984,0.19679249,4.58504882,11.80683779,3.3198266,0.09375967,0.00021716,1.7e-07,0.0,0.0,0.0,0.0,0.0,0.0],"del_yes_cr_no":[0.0,2.6e-07,0.00224965,0.34781586,4.41119442,9.4148091,4.98417354,0.8005891,0.04235719,0.00079907,1.195e-05,4.4e-07,1e-08,0.0,0.0,1e-08,1e-08,2e-08,4e-08,6e-08,9e-08],"conf_yes_cr_yes_del_yes":[0.0,0.0,0.0,0.0,0.0,0.0,0.0,0.0,0.0,3e-08,6.15e-06,0.00057026,0.02263833,0.38796886,2.785614,7.74830072,7.21346291,1.76263924,0.08216071,0.00063948,2.6e-07],"conf_yes_cr_no_del_yes":[1.12238441,1.10166955,1.07858402,1.05309894,1.02519674,0.99487288,0.96213773,0.92701889,0.88956466,0.8498496,0.8079854,0.76414341,0.71860253,0.67185173,0.6248316,0.57981204,0.54591342,0.57739519,0.98161567,2.83674485,2.90383947]}}
