{"nodes":{"cr_yes":[0.0,0.0,0.0,0.0,0.0,0.0,0.0,0.0,0.0,0.0,0.0,0.0,0.0,0.0,5.25e-05,0.70327814,19.14883807,0.15183207,1e-08,0.0,0.0],"imm_yes_cr_yes":[0.0,0.0,0.0,0.0,0.0,1.09e-06,0.00334767,0.53985051,11.92515882,7.41415246,0.12143766,5.258e-05,0.0,0.0,0.0,0.0,0.0,0.0,0.0,0.0,0.0],"imm_yes_cr_no":[1e-08,0.0,0.0,0.0,0.0,0.0,0.0,8e-08,9.194e-05,0.01775479,0.67316384,5.52968596,9.93428571,3.59868667,0.2261028,0.01520484,0.0073908,0.00152558,0.00010576,2.01e-06,1e-08],"del_yes_cr_yes":[0.0,0.0,0.0,0.0,0.0,4e-08,4.139e-05,0.0052856,0.12653516,1.37492048,7.56145139,9.01227197,1.86685107,0.05634444,0.00029885,4e-07,0.0,0.0,0.0,0.0,0.0],"del_yes_cr_no":[0.03440705,0.05916111,0.08647503,0.1079121,0.11549171,0.10818623,0.10076021,0.15859751,0.53540685,1.75126454,3.8256098,5.24513395,4.47676174,2.37280796,0.79660057,0.19361732,0.04381006,0.00828077,0.0008805,3.905e-05,5.1e-07],"conf_yes_cr_yes_del_yes":[1.112e-05,1.116e-05,1.044e-05,9.07e-06,7.3e-06,5.41e-06,3.67e-06,2.26e-06,1.26e-06,6.4e-07,1.17e-06,0.0001436,0.00944196,0.24591538,2.41694401,8.11740101,7.72090861,1.46538999,0.02778746,1.085e-05,0.0],"conf_yes_cr_no_del_yes":[0.01994443,0.02746571,0.03758029,0.05108327,0.06897385,0.09249174,0.12315299,0.16278117,0.21352768,0.2778719,0.35858854,0.45866485,0.58114587,0.72888765,0.90428479,1.10996279,1.35880093,1.7458253,2.79836035,6.12799451,5.53316883]}}
