{"nodes":{"cr_yes":[0.0,0.0,0.0,0.0,0.0,0.0,0.0,0.0,0.0,0.0,0.0,1.521e-05,0.06463648,6.69510618,12.82633655,0.4175405,0.00036588,0.0,0.0,0.0,0.0],"imm_yes_cr_yes":[0.0,0.0,0.0,0.0,3e-08,0.00526682,4.60680992,15.10036674,0.29150299,5.43e-05,0.0,0.0,0.0,0.0,0.0,0.0,0.0,0.0,0.0,0.0,0.0],"imm_yes_cr_no":[0.0,2e-08,1.8e-07,4.17e-06,0.01324316,1.46225307,10.50227377,7.3783853,0.64008304,0.00774456,1.352e-05,0.0,0.0,0.0,0.0,0.0,0.0,0.0,0.0,0.0,0.0],"del_yes_cr_yes":[0.0,0.0,0.0,0.0,0.0,0.00017694,0.2765664,8.87058904,10.28497872,0.57008379,0.0016057,2.1e-07,0.0,0.0,0.0,0.0,0.0,0.0,0.0,0.0,0.0],"del_yes_cr_no":[1.6e-07,4.986e-05,0.01771057,1.78214177,10.28756119,7.0370075,0.85488207,0.02429528,0.00034099,1.116e-05,3.4e-07,1e-08,0.0,0.0,0.0,0.0,0.0,0.0,0.0,0.0,0.0],"conf_yes_cr_yes_del_yes":[1e-08,7e-08,4.5e-07,2.56e-06,1.224e-05,4.931e-05,0.00016723,0.00047644,0.00113592,0.00225322,0.00368942,0.00519904,0.02469538,0.48794088,3.99964119,9.68113877,5.36432941,0.42981678,0.00335465,6.454e-05,6.659e-05],"conf_yes_cr_no_del_yes":[0.01790743,0.02529182,0.03547627,0.04941567,0.06834514,0.09384293,0.1278989,0.17298451,0.2321171,0.30890715,0.40757151,0.53288866,0.69006461,0.88447455,1.1212748,1.40514049,1.74215002,2.1554363,2.76319631,4.00977072,6.33759923]}}
