{"nodes":{"cr_yes":[0.0,0.0,0.0,0.0,0.0,0.0,0.0,0.0,0.0,0.0,0.0,0.0,0.0,0.0,2.6e-07,0.14565298,19.81779967,0.0405479,0.0,0.0,0.0],"imm_yes_cr_yes":[0.0,0.0,0.0,0.0,0.0,0.0,0.0,3e-08,0.00591799,4.1189098,15.52333006,0.35580101,4.192e-05,0.0,0.0,0.0,0.0,0.0,0.0,0.0,0.0],"imm_yes_cr_no":[0.0,0.0,0.0,0.0,0.0,0.0,0.0,0.0,0.0,2.69e-06,0.00148936,0.10513119,0.98607541,1.14950116,0.82532865,9.19751991,7.59813132,0.14081523,5.89e-06,0.0,0.0],"del_yes_cr_yes":[0.0,0.0,0.0,0.00035073,0.74813545,12.74143843,6.33663333,0.17705656,0.00038578,8e-08,3e-08,1.8e-07,1.9e-07,3e-08,0.0,0.0,0.0,0.0,0.0,0.0,0.0],"del_yes_cr_no":[0.0,0.0,2.05e-06,0.00083147,0.04344585,0.55779159,2.46482513,4.52260637,3.86400964,1.78284842,0.86139813,0.96815832,1.23306248,1.28257329,1.07017384,0.71864552,0.38861882,0.16876946,0.05850066,0.01602811,0.00342333],"conf_yes_cr_yes_del_yes":[0.0,0.0,0.0,0.0,0.0,0.0,0.0,0.0,0.0,0.0,3e-08,2.073e-05,0.00396406,0.21419287,3.1175161,10.48843207,5.89550258,0.28411884,0.00025351,0.0,0.0],"conf_yes_cr_no_del_yes":[0.0,0.0,0.0,0.0,0.0,0.0,1e-08,5e-08,3.6e-07,2.93e-06,2.82e-05,0.00026156,0.00206943,0.01350581,0.0725171,0.32048294,1.15603455,3.30565029,6.91732505,8.17059586,0.0910533]}}
