{"nodes":{"cr_yes":[0.0,0.0,0.0,0.0,0.0,0.0,0.0,0.0,0.0,0.0,0.0,0.0,2e-08,5.45e-06,0.00027318,0.36761023,19.28444975,0.3514847,3.726e-05,0.00013982,8e-07],"imm_yes_cr_yes":[0.0,0.0,0.0,0.0,0.0,1.52e-06,0.08496429,11.38262105,8.48203651,0.05437397,3.46e-06,0.0,0.0,0.0,0.0,0.0,0.0,0.0,0.0,0.0,0.0],"imm_yes_cr_no":[4.2e-07,1.748e-05,0.0004037,0.00535191,0.04204351,0.20006836,0.5845123,1.05426786,1.17358105,0.87764683,1.23715124,3.18310508,3.32953264,1.7096206,2.46716982,2.84750156,1.1507438,0.13739745,0.0038675,1.789e-05,4e-08],"del_yes_cr_yes":[0.0,0.0,0.0,0.0,0.0,9e-08,0.00081559,0.32458139,8.01259111,10.85713383,0.80572371,0.00315453,5.5e-07,0.0,0.0,0.0,0.0,0.0,0.0,0.0,0.0],"del_yes_cr_no":[0.04276808,0.09657874,0.17110985,0.25087774,0.36440621,0.68372569,1.4574232,2.58841806,3.44157621,3.55056578,3.09951146,2.28909316,1.24607782,0.43265555,0.10382646,0.04807063,0.04986059,0.0472581,0.03568125,0.02110306,0.0095944],"conf_yes_cr_yes_del_yes":[1.152e-05,1.299e-05,1.357e-05,1.308e-05,1.159e-05,9.39e-06,6.92e-06,4.61e-06,2.76e-06,1.46e-06,7.7e-07,3.718e-05,0.00534197,0.23847334,3.09066381,10.06695125,6.17525827,0.42457994,0.00260834,3.17e-06,1.22e-06],"conf_yes_cr_no_del_yes":[0.33649443,0.3994505,0.46493318,0.53029182,0.59234472,0.64761785,0.69272801,0.72491358,0.74268155,0.74648773,0.73935835,0.72764799,0.72330786,0.75125188,0.8643343,1.1503855,1.6757132,2.31854061,2.64102354,2.16882633,1.06783018]}}
