{"nodes":{"cr_yes":[0.0,0.0,0.0,0.0,0.0,0.0,0.0,0.0,0.0,0.0,0.0,0.0,1.5e-07,0.06750538,18.7307101,1.20578221,2.96e-06,0.0,0.0,0.0,0.0],"imm_yes_cr_yes":[0.0,0.0,0.0,0.0,0.0,0.0,0.0,0.0,0.0,0.0,0.0,0.00164236,2.7916777,16.99853443,0.21214451,1.8e-06,0.0,0.0,0.0,0.0,0.0],"imm_yes_cr_no":[0.0,0.0,0.0,0.0,0.0,0.0,0.0,0.0,0.0,0.0,1e-08,0.00020756,0.27160172,10.6030102,9.042392,0.08678667,2.64e-06,0.0,0.0,0.0,0.0],"del_yes_cr_yes":[0.0,0.0,0.0,0.0,8.944e-05,0.11848586,4.77600712,12.1219067,2.90632927,0.08090306,0.00027924,1.1e-07,0.0,0.0,0.0,0.0,0.0,0.0,0.0,0.0,0.0],"del_yes_cr_no":[0.10307758,18.30941394,1.61397384,0.02730839,0.00133232,0.00032897,8.13e-05,1.846e-05,3.87e-06,7.5e-07,1.4e-07,2e-08,0.0,0.0,0.0,0.0,0.0,0.0,0.0,0.0,0.0],"conf_yes_cr_yes_del_yes":[0.0,0.0,3e-08,1.8e-07,9.6e-07,4.48e-06,1.812e-05,6.387e-05,0.0001962,0.00052582,0.00127498,0.00399442,0.02913705,0.24659199,1.38071856,4.43959556,7.36433931,5.29515683,1.19719627,0.04505409,0.00026414],"conf_yes_cr_no_del_yes":[0.09911236,0.11762554,0.15074399,0.20670092,0.29325211,0.41577436,0.57586664,0.77045368,0.99139228,1.22558013,1.45556721,1.6606698,1.81858706,1.90752019,1.90879422,1.80998227,1.60853253,1.31589773,0.96216722,0.60120164,0.31627018]}}
