{"nodes":{"cr_yes":[0.0,0.0,0.0,0.0,0.0,0.0,0.0,0.0,0.0,0.0,0.0,0.0,0.0,2.7e-07,0.07396638,18.94645146,0.98358224,4.5e-07,0.0,0.0,0.0],"imm_yes_cr_yes":[0.0,0.0,0.0,0.0,0.0,0.0,0.0,3.02e-06,0.03632332,5.30905303,13.89006785,0.76767745,0.00087611,2e-08,0.0,0.0,0.0,0.0,0.0,0.0,0.0],"imm_yes_cr_no":[0.0,0.0,0.0,0.0,0.0,0.0,0.0,4.6e-07,0.00060889,0.09874638,2.42592222,9.9585941,6.81332891,0.69832628,0.00846564,7.92e-06,0.0,0.0,0.0,0.0,0.0],"del_yes_cr_yes":[0.0,0.0,0.0,0.0,0.0,0.0,0.0,6.854e-05,0.08730954,4.60430048,13.11734716,2.17594172,0.01902683,6.53e-06,0.0,0.0,0.0,0.0,0.0,0.0,0.0],"del_yes_cr_no":[0.0,0.0,0.0,0.0,8.3e-07,0.00050602,0.04250982,0.79456641,4.33360787,8.01139391,5.38229676,1.32321886,0.1129202,0.0029609,1.92e-05,2e-08,0.0,0.0,0.0,0.0,0.0],"conf_yes_cr_yes_del_yes":[0.0,0.0,0.0,0.0,0.0,0.0,0.0,0.0,0.0,0.0,5.5e-07,0.00018931,0.01897206,0.5701192,4.89905157,10.38634125,3.98259984,0.14660443,0.0001226,0.0,0.0],"conf_yes_cr_no_del_yes":[0.0,0.0,0.0,0.0,1e-08,5e-08,3.4e-07,1.98e-06,9.95e-06,4.437e-05,0.00017832,0.00069234,0.0031765,0.01983696,0.13259302,0.72015751,2.75494675,6.546407,7.61630903,2.19134902,0.03659526]}}
