{"nodes":{"cr_yes":[0.0,0.0,0.0,0.0,0.0,0.0,0.0,0.0,0.0,0.0,0.0,0.0,0.0,0.0,0.00286565,9.1262865,10.87453961,0.00030904,0.0,0.0,0.0],"imm_yes_cr_yes":[0.0,0.0,0.0,0.0,0.0,0.0,1.35e-06,0.07351725,10.97496636,8.90255257,0.05296097,2.3e-06,0.0,0.0,0.0,0.0,0.0,0.0,0.0,0.0,0.0],"imm_yes_cr_no":[0.0,0.0,0.0,0.0,0.0,0.0,0.0,0.0,6e-08,0.00011296,0.02848168,1.17007394,8.19589179,9.21406278,1.376614,0.01875208,1.152e-05,0.0,0.0,0.0,0.0],"del_yes_cr_yes":[0.0,0.0,0.0,0.0,0.0,2e-07,0.00392237,1.24634097,12.66849901,5.93632431,0.14872021,0.00019372,1e-08,0.0,0.0,0.0,0.0,0.0,0.0,0.0,0.0],"del_yes_cr_no":[0.0,0.0,5.7e-07,0.00100702,0.09094907,1.32492001,5.26995978,7.5241139,4.46346456,1.18043541,0.14151982,0.00746884,0.00016059,1.23e-06,0.0,0.0,0.0,0.0,0.0,0.0,0.0],"conf_yes_cr_yes_del_yes":[0.0,0.0,0.0,0.0,0.0,0.0,0.0,0.0,0.0,1e-08,4.85e-06,0.00088854,0.05213985,1.001089,5.99144705,9.69298711,3.15240585,0.11292529,0.00011326,0.0,0.0],"conf_yes_cr_no_del_yes":[0.0,0.0,0.0,0.0,0.0,0.0,0.0,7e-08,1.65e-06,2.455e-05,0.00025833,0.00203084,0.01238365,0.0600612,0.23515494,0.74746783,1.92245647,3.94746474,6.26660554,6.74115704,0.13786791]}}
