{"nodes":{"cr_yes":[0.0,0.0,0.0,0.0,0.0,0.0,0.0,0.0,0.0,0.0,0.00020545,0.42335926,13.91078406,5.65102345,0.01862831,2.5e-07,0.0,0.0,0.0,0.0,0.0],"imm_yes_cr_yes":[0.0,0.0,0.0,0.0,0.0,0.0,6e-08,0.02006296,10.23393939,9.73104149,0.01895683,7e-08,0.0,0.0,0.0,0.0,0.0,0.0,0.0,0.0,0.0],"imm_yes_cr_no":[0.0,0.0,0.0,0.0,5e-08,2.38e-05,0.0008469,0.03716363,2.81332701,13.06897455,3.9996272,0.08392597,0.00011154,8e-08,7e-08,2e-08,0.0,0.0,0.0,0.0,0.0],"del_yes_cr_yes":[0.0,0.0,0.0,0.0,0.0,0.0,0.0,0.0,3.988e-05,0.087986,5.80709757,13.13962266,0.96745653,0.00179812,5e-08,0.0,0.0,0.0,0.0,0.0,0.0],"del_yes_cr_no":[0.0,1e-08,2.03e-06,0.00518656,0.47513149,4.49276292,9.24448834,5.10317539,0.664102,0.01903513,0.00011598,3.4e-07,2.4e-07,2e-07,1.1e-07,5e-08,1e-08,0.0,0.0,0.0,0.0],"conf_yes_cr_yes_del_yes":[0.0,0.0,0.0,0.0,0.0,0.0,0.0,0.0,0.0,0.0,5e-08,2.51e-05,0.01039526,0.7396749,7.95359347,10.14760558,1.13263105,0.02004383,3.158e-05,0.0,0.0],"conf_yes_cr_no_del_yes":[0.0,1e-08,2.1e-07,2.44e-06,2.184e-05,0.00015369,0.00086543,0.00395304,0.01479647,0.04581125,0.11968362,0.28028021,0.65527455,1.55792947,3.20270288,4.7643003,4.66718938,2.98501257,1.31400091,0.36942222,0.04520059]}}
