{"nodes":{"cr_yes":[0.0,0.0,0.0,0.0,0.0,0.0,0.0,0.0,0.0,0.0,0.0,0.0,0.0,1.5e-07,0.00699725,10.11702411,9.87937707,0.00060222,0.0,0.0,0.0],"imm_yes_cr_yes":[0.0,0.0,0.0,0.0,0.0,0.0,0.0,0.0,0.0,0.0,0.0,0.00080661,2.02783218,17.67223021,0.3031285,3.31e-06,0.0,0.0,0.0,0.0,0.0],"imm_yes_cr_no":[0.0,0.0,0.0,0.0,0.0,0.0,0.0,0.0,0.0,0.0,0.0,0.0,2.1e-07,0.00095506,0.37794512,9.64677391,9.81407926,0.16423933,7.9e-06,0.0,0.0],"del_yes_cr_yes":[0.0,0.0,0.0,0.0,0.00020722,0.20919319,6.14412427,11.51781201,2.08785566,0.04468963,0.00011878,4e-08,0.0,0.0,0.0,0.0,0.0,0.0,0.0,0.0,0.0],"del_yes_cr_no":[0.53757347,12.5142437,6.45292967,0.7253509,0.03681013,0.00142359,0.00012394,5.097e-05,5.822e-05,7.933e-05,0.00010743,0.00014245,0.00018514,0.00023625,0.00029649,0.00036644,0.00044657,0.00053721,0.00063853,0.00075055,0.0008731],"conf_yes_cr_yes_del_yes":[0.0,0.0,0.0,0.0,3e-08,1.3e-07,5.8e-07,2.17e-06,7.05e-06,2.06e-05,0.00011037,0.00224903,0.03968248,0.39969083,2.19013921,6.12704899,7.66393312,3.28369175,0.2855531,0.01123734,0.00126808],"conf_yes_cr_no_del_yes":[0.19033696,0.21289991,0.24919583,0.30665579,0.39201056,0.50963835,0.66036546,0.8407199,1.04263794,1.25362356,1.45736085,1.63477937,1.76557241,1.83016816,1.81215388,1.70115297,1.49615491,1.20929827,0.87010651,0.53017681,0.26832179]}}
