{"nodes":{"cr_yes":[0.0,0.0,0.0,0.0,0.0,0.0,0.0,0.0,0.0,0.0,0.0,0.0,0.0,2.795e-05,0.11603232,9.97492828,9.87141213,0.0416,1.3e-07,0.0,0.0],"imm_yes_cr_yes":[0.0,0.0,0.0,0.0,0.0,8e-08,0.04070373,12.42950303,7.51706963,0.01672416,1.7e-07,0.0,0.0,0.0,0.0,0.0,0.0,0.0,0.0,0.0,0.0],"imm_yes_cr_no":[0.0,0.0,0.0,6e-08,4.75e-06,0.00015035,0.00202261,0.01213898,0.03383539,0.10673664,1.87922768,9.19482377,7.75992777,0.99980526,0.01530994,1.759e-05,0.0,0.0,0.0,0.0,0.0],"del_yes_cr_yes":[0.0,0.0,0.0,0.0,0.0,3.33e-06,0.02714882,3.53429524,14.02518431,2.39760907,0.01975282,7.22e-06,0.0,0.0,0.0,0.0,0.0,0.0,0.0,0.0,0.0],"del_yes_cr_no":[0.00279888,0.00506799,0.00691198,0.00721895,0.00585287,0.00497127,0.03972168,0.42054695,2.03483276,4.81348445,6.02974143,4.27723163,1.81389376,0.46766617,0.06955038,0.00529854,0.00018663,3.386e-05,7.54e-05,0.00016047,0.00030838],"conf_yes_cr_yes_del_yes":[3e-08,6e-08,1.3e-07,2.4e-07,3.8e-07,5.3e-07,6.4e-07,6.8e-07,6.2e-07,4.9e-07,6.3e-07,0.00011233,0.01322345,0.46008008,4.4747053,10.49406538,4.38278355,0.1788318,0.00019449,0.0,0.0],"conf_yes_cr_no_del_yes":[0.93705863,0.91112117,0.87177456,0.82005863,0.75760005,0.68654726,0.60946124,0.5291689,0.4485981,0.37067638,0.29869996,0.23894036,0.21109487,0.27669673,0.58141799,1.33207302,2.52945186,3.49773879,3.09197662,1.37914233,0.18646534]}}
