{"nodes":{"cr_yes":[1.372e-05,9.18e-05,0.00032847,0.00061632,0.00059188,0.00028255,6.475e-05,6.83e-06,3.2e-07,1e-08,0.0,0.0,3e-08,0.0002456,0.22942634,17.69203987,2.07773828,0.00256086,3e-08,0.0,0.0],"imm_yes_cr_yes":[0.0,0.0,0.0,0.0,0.0,0.0,2e-08,0.00793996,5.63647147,14.18647843,0.17310045,1.046e-05,0.0,0.0,0.0,0.0,0.0,0.0,0.0,0.0,0.0],"imm_yes_cr_no":[0.0,0.0,0.0,3e-08,1.1e-07,2.2e-07,2.3e-07,3.88e-06,0.00165856,0.12510269,1.84135644,6.34378319,8.05837044,3.42350333,0.20919144,0.00103002,2.2e-07,0.0,0.0,0.0,0.0],"del_yes_cr_yes":[0.0,0.0,0.0,0.0,0.0,0.0,0.0,4e-08,1.556e-05,0.05188143,4.91541186,13.92046826,1.11432769,0.00189593,4e-08,0.0,0.0,0.0,0.0,0.0,0.0],"del_yes_cr_no":[1.042e-05,0.00023737,0.00309101,0.02455621,0.12528934,0.43210657,1.07864996,2.11454522,3.36556936,4.11928938,3.7371766,2.7659562,1.59317666,0.49001398,0.07327363,0.02974332,0.02733072,0.01680549,0.00598928,0.00114285,0.00010487],"conf_yes_cr_yes_del_yes":[0.0,0.0,0.0,1e-08,2.2e-07,2.47e-06,2.068e-05,0.00012785,0.00058209,0.00193598,0.00464628,0.00804561,0.01904592,0.33726713,3.72017043,10.34011476,5.25643526,0.31409801,0.00150062,5.68e-06,3.59e-06],"conf_yes_cr_no_del_yes":[1.9e-07,1.83e-06,1.406e-05,8.737e-05,0.00044685,0.00190704,0.00686187,0.02097556,0.05478944,0.12335604,0.24710935,0.48621739,1.0647905,2.40030094,4.36828565,5.34121991,3.92197557,1.58758731,0.33088666,0.03993374,0.01450722]}}
