{"nodes":{"cr_yes":[0.0,0.0,0.0,0.0,0.0,0.0,0.0,0.0,0.0,0.0,0.0,0.0,0.0,0.0,0.0,0.00322098,7.62485751,12.37519971,0.0007226,0.0,0.0],"imm_yes_cr_yes":[0.0,0.0,0.0,0.0,0.0,0.0,0.0,0.0,4.18e-06,0.00040324,0.96574901,17.24335391,1.79377417,0.00071629,0.0,0.0,0.0,0.0,0.0,0.0,0.0],"imm_yes_cr_no":[0.0,0.0,0.0,0.0,0.0,0.0,0.0,0.0,0.0,0.0,1.3e-07,0.00013971,0.0291513,1.20842823,8.91661366,9.07455636,0.77306441,0.00204697,2e-08,0.0,0.0],"del_yes_cr_yes":[0.0,0.0,0.0179392,1.35807521,11.07164755,7.3159434,0.23977181,0.00062314,4.7e-07,2e-08,0.0,0.0,0.0,0.0,0.0,0.0,0.0,0.0,0.0,0.0,0.0],"del_yes_cr_no":[0.03201431,16.49745929,3.26670366,0.21543596,0.0075332,0.00036365,0.00024524,0.00016535,6.779e-05,1.681e-05,2.47e-06,2.1e-07,1e-08,0.0,0.0,0.0,0.0,0.0,0.0,0.0,0.0],"conf_yes_cr_yes_del_yes":[0.0,0.0,0.0,0.0,0.0,0.0,0.0,0.0,0.0,1e-08,4.1e-06,0.00069842,0.04022363,0.80013889,5.23991973,9.81649255,3.92304251,0.183231,0.00024996,0.0,0.0],"conf_yes_cr_no_del_yes":[0.0,0.0,0.0,0.0,0.0,0.0,7e-08,1.79e-06,2.736e-05,0.0002867,0.00220525,0.01304562,0.06122357,0.23228121,0.71797005,1.79957802,3.57873624,5.36370358,5.40169376,2.72866883,0.20915749]}}
