{"nodes":{"cr_yes":[0.0,0.0,0.0,0.0,0.0,0.0,0.0,0.0,0.0,0.0,0.0,0.0,0.0,7.771e-05,4.61779721,15.38583861,0.00028727,0.0,0.0,0.0,0.0],"imm_yes_cr_yes":[0.0,0.0,0.0,0.0,0.0,0.0,0.0,0.00066161,3.07189846,16.76649152,0.16494616,3.05e-06,0.0,0.0,0.0,0.0,0.0,0.0,0.0,0.0,0.0],"imm_yes_cr_no":[0.0,0.0,0.0,0.0,0.0,0.0,0.0,6e-08,0.00052619,0.2370142,6.51689757,11.88570574,1.35602884,0.00782669,1.52e-06,0.0,0.0,0.0,0.0,0.0,0.0],"del_yes_cr_yes":[0.0,0.0,0.0,0.0,0.0,0.0,0.0,7.1e-06,0.03144874,3.58006773,14.22705992,2.15430121,0.01111469,1.4e-06,0.0,0.0,0.0,0.0,0.0,0.0,0.0],"del_yes_cr_no":[0.0,0.00121101,1.31438573,11.66266801,6.50391613,0.5133616,0.00842368,3.46e-05,4e-08,0.0,0.0,0.0,0.0,0.0,0.0,0.0,0.0,0.0,0.0,0.0,0.0],"conf_yes_cr_yes_del_yes":[0.0,0.0,0.0,0.0,0.0,0.0,0.0,0.0,0.0,1e-08,3.24e-06,0.00063262,0.04093488,0.873655,5.74390854,9.92372523,3.30548701,0.11554331,0.00011097,0.0,0.0],"conf_yes_cr_no_del_yes":[0.0,0.0,0.0,0.0,0.0,0.0,0.0,1e-08,2.9e-07,5.1e-06,6.398e-05,0.00060513,0.00447811,0.02657214,0.12819697,0.50428937,1.59861677,3.93836101,6.88969749,6.60697168,0.61228546]}}
