{"nodes":{"cr_yes":[0.0,0.0,0.0,0.0,0.0,0.0,0.0,0.0,0.0,0.0,0.0,0.0,0.00650168,15.60252531,4.394939,3.481e-05,0.0,0.0,0.0,0.0,0.0],"imm_yes_cr_yes":[0.0,0.0,0.0,0.0,0.0,0.0,0.0,0.0037865,5.91074049,14.01504614,0.07442676,9.1e-07,0.0,0.0,0.0,0.0,0.0,0.0,0.0,0.0,0.0],"imm_yes_cr_no":[0.0,0.0,0.0,0.0,0.0,0.0,0.0,0.0,4.162e-05,0.07872096,5.18947191,13.45704222,1.27540742,0.00331655,1.3e-07,0.0,0.0,0.0,0.0,0.0,0.0],"del_yes_cr_yes":[0.0,0.0,0.0,2e-08,0.00148864,0.80357722,10.85464482,7.88055922,0.46109811,0.00263127,1.52e-06,0.0,0.0,0.0,0.0,0.0,0.0,0.0,0.0,0.0,0.0],"del_yes_cr_no":[2.85e-06,0.04093296,0.11310305,7.65930198,10.89787684,1.27063562,0.02207352,7.537e-05,6e-08,0.0,0.0,0.0,0.0,0.0,0.0,0.0,0.0,0.0,0.0,0.0,0.0],"conf_yes_cr_yes_del_yes":[0.0,0.0,0.0,0.0,0.0,0.0,0.0,0.0,0.0,0.0,3e-08,2.335e-05,0.00442312,0.23428634,3.30214939,10.60950124,5.60430561,0.24911095,0.00020078,0.0,0.0],"conf_yes_cr_no_del_yes":[0.0,0.0,0.0,0.0,0.0,0.0,1e-08,9e-08,7.6e-07,7.25e-06,7.187e-05,0.00064915,0.00490884,0.03027405,0.15140611,0.61017193,1.94312141,4.6519488,7.38241155,5.20178721,0.05448354]}}
