{"nodes":{"cr_yes":[0.0,0.0,0.0,0.0,0.0,0.0,0.0,0.0,0.0,0.0,0.0,0.0,9.54e-06,0.1477648,14.93574131,4.91906242,0.00142273,0.0,0.0,0.0,0.0],"imm_yes_cr_yes":[0.0,0.0,0.0,0.0,0.0,0.0,0.0,4e-08,0.00339205,2.24978285,16.30250343,1.44695977,0.00136266,1e-08,0.0,0.0,0.0,0.0,0.0,0.0,0.0],"imm_yes_cr_no":[0.0,0.0,0.0,0.0,0.0,0.0,0.0,0.0,0.0,0.0,6e-08,6.208e-05,0.01979211,1.09305607,9.25928028,9.05050292,0.58052391,0.00078335,0.0,0.0,0.0],"del_yes_cr_yes":[0.0,0.0,0.0,1.5e-07,0.00389993,1.12942418,11.40063023,7.10641875,0.36196529,0.0016616,6.6e-07,0.0,0.0,0.0,0.0,0.0,0.0,0.0,0.0,0.0,0.0],"del_yes_cr_no":[0.01966584,12.39594366,6.53518056,0.9872463,0.07261975,0.00309109,8.318e-05,2.7e-06,5.2e-07,1.1e-07,1e-08,0.0,0.0,0.0,0.0,0.0,0.0,0.0,0.0,0.0,0.0],"conf_yes_cr_yes_del_yes":[0.0,0.0,0.0,0.0,0.0,0.0,0.0,0.0,0.0,2e-08,5.78e-06,0.00073006,0.03486985,0.63637739,4.25692263,9.30940859,5.27439293,0.48856924,0.00272426,6e-08,0.0],"conf_yes_cr_no_del_yes":[0.0,0.0,0.0,0.0,0.0,1e-08,8e-08,7.9e-07,1.059e-05,0.00011715,0.00098646,0.00645311,0.03369694,0.14316286,0.49922258,1.42341316,3.24486096,5.58197654,6.25841407,2.81155084,0.0002693]}}
