{"nodes":{"cr_yes":[0.0,0.0,0.0,0.0,0.0,0.0,0.0,0.0,0.0,0.0,0.0,0.0,0.0,0.0023859,18.70064348,1.30097137,4e-08,0.0,0.0,0.0,0.0],"imm_yes_cr_yes":[0.0,0.0,0.0,0.0,0.0,0.0,0.0,0.0,1.92e-06,0.09936402,13.68036249,6.21603892,0.00823344,2e-08,0.0,0.0,0.0,0.0,0.0,0.0,0.0],"imm_yes_cr_no":[0.0,0.0,0.0,0.0,0.0,0.0,0.0,1e-08,0.00033457,0.28007615,8.57900619,10.65322632,0.49073677,0.00062079,1e-08,0.0,0.0,0.0,0.0,0.0,0.0],"del_yes_cr_yes":[0.0,0.0,0.0,5.31e-06,0.04554808,4.18839553,13.13703018,2.57612764,0.04415193,0.00763644,0.00484642,0.00025819,1.08e-06,0.0,0.0,0.0,0.0,0.0,0.0,0.0,0.0],"del_yes_cr_no":[0.00066013,19.17249059,0.82885915,0.00225898,5.857e-05,3.41e-06,3e-08,0.0,0.0,0.0,0.0,0.0,0.0,0.0,0.0,0.0,0.0,0.0,0.0,0.0,0.0],"conf_yes_cr_yes_del_yes":[0.0,0.0,0.0,0.0,0.0,0.0,0.0,0.0,0.0,0.0,1e-08,7.7e-06,0.00209107,0.15074219,2.74053247,10.64709815,6.2034709,0.25991731,0.00014099,0.0,0.0],"conf_yes_cr_no_del_yes":[0.0,0.0,0.0,0.0,0.0,0.0,0.0,0.0,2e-08,3.9e-07,5.54e-06,6.161e-05,0.00054941,0.00401463,0.02443705,0.1252055,0.54103842,1.94829565,5.59818527,10.98591627,1.55258206]}}
