{"nodes":{"cr_yes":[0.0,0.0,0.0,1e-08,1.2e-07,5.8e-07,8.2e-07,3.4e-07,9.7e-07,0.00012501,0.00191132,0.00308812,0.00046062,5.17e-06,0.0,0.0,1.09e-06,0.00382292,0.99643333,14.83967883,8.31694308],"imm_yes_cr_yes":[0.0,0.0,0.0,0.0,0.0,0.0,0.0,0.0,0.0,0.0,5e-08,0.01241544,8.16392401,11.80898141,0.01867987,1e-08,0.0,0.0,0.0,0.0,0.0],"imm_yes_cr_no":[0.0,0.0,0.0,0.0,0.0,0.0,0.0,0.0,1e-08,0.00052628,0.54087072,12.78399459,6.62091329,0.05769099,4.92e-06,0.0,0.0,0.0,0.0,0.0,0.0],"del_yes_cr_yes":[0.0,0.0,0.0,4.6e-06,0.0203434,1.98100151,11.25627649,6.28672195,0.45483738,0.00480801,7.46e-06,0.0,0.0,0.0,0.0,0.0,0.0,0.0,0.0,0.0,0.0],"del_yes_cr_no":[30.36971536,4.8131781,0.00596181,3.09e-06,1.1e-07,1e-08,0.0,0.0,0.0,0.0,0.0,0.0,0.0,0.0,0.0,0.0,0.0,0.0,0.0,0.0,0.0],"conf_yes_cr_yes_del_yes":[0.03208027,0.03517619,0.03718946,0.03784447,0.03699721,0.03469549,0.03129813,0.02788907,0.02763373,0.0392479,0.08356075,0.20248636,0.47279741,1.0516045,2.21899049,3.89871548,4.71130222,3.57650158,1.9458156,1.16653036,0.70336851],"conf_yes_cr_no_del_yes":[0.34751198,0.38843585,0.44113838,0.50751107,0.58823891,0.68267988,0.78881995,0.90330352,1.02153936,1.13788193,1.24588822,1.33865006,1.40920182,1.45100364,1.45850005,1.42775416,1.35715714,1.24821332,1.10640069,0.94210678,0.77164016]}}
