{"nodes":{"cr_yes":[0.0,0.0,0.0,0.0,0.0,0.0,0.0,0.0,0.0,0.0,0.0,0.0,0.0,0.0,0.00010226,0.14831354,19.85306511,0.00251989,0.0,0.0,0.0],"imm_yes_cr_yes":[0.0,0.0,0.0,0.0,0.0,0.0,5.3e-07,0.21648907,18.88578264,0.90169402,3.453e-05,0.0,0.0,0.0,0.0,0.0,0.0,0.0,0.0,0.0,0.0],"imm_yes_cr_no":[0.0,0.0,0.0,0.0,0.0,0.0,0.0,0.0,1.356e-05,0.01124613,0.93090774,8.64984488,9.3359788,1.06618452,0.00982076,4.42e-06,0.0,0.0,0.0,0.0,0.0],"del_yes_cr_yes":[0.0,0.0,0.0,0.0,0.0,0.0,0.0,0.00025996,0.75172523,15.81521443,3.42872234,0.00807866,1.7e-07,0.0,0.0,0.0,0.0,0.0,0.0,0.0,0.0],"del_yes_cr_no":[0.0,0.0,0.0,0.0,0.0,0.0,3.75e-06,0.00077171,0.04078531,0.67253163,3.85062137,7.98592672,5.90865988,1.44373091,0.099505,0.00146172,2.79e-06,0.0,0.0,0.0,0.0],"conf_yes_cr_yes_del_yes":[0.0,0.0,0.0,0.0,0.0,0.0,0.0,0.0,0.0,0.0,0.0,1.502e-05,0.0077766,0.64476749,7.7841771,10.5994847,0.96574306,0.00203683,1e-08,0.0,0.0],"conf_yes_cr_no_del_yes":[0.0,0.0,0.0,0.0,0.0,0.0,0.0,0.0,1e-08,7.8e-07,4.089e-05,0.00116274,0.01900253,0.18303956,1.03273962,3.2623906,5.22146311,3.75608153,2.6256126,3.8794561,0.04602146]}}
