{"nodes":{"cr_yes":[0.0,0.0,0.0,0.0,0.0,0.0,0.0,0.0,0.0,0.0,0.0,0.0,0.0,8.75e-06,0.13069581,11.13530225,8.71832417,0.01966982,0.0,0.0,0.0],"imm_yes_cr_yes":[0.0,0.0,0.0,0.0,0.0,6.1e-07,0.02814609,6.2674014,13.31643831,0.39179437,0.00022001,1e-08,0.0,0.0,0.0,0.0,0.0,0.0,0.0,0.0,0.0],"imm_yes_cr_no":[0.0,0.0,2e-08,1e-07,2.5e-07,3.9e-07,3.7e-07,9.2e-07,0.00020573,0.01167504,0.15322628,0.79667702,3.94271902,8.99461306,5.38763258,0.70151013,0.01569863,4.126e-05,1e-08,0.0,0.0],"del_yes_cr_yes":[0.0,0.0,0.0,0.0,0.0,0.0,8e-08,0.00132214,0.57734921,10.07161156,8.92784856,0.42490332,0.00096584,8e-08,0.0,0.0,0.0,0.0,0.0,0.0,0.0],"del_yes_cr_no":[1e-08,1.96e-06,0.0001836,0.00537864,0.0642049,0.37215426,1.21355034,2.60971723,4.13059737,4.63591177,3.37949453,1.71761884,0.90602672,0.56836304,0.28568589,0.09389985,0.01888899,0.00218571,0.00013337,3.79e-06,4e-08],"conf_yes_cr_yes_del_yes":[1e-08,1e-08,2e-08,3e-08,5e-08,6e-08,6e-08,6e-08,5e-08,4e-08,1.5e-07,3.878e-05,0.00410693,0.15872546,2.11607475,8.48207052,8.02512541,1.20358663,0.01426924,2.57e-06,0.0],"conf_yes_cr_no_del_yes":[2.927e-05,9.853e-05,0.00030678,0.00087837,0.00231674,0.00564352,0.01272336,0.02658403,0.05151163,0.09263822,0.15528388,0.24716886,0.39411151,0.68503522,1.32470401,2.54175754,4.13195569,4.96381367,3.7953385,1.45757134,0.22908956]}}
