{"nodes":{"cr_yes":[0.0,0.0,0.0,0.0,0.0,0.0,0.0,0.0,0.0,0.0,0.0,0.0,0.0,0.0,0.0,0.00107274,7.86560917,12.1372764,4.248e-05,0.0,0.0],"imm_yes_cr_yes":[0.0,0.0,0.0,0.0,0.0,0.0,0.00013455,1.04088456,17.66233996,1.30009653,0.00054521,0.0,0.0,0.0,0.0,0.0,0.0,0.0,0.0,0.0,0.0],"imm_yes_cr_no":[0.0,0.0,0.0,0.0,0.0,0.0,0.0,1.6e-07,0.00017165,0.02905652,0.94569846,6.52294729,9.60504827,2.77221322,0.12821167,0.00065338,1.9e-07,0.0,0.0,0.0,0.0],"del_yes_cr_yes":[0.0,0.0,0.0,0.0,0.0,1e-08,0.00043844,0.41093586,9.88726713,9.29563813,0.40888877,0.0008324,6e-08,0.0,0.0,0.0,0.0,0.0,0.0,0.0,0.0],"del_yes_cr_no":[0.0,0.0,0.0,0.0,0.0,1.45e-06,0.0002208,0.00994975,0.16808937,1.22555583,4.17250581,6.85108337,5.37649272,1.91140365,0.27538467,0.01316692,0.00014628,1.9e-07,0.0,0.0,0.0],"conf_yes_cr_yes_del_yes":[0.0,0.0,0.0,0.0,0.0,0.0,0.0,0.0,0.0,0.0,1e-08,4.92e-06,0.00075065,0.04259803,0.87214298,5.80681651,10.16789837,3.05363014,0.06015463,4.56e-06,0.0],"conf_yes_cr_no_del_yes":[0.0,0.0,0.0,0.0,0.0,0.0,0.0,0.0,0.0,0.0,7e-08,1.71e-06,3.238e-05,0.00045832,0.00501176,0.04323958,0.29603104,1.5737503,5.97148446,11.96949647,0.2889894]}}
