{"nodes":{"cr_yes":[0.0,0.0,0.0,0.0,0.0,0.0,0.0,0.0,0.0,0.0,0.0,0.0,0.0,0.0,0.00011259,2.25884114,17.74065133,0.00439575,0.0,0.0,0.0],"imm_yes_cr_yes":[0.0,0.0,0.0,0.0,0.0,9e-08,0.0402535,12.12110351,7.8228233,0.01982015,2.4e-07,0.0,0.0,0.0,0.0,0.0,0.0,0.0,0.0,0.0,0.0],"imm_yes_cr_no":[0.0,0.0,0.0,1e-08,1e-08,1e-08,8.5e-07,0.00063431,0.06967214,1.43981237,6.85493063,8.68715198,2.77918599,0.17119452,0.00141286,4.61e-06,5e-07,2e-08,0.0,0.0,0.0],"del_yes_cr_yes":[0.0,0.0,0.0,0.0,0.0,3e-08,0.00215307,1.34368509,14.42004499,4.19807,0.04003542,1.22e-05,0.0,0.0,0.0,0.0,0.0,0.0,0.0,0.0,0.0],"del_yes_cr_no":[9e-08,3e-08,1.2e-07,4.626e-05,0.00302178,0.06585701,0.6579115,3.00591559,6.18338696,5.8605936,2.63779681,0.64586719,0.23342631,0.22609517,0.20809672,0.14819921,0.0809086,0.03365669,0.01055598,0.00245745,0.00041557],"conf_yes_cr_yes_del_yes":[0.0,0.0,0.0,0.0,0.0,0.0,0.0,0.0,1e-08,5e-08,6.5e-07,0.00015796,0.01830903,0.60507146,5.33381092,10.5979818,3.36326491,0.08536695,3.708e-05,0.0,0.0],"conf_yes_cr_no_del_yes":[0.00256082,0.00234104,0.00255006,0.00365563,0.00659704,0.01310726,0.02611008,0.05007305,0.09107059,0.1562219,0.25234153,0.38469347,0.56025115,0.80745613,1.2241611,1.99892698,3.18637419,4.1736128,3.89582993,2.5534214,1.22785009]}}
