{"nodes":{"cr_yes":[0.0,0.0,0.0,0.0,0.0,0.0,0.0,0.0,0.0,0.0,0.0,0.0,8.87e-06,0.2189197,17.63521772,2.14976619,8.832e-05,0.0,0.0,0.0,0.0],"imm_yes_cr_yes":[0.0,0.0,0.0,0.0,0.0,0.0,0.0,0.0,0.0,3.4e-07,0.01231937,4.41631039,15.20942385,0.36591599,3.086e-05,0.0,0.0,0.0,0.0,0.0,0.0],"imm_yes_cr_no":[0.0,0.0,0.0,0.0,0.0,0.0,0.0,3.1e-07,0.00025134,0.02506011,0.3771222,1.38997731,6.99798952,9.93968937,1.26541551,0.00849392,1.22e-06,0.0,0.0,0.0,0.0],"del_yes_cr_yes":[0.0,1.172e-05,0.07335303,4.01667695,11.68374284,3.98888118,0.23814719,0.00304721,9.1e-06,2e-08,2.6e-07,2.24e-06,1.022e-05,2.582e-05,3.753e-05,3.228e-05,1.674e-05,5.3e-06,1.03e-06,1.2e-07,1e-08],"del_yes_cr_no":[0.01718105,2.06478297,1.34356233,3.63443975,6.16293741,4.61712608,1.75499179,0.36913277,0.045041,0.00325359,0.00013908,3.45e-06,5e-08,0.0,0.0,0.0,0.0,0.0,0.0,0.0,0.0],"conf_yes_cr_yes_del_yes":[0.0,0.0,0.0,0.0,0.0,0.0,0.0,0.0,0.0,2e-07,2.87e-05,0.00170883,0.04629101,0.58398892,3.35061601,8.02550695,6.66447939,1.30641492,0.0249629,2.98e-06,0.0],"conf_yes_cr_no_del_yes":[0.0,0.0,0.0,0.0,0.0,2e-08,4.9e-07,6.21e-06,5.624e-05,0.00038831,0.00214616,0.00982804,0.03820634,0.12816786,0.37455199,0.95568892,2.11379826,3.95982334,5.92432344,5.94919225,1.09564584]}}
