{"nodes":{"cr_yes":[0.0,0.0,0.0,0.0,0.0,0.0,0.0,0.0,0.0,0.0,0.0,0.0,0.0,0.00011796,1.02027746,18.7893693,0.194236,8e-08,0.0,0.0,0.0],"imm_yes_cr_yes":[0.0,0.0,0.0,0.0,0.0,0.0,0.0,0.0,1e-08,0.00085741,0.93619962,15.50475261,3.55427978,0.00791129,8e-08,0.0,0.0,0.0,0.0,0.0,0.0],"imm_yes_cr_no":[0.0,0.0,0.0,0.0,0.0,0.0,0.0,1e-08,2.423e-05,0.00912776,0.55342926,5.84648409,10.58557447,2.91441713,0.09471362,0.00023022,2e-08,0.0,0.0,0.0,0.0],"del_yes_cr_yes":[0.0,0.0,0.01422572,6.57212041,12.4486056,0.81854121,0.12825203,0.02165752,0.00059562,2.7e-06,0.0,0.0,0.0,0.0,0.0,0.0,0.0,0.0,0.0,0.0,0.0],"del_yes_cr_no":[0.00068608,16.93631194,2.7775727,0.18973822,0.0677111,0.02537182,0.00595908,0.00089831,8.86e-05,5.74e-06,2.4e-07,1e-08,0.0,0.0,0.0,0.0,0.0,0.0,0.0,0.0,0.0],"conf_yes_cr_yes_del_yes":[0.0,0.0,0.0,0.0,0.0,0.0,0.0,0.0,0.0,3.9e-07,5.358e-05,0.00306378,0.07732617,0.87855144,4.35764339,8.55706564,5.40596221,0.71688022,0.00745372,2.8e-07,0.0],"conf_yes_cr_no_del_yes":[0.01236878,0.01565622,0.01962983,0.02437525,0.02997009,0.03647562,0.04392605,0.05231657,0.06160109,0.07176317,0.08322856,0.09850305,0.1273103,0.199646,0.39201242,0.8643139,1.87207557,3.63802405,5.84012685,6.43677293,0.1801778]}}
