{"nodes":{"cr_yes":[0.0,0.0,0.0,0.0,0.0,0.0,0.0,0.0,0.0,3.2e-07,4.627e-05,0.01715914,1.75093672,11.98346509,4.19720112,1.29204313,0.7628433,0.00030572,0.0,0.0,0.0],"imm_yes_cr_yes":[0.0,0.0,0.0,0.0,1.3e-07,0.02656477,8.1726669,11.629704,0.17496026,0.00010472,1e-08,0.0,0.0,0.0,0.0,0.0,0.0,0.0,0.0,0.0,0.0],"imm_yes_cr_no":[0.0,2e-08,5.6e-07,3.09e-06,4.7e-06,0.00267155,0.64783742,8.58652463,9.57263899,1.16399381,0.02923823,0.00106631,2.137e-05,1.3e-07,0.0,0.0,0.0,0.0,0.0,0.0,0.0],"del_yes_cr_yes":[0.0,0.0,0.0,6e-08,1.659e-05,0.00043492,0.05166711,3.2429393,12.89170823,3.7307314,0.08634604,0.00015712,2e-08,0.0,0.0,0.0,0.0,0.0,0.0,0.0,0.0],"del_yes_cr_no":[1e-07,0.00023984,0.08369151,2.65583187,9.37325809,6.51959521,1.27392507,0.09361303,0.0037433,0.00010125,1.58e-06,1e-08,0.0,0.0,0.0,0.0,0.0,0.0,0.0,0.0,0.0],"conf_yes_cr_yes_del_yes":[1e-08,2e-08,1.7e-07,1.34e-06,8.87e-06,4.863e-05,0.00021912,0.00081058,0.00245593,0.0060664,0.01213029,0.01969376,0.03802082,0.3027719,2.37677412,7.5417781,7.7374048,1.90212175,0.06360077,9.324e-05,3.5e-07],"conf_yes_cr_no_del_yes":[0.85018421,0.88023577,0.90892238,0.93588197,0.96072214,0.98302084,1.0023278,1.01816677,1.03003896,1.03742771,1.03980503,1.03664098,1.02741849,1.01166283,0.98902246,0.95958186,0.92531092,0.89668427,0.918287,1.13555858,1.76438389]}}
