{"nodes":{"cr_yes":[0.0,0.0,0.0,0.0,0.0,0.0,0.0,0.0,0.0,0.0,0.0,0.0,0.0,0.0,0.00499946,17.87314464,2.12585542,1.29e-06,0.0,0.0,0.0],"imm_yes_cr_yes":[0.0,0.0,0.0,0.0,0.0,0.0,0.00168532,5.82199191,14.13394747,0.04637586,2.5e-07,0.0,0.0,0.0,0.0,0.0,0.0,0.0,0.0,0.0,0.0],"imm_yes_cr_no":[0.0,0.0,0.0,0.0,0.0,1e-08,1.44e-06,4.547e-05,0.00043324,0.00138675,0.03061087,1.29030449,8.7312582,8.78183783,1.15269269,0.01541597,1.383e-05,0.0,0.0,0.0,0.0],"del_yes_cr_yes":[0.0,0.0,0.0,0.0,0.0,0.0,1.8e-07,0.00512756,1.89764277,15.00268689,3.08260544,0.01593628,1.68e-06,0.0,0.0,0.0,0.0,0.0,0.0,0.0,0.0],"del_yes_cr_no":[0.00168499,0.00108203,0.00059932,0.00029243,0.00034932,0.0034996,0.02661774,0.11260588,0.27856611,0.53528987,1.53548109,4.29042332,6.58691175,4.8699313,1.56563032,0.18876599,0.00704478,6.727e-05,1.9e-07,0.0,0.0],"conf_yes_cr_yes_del_yes":[0.0,0.0,0.0,0.0,0.0,0.0,0.0,0.0,0.0,0.0,3e-08,5.554e-05,0.01718605,0.94918644,8.50199818,9.67439228,0.85891232,0.00226991,3e-08,0.0,0.0],"conf_yes_cr_no_del_yes":[1.34e-06,4.23e-06,2.543e-05,0.00014042,0.00064647,0.00248336,0.0080149,0.02184632,0.05047881,0.10005829,0.18368752,0.39929627,1.14070699,2.9884428,5.32676906,5.62929072,3.17397443,0.85920392,0.11146308,0.0074078,0.00011868]}}
