{"nodes":{"cr_yes":[0.0,0.0,0.0,0.0,0.0,0.0,0.0,0.0,0.0,0.0,0.0,0.0,0.0,0.0,0.00282012,16.48434687,3.51683305,7.6e-07,0.0,0.0,0.0],"imm_yes_cr_yes":[0.0,0.0,0.0,0.0,0.0,0.0,1.27e-06,0.21742717,18.10639205,1.6799378,0.00024251,0.0,0.0,0.0,0.0,0.0,0.0,0.0,0.0,0.0,0.0],"imm_yes_cr_no":[0.0,0.0,0.0,0.0,0.0,0.0,0.0,3.2e-06,0.00697048,0.92645906,9.682459,8.73663679,0.64824312,0.00322843,7.2e-07,0.0,0.0,0.0,0.0,0.0,0.0],"del_yes_cr_yes":[0.0,0.0,0.0,0.0,0.0,0.0,0.0,9.2e-07,0.01638317,3.7082825,15.07290856,1.20478706,0.00163858,3e-08,0.0,0.0,0.0,0.0,0.0,0.0,0.0],"del_yes_cr_no":[0.0,0.0,0.0,0.0,3.06e-06,0.00093208,0.05043865,0.71044619,3.32632095,6.42180776,6.16598031,2.82643405,0.47852811,0.02287732,0.000232,3.3e-07,0.0,0.0,0.0,0.0,0.0],"conf_yes_cr_yes_del_yes":[0.0,0.0,0.0,0.0,0.0,0.0,0.0,0.0,0.0,0.0,4.2e-07,0.00044494,0.07974682,2.42049382,11.19977618,6.07482426,0.22850626,0.0002081,0.0,0.0,0.0],"conf_yes_cr_no_del_yes":[0.0,0.0,0.0,0.0,0.0,0.0,0.0,0.0,0.0,0.0,2e-08,5.4e-07,9.46e-06,0.00013668,0.00176743,0.02038188,0.19324233,1.35266157,6.06081397,12.27590614,0.19816156]}}
