{"nodes":{"cr_yes":[0.0,0.0,0.0,0.0,0.0,0.0,0.0,0.0,0.0,0.0,0.0,0.0,0.0,0.0,3.593e-05,0.28774896,17.13448403,2.58160046,0.00013112,2.2e-07,1.3e-07],"imm_yes_cr_yes":[0.0,0.0,0.0,0.0,0.0,1.54e-06,0.0903463,13.1395279,6.75399481,0.02012985,4.1e-07,0.0,0.0,0.0,0.0,0.0,0.0,0.0,0.0,0.0,0.0],"imm_yes_cr_no":[0.0,0.0,0.0,9e-08,2.45e-06,4.531e-05,0.00041051,0.00177313,0.0048778,0.13829522,2.63289029,9.71335521,6.71218239,0.7853564,0.0145555,0.00025222,4.28e-06,1e-08,0.0,0.0,0.0],"del_yes_cr_yes":[0.0,0.0,0.0,0.0,0.0,3.2e-07,0.00629305,1.76814382,13.84071308,4.32605385,0.06275526,4.14e-05,0.0,0.0,0.0,0.0,0.0,0.0,0.0,0.0,0.0],"del_yes_cr_no":[3.49e-05,0.00036245,0.00205074,0.0070071,0.01814726,0.07799822,0.45962557,1.75557239,3.99083368,5.59117684,4.79958775,2.41113971,0.67681561,0.12402844,0.04158073,0.02661264,0.01416116,0.0054837,0.00150162,0.00028069,3.411e-05],"conf_yes_cr_yes_del_yes":[0.00011737,0.00013245,0.00013773,0.00013147,0.00011473,9.106e-05,6.537e-05,4.215e-05,2.423e-05,1.23e-05,5.83e-06,0.00010064,0.00952149,0.30905849,3.21840517,9.54447419,6.3310627,0.58769317,0.00286883,1e-07,2e-08],"conf_yes_cr_no_del_yes":[0.00522269,0.00990512,0.01805983,0.03167425,0.05345514,0.08681894,0.13568538,0.20398774,0.29486214,0.40960938,0.54677609,0.70216555,0.87162755,1.06078754,1.30675417,1.69787194,2.31583503,3.02290408,3.34907545,2.93989113,1.88728604]}}
