{"nodes":{"cr_yes":[0.0,0.0,0.0,0.0,0.0,0.0,0.0,0.0,0.0,0.0,0.0,0.0,0.0,0.0,5.2e-07,0.28782309,19.7052627,0.01091449,0.0,0.0,0.0],"imm_yes_cr_yes":[0.0,0.0,0.0,0.0,0.0,0.0,3.638e-05,1.3730642,18.43167971,0.19921816,2.35e-06,0.0,0.0,0.0,0.0,0.0,0.0,0.0,0.0,0.0,0.0],"imm_yes_cr_no":[0.0,0.0,0.0,0.0,0.0,0.0,0.0,1e-08,4.842e-05,0.02680725,1.52768636,10.10181043,7.73948996,0.60454517,0.00361223,9.8e-07,0.0,0.0,0.0,0.0,0.0],"del_yes_cr_yes":[0.0,0.0,0.0,0.0,0.0,0.0,0.0,0.00088512,1.11507879,15.62458746,3.25309814,0.01035088,4e-07,0.0,0.0,0.0,0.0,0.0,0.0,0.0,0.0],"del_yes_cr_no":[0.0,0.0,0.0,0.0,2e-07,5.402e-05,0.00657919,0.19396436,1.75815018,5.69957996,7.22471593,3.87924517,1.04934172,0.17705822,0.01493517,0.00037505,1.65e-06,0.0,0.0,0.0,0.0],"conf_yes_cr_yes_del_yes":[0.0,0.0,0.0,0.0,0.0,0.0,0.0,0.0,0.0,0.0,2.41e-06,0.00180779,0.21868521,4.26706495,11.89726682,3.554641,0.06450976,2.286e-05,0.0,0.0,0.0],"conf_yes_cr_no_del_yes":[0.0,0.0,0.0,0.0,0.0,0.0,1e-08,3e-08,7e-08,1.6e-07,4.4e-07,4.24e-06,7.924e-05,0.00112614,0.01117903,0.07941813,0.42362307,1.80962682,6.10681393,11.47114478,0.20196939]}}
