{"nodes":{"cr_yes":[0.0,0.0,0.0,0.0,0.0,0.0,0.0,0.0,0.0,0.0,0.0,0.0,1e-08,0.03166291,19.07152942,0.90080801,4.4e-07,0.0,0.0,0.0,0.0],"imm_yes_cr_yes":[0.0,0.0,0.0,0.0,0.0,0.0,1.23e-05,0.31201086,16.39638627,3.29232721,0.00326415,2e-08,0.0,0.0,0.0,0.0,0.0,0.0,0.0,0.0,0.0],"imm_yes_cr_no":[0.0,0.0,0.0,0.0,0.0,1.2e-07,0.000305,0.33803899,9.38166826,9.8137228,0.46923633,0.00102919,1e-07,0.0,0.0,0.0,0.0,0.0,0.0,0.0,0.0],"del_yes_cr_yes":[0.0,0.0,0.0,0.0,0.0,0.0,0.0,0.0,5.3e-07,0.0005835,0.1446943,6.41036275,12.71774191,0.72982136,0.00079642,1e-08,0.0,0.0,0.0,0.0,0.0],"del_yes_cr_no":[6.06e-06,6.237e-05,0.00014157,0.00819351,0.83549228,8.01192971,9.45899084,1.63723096,0.05121305,0.00060908,8.015e-05,3.749e-05,1.307e-05,3.12e-06,5.1e-07,6e-08,0.0,0.0,0.0,0.0,0.0],"conf_yes_cr_yes_del_yes":[0.0,0.0,0.0,0.0,0.0,0.0,0.0,0.0,0.0,0.0,0.0,6.93e-06,0.00379943,0.36978792,5.81756039,11.81505057,1.98609054,0.01170458,4.4e-07,0.0,0.0],"conf_yes_cr_no_del_yes":[0.00010404,0.00020826,0.00040982,0.00079289,0.00150819,0.00282037,0.00518446,0.00936605,0.01662366,0.02897515,0.0495685,0.08316599,0.13672083,0.2199655,0.345879,0.5318132,0.8164858,1.43951584,3.87931521,10.76738504,3.33649004]}}
