{"nodes":{"cr_yes":[0.0,0.0,0.0,0.0,0.0,0.0,0.0,0.0,0.0,0.0,0.0,0.0,0.0,3.5e-07,0.20668888,19.75206261,0.04524896,0.0,0.0,0.0,0.0],"imm_yes_cr_yes":[0.0,0.0,0.0,0.0,0.0,0.0,0.0,2e-08,0.00870337,6.29977404,13.5900839,0.1054369,2.57e-06,0.0,0.0,0.0,0.0,0.0,0.0,0.0,0.0],"imm_yes_cr_no":[0.0,0.0,0.0,0.0,0.0,0.0,0.0,0.0,1.1e-07,2.684e-05,0.00211392,0.12751491,3.24944826,11.95919453,4.54094973,0.12461562,0.00013689,0.0,0.0,0.0,0.0],"del_yes_cr_yes":[0.0,0.0,0.0,0.0,0.0,0.0,0.0,3.13e-06,0.01221179,1.83711824,13.23648838,4.83654387,0.08158653,4.887e-05,0.0,0.0,0.0,0.0,0.0,0.0,0.0],"del_yes_cr_no":[0.00205048,0.96042825,4.71016155,5.45224409,2.79202209,0.80687801,0.17871944,0.17132473,0.46368933,0.93971773,1.2934721,1.19027924,0.71294613,0.266128,0.05794524,0.0066648,0.00034828,6.52e-06,3e-08,0.0,0.0],"conf_yes_cr_yes_del_yes":[0.0,0.0,0.0,0.0,0.0,0.0,0.0,0.0,0.0,0.0,2.4e-07,0.00019846,0.03386304,1.22314644,8.55971987,9.22332233,0.96000632,0.00374404,6e-08,0.0,0.0],"conf_yes_cr_no_del_yes":[0.0,0.0,0.0,0.0,0.0,1e-08,5.8e-07,1.497e-05,0.00023702,0.00246677,0.01777426,0.09233876,0.35835226,1.07313518,2.52765679,4.58134376,5.81519836,4.25649322,1.2265532,0.05243017,1.101e-05]}}
