{"nodes":{"cr_yes":[0.0,0.0,0.0,0.0,7.7e-07,0.00040628,0.04841482,1.29466863,7.53292796,9.01439797,2.03552066,0.07670683,0.00040689,2.4e-07,0.0,5.6e-06,0.00052326,2.087e-05,0.0,0.0,0.0],"imm_yes_cr_yes":[0.0,0.0,0.0,0.0,0.0,0.0,0.0,0.0,0.0,4.84e-06,0.08560755,10.78106621,9.10123374,0.03608813,3.2e-07,0.0,0.0,0.0,0.0,0.0,0.0],"imm_yes_cr_no":[0.0,0.0,0.0,0.0,0.0,0.0,0.0,0.0,0.0,2e-08,3.375e-05,0.01131795,0.72178531,7.41884899,10.32234717,1.513619,0.01601862,2.991e-05,7e-08,0.0,0.0],"del_yes_cr_yes":[0.0,0.0,0.0,0.0,0.0,0.0,4.106e-05,0.0488082,3.02380405,12.76239479,4.07375757,0.095059,0.00013613,1e-08,0.0,0.0,0.0,0.0,0.0,0.0,0.0],"del_yes_cr_no":[0.0,6.07e-06,0.00020458,0.0011919,0.0030542,0.01066439,0.06781886,0.3330584,1.0855619,2.42600672,3.84803883,4.43728442,3.77532995,2.3868557,1.12148574,0.38904743,0.09829775,0.0177041,0.00220361,0.00018157,9.34e-06],"conf_yes_cr_yes_del_yes":[0.0,0.0,0.0,0.0,0.0,0.0,0.0,0.0,0.0,0.0,2e-08,1.67e-05,0.00349401,0.20237821,3.08833991,10.60235006,5.84853586,0.25870247,0.00018356,0.0,0.0],"conf_yes_cr_no_del_yes":[0.0,0.0,0.0,2e-08,8e-08,3.3e-07,1.25e-06,4.36e-06,1.417e-05,4.492e-05,0.00015625,0.00067909,0.00351148,0.0182381,0.08526099,0.34312219,1.16106123,3.20017901,6.67816937,8.39912025,0.22887547]}}
