{"nodes":{"cr_yes":[0.0,0.0,0.0,0.0,0.0,0.0,0.0,0.0,0.0,0.0,0.0,0.0,0.0,0.0,0.00016833,2.82625951,17.17367318,0.00389978,0.0,0.0,0.0],"imm_yes_cr_yes":[0.0,0.0,0.0,0.0,0.0,0.0,0.0,0.0,0.0,1.5e-07,0.0151234,6.89420459,13.02612324,0.06854897,4.4e-07,0.0,0.0,0.0,0.0,0.0,0.0],"imm_yes_cr_no":[0.0,0.0,0.0,0.0,0.0,0.0,0.0,1e-08,1.203e-05,0.00929223,1.06011665,10.26150071,8.05950262,0.57617524,0.03713581,0.00026548,2e-08,0.0,0.0,0.0,0.0],"del_yes_cr_yes":[0.0,0.0,0.0,0.0,0.0,0.0,4.35e-06,0.02265455,2.938167,14.06653677,2.94980892,0.02682045,8.75e-06,0.0,0.0,0.0,0.0,0.0,0.0,0.0,0.0],"del_yes_cr_no":[5.93e-06,0.07113172,2.09206863,7.48360601,7.26607699,2.63986561,0.4188301,0.03127016,0.00112889,1.956e-05,1.6e-07,0.0,0.0,0.0,0.0,0.0,0.0,0.0,0.0,0.0,0.0],"conf_yes_cr_yes_del_yes":[0.0,0.0,0.0,0.0,0.0,0.0,0.0,0.0,0.0,0.0,1e-08,6.98e-06,0.00174148,0.12156647,2.27619525,9.87720154,7.25455383,0.47211629,0.00061896,0.0,0.0],"conf_yes_cr_no_del_yes":[2.19e-06,6.88e-06,2.029e-05,5.627e-05,0.0001476,0.00036754,0.00087167,0.00197419,0.0042793,0.00889403,0.01775991,0.03420367,0.06416071,0.11998377,0.23319453,0.49162797,1.12130785,2.5792453,5.33935202,8.25804526,3.45700188]}}
