{"nodes":{"cr_yes":[0.0,0.0,0.0,0.0,0.0,0.0,0.0,0.0,0.0,0.0,0.0,1e-08,0.00300594,3.86698682,16.03296938,0.10103841,2.5e-07,0.0,0.0,0.0,0.0],"imm_yes_cr_yes":[0.0,0.0,0.0,0.0,0.0,0.0,0.0,0.0,0.0,4.93e-06,0.06519251,8.57413463,11.25333574,0.1113286,4.38e-06,0.0,0.0,0.0,0.0,0.0,0.0],"imm_yes_cr_no":[0.0,0.0,0.0,0.0,0.0,0.0,0.0,0.0,3e-08,0.00048801,0.3154821,8.76139496,10.48301959,0.44319584,0.00042026,0.0,0.0,0.0,0.0,0.0,0.0],"del_yes_cr_yes":[0.0,3.6e-07,0.09397994,7.9131995,10.96206817,1.02265066,0.0120778,2.436e-05,1e-08,0.0,0.0,0.0,0.0,0.0,0.0,0.0,0.0,0.0,0.0,0.0,0.0],"del_yes_cr_no":[24.83459501,5.90975996,1.32643684,0.28090916,0.05642431,0.01079058,0.00197002,0.00034401,5.753e-05,9.22e-06,1.42e-06,2.1e-07,3e-08,0.0,0.0,0.0,0.0,0.0,0.0,0.0,0.0],"conf_yes_cr_yes_del_yes":[1.386e-05,8.069e-05,0.00038474,0.00151012,0.00498439,0.01409581,0.03471874,0.07617899,0.1563602,0.32558674,0.71539704,1.53272303,2.82687459,4.10065822,4.40994692,3.34213591,1.70102131,0.5777006,0.14974748,0.03204671,0.00368329],"conf_yes_cr_no_del_yes":[0.25507473,0.28367719,0.31971447,0.36318659,0.41409354,0.47243531,0.53821192,0.61142336,0.69206962,0.78015072,0.87566664,0.9786174,1.08900298,1.2068234,1.33207864,1.46476871,1.60489362,1.75245335,1.90744791,2.0698773,2.23974153]}}
