{"nodes":{"cr_yes":[0.0,0.0,0.0,0.0,0.0,0.0,0.0,0.0,0.0,0.0,0.0,0.0,0.0,0.0,0.00247237,6.39719819,13.60207628,0.00225396,0.0,0.0,0.0],"imm_yes_cr_yes":[0.0,0.0,0.0,0.0,0.0,0.0,0.00028101,1.39173942,17.54101602,1.07055739,0.00040695,0.0,0.0,0.0,0.0,0.0,0.0,0.0,0.0,0.0,0.0],"imm_yes_cr_no":[0.0,0.0,0.0,0.0,0.0,0.0,0.0,1.1e-07,0.00016835,0.03482684,1.2003144,7.67366547,9.17173167,1.86977562,0.05334543,0.00017283,8e-08,0.0,0.0,0.0,0.0],"del_yes_cr_yes":[0.0,0.0,0.0,0.0,0.0,0.0,0.00011968,0.19858923,7.7903101,11.27900475,0.73382878,0.00214804,2.3e-07,0.0,0.0,0.0,0.0,0.0,0.0,0.0,0.0],"del_yes_cr_no":[0.0,0.0,0.0,0.0,3e-08,1.035e-05,0.00087974,0.02522682,0.29989867,1.66890053,4.6460621,6.63381684,4.79816257,1.66714439,0.25025053,0.01346102,0.00018683,3.6e-07,0.0,0.0,0.0],"conf_yes_cr_yes_del_yes":[0.0,0.0,0.0,0.0,0.0,0.0,0.0,0.0,0.0,0.0,6.8e-07,0.00021698,0.02044683,0.58853417,4.92842038,10.34342978,3.97564627,0.14718561,0.0001201,0.0,0.0],"conf_yes_cr_no_del_yes":[0.0,0.0,0.0,0.0,0.0,0.0,0.0,0.0,0.0,9e-08,2.95e-06,6.223e-05,0.00091585,0.00970399,0.07517017,0.42468246,1.7049862,4.57045964,7.27226719,5.82842593,0.23464816]}}
