{"nodes":{"cr_yes":[0.0,0.0,0.0,0.0,0.0,0.0,0.0,0.0,0.0,0.0,0.0,0.0,0.0,0.0,2.411e-05,2.02566971,17.97727729,0.00102969,0.0,0.0,0.0],"imm_yes_cr_yes":[0.0,0.0,0.0,0.0,0.0,0.0,0.0,0.0,0.0,0.0025493,4.01793964,15.84995674,0.1335536,1.51e-06,0.0,0.0,0.0,0.0,0.0,0.0,0.0],"imm_yes_cr_no":[0.0,0.0,0.0,0.0,0.0,0.0,0.0,0.0,0.0,2.539e-05,0.02097932,1.57212275,11.19543687,6.92616842,0.28877128,0.00049674,2e-08,0.0,0.0,0.0,0.0],"del_yes_cr_yes":[0.0,0.0,0.0,1.518e-05,0.00442144,0.00329885,3.115e-05,0.00413461,0.62260148,7.88566335,10.05338021,1.40850321,0.02191575,3.558e-05,1e-08,0.0,0.0,0.0,0.0,0.0,0.0],"del_yes_cr_no":[0.0,0.0,0.0,0.0,0.0,1e-08,9.87e-06,0.00173853,0.07566371,1.01398824,4.72876216,8.078235,5.00253512,1.04046137,0.06182317,0.00078239,1.24e-06,0.0,0.0,0.0,0.0],"conf_yes_cr_yes_del_yes":[0.0,0.0,0.0,0.0,0.0,0.0,0.0,0.0,0.0,0.0,6e-07,0.00037383,0.05058819,1.4986157,8.93835358,8.63903401,0.87320631,0.00382849,1e-07,0.0,0.0],"conf_yes_cr_no_del_yes":[0.0,0.0,0.0,0.0,0.0,1e-08,1.6e-07,1.67e-06,1.412e-05,0.00012114,0.00123162,0.01194057,0.0890379,0.47338905,1.74218981,4.27641193,6.50320839,5.25608227,1.58825946,0.06210363,1.816e-05]}}
