{"nodes":{"cr_yes":[0.0,0.0,0.0,0.0,0.0,0.0,0.0,0.0,0.0,0.0,0.0,1.309e-05,0.00685516,0.27854883,1.32119364,17.72538468,0.67199792,7.49e-06,0.0,0.0,0.0],"imm_yes_cr_yes":[0.0,0.0,0.0,0.0,0.0,0.0,1e-08,0.01029865,8.44653543,11.50953727,0.03762915,2.9e-07,0.0,0.0,0.0,0.0,0.0,0.0,0.0,0.0,0.0],"imm_yes_cr_no":[0.0,0.0,0.0,0.0,0.0,1e-08,8e-08,2.435e-05,0.00356464,0.12332391,1.46559383,6.40029231,8.81187325,3.05524671,0.14357323,0.0005084,7e-08,0.0,0.0,0.0,0.0],"del_yes_cr_yes":[0.0,0.0,0.0,0.0,0.0,0.0,0.0,0.0,3.377e-05,0.06777833,4.82784905,13.66444204,1.43953454,0.00436284,2.3e-07,0.0,0.0,0.0,0.0,0.0,0.0],"del_yes_cr_no":[1.52e-06,4.914e-05,0.00096097,0.01085557,0.07479218,0.32751681,0.93808187,1.78990131,2.31515579,2.27091055,2.67446241,3.75805092,3.26725526,1.63072173,0.6871346,0.22195551,0.03414528,0.00189173,4.412e-05,5.006e-05,0.00012846],"conf_yes_cr_yes_del_yes":[2e-08,3e-08,3e-08,4e-08,3e-08,3e-08,2e-08,1e-08,1e-08,4e-08,1.96e-06,4.885e-05,0.00097599,0.04789049,1.30146061,8.32001199,9.21107233,1.11636475,0.00617324,3.4e-07,0.0],"conf_yes_cr_no_del_yes":[0.04964695,0.03756003,0.02747481,0.01939609,0.01320313,0.00875292,0.00617044,0.00663271,0.01403441,0.03768827,0.0995595,0.27660143,0.84551195,2.33213383,4.61718133,5.71940631,4.03477175,1.50929457,0.30681249,0.05434899,0.02528476]}}
