{"nodes":{"cr_yes":[0.0,0.0,0.0,0.0,0.0,0.0,0.0,0.0,0.0,0.0,0.0,0.0,0.0,0.00149876,2.94361322,16.98143051,0.07745829,2e-08,0.0,0.0,0.0],"imm_yes_cr_yes":[0.0,0.0,0.0,0.0,0.0,0.0,1.05e-06,0.00663925,0.41163985,9.65096666,9.79590457,0.1388261,2.331e-05,0.0,0.0,0.0,0.0,0.0,0.0,0.0,0.0],"imm_yes_cr_no":[0.0,0.0,0.0,0.0,0.0,0.0,0.0,0.0,0.0,1.4e-07,1.481e-05,0.00138552,0.0799726,1.09525305,3.62324065,7.66911241,7.01339655,0.52110244,0.00052263,0.0,0.0],"del_yes_cr_yes":[0.0,0.0,0.0,0.0,0.0,0.0,1.8e-07,0.00223313,0.73931704,10.58271142,8.30381769,0.37506176,0.00085952,7e-08,0.0,0.0,0.0,0.0,0.0,0.0,0.0],"del_yes_cr_no":[0.0,0.0,2.72e-06,0.00047101,0.01667992,0.20386255,1.12512957,3.26012236,5.40329635,5.35493324,3.21727265,1.15635555,0.23842914,0.02608972,0.0013304,2.549e-05,1.3e-07,0.0,0.0,0.0,0.0],"conf_yes_cr_yes_del_yes":[0.0,0.0,0.0,0.0,0.0,0.0,0.0,0.0,0.0,0.0,1.18e-06,0.00027743,0.02107773,0.53348414,4.32858535,9.91751237,4.90107154,0.30133168,0.00065937,0.0,0.0],"conf_yes_cr_no_del_yes":[0.0,0.0,0.0,0.0,0.0,0.0,0.0,1.3e-07,3.03e-06,4.608e-05,0.00049231,0.00389724,0.02371279,0.11349547,0.43210556,1.30636378,3.07695258,5.37782258,6.22021447,3.43516724,0.02745508]}}
