{"nodes":{"cr_yes":[0.0,0.0,0.0,0.0,0.0,0.0,0.0,0.0,0.0,0.0,0.0,0.0,0.0,0.00097169,6.41922129,13.58232629,0.00148153,0.0,0.0,0.0,0.0],"imm_yes_cr_yes":[0.0,0.0,0.0,0.0,0.0,0.0,0.0,4.44e-06,0.24869656,17.3401564,2.41441414,0.00072926,0.0,0.0,0.0,0.0,0.0,0.0,0.0,0.0,0.0],"imm_yes_cr_no":[0.0,0.0,0.0,0.0,0.0,0.0,0.0,0.0,3.69e-06,0.0054271,0.67912219,8.30619398,9.97672863,1.0297975,0.00672612,1.58e-06,0.0,0.0,0.0,0.0,0.0],"del_yes_cr_yes":[0.0,0.0,0.0,0.0,0.0,0.0,0.0,0.0,1e-08,0.0002431,0.26347377,9.185117,10.26126796,0.29376888,0.00013008,0.0,0.0,0.0,0.0,0.0,0.0],"del_yes_cr_no":[0.0,0.0,0.0,0.0,0.0,4.7e-07,0.00015763,0.01073761,0.23521787,1.98563147,6.44182908,7.69365508,3.20038381,0.42144717,0.01483604,0.00010447,9e-08,0.0,0.0,0.0,0.0],"conf_yes_cr_yes_del_yes":[0.0,0.0,0.0,0.0,0.0,0.0,0.0,0.0,0.0,0.0,5.6e-07,0.00060966,0.10699697,2.99915733,11.85627864,4.92110897,0.1197953,5.338e-05,0.0,0.0,0.0],"conf_yes_cr_no_del_yes":[0.0,0.0,0.0,0.0,0.0,0.0,0.0,0.0,0.0,2e-08,1.11e-06,3.857e-05,0.00080799,0.01063173,0.09007107,0.49768947,1.81281891,4.43227715,7.16078261,5.82557349,0.34661736]}}
