{"nodes":{"cr_yes":[0.0,0.0,0.0,0.0,0.0,0.0,0.0,0.0,0.0,0.0,0.0,0.0,0.0,5e-08,0.01068533,8.78551802,11.20482469,0.00297271,0.0,0.0,0.0],"imm_yes_cr_yes":[0.0,0.0,0.0,0.0,0.0,0.0,0.0,0.0,0.0,0.0,8.998e-05,0.47095091,16.49088513,3.04050336,0.00157142,0.0,0.0,0.0,0.0,0.0,0.0],"imm_yes_cr_no":[0.0,0.0,0.0,0.0,0.0,0.0,0.0,0.0,3.5e-07,0.00028737,0.04166218,1.21951186,7.49935691,9.23523397,1.95527011,0.05257436,0.00010365,3e-08,0.0,0.0,0.0],"del_yes_cr_yes":[0.0,1e-08,0.09006797,12.12237793,7.63565011,0.15567258,0.00023215,4e-08,0.0,0.0,0.0,0.0,0.0,0.0,0.0,0.0,0.0,0.0,0.0,0.0,0.0],"del_yes_cr_no":[5.52e-06,0.00082157,0.01138908,0.05547407,0.20175338,1.11121427,3.95580483,6.56004365,5.32555559,2.23198585,0.49119022,0.05563567,0.00305619,7.304e-05,6.3e-07,0.0,0.0,0.0,0.0,0.0,0.0],"conf_yes_cr_yes_del_yes":[0.0,0.0,0.0,0.0,0.0,0.0,0.0,0.0,0.0,2.4e-07,3.849e-05,0.0025053,0.0701331,0.8599295,4.45861602,8.7811002,5.23613254,0.59131331,0.00423204,6e-08,0.0],"conf_yes_cr_no_del_yes":[0.0,0.0,0.0,0.0,0.0,1e-08,2.8e-07,3.79e-06,3.683e-05,0.0002714,0.00158883,0.0076554,0.0311457,0.10890882,0.33085693,0.87638737,2.01268891,3.92335357,6.13390854,6.42213014,0.31012859]}}
