{"nodes":{"cr_yes":[0.0,0.0,0.0,0.0,0.0,0.0,0.0,0.0,0.0,0.0,0.0,0.0,2.902e-05,0.07053835,6.20782725,13.36924848,0.35632224,3.546e-05,0.0,0.0,0.0],"imm_yes_cr_yes":[0.0,0.0,0.0,0.0,0.0,0.0,1.21e-05,0.16837134,11.95184933,7.82231639,0.06144582,5.81e-06,0.0,0.0,0.0,0.0,0.0,0.0,0.0,0.0,0.0],"imm_yes_cr_no":[0.0,0.0,0.0,0.0,0.0,0.0,0.0,0.0,4.57e-06,0.00201119,0.15931104,2.52945856,8.23541744,5.59778759,2.56176737,0.89640521,0.02182887,8.96e-06,0.0,0.0,0.0],"del_yes_cr_yes":[0.0,0.0,0.0,0.00049321,0.3585189,7.31587232,10.31832282,1.95595367,0.05467218,0.00016765,5e-08,0.0,0.0,0.0,0.0,0.0,0.0,0.0,0.0,0.0,0.0],"del_yes_cr_no":[0.28511944,7.2073966,6.98646536,3.96654585,1.35942703,0.29505918,0.04217819,0.00406899,0.00028102,1.742e-05,1.33e-06,1.1e-07,1e-08,0.0,0.0,0.0,0.0,0.0,0.0,0.0,0.0],"conf_yes_cr_yes_del_yes":[0.0,0.0,0.0,0.0,0.0,0.0,0.0,0.0,0.0,2.9e-07,4.087e-05,0.00237538,0.06183671,0.73637477,3.90044813,8.37409454,5.97485922,0.94119051,0.01277959,8e-07,0.0],"conf_yes_cr_no_del_yes":[6.1e-07,2.77e-06,1.116e-05,4.035e-05,0.00013268,0.0004011,0.00112432,0.00294241,0.00723082,0.0167709,0.03689846,0.0774522,0.1561847,0.3049587,0.58061776,1.08035114,1.94872755,3.3232105,5.07414622,6.0634229,2.65874772]}}
