{"nodes":{"cr_yes":[0.0,0.0,0.0,0.0,0.0,0.0,0.0,0.0,0.0,0.0,0.0,0.0,0.0,0.0,0.00672421,18.72753577,1.26974078,5e-08,0.0,0.0,0.0],"imm_yes_cr_yes":[0.0,0.0,0.0,0.0,0.0,0.0,0.0,0.0,1.848e-05,0.38415525,17.44400717,2.17515351,0.00066639,0.0,0.0,0.0,0.0,0.0,0.0,0.0,0.0],"imm_yes_cr_no":[0.0,0.0,0.0,0.0,0.0,0.0,0.0,0.0,3e-08,0.00017887,0.07910008,3.22845552,12.5141519,4.09789644,0.08415651,6.144e-05,0.0,0.0,0.0,0.0,0.0],"del_yes_cr_yes":[0.0,0.0,0.0,0.0,0.0,0.0,0.0,0.0,1.19e-06,0.01142388,2.5246306,15.13055959,2.330474,0.00691132,2.2e-07,0.0,0.0,0.0,0.0,0.0,0.0],"del_yes_cr_no":[0.0,0.0,0.0,0.0,1e-08,3.76e-06,0.0004766,0.01834786,0.26803869,1.69491049,4.98207832,6.98075591,4.58341924,1.32285135,0.14794891,0.00513245,3.72e-05,3e-08,0.0,0.0,0.0],"conf_yes_cr_yes_del_yes":[0.0,0.0,0.0,0.0,0.0,0.0,0.0,0.0,0.0,0.0,2.9e-07,0.00035888,0.0728864,2.40077778,11.41909912,5.91940293,0.19134932,0.00012608,0.0,0.0,0.0],"conf_yes_cr_no_del_yes":[0.0,0.0,0.0,0.0,0.0,0.0,0.0,1e-08,7.9e-07,2.432e-05,0.0004572,0.0056366,0.04756572,0.28092935,1.16343794,3.3018491,6.04215961,6.2443779,2.6978342,0.21960203,0.00025205]}}
