{"nodes":{"cr_yes":[0.0,0.0,0.0,0.0,0.0,0.0,0.0,0.0,0.0,0.0,0.0,0.0,0.0,1.5e-07,0.01644418,9.2366028,10.74628013,0.00467354,0.0,0.0,0.0],"imm_yes_cr_yes":[0.0,0.0,0.0,0.0,0.0,0.0,1.526e-05,0.33592296,16.20130447,3.46235877,0.00439931,3e-08,0.0,0.0,0.0,0.0,0.0,0.0,0.0,0.0,0.0],"imm_yes_cr_no":[0.0,0.0,0.0,0.0,0.0,0.0,0.0,3e-08,2.483e-05,0.00482254,0.22637184,2.75665181,8.79389034,6.96770354,1.21097439,0.0422977,0.00123286,3.083e-05,9e-08,0.0,0.0],"del_yes_cr_yes":[0.0,0.0,0.0,0.0,0.0,0.0,1.1e-07,0.00176478,0.67906186,10.46236191,8.45142223,0.40818412,0.0012056,1.9e-07,0.0,0.0,0.0,0.0,0.0,0.0,0.0],"del_yes_cr_no":[1.454e-05,4.215e-05,9.838e-05,0.00038119,0.00431194,0.03950349,0.21752836,0.75995274,1.83805119,3.28575334,4.27385987,3.71638134,2.01422446,0.79984653,0.56175404,0.69197496,0.73153632,0.57936142,0.33443757,0.13627569,0.0374371],"conf_yes_cr_yes_del_yes":[0.0,0.0,0.0,0.0,0.0,0.0,0.0,0.0,0.0,0.0,4e-08,2.474e-05,0.00414614,0.20627204,2.91043212,10.09509481,6.38360053,0.40374816,0.00068221,0.0,0.0],"conf_yes_cr_no_del_yes":[0.02044714,0.02334119,0.02698228,0.03224527,0.04065223,0.05453314,0.07701491,0.11166272,0.16161022,0.22819832,0.30995422,0.40617336,0.5397535,0.82428003,1.54207781,2.96746887,4.60496116,4.75748823,2.65685524,0.59532063,0.06640779]}}
