{"nodes":{"cr_yes":[0.0,0.0,0.0,0.0,0.0,0.0,0.0,0.0,0.0,0.0,0.0,0.0,0.0,0.0,0.0,4.6e-07,0.66266568,19.34128542,4.923e-05,0.0,0.0],"imm_yes_cr_yes":[0.0,0.0,0.0,0.0,0.0,0.0,0.00011574,0.62893148,16.21657101,3.15272006,0.00566241,9e-08,0.0,0.0,0.0,0.0,0.0,0.0,0.0,0.0,0.0],"imm_yes_cr_no":[0.0,0.0,0.0,0.0,0.0,0.0,0.0,0.0,1e-08,4.369e-05,0.02803428,1.76597108,11.29853003,6.63667755,0.27426395,0.00048021,1e-08,0.0,0.0,0.0,0.0],"del_yes_cr_yes":[0.0,0.0,0.0,3.268e-05,0.37340882,12.82339621,6.6872645,0.11967432,0.00020036,2.364e-05,2.6e-07,0.0,0.0,0.0,0.0,0.0,0.0,0.0,0.0,0.0,0.0],"del_yes_cr_no":[0.00880406,6.10072681,7.37099311,2.60251965,1.71354034,1.13447192,0.45523344,0.18077135,0.1547443,0.14370756,0.09189711,0.03845205,0.0104808,0.00184195,0.0002041,1.374e-05,5.3e-07,1e-08,0.0,0.0,0.0],"conf_yes_cr_yes_del_yes":[0.0,0.0,0.0,0.0,0.0,0.0,0.0,0.0,0.0,0.0,4e-08,2.591e-05,0.00447649,0.22398364,3.10399492,10.30797337,6.03172797,0.33141112,0.00040735,0.0,0.0],"conf_yes_cr_no_del_yes":[0.0,0.0,0.0,0.0,0.0,0.0,1e-08,6e-08,4.2e-07,3.08e-06,2.567e-05,0.00021351,0.00158091,0.00996235,0.05292192,0.23666564,0.88551987,2.7130295,6.40930826,9.60145272,0.18663376]}}
