{"nodes":{"cr_yes":[0.0,0.0,0.0,0.0,0.0,0.0,0.0,0.0,0.0,0.0,0.0,0.0,1e-08,0.00152741,2.08746245,15.72468034,2.19029594,3.466e-05,0.0,0.0,0.0],"imm_yes_cr_yes":[0.0,0.0,0.0,0.0,0.0,0.0,0.0,0.0,0.0,0.0,3e-08,0.00734963,6.10362961,13.8468908,0.04613065,7e-08,0.0,0.0,0.0,0.0,0.0],"imm_yes_cr_no":[0.0,0.0,0.0,0.0,0.0,0.0,0.0,0.0,0.0,0.0,0.0,1e-08,3.597e-05,0.02172637,2.56341468,15.23224009,2.16864421,0.017935,4.46e-06,0.0,0.0],"del_yes_cr_yes":[0.0,0.0,0.0,6e-08,0.00273442,0.95778859,10.70796248,7.7933354,0.53798342,0.00419263,3.8e-06,0.0,0.0,0.0,0.0,0.0,0.0,0.0,0.0,0.0,0.0],"del_yes_cr_no":[1.11839639,9.43023675,6.64659069,1.38920255,0.67236789,0.47366904,0.32359563,0.20984992,0.12975268,0.07680934,0.04367721,0.02392356,0.01265033,0.00646975,0.00320514,0.00154003,0.00071844,0.00032568,0.00014356,6.157e-05,2.57e-05],"conf_yes_cr_yes_del_yes":[1e-08,1e-08,0.0,0.0,0.0,0.0,1e-08,1e-07,9e-07,8.02e-06,0.00016818,0.00447438,0.07263259,0.6443639,3.0178337,6.95779457,6.85739701,2.2435133,0.19642834,0.00935645,5.87e-05],"conf_yes_cr_no_del_yes":[0.25127261,0.27771983,0.31345966,0.36568005,0.44164129,0.5467402,0.68307,0.84847586,1.03610614,1.23445928,1.42792643,1.59782975,1.72395637,1.78658802,1.76902644,1.66061437,1.46025226,1.18041068,0.85163843,0.52756626,0.29040638]}}
