{"nodes":{"cr_yes":[0.0,0.0,0.0,0.0,0.0,0.0,0.0,0.0,0.0,0.0,0.0,0.0,0.0,4.65e-06,0.84495234,19.15145472,0.00758909,0.0,0.0,0.0,0.0],"imm_yes_cr_yes":[0.0,0.0,0.0,0.0,0.0,0.0,0.0,0.0,0.0,0.0,1e-08,0.00843224,9.0784415,10.91034303,0.00678402,0.0,0.0,0.0,0.0,0.0,0.0],"imm_yes_cr_no":[0.0,0.0,0.0,0.0,0.0,0.0,0.0,0.0,0.0,0.0,0.0,1e-07,0.00027475,0.09868445,4.01865801,13.73973016,2.14224489,0.00440842,1e-08,0.0,0.0],"del_yes_cr_yes":[0.0,0.0,0.0,0.00030268,1.49219836,16.33551383,2.16792382,0.00806061,1.27e-06,0.0,9e-08,1.4e-07,1e-08,0.0,0.0,0.0,0.0,0.0,0.0,0.0,0.0],"del_yes_cr_no":[0.00116229,0.05464097,0.01961868,0.00147469,5.057e-05,0.00075702,0.02189469,0.22348962,0.96379784,2.25991207,4.06080522,5.63379949,4.56439724,1.83557187,0.33684322,0.02565877,0.00070218,5.5e-06,1e-08,0.0,0.0],"conf_yes_cr_yes_del_yes":[0.0,0.0,0.0,0.0,0.0,0.0,0.0,0.0,0.0,0.0,2.92e-06,0.00142436,0.14183231,2.88848171,10.84861503,5.84829908,0.27493127,0.00041411,0.0,0.0,0.0],"conf_yes_cr_no_del_yes":[0.0,0.0,0.0,0.0,0.0,0.0,0.0,0.0,3.1e-07,1.246e-05,0.00029027,0.00427943,0.04176719,0.2760104,1.23459566,3.63239859,6.53597281,6.13626877,2.06646645,0.07593845,0.0]}}
