{"nodes":{"cr_yes":[0.0,0.0,0.0,0.0,0.0,0.0,0.0,3e-08,2.34e-06,4.55e-05,0.00023367,0.00029327,8.12e-05,4.83e-06,0.04333608,13.71756005,6.23661742,0.00080595,0.00037223,0.00458599,0.00012449],"imm_yes_cr_yes":[0.0,0.0,0.0,0.0,0.0,0.0,1.6e-07,0.03242006,10.29712433,9.64385113,0.03060484,2.9e-07,0.0,0.0,0.0,0.0,0.0,0.0,0.0,0.0,0.0],"imm_yes_cr_no":[0.0,0.0,0.0,0.0,2.1e-07,7.3e-06,0.00011269,0.00079004,0.0025364,0.00467659,0.08345185,1.80306639,9.46673191,7.93773095,0.70106376,0.00383212,5.9e-07,0.0,0.0,0.0,0.0],"del_yes_cr_yes":[0.0,0.0,0.0,0.0,0.0,0.0,0.0,0.0,0.00011881,0.19498691,8.51605786,10.92253253,0.37006501,0.00023969,0.0,0.0,0.0,0.0,0.0,0.0,0.0],"del_yes_cr_no":[0.00383389,0.01649714,0.05583235,0.15013192,0.32295893,0.55810906,0.77824151,0.8947587,0.93738232,1.11017331,1.52029953,1.88549927,2.17524437,3.03918559,3.64044098,2.28946885,0.58135654,0.04577898,0.00072354,9.9e-07,0.0],"conf_yes_cr_yes_del_yes":[0.0,0.0,0.0,0.0,0.0,0.0,0.0,0.0,0.0,2e-08,2.7e-07,8.52e-06,0.00220094,0.18240974,3.31355308,11.18923239,5.14148149,0.17498861,0.00012574,0.0,0.0],"conf_yes_cr_no_del_yes":[0.00319159,0.00197983,0.00120554,0.00079429,0.00087572,0.0021198,0.00643891,0.01796776,0.04351811,0.09095197,0.16641407,0.28848255,0.56587488,1.27917006,2.58872418,3.9271546,4.31743893,3.53550905,2.18121711,0.89619695,0.18074143]}}
