{"nodes":{"cr_yes":[0.0,0.0,0.0,0.0,0.0,0.0,0.0,0.0,0.0,0.0,0.0,0.0,0.0,0.0,6e-08,0.19985403,19.80258168,0.00156503,0.0,0.0,0.0],"imm_yes_cr_yes":[0.0,0.0,0.0,0.0,0.0,0.0,1.045e-05,0.81392325,18.87968035,0.31038168,5.06e-06,0.0,0.0,0.0,0.0,0.0,0.0,0.0,0.0,0.0,0.0],"imm_yes_cr_no":[0.0,0.0,0.0,0.0,0.0,0.0,0.0,0.0,1.1e-07,0.00042914,0.13637601,4.14981121,12.40939842,3.25202073,0.05592874,3.644e-05,0.0,0.0,0.0,0.0,0.0],"del_yes_cr_yes":[0.0,0.0,0.0,0.0,0.0,0.0,0.0,0.00022946,0.44774564,12.65192987,6.83089564,0.07318723,1.296e-05,0.0,0.0,0.0,0.0,0.0,0.0,0.0,0.0],"del_yes_cr_no":[0.0,0.0,0.0,0.0,0.0,0.0,2.6e-07,4.036e-05,0.00288523,0.07807572,0.85044536,3.89871393,7.53393957,5.85650454,1.64422955,0.13678986,0.00237198,4.44e-06,0.0,0.0,0.0],"conf_yes_cr_yes_del_yes":[0.0,0.0,0.0,0.0,0.0,0.0,0.0,0.0,0.0,0.0,1.1e-07,0.00017488,0.04366615,1.78220445,10.68428175,7.17954363,0.3138327,0.00029712,0.0,0.0,0.0],"conf_yes_cr_no_del_yes":[0.0,0.0,0.0,0.0,0.0,0.0,0.0,0.0,0.0,2e-08,7.7e-07,1.691e-05,0.00026302,0.00302531,0.02640636,0.1765781,0.89164648,3.23079443,7.45745979,7.97833891,0.47894136]}}
