{"nodes":{"cr_yes":[0.0,0.0,0.0,0.0,0.0,0.0,0.0,0.0,0.0,0.0,0.0,0.0,0.0,1.375e-05,0.73291663,19.2281448,0.04292563,0.0,0.0,0.0,0.0],"imm_yes_cr_yes":[0.0,0.0,0.0,0.0,0.0,0.0,7e-08,0.0160429,7.04867237,12.80390792,0.135369,8.53e-06,0.0,0.0,0.0,0.0,0.0,0.0,0.0,0.0,0.0],"imm_yes_cr_no":[0.0,0.0,0.0,0.0,0.0,0.0,7.2e-07,0.0015385,0.25510225,4.65612788,11.19514642,3.73355751,0.16177831,0.00074897,2.6e-07,0.0,0.0,0.0,0.0,0.0,0.0],"del_yes_cr_yes":[0.0,0.0,0.0,0.0,0.0,1.3e-07,0.0046043,1.6937536,14.15682071,4.10001804,0.04878091,2.311e-05,0.0,0.0,0.0,0.0,0.0,0.0,0.0,0.0,0.0],"del_yes_cr_no":[0.0,0.0,1.6e-07,0.00085078,0.12154881,1.98985544,7.07053193,7.53479032,2.84964319,0.41306378,0.02322811,0.00048488,3.39e-06,1e-08,0.0,0.0,0.0,0.0,0.0,0.0,0.0],"conf_yes_cr_yes_del_yes":[0.0,0.0,0.0,0.0,0.0,0.0,0.0,0.0,0.0,0.0,1.1e-06,0.00027753,0.02203354,0.56850871,4.57501206,10.05176613,4.54798806,0.23802775,0.00038591,0.0,0.0],"conf_yes_cr_no_del_yes":[0.0,0.0,0.0,0.0,0.0,0.0,1e-08,3.6e-07,8.6e-06,0.00013269,0.0014103,0.01090139,0.06347316,0.2838658,0.97936187,2.57057475,4.9227679,6.25205803,4.1905378,0.72883176,0.00015275]}}
