{"nodes":{"cr_yes":[0.0,0.0,0.0,0.0,0.0,3e-08,1.5e-07,4.5e-07,7.4e-07,6.6e-07,3e-07,8e-08,1.67e-06,8.298e-05,0.00556847,3.37369462,16.49185832,0.13279223,1.1e-07,0.0,0.0],"imm_yes_cr_yes":[0.0,0.0,0.0,0.0,1e-07,0.00290793,1.1791256,12.94777544,5.655577,0.19054212,0.02539117,0.0026413,4.006e-05,8e-08,0.0,0.0,0.0,0.0,0.0,0.0,0.0],"imm_yes_cr_no":[0.00370405,0.01887924,0.06559176,0.15747854,0.26350171,0.30868823,0.25636028,0.16806476,0.13366501,0.28514035,1.59299536,4.94731688,6.21261552,3.07194559,0.88894688,0.56673994,0.28729792,0.15711238,0.23116589,0.28330797,0.21066918],"del_yes_cr_yes":[0.0,0.0,0.0,0.0,0.0,4e-08,4.68e-06,0.00012896,0.00945295,0.99135378,9.69114514,8.63827331,0.66931172,0.00432338,6.83e-06,0.0,0.0,0.0,0.0,0.0,0.0],"del_yes_cr_no":[0.00892252,0.01965768,0.03569295,0.0553994,0.08324697,0.15204646,0.336459,0.7062104,1.28850915,2.17297701,3.32794223,4.0570904,3.64138991,2.42993144,1.204993,0.40309924,0.07741629,0.00711836,0.00026995,4.925e-05,8.087e-05],"conf_yes_cr_yes_del_yes":[0.00513648,0.00849215,0.01286986,0.01783206,0.02251684,0.02581078,0.0267332,0.0248786,0.02066451,0.0151982,0.00981717,0.00618502,0.02116363,0.24863527,1.62815358,5.14605625,7.52832161,4.46179177,0.75758359,0.01872035,1.623e-05],"conf_yes_cr_no_del_yes":[0.4043579,0.44884764,0.49662387,0.54761721,0.60167731,0.6585564,0.71789127,0.77918392,0.84178135,0.90485486,0.96737989,1.02811753,1.08559952,1.13812307,1.1837999,1.22102055,1.25177855,1.30043882,1.48756579,2.11418809,2.05355257]}}
