{"nodes":{"cr_yes":[0.0,0.0,0.0,0.0,0.0,0.0,0.0,0.0,0.0,0.0,0.0,0.0,0.0,0.00100503,5.5232133,14.47662724,0.00315524,0.0,0.0,0.0,0.0],"imm_yes_cr_yes":[0.0,0.0,0.0,0.0,0.0,0.0,0.0,0.0,0.0,0.00061651,1.6452635,17.660758,0.69729785,6.494e-05,0.0,0.0,0.0,0.0,0.0,0.0,0.0],"imm_yes_cr_no":[0.0,0.0,0.0,0.0,0.0,0.0,0.0,2.1e-07,0.00032928,0.06293331,1.8413472,9.17760282,7.85346562,1.05065186,0.01764566,2.484e-05,0.0,0.0,0.0,0.0,0.0],"del_yes_cr_yes":[0.0,0.0,0.0,2.9e-07,0.00534495,1.36530571,12.13606554,6.2544639,0.24204784,0.00077238,2e-07,0.0,0.0,0.0,0.0,0.0,0.0,0.0,0.0,0.0,0.0],"del_yes_cr_no":[0.28649003,2.07158905,4.99462105,6.01269533,4.23406194,1.88086012,0.54678552,0.10548895,0.01347316,0.0011201,5.87e-05,1.85e-06,3e-08,0.0,0.0,0.0,0.0,0.0,0.0,0.0,0.0],"conf_yes_cr_yes_del_yes":[0.0,0.0,0.0,0.0,0.0,0.0,0.0,0.0,0.0,1e-08,4.24e-06,0.00057664,0.02886877,0.5477356,3.83907243,9.04327201,5.84834024,0.69011342,0.00601713,3e-07,0.0],"conf_yes_cr_no_del_yes":[0.0,0.0,0.0,0.0,0.0,0.0,1.2e-07,2.83e-06,4.108e-05,0.00041251,0.00306185,0.01755358,0.08001867,0.29501541,0.88458901,2.14037273,4.06578368,5.68715553,5.03552186,1.79214354,0.00465678]}}
