{"nodes":{"cr_yes":[0.0,0.0,0.0,0.0,0.0,1e-08,4e-08,8e-08,7e-08,3e-08,1e-08,0.0,0.0,9e-07,0.06284283,15.38919122,4.55175959,0.00020602,0.0,0.0,0.0],"imm_yes_cr_yes":[0.0,0.0,0.0,0.0,0.0,0.0,0.00015055,0.66656287,16.03037722,3.29973778,0.00717223,1.6e-07,0.0,0.0,0.0,0.0,0.0,0.0,0.0,0.0,0.0],"imm_yes_cr_no":[4.919e-05,0.00036421,0.00167755,0.00488055,0.00905067,0.01073412,0.00821648,0.00584463,0.01551777,0.04349181,0.24009842,2.89735391,9.3976404,6.5098447,0.843128,0.01610269,3.028e-05,0.0,0.0,0.0,0.0],"del_yes_cr_yes":[0.0,0.0,0.0,0.0,0.0,2e-08,1.956e-05,0.01699458,1.03980734,7.74841339,9.67755476,1.49998808,0.02120168,2.139e-05,0.0,0.0,0.0,0.0,0.0,0.0,0.0],"del_yes_cr_no":[7.29e-06,0.00015066,0.00173747,0.0107858,0.03937215,0.09753034,0.25743365,0.91145331,2.56104574,4.5796455,5.26983756,3.91346855,1.77384791,0.44817313,0.05700666,0.00439352,0.00347465,0.00792944,0.01606154,0.02848098,0.0443372],"conf_yes_cr_yes_del_yes":[0.0,0.0,0.0,0.0,0.0,0.0,0.0,0.0,0.0,1e-08,1.8e-07,3.233e-05,0.00506612,0.24258249,3.2181998,10.22646611,5.90560921,0.40359559,0.0024473,1.67e-06,0.0],"conf_yes_cr_no_del_yes":[0.46281084,0.53267938,0.60105575,0.66443834,0.7190861,0.76140012,0.78842595,0.79844704,0.79159708,0.77036045,0.73979016,0.70752612,0.68576429,0.70535164,0.85915341,1.32183184,2.08866298,2.4927256,1.95434855,1.34437907,0.89114299]}}
