{"nodes":{"cr_yes":[0.0,0.0,0.0,0.0,0.0,0.0,0.0,0.0,0.0,0.0,0.0,0.0,0.0,7.01e-06,0.71056979,19.26972116,0.02370284,0.0,0.0,0.0,0.0],"imm_yes_cr_yes":[0.0,0.0,0.0,0.0,0.0,0.0,0.0,0.0,0.0,0.0,2.378e-05,0.42458127,18.26848836,1.31083966,6.774e-05,0.0,0.0,0.0,0.0,0.0,0.0],"imm_yes_cr_no":[0.0,0.0,0.0,0.0,0.0,0.0,0.0,0.0,0.0,3e-07,0.00062069,0.1424249,3.84207549,11.68231307,3.37190489,0.23121612,0.59992043,0.13308428,0.00044063,0.0,0.0],"del_yes_cr_yes":[0.0,0.0,8.7e-07,0.21257349,14.33255528,5.41575603,0.04310146,1.368e-05,0.0,0.0,0.0,0.0,0.0,0.0,0.0,0.0,0.0,0.0,0.0,0.0,0.0],"del_yes_cr_no":[2e-08,3.8e-07,1.02e-06,3.2e-07,7.1e-07,1.65e-05,0.0002043,0.00141646,0.00581794,0.01475581,0.02633629,0.06045439,0.25443522,0.9792124,2.60742251,4.62168203,5.34737794,3.9133289,1.72291668,0.42285023,0.05154149],"conf_yes_cr_yes_del_yes":[0.0,0.0,0.0,0.0,0.0,0.0,0.0,0.0,0.0,0.0,1.67e-06,0.00082318,0.08859045,2.09402094,9.88285451,7.38481879,0.55125324,0.00163798,2e-08,0.0,0.0],"conf_yes_cr_no_del_yes":[0.0,0.0,0.0,0.0,0.0,0.0,0.0,7e-08,4.16e-06,0.00013272,0.00243752,0.0276495,0.20196905,0.96617687,2.99997332,5.79595639,6.33269279,3.20149981,0.4707104,0.00479821,0.0]}}
