{"nodes":{"cr_yes":[0.0,0.0,0.0,0.0,0.0,0.0,0.0,0.0,0.0,0.0,0.0,0.0,0.0,0.0,1.64e-06,0.18983986,19.63129536,0.18286394,0.0,0.0,0.0],"imm_yes_cr_yes":[0.0,0.0,0.0,0.0,0.0,0.0,1e-07,0.01680028,6.69639412,13.11482431,0.17596554,1.645e-05,0.0,0.0,0.0,0.0,0.0,0.0,0.0,0.0,0.0],"imm_yes_cr_no":[0.0,0.0,0.0,0.0,0.0,0.0,0.0,0.0,7.89e-06,0.00290845,0.20372427,3.02699681,9.73943797,6.32881784,0.69304225,0.00905778,7.54e-06,0.0,0.0,0.0,0.0],"del_yes_cr_yes":[0.0,0.0,0.0,0.0,0.0,0.0,3.7e-07,0.00363462,0.96808744,11.3580761,7.39443066,0.27923423,0.00053735,4e-08,0.0,0.0,0.0,0.0,0.0,0.0,0.0],"del_yes_cr_no":[0.0,0.0,4.8e-07,0.00014126,0.00707267,0.11142401,0.75202064,2.58154997,4.97227154,5.66337518,3.89014236,1.59761478,0.37771354,0.04775753,0.00285105,6.536e-05,4e-07,0.0,0.0,0.0,0.0],"conf_yes_cr_yes_del_yes":[0.0,0.0,0.0,0.0,0.0,0.0,0.0,0.0,0.0,0.0,1.32e-06,0.00031349,0.02414515,0.61004449,4.79056613,10.114238,4.26718321,0.19725309,0.00025592,0.0,0.0],"conf_yes_cr_no_del_yes":[0.0,0.0,0.0,0.0,0.0,0.0,1e-08,4.3e-07,9.78e-06,0.00014313,0.001459,0.01091282,0.06196234,0.27218516,0.92923367,2.43458539,4.71050737,6.16893811,4.45581427,0.95822865,4.134e-05]}}
