{"nodes":{"cr_yes":[0.0,0.0,0.0,0.0,0.0,0.0,0.0,0.0,0.0,0.0,0.0,0.0,2e-08,2.12e-06,0.03911074,16.5155995,3.44926126,2.716e-05,0.0,0.0,0.0],"imm_yes_cr_yes":[0.0,0.0,0.0,0.0,0.0,4e-08,0.00522533,2.97246752,15.77365109,1.24758879,0.00506362,4.41e-06,0.0,0.0,0.0,0.0,0.0,0.0,0.0,0.0,0.0],"imm_yes_cr_no":[0.0,0.0,0.0,0.0,0.0,1e-08,6.8e-07,2.389e-05,0.00032201,0.00578823,0.16932737,1.97047018,7.43781243,8.09665382,2.19904941,0.12319466,0.00129674,5.726e-05,4.05e-06,8e-08,0.0],"del_yes_cr_yes":[0.0,0.0,0.0,0.0,0.0,0.0,2e-08,0.00040757,0.25152963,7.08880815,11.51352771,1.14346456,0.00626174,1.42e-06,0.0,0.0,0.0,0.0,0.0,0.0,0.0],"del_yes_cr_no":[9.45e-06,8.899e-05,0.00251546,0.03936519,0.30074041,1.24807153,3.04927634,4.64356482,4.64428395,3.26506503,1.72730797,0.67995784,0.18174746,0.03954546,0.02340186,0.02979619,0.03600881,0.03648655,0.03040506,0.02067788,0.01137853],"conf_yes_cr_yes_del_yes":[0.0,0.0,0.0,0.0,0.0,0.0,4e-08,2.4e-07,1.2e-06,4.59e-06,1.373e-05,6.998e-05,0.00419091,0.15541764,2.00985744,8.10184306,8.2747625,1.43882636,0.01900755,4.12e-06,2.91e-06],"conf_yes_cr_no_del_yes":[0.08319008,0.11611894,0.15808974,0.20985507,0.27148078,0.34204849,0.41939199,0.49993869,0.57875072,0.64989977,0.70741578,0.74740413,0.7730443,0.80661101,0.91326391,1.22363491,1.88190225,2.80227347,3.36601888,2.79312849,1.40426889]}}
