{"nodes":{"cr_yes":[0.0,0.0,0.0,0.0,0.0,0.0,0.0,0.0,0.0,0.0,0.0,0.0,0.0,1.3e-07,0.06962026,19.30701325,0.62736703,1.3e-07,0.0,0.0,0.0],"imm_yes_cr_yes":[0.0,0.0,0.0,0.0,0.0,0.0,0.0,0.0,0.0,9e-08,0.02795188,12.66934967,7.30342025,0.00327892,0.0,0.0,0.0,0.0,0.0,0.0,0.0],"imm_yes_cr_no":[0.0,0.0,0.0,0.0,0.0,0.0,0.0,0.0,0.0,0.0,2.07e-06,0.0002469,0.00307711,0.05587498,3.41284264,14.4407629,2.08837346,0.00282074,0.0,0.0,0.0],"del_yes_cr_yes":[0.0,0.0,0.0,0.0,0.0,2.61e-06,0.03431237,4.83232866,13.97672469,1.15758268,0.00304956,2.3e-07,0.0,0.0,0.0,0.0,0.0,0.0,0.0,0.0,0.0],"del_yes_cr_no":[5.65e-06,2.134e-05,1.356e-05,0.00047201,0.02943859,0.4587399,2.495382,5.7703578,6.37912403,3.60713773,1.07774555,0.17090104,0.01407955,0.00057411,1.069e-05,8e-08,0.0,0.0,0.0,0.0,0.0],"conf_yes_cr_yes_del_yes":[0.0,0.0,0.0,0.0,0.0,0.0,0.0,0.0,0.0,0.0,6e-08,3.613e-05,0.00598688,0.28287637,3.61582212,10.67125101,5.21448728,0.21338856,0.00015239,0.0,0.0],"conf_yes_cr_no_del_yes":[0.0002507,0.00033902,0.00045342,0.00059964,0.00078388,0.00101257,0.00129185,0.00162686,0.00202083,0.00247446,0.00299374,0.00367917,0.00539057,0.01354212,0.05505572,0.23672086,0.88795105,2.7231013,6.36271968,9.28639934,0.83143873]}}
