{"nodes":{"cr_yes":[0.0,0.0,0.0,0.0,0.0,0.0,0.0,0.0,0.0,0.0,1e-08,3.52e-06,0.0001545,0.00307309,5.57817731,14.4147537,0.00783867,0.0,0.0,0.0,0.0],"imm_yes_cr_yes":[0.0,0.0,0.0,0.0,0.0,0.00092412,2.00159389,16.88794696,1.11260656,0.00092926,1e-08,0.0,0.0,0.0,0.0,0.0,0.0,0.0,0.0,0.0,0.0],"imm_yes_cr_no":[0.0,0.0,0.0,1.9e-07,0.00070288,0.10878936,1.67545491,8.23100754,8.86361161,1.10925943,0.01515351,2.132e-05,0.0,0.0,0.0,1e-08,1e-08,1e-08,1e-08,0.0,0.0],"del_yes_cr_yes":[0.0,0.0,0.0,0.0,1.4e-07,1.719e-05,0.07042633,5.28853429,13.08773899,1.54392777,0.01333321,2.285e-05,1e-08,0.0,0.0,0.0,0.0,0.0,0.0,0.0,0.0],"del_yes_cr_no":[0.0,9e-08,0.00138956,0.42105987,6.0106966,10.20140299,3.14394039,0.22144376,0.00404645,2.101e-05,4e-08,0.0,0.0,0.0,0.0,0.0,0.0,0.0,1e-08,1e-08,3e-08],"conf_yes_cr_yes_del_yes":[1.682e-05,1.247e-05,8.7e-06,5.69e-06,3.48e-06,1.98e-06,1.04e-06,5.1e-07,3.2e-07,7.7e-07,6.51e-06,0.00036596,0.02004206,0.45395534,3.66618221,9.26678739,5.90361777,0.66132618,0.02570014,0.00579391,0.00035991],"conf_yes_cr_no_del_yes":[0.00091621,0.00160474,0.00277517,0.00473923,0.00799265,0.01331238,0.02189772,0.03557083,0.05705435,0.0903445,0.14119418,0.21770939,0.33103824,0.49609259,0.73221581,1.06396147,1.52444903,2.17723533,3.22702264,5.35253146,9.00960194]}}
