{"nodes":{"cr_yes":[0.0,0.0,0.0,0.0,0.0,0.0,0.0,0.0,0.0,0.0,0.0,0.0,0.0,1e-08,0.0365817,19.83727174,0.13014736,0.0,0.0,0.0,0.0],"imm_yes_cr_yes":[0.0,0.0,0.0,0.0,0.0,0.0,4.92e-06,0.32130973,17.88793274,1.79430543,0.00044797,0.0,0.0,0.0,0.0,0.0,0.0,0.0,0.0,0.0,0.0],"imm_yes_cr_no":[0.0,0.0,0.0,0.0,0.0,0.0,0.0,0.0,0.0,0.0,0.0,6e-08,0.00030199,0.15966554,6.32123636,12.88261724,0.64000765,0.00017197,0.0,0.0,0.0],"del_yes_cr_yes":[0.0,0.0,0.0,0.0,0.0,0.0,1.1e-07,0.00584236,2.52401844,15.65639508,1.8137225,0.00402217,1.4e-07,0.0,0.0,0.0,0.0,0.0,0.0,0.0,0.0],"del_yes_cr_no":[0.0017892,8.08476981,10.008805,1.79737068,0.10913653,0.00298265,4.124e-05,3e-07,0.0,0.0,0.0,0.0,0.0,0.0,0.0,0.0,0.0,0.0,0.0,0.0,0.0],"conf_yes_cr_yes_del_yes":[0.0,0.0,0.0,0.0,0.0,0.0,0.0,0.0,0.0,0.0,3.73e-06,0.00172985,0.1633725,3.13752874,11.00746009,5.46196896,0.23162119,0.00031575,0.0,0.0,0.0],"conf_yes_cr_no_del_yes":[0.0,0.0,0.0,0.0,0.0,1e-08,8e-08,8.5e-07,1.207e-05,0.00021012,0.00291186,0.02784231,0.18216111,0.82049239,2.52330985,5.11819625,6.33010429,4.05059787,0.92324199,0.02491969,1.3e-07]}}
