{"nodes":{"cr_yes":[0.0,0.0,0.0,0.0,0.0,0.0,0.0,0.0,0.0,0.0,0.0,2.2e-07,0.00128582,0.18224725,0.46716937,0.01526891,13.73268768,5.60533912,2.43e-06,0.0,0.0],"imm_yes_cr_yes":[0.0,0.0,0.0,0.0,0.0,0.0,0.0,0.0,0.00017274,0.81251228,17.19803082,1.99191271,0.00120483,0.00016683,5.7e-07,0.0,0.0,0.0,0.0,0.0,0.0],"imm_yes_cr_no":[0.0,0.0,0.0,0.0,0.0,0.0,0.0,0.0,0.0,0.0,3.9e-07,0.00062229,0.12928983,3.5988814,12.23465122,3.96591112,0.07461405,3.049e-05,0.0,0.0,0.0],"del_yes_cr_yes":[0.0,0.0,0.0,0.0,0.0,0.0,0.0,8.8e-07,0.00529498,1.17947369,12.29051646,6.37868449,0.14990877,0.00012153,0.0,0.0,0.0,0.0,0.0,0.0,0.0],"del_yes_cr_no":[4.22e-06,3.04e-06,1.16e-06,2.9e-07,6e-08,2.41e-06,0.00015423,0.0044204,0.06314561,0.48129794,2.03342155,4.82318335,6.34758091,4.45589533,1.5478609,0.23435211,0.01251569,0.00016344,2.6e-07,0.0,0.0],"conf_yes_cr_yes_del_yes":[0.0,0.0,0.0,0.0,0.0,0.0,0.0,0.0,0.0,0.0,5.6e-07,0.00037968,0.0541996,1.63241101,9.42955129,8.21907832,0.66649709,0.00188325,2e-08,0.0,0.0],"conf_yes_cr_no_del_yes":[0.0,0.0,0.0,0.0,0.0,0.0,8e-08,1.64e-06,3.356e-05,0.00052341,0.00560695,0.04110678,0.21113403,0.77777126,2.08736676,4.0816808,5.62196464,4.90324726,2.07383762,0.1996876,7.685e-05]}}
