{"nodes":{"cr_yes":[0.0,0.0,0.0,0.0,0.0,0.0,0.0,0.0,0.0,0.0,0.0,0.0,0.0,4e-08,0.0975797,19.86933461,0.03708645,0.0,0.0,0.0,0.0],"imm_yes_cr_yes":[0.0,0.0,0.0,0.0,0.0,0.0,1e-08,0.01160872,10.28532833,9.69270928,0.01435442,3e-08,0.0,0.0,0.0,0.0,0.0,0.0,0.0,0.0,0.0],"imm_yes_cr_no":[0.0,0.0,0.0,0.0,0.0,0.0,0.0,0.0,5.5e-07,0.00124328,0.25264329,5.33352702,11.89071314,2.48851342,0.03722852,0.00013044,1.13e-06,0.0,0.0,0.0,0.0],"del_yes_cr_yes":[0.0,0.0,0.0,0.0,0.0,0.0,0.0,0.0,3.485e-05,0.08036249,5.60631364,13.31944285,0.99610224,0.00174469,4e-08,0.0,0.0,0.0,0.0,0.0,0.0],"del_yes_cr_no":[0.0,0.0,0.0,0.0,0.0,1.58e-06,0.00027419,0.01313094,0.22347745,1.56872551,4.92614433,7.13295276,4.68889023,1.31000156,0.13621802,0.00415981,2.439e-05,1e-08,0.0,0.0,0.0],"conf_yes_cr_yes_del_yes":[0.0,0.0,0.0,0.0,0.0,0.0,0.0,0.0,0.0,0.0,1.6e-07,0.00022488,0.05251049,1.99305874,10.99748006,6.699508,0.26099718,0.00022129,0.0,0.0,0.0],"conf_yes_cr_no_del_yes":[0.0,0.0,0.0,0.0,0.0,0.0,0.0,1.6e-07,6.86e-06,0.00016305,0.00237266,0.02257379,0.14612769,0.65589341,2.038597,4.28269321,5.77228552,4.61431995,2.05372395,0.41523724,1.261e-05]}}
