{"nodes":{"cr_yes":[0.0,0.0,0.0,0.0,0.0,0.0,0.0,0.0,0.0,0.0,0.0,0.0,0.0,1.61e-06,0.00224709,0.03813318,0.00427701,1.51141576,18.23675835,0.21116778,2e-08],"imm_yes_cr_yes":[0.0,0.0,0.0,0.0,0.0,0.0,0.0,4.7e-06,0.05658994,6.91740605,12.63887943,0.39093762,0.00018307,0.0,0.0,0.0,0.0,0.0,0.0,0.0,0.0],"imm_yes_cr_no":[0.0,0.0,0.0,0.0,0.0,0.0,0.0,0.0,2e-08,3.576e-05,0.00982947,0.53905835,5.75597667,10.74535677,2.87523983,0.07838349,0.00012043,0.0,0.0,0.0,0.0],"del_yes_cr_yes":[0.0,9.86e-06,0.01772723,1.12837262,7.49475364,8.78357477,2.39911782,0.17668713,0.003735,2.269e-05,4e-08,0.0,0.0,0.0,0.0,0.0,0.0,0.0,0.0,0.0,0.0],"del_yes_cr_no":[0.0,4.34e-06,0.02075459,1.16331496,6.56518771,8.28657793,3.38910346,0.54110429,0.03684175,0.0010977,1.399e-05,7e-08,0.0,0.0,0.0,0.0,0.0,0.0,0.0,0.0,0.0],"conf_yes_cr_yes_del_yes":[0.0,0.0,0.0,0.0,0.0,0.0,0.0,1e-08,8.6e-07,5.035e-05,0.00157104,0.02732269,0.2706051,1.52076884,4.68698689,7.32690122,4.99950813,1.12254574,0.04760703,0.0001329,0.0],"conf_yes_cr_no_del_yes":[0.0,1e-08,3e-08,1.6e-07,6.7e-07,2.44e-06,8.18e-06,2.725e-05,0.00010197,0.0004499,0.00210683,0.0092891,0.03644593,0.12520164,0.3754472,0.97995889,2.20374962,4.15695989,6.15066063,5.8091211,0.30893873]}}
