{"nodes":{"cr_yes":[0.0,0.0,0.0,0.0,0.0,0.0,0.0,0.0,0.0,0.0,0.0,0.0,0.0,0.0021666,4.84554021,15.14160075,0.01469268,5.4e-07,0.0,0.0,0.0],"imm_yes_cr_yes":[0.0,0.0,0.0,0.0,0.0,0.0,0.0,0.0,0.0,0.0,0.0001403,0.30871619,12.24801369,7.40363347,0.0434961,1.05e-06,0.0,0.0,0.0,0.0,0.0],"imm_yes_cr_no":[0.0,0.0,0.0,0.0,0.0,0.0,0.0,0.0,0.0,0.0,2e-08,6.923e-05,0.0335783,1.96585128,12.11442461,5.7716014,0.11844132,3.465e-05,0.0,0.0,0.0],"del_yes_cr_yes":[2.74e-06,0.04727122,3.37981412,11.33836034,4.80627917,0.42090205,0.01070779,0.0001695,8.54e-06,1.112e-05,2.193e-05,3.672e-05,5.264e-05,6.54e-05,7.117e-05,6.842e-05,5.855e-05,4.489e-05,3.1e-05,1.938e-05,1.1e-05],"del_yes_cr_no":[27.43888853,5.89695856,0.35342291,0.0260735,0.00571249,0.0017048,0.00049723,0.00013823,3.664e-05,9.27e-06,2.24e-06,5.2e-07,1.1e-07,2e-08,0.0,0.0,0.0,0.0,0.0,0.0,0.0],"conf_yes_cr_yes_del_yes":[0.01360694,0.01337339,0.01272967,0.01172332,0.01045369,0.009299,0.01061841,0.02678042,0.10471339,0.36843195,1.02513229,2.20729898,3.63597552,4.5008813,4.0650428,2.56068013,1.06023417,0.27980545,0.06220894,0.02517658,0.01327585],"conf_yes_cr_no_del_yes":[0.36576542,0.38982347,0.42025973,0.45707419,0.50026685,0.54983772,0.6057868,0.66811407,0.73681955,0.81190324,0.89336512,0.98120522,1.07542351,1.17602001,1.28299472,1.39634762,1.51607874,1.64218805,1.77467557,1.91354129,2.05878522]}}
