{"nodes":{"cr_yes":[0.0,0.0,0.0,0.0,0.0,0.0,0.0,0.0,0.0,0.0,0.0,0.0,0.0,0.0,2.2e-07,0.04782929,17.90430454,2.05186489,1.86e-06,0.0,0.0],"imm_yes_cr_yes":[0.0,0.0,0.0,0.0,0.0,0.0,0.0,0.00039915,0.83692602,16.26916586,2.89329821,0.00421152,4e-08,0.0,0.0,0.0,0.0,0.0,0.0,0.0,0.0],"imm_yes_cr_no":[0.0,0.0,0.0,0.0,0.0,0.0,0.0,0.0,1.06e-06,0.00091695,0.11846368,2.61165116,10.15808554,6.53176637,0.57816279,0.00495109,2.16e-06,0.0,0.0,0.0,0.0],"del_yes_cr_yes":[0.0,0.0,0.0,0.0,0.0,6.765e-05,0.25366671,10.34347027,9.15720182,0.24936145,0.00023289,1e-08,0.0,0.0,0.0,0.0,0.0,0.0,0.0,0.0,0.0],"del_yes_cr_no":[1.04e-06,1.37e-06,1.1e-06,6.5e-07,2.639e-05,0.00357107,0.10871272,1.06062932,4.07330687,6.90671474,5.45987882,2.02673873,0.34021845,0.02361855,0.0005777,3.79e-06,0.0,0.0,0.0,0.0,0.0],"conf_yes_cr_yes_del_yes":[0.0,0.0,0.0,0.0,0.0,0.0,0.0,0.0,0.0,1e-08,3.32e-06,0.00049196,0.02651065,0.53382718,3.89521833,9.25823344,5.71025622,0.5760756,0.00338404,6e-08,0.0],"conf_yes_cr_no_del_yes":[0.0,0.0,0.0,0.0,0.0,0.0,2e-08,8.6e-07,1.827e-05,0.00025062,0.0023983,0.0168484,0.08981601,0.36988215,1.18019171,2.87294328,5.10789264,6.01412929,3.72435037,0.6232265,0.00410474]}}
