{"nodes":{"cr_yes":[0.0,0.0,0.0,0.0,0.0,0.0,0.0,0.0,0.0,0.0,0.0,3.4e-07,0.14082113,19.48476402,0.37841506,2.5e-07,0.0,0.0,0.0,0.0,0.0],"imm_yes_cr_yes":[0.0,0.0,0.0,0.0,0.0,0.0,0.0,0.0,0.0,0.0,0.0,0.00148582,3.12069244,16.75816081,0.12366136,3.7e-07,0.0,0.0,0.0,0.0,0.0],"imm_yes_cr_no":[0.0,0.0,0.0,0.0,0.0,0.0,0.0,0.0,0.0,6.02e-06,0.05179886,6.67062974,12.98265777,0.29886223,4.619e-05,0.0,0.0,0.0,0.0,0.0,0.0],"del_yes_cr_yes":[0.0,0.0,0.0,6e-08,0.00196856,0.71614965,9.44533069,8.94645049,0.88317295,0.01091072,1.768e-05,0.0,0.0,0.0,0.0,0.0,0.0,0.0,0.0,0.0,0.0],"del_yes_cr_no":[32.43947143,3.77587373,0.00830363,8.373e-05,3.83e-06,1.7e-07,1e-08,0.0,0.0,0.0,0.0,0.0,0.0,0.0,0.0,0.0,0.0,0.0,0.0,0.0,0.0],"conf_yes_cr_yes_del_yes":[3.94e-06,3.22e-06,2.56e-06,1.99e-06,1.7e-06,2.59e-06,8.97e-06,3.738e-05,0.00013941,0.00044699,0.00137342,0.00703373,0.06386105,0.47333633,2.14661875,5.46090054,7.08550141,3.9951103,0.7419969,0.0275811,8.1e-05],"conf_yes_cr_no_del_yes":[0.22122844,0.24580243,0.28465869,0.34445496,0.43053997,0.54584522,0.69010685,0.85941765,1.04610903,1.23896325,1.42375558,1.58412665,1.70278486,1.76303888,1.75066021,1.65607589,1.47689122,1.22074266,0.90848073,0.57768307,0.28649755]}}
