{"nodes":{"cr_yes":[0.0,0.0,0.0,0.0,0.0,0.0,0.0,0.0,0.0,0.0,0.0,0.0,0.0,0.00111863,3.16950968,15.87786055,0.89317141,0.06234039,1.4e-07,0.0,0.0],"imm_yes_cr_yes":[0.0,0.0,0.0,0.0,0.0,0.00228649,4.61058004,15.2226417,0.16848354,8.93e-06,9e-08,0.0,0.0,0.0,0.0,0.0,0.0,0.0,0.0,0.0,0.0],"imm_yes_cr_no":[0.0,0.0,0.0,6.5e-07,4.92e-05,0.00053301,0.00218157,0.53542421,9.55574635,9.31590046,0.59117074,0.00298551,6.86e-06,1.78e-06,4.2e-07,4e-08,0.0,0.0,0.0,0.0,0.0],"del_yes_cr_yes":[0.0,0.0,0.0,0.0,0.0,0.0,0.0,0.00023081,0.39737024,11.7032495,7.74611667,0.15670005,0.00033347,6e-08,0.0,0.0,0.0,0.0,0.0,0.0,0.0],"del_yes_cr_no":[3.078e-05,0.00102012,0.00489249,0.04615665,2.1776367,10.15719708,6.75792082,0.83597594,0.02280276,0.00019244,5.662e-05,5.573e-05,4.108e-05,2.293e-05,9.8e-06,3.24e-06,8.3e-07,1.7e-07,3e-08,0.0,0.0],"conf_yes_cr_yes_del_yes":[0.0,0.0,0.0,0.0,0.0,0.0,0.0,0.0,0.0,0.0,1e-08,3.334e-05,0.01365615,0.90434636,8.76007663,9.60787031,0.71657987,0.00143529,2.62e-06,2.1e-07,0.0],"conf_yes_cr_no_del_yes":[0.48276714,0.52577599,0.56993319,0.6147246,0.65952035,0.70356762,0.74598633,0.78576897,0.82178591,0.85279773,0.87747653,0.89443844,0.90229132,0.89971071,0.8856134,0.85993724,0.82893338,0.84025016,1.15798924,2.6792093,5.31381362]}}
