{"nodes":{"cr_yes":[0.0,0.0,0.0,0.0,0.0,0.0,0.0,0.0,0.0,0.0,0.0,0.0,0.0,3.51e-06,0.24954001,19.35248989,0.40196726,1.3e-07,0.0,0.0,0.0],"imm_yes_cr_yes":[0.0,0.0,0.0,0.0,0.0,0.0,0.0,0.0004152,0.85328849,15.66348392,3.47703063,0.00978227,2.9e-07,0.0,0.0,0.0,0.0,0.0,0.0,0.0,0.0],"imm_yes_cr_no":[0.0,0.0,0.0,0.0,0.0,0.0,0.0,0.0,4e-08,2.435e-05,0.00272402,0.06315107,0.47585226,3.36485823,10.21472789,5.55955815,0.32231235,0.00079244,1e-08,0.0,0.0],"del_yes_cr_yes":[0.0,2e-08,0.01808748,4.70903244,13.5356903,1.72255256,0.01861455,2.344e-05,0.0,0.0,0.0,0.0,0.0,0.0,0.0,0.0,0.0,0.0,0.0,0.0,0.0],"del_yes_cr_no":[2.29e-06,7.85e-06,0.00020091,0.00236012,0.03182679,0.29008022,1.39035047,3.6516061,5.56362587,5.09068091,2.83047196,0.94716266,0.18473738,0.01980248,0.00106123,2.452e-05,1.9e-07,0.0,0.0,0.0,0.0],"conf_yes_cr_yes_del_yes":[0.0,0.0,0.0,0.0,0.0,0.0,0.0,0.0,0.0,2.3e-07,7.428e-05,0.00731239,0.23719906,2.55182655,8.51567586,7.45174886,1.22107539,0.01908188,6.3e-06,0.0,0.0],"conf_yes_cr_no_del_yes":[0.0,0.0,0.0,0.0,0.0,0.0,1e-08,2.8e-07,5.18e-06,6.63e-05,0.00061978,0.00442773,0.02500082,0.11399924,0.42400839,1.28244957,3.08532604,5.57108528,6.50813626,2.98887026,1.133e-05]}}
