{"nodes":{"cr_yes":[0.0,0.0,0.0,0.0,0.0,0.0,0.0,0.0,0.0,0.0,0.0,0.0,0.0,0.00221735,6.23293089,13.76443376,0.00441879,0.0,0.0,0.0,0.0],"imm_yes_cr_yes":[0.0,0.0,0.0,0.0,0.0,3.613e-05,0.39172281,14.85293041,4.73313783,0.02616599,7.64e-06,0.0,0.0,0.0,0.0,0.0,0.0,0.0,0.0,0.0,0.0],"imm_yes_cr_no":[0.0,0.0,0.0,0.0,0.0,1.65e-06,0.00406568,0.56466405,7.03828079,10.31405507,2.02111351,0.06008492,0.00164427,8.927e-05,1.59e-06,1e-08,0.0,0.0,0.0,0.0,0.0],"del_yes_cr_yes":[0.0,0.0,0.0,0.0,0.0,7.3e-07,0.00035022,0.25381019,7.29735576,11.32747388,1.11797907,0.00702854,2.41e-06,0.0,0.0,0.0,0.0,0.0,0.0,0.0,0.0],"del_yes_cr_no":[5e-08,2e-08,2.68e-06,0.00631022,0.53464067,5.01845675,9.22369477,4.49906537,0.68549229,0.03555148,0.00075475,2.872e-05,2.85e-06,2e-07,1e-08,0.0,0.0,0.0,0.0,0.0,0.0],"conf_yes_cr_yes_del_yes":[0.0,0.0,0.0,0.0,0.0,0.0,0.0,1e-08,1.6e-07,1.26e-06,1.056e-05,0.00044017,0.02503089,0.56193082,4.27715133,9.66806927,5.07116301,0.39713128,0.00306603,5.96e-06,7e-08],"conf_yes_cr_no_del_yes":[0.04697032,0.06083561,0.07835233,0.10032967,0.12770307,0.16153398,0.20299978,0.25336922,0.31395773,0.38605527,0.47081852,0.56911829,0.68133497,0.80710862,0.94514274,1.09385446,1.25847328,1.49754182,2.15057961,4.4802926,8.68222817]}}
