{"nodes":{"cr_yes":[0.0,0.0,0.0,0.0,0.0,0.0,0.0,0.0,0.0,0.0,0.0,0.0,4e-08,0.02914258,16.93446732,3.04036954,2.131e-05,0.0,0.0,0.0,0.0],"imm_yes_cr_yes":[0.0,0.0,0.0,0.0,0.0,0.0,1.8e-07,0.0238278,7.69771835,12.15375224,0.12869253,9.7e-06,0.0,0.0,0.0,0.0,0.0,0.0,0.0,0.0,0.0],"imm_yes_cr_no":[0.0,0.0,0.0,0.0,0.0,0.0,0.0,5.3e-07,3.037e-05,0.0002243,0.00042291,0.05156169,2.10436955,11.24233492,6.35651284,0.24824405,0.00029964,0.0,0.0,0.0,0.0],"del_yes_cr_yes":[0.0,0.0,0.0,0.0,0.0,0.0,1.8e-07,0.00219291,0.73130442,10.54794573,8.34182111,0.37985839,0.000878,7e-08,0.0,0.0,0.0,0.0,0.0,0.0,0.0],"del_yes_cr_no":[0.0,0.0,1.89e-06,0.00394764,0.29990032,3.10965979,7.85625231,6.46302142,2.0073909,0.2509133,0.01266589,0.00024569,1.65e-06,0.0,0.0,0.0,0.0,0.0,0.0,0.0,0.0],"conf_yes_cr_yes_del_yes":[0.0,0.0,0.0,0.0,0.0,0.0,0.0,0.0,0.0,0.0,2.21e-06,0.00045735,0.03081942,0.69264083,4.96684325,9.93076126,4.17452419,0.20762249,0.0003298,0.0,0.0],"conf_yes_cr_no_del_yes":[0.0,0.0,0.0,0.0,0.0,0.0,1e-08,4e-07,9.54e-06,0.00014589,0.00153759,0.01178758,0.06806902,0.30180083,1.03124642,2.67537742,5.04416356,6.25481388,4.00636058,0.60868784,4.9e-07]}}
