{"nodes":{"cr_yes":[0.0,0.0,0.0,0.0,0.0,0.0,0.0,0.0,0.0,0.0,0.0,0.0,4.02e-06,0.22073318,18.82510396,0.95815515,4.49e-06,0.0,0.0,0.0,0.0],"imm_yes_cr_yes":[0.0,0.0,0.0,0.0,0.0,0.0,0.0,0.00045746,1.34344667,17.24834384,1.41097522,0.0007776,0.0,0.0,0.0,0.0,0.0,0.0,0.0,0.0,0.0],"imm_yes_cr_no":[0.0,0.0,0.0,0.0,0.0,0.0,0.0,6.7e-07,0.00127387,0.22071361,4.4398055,11.47815184,3.73262622,0.13106904,0.00036001,4e-08,0.0,0.0,0.0,0.0,0.0],"del_yes_cr_yes":[0.0,0.0,0.0,0.0,0.0,0.0,3.39e-06,0.01435001,1.93545725,12.81601994,5.11182995,0.12617287,0.00016737,1e-08,0.0,0.0,0.0,0.0,0.0,0.0,0.0],"del_yes_cr_no":[0.0,0.0,2.2e-06,0.00322654,0.23473161,2.59246308,7.3160925,6.91889456,2.5311429,0.38267305,0.02415599,0.00061265,5.71e-06,2e-08,0.0,0.0,0.0,0.0,0.0,0.0,0.0],"conf_yes_cr_yes_del_yes":[0.0,0.0,0.0,0.0,0.0,0.0,0.0,0.0,0.0,6e-08,2.46e-05,0.00311759,0.12914292,1.76748604,7.53824651,8.5968355,1.92379005,0.04533013,2.741e-05,0.0,0.0],"conf_yes_cr_no_del_yes":[0.0,0.0,0.0,0.0,0.0,0.0,1e-08,4.1e-07,9.9e-06,0.00015123,0.00159086,0.01217097,0.07011783,0.3100037,1.05546175,2.72490421,5.10124274,6.25316987,3.91672167,0.55845565,3e-08]}}
