{"nodes":{"cr_yes":[0.0,0.0,0.0,0.0,0.0,0.0,0.0,0.0,0.0,0.0,5e-07,0.00225534,0.48326956,4.09153775,0.98103963,7.36094241,7.08478936,0.00016624,0.0,0.0,0.0],"imm_yes_cr_yes":[0.0,0.0,0.0,0.0,0.0,0.0,0.0,3.6e-07,0.02070159,6.11083537,13.62468893,0.24774477,2.977e-05,0.0,0.0,0.0,0.0,0.0,0.0,0.0,0.0],"imm_yes_cr_no":[0.0,0.0,0.0,0.0,0.0,0.0,0.0,0.0,0.0,0.0,1.026e-05,0.00477403,0.40725551,5.76934752,11.47992184,2.3169763,0.02571059,4.75e-06,0.0,0.0,0.0],"del_yes_cr_yes":[0.0,0.0,0.00105219,1.29869974,13.40351003,5.15324038,0.14706447,0.00043384,1.5e-07,0.0,0.0,0.0,0.0,0.0,0.0,0.0,0.0,0.0,0.0,0.0,0.0],"del_yes_cr_no":[0.0,1.34e-06,3.18e-06,5.15e-06,1.58e-05,0.00013215,0.00092863,0.00488528,0.01997027,0.06558851,0.17763259,0.40492842,0.78978808,1.33554273,1.97913928,2.59272437,3.02399343,3.15824266,2.9672153,2.51687859,1.93277005],"conf_yes_cr_yes_del_yes":[0.0,0.0,0.0,0.0,0.0,0.0,0.0,0.0,0.0,5e-08,1.832e-05,0.00230933,0.09839038,1.43665546,6.81014077,9.05603872,2.51723855,0.08308588,0.00012334,0.0,0.0],"conf_yes_cr_no_del_yes":[0.00069131,0.00100464,0.00143042,0.00199519,0.0027255,0.00364464,0.00476796,0.00609798,0.00763435,0.00952033,0.01301239,0.02498672,0.07331839,0.24427477,0.73676779,1.85341286,3.72009231,5.58998503,5.45500538,2.24433322,0.01929054]}}
