{"nodes":{"cr_yes":[0.0,0.0,0.0,0.0,0.0,0.0,0.0,0.0,0.0,0.0,0.0,0.0,0.0,0.0,1e-08,0.01074857,17.35566643,2.63758573,6e-08,0.0,0.0],"imm_yes_cr_yes":[0.0,0.0,0.0,0.0,0.0,0.0,0.0,0.00018669,1.18001347,17.86113553,0.96246706,0.00019804,0.0,0.0,0.0,0.0,0.0,0.0,0.0,0.0,0.0],"imm_yes_cr_no":[0.0,0.0,0.0,0.0,0.0,0.0,0.0,0.0,0.0,0.0,0.0,7.46e-06,0.00438719,0.44122985,6.69621757,11.5520483,1.30684347,0.00326693,2e-08,0.0,0.0],"del_yes_cr_yes":[0.0,0.0,0.0,0.0,1.934e-05,0.04163712,2.92038069,12.42015861,4.46356825,0.15767921,0.00055741,1.8e-07,0.0,0.0,0.0,0.0,0.0,0.0,0.0,0.0,0.0],"del_yes_cr_no":[2.75e-06,0.0010357,0.00342653,0.07930983,0.82288802,3.27896471,6.06530127,5.77694595,2.9839442,0.84955054,0.13157565,0.01062539,0.00041445,6.96e-06,1.6e-07,2.9e-07,6.2e-07,1.19e-06,2.09e-06,3.37e-06,5e-06],"conf_yes_cr_yes_del_yes":[0.0,0.0,0.0,0.0,0.0,0.0,0.0,0.0,0.0,0.0,3e-08,2.073e-05,0.00436103,0.24727349,3.56640544,10.99912579,5.02742404,0.15933106,5.92e-05,0.0,0.0],"conf_yes_cr_no_del_yes":[0.0,0.0,0.0,0.0,0.0,0.0,0.0,1e-08,1.9e-07,3.25e-06,3.981e-05,0.00036925,0.0027034,0.01607082,0.07900786,0.32406411,1.1059269,3.07398827,6.53881116,8.69825478,0.32952199]}}
