{"nodes":{"cr_yes":[32.50690246,3.42002914,0.30590514,0.02307979,0.00145606,7.607e-05,3.26e-06,1.1e-07,0.0,0.0,0.0,0.0,0.0,0.0,0.0,0.0,0.0,0.0,0.0,0.0,0.0],"imm_yes_cr_yes":[0.0,0.0,0.0,0.0,0.0,0.0,0.0,0.0,1e-08,0.00054018,0.58016274,13.29019355,6.09112916,0.04197272,2.44e-06,0.0,0.0,0.0,0.0,0.0,0.0],"imm_yes_cr_no":[0.0,0.0,0.0,0.0,0.0,0.0,0.0,0.0,0.0,0.0,3.847e-05,0.03109947,2.2154335,12.908878,4.78118421,0.06735345,1.369e-05,0.0,0.0,0.0,0.0],"del_yes_cr_yes":[0.00031751,0.00365828,0.45983775,10.88936994,8.08558749,0.55932805,0.00604415,1.626e-05,1.3e-07,0.0,0.0,0.0,0.0,0.0,0.0,0.0,0.0,0.0,0.0,0.0,0.0],"del_yes_cr_no":[1.29271263,0.80850566,0.69425879,0.76718561,0.8392929,0.90397393,0.96040276,1.00813561,1.04699079,1.07700848,1.09841214,1.11157203,1.11697175,1.11517808,1.10681457,1.0925387,1.07302256,1.04893686,1.02093795,0.98965764,0.95569535],"conf_yes_cr_yes_del_yes":[9.705e-05,0.00043847,0.0016666,0.0054531,0.01561767,0.03962546,0.08984089,0.18320646,0.3380521,0.56880459,0.88276638,1.28175915,1.75898255,2.27152293,2.6976161,2.84953971,2.60108976,2.03049561,1.37494673,0.81546027,0.39413548],"conf_yes_cr_no_del_yes":[0.40306839,0.42514386,0.4533145,0.48758031,0.5279413,0.57439746,0.6269488,0.68559531,0.75033699,0.82117385,0.89810588,0.98113308,1.07025546,1.16547301,1.26678574,1.37419364,1.48769671,1.60729496,1.73298838,1.86477697,2.00266074]}}
