{"nodes":{"cr_yes":[0.0,0.0,0.0,0.0,0.0,0.0,0.0,0.0,0.0,0.0,0.0,0.0,0.0,4e-08,0.02320134,16.3697925,3.61099207,1.485e-05,0.0,0.0,0.0],"imm_yes_cr_yes":[0.0,0.0,0.0,0.0,0.0,2e-08,0.01967442,9.87471253,10.07084209,0.03877104,7e-07,0.0,0.0,0.0,0.0,0.0,0.0,0.0,0.0,0.0,0.0],"imm_yes_cr_no":[0.0,0.0,0.0,0.0,0.0,1e-08,9.929e-05,0.03874421,1.49731968,8.20433259,8.34253543,1.84006263,0.08039427,0.00051238,3.1e-07,0.0,0.0,0.0,0.0,0.0,0.0],"del_yes_cr_yes":[0.0,0.0,0.0,0.0,0.0,1.19e-06,0.02266273,4.00246616,14.38468731,1.58788338,0.00629918,8.5e-07,0.0,0.0,0.0,0.0,0.0,0.0,0.0,0.0,0.0],"del_yes_cr_no":[0.0,0.0,1.1e-07,0.00051083,0.08019002,1.52298924,6.35727668,7.93190515,3.48562895,0.58559668,0.03886183,0.00103016,1.109e-05,5e-08,0.0,0.0,0.0,0.0,0.0,0.0,0.0],"conf_yes_cr_yes_del_yes":[0.0,0.0,0.0,0.0,0.0,0.0,0.0,3e-08,5.4e-06,0.00039649,0.01335588,0.21143238,1.56777093,5.27051079,7.55479393,4.3382089,0.98618515,0.06112881,0.00021209,0.0,0.0],"conf_yes_cr_no_del_yes":[0.0,0.0,0.0,0.0,0.0,0.0,0.0,0.0,0.0,0.0,2e-08,6.3e-07,1.512e-05,0.00027311,0.00373954,0.03899503,0.30681496,1.75525633,6.5745242,11.32275436,0.00325502]}}
