{"nodes":{"cr_yes":[2.4e-07,1.41e-06,5.04e-06,1.088e-05,1.436e-05,1.936e-05,7.743e-05,0.000274,0.00046344,0.00034202,0.00010382,1.21e-05,5e-07,1e-08,2.085e-05,0.55600014,19.28579718,0.15964555,0.0008791,0.00033328,4.5e-07],"imm_yes_cr_yes":[0.0,0.0,0.0,0.0,0.0,0.0,0.00023009,1.14596637,17.49217881,1.36496879,0.00065674,0.0,0.0,0.0,0.0,0.0,0.0,0.0,0.0,0.0,0.0],"imm_yes_cr_no":[0.0,1e-08,4e-08,1.5e-07,3.3e-07,4.6e-07,2.35e-06,0.0002108,0.00710522,0.08249661,0.59832049,4.81629652,10.57143646,3.65301646,0.21041066,0.01317294,0.0226578,0.02126182,0.00691672,0.00068638,1.717e-05],"del_yes_cr_yes":[0.0,0.0,0.0,0.0,0.0,0.0,0.0,5e-08,5.2e-07,0.0004267,0.27497143,8.1909685,10.99333824,0.54365027,0.00064506,1e-08,0.0,0.0,0.0,0.0,0.0],"del_yes_cr_no":[5.301e-05,3.445e-05,1.972e-05,1.002e-05,2.08e-05,0.00079884,0.01610498,0.15579585,0.81156895,2.54344965,5.07254237,6.10377473,3.93720935,1.20232962,0.15223031,0.00723939,0.00054365,0.00022137,6.749e-05,1.217e-05,1.17e-06],"conf_yes_cr_yes_del_yes":[0.0,0.0,0.0,0.0,0.0,0.0,0.0,3e-08,3e-07,1.8e-06,7.44e-06,4.138e-05,0.00746353,0.50274281,6.08570647,11.08501947,2.28450026,0.03848642,3.084e-05,4e-08,0.0],"conf_yes_cr_no_del_yes":[1.106e-05,2.721e-05,6.528e-05,0.00015274,0.00034875,0.00077734,0.00169183,0.00359595,0.00746435,0.01513007,0.02993932,0.05780946,0.10885068,0.19969694,0.35662534,0.61975515,1.05254597,1.79056206,3.28703925,6.82096821,11.30189869]}}
