{"nodes":{"cr_yes":[0.0,0.0,0.0,0.0,0.0,0.0,0.0,0.0,0.0,0.0,0.0,0.0,3e-08,0.00326908,2.66498877,15.83931525,1.49636418,6.349e-05,0.0,0.0,0.0],"imm_yes_cr_yes":[0.0,0.0,0.0,0.0,0.0,0.0,0.0,0.0,4e-08,0.00099568,0.63381334,12.31350211,6.96341369,0.09225732,1.863e-05,0.0,0.0,0.0,0.0,0.0,0.0],"imm_yes_cr_no":[0.0,0.0,0.0,0.0,0.0,0.0,0.0,0.0,0.0,0.0,6.81e-06,0.00881544,1.08876011,11.18086355,7.51509375,0.21034965,0.00011148,0.0,0.0,0.0,0.0],"del_yes_cr_yes":[1e-08,1.402e-05,0.10924497,7.93433326,10.88292789,1.06379935,0.01364922,3.188e-05,1.9e-07,2e-08,0.0,0.0,0.0,0.0,0.0,0.0,0.0,0.0,0.0,0.0,0.0],"del_yes_cr_no":[24.15700181,5.60098007,1.57128514,0.51762471,0.165026,0.05028994,0.01468411,0.00411708,0.00111011,0.00028816,7.205e-05,1.736e-05,4.03e-06,9e-07,1.9e-07,4e-08,1e-08,0.0,0.0,0.0,0.0],"conf_yes_cr_yes_del_yes":[0.00349,0.0039275,0.00431266,0.0047905,0.0058507,0.00871732,0.01640186,0.03794891,0.10260168,0.28883329,0.74457284,1.62135031,2.86055038,3.9802552,4.24915066,3.35286876,1.8503815,0.6607807,0.14974741,0.04375054,0.03092611],"conf_yes_cr_no_del_yes":[0.24885437,0.27968247,0.31768571,0.36286408,0.41521759,0.47474623,0.54145001,0.61532893,0.69638299,0.78461218,0.8800165,0.98259597,1.09235057,1.2092803,1.33338518,1.46466519,1.60312033,1.74875062,1.90155603,2.06153659,2.22869228]}}
