{"nodes":{"cr_yes":[0.0,0.0,0.0,0.0,0.0,0.0,0.0,0.0,0.0,0.0,0.0,0.0,0.0,0.0,0.00011905,6.13985881,13.86397432,4.862e-05,0.0,0.0,0.0],"imm_yes_cr_yes":[0.0,0.0,0.0,0.0,0.0,0.0,4.37e-06,0.41467001,18.6766041,0.91265322,6.812e-05,3.4e-07,6.5e-07,0.0,0.0,0.0,0.0,0.0,0.0,0.0,0.0],"imm_yes_cr_no":[0.0,0.0,0.0,0.0,0.0,0.0,0.0,0.0,2.2e-07,0.00053881,0.15410044,4.30742917,11.35509038,4.02797348,0.15866854,0.00019976,0.0,0.0,0.0,0.0,0.0],"del_yes_cr_yes":[0.0,0.0,0.0,0.0,0.0,0.0,0.00011458,0.31754243,11.24057757,8.28899842,0.1566932,7.459e-05,0.0,0.0,0.0,0.0,0.0,0.0,0.0,0.0,0.0],"del_yes_cr_no":[0.0003155,2.10712053,1.84017128,1.09253652,7.17073308,6.55451646,1.18289661,0.05511699,0.00074853,3.05e-06,0.0,0.0,0.0,0.0,0.0,0.0,0.0,0.0,0.0,0.0,0.0],"conf_yes_cr_yes_del_yes":[0.0,0.0,0.0,0.0,0.0,0.0,0.0,0.0,0.0,0.0,4e-08,2.173e-05,0.00374393,0.19203514,2.79977185,10.04415437,6.54597058,0.41766094,0.00064222,0.0,0.0],"conf_yes_cr_no_del_yes":[1e-08,2e-08,8e-08,2.6e-07,8.3e-07,2.47e-06,6.86e-06,1.797e-05,4.463e-05,0.00010634,0.00025352,0.00068266,0.00242384,0.01086764,0.05060493,0.21546499,0.79572277,2.46598124,6.06839653,10.00168998,0.78346649]}}
