{"nodes":{"cr_yes":[0.0,0.0,0.0,0.0,0.0,0.0,0.0,0.0,0.0,0.0,0.0,0.0,1.8e-07,0.08043838,19.05092303,0.87263805,1.16e-06,0.0,0.0,0.0,0.0],"imm_yes_cr_yes":[0.0,0.0,0.0,0.0,0.0,0.0,0.0,0.0,0.0,0.0,9.2e-07,0.01931654,4.93244919,14.58886719,0.46330765,5.931e-05,0.0,0.0,0.0,0.0,0.0],"imm_yes_cr_no":[0.0,0.0,0.0,0.0,0.0,0.0,0.0,0.0,0.0,0.0,0.0,8.178e-05,0.15287434,8.67419805,11.01453438,0.1623044,7.85e-06,0.0,0.0,0.0,0.0],"del_yes_cr_yes":[0.0,0.0,0.0,1e-08,0.00058213,0.35315791,7.3206319,10.68635361,1.61296348,0.0302383,7.344e-05,2e-08,0.0,0.0,0.0,0.0,0.0,0.0,0.0,0.0,0.0],"del_yes_cr_no":[0.14216771,17.99658695,1.88987677,0.04149232,0.00352917,0.00103567,0.00029446,7.733e-05,1.886e-05,4.29e-06,9.1e-07,1.8e-07,3e-08,1e-08,0.0,0.0,0.0,0.0,0.0,0.0,0.0],"conf_yes_cr_yes_del_yes":[0.00246469,0.00330503,0.00424768,0.0052241,0.00613691,0.00687088,0.00731259,0.00737558,0.00702451,0.00629159,0.00534315,0.00650667,0.04672174,0.44180322,2.37371285,6.41860243,7.55276282,2.90015005,0.20070435,0.00252699,0.00029062],"conf_yes_cr_no_del_yes":[0.11343739,0.14826637,0.19830214,0.2694204,0.36629124,0.49135617,0.64410821,0.82067502,1.01370505,1.21255674,1.40379074,1.5719652,1.70073403,1.77424825,1.77886039,1.70513183,1.5501433,1.32010832,1.03328971,0.72321914,0.44221971]}}
