{"nodes":{"cr_yes":[0.0,0.0,0.0,0.0,0.0,0.0,0.0,0.0,0.0,0.0,0.0,0.0,7e-08,1.687e-05,0.01901545,13.9770822,6.00723271,0.00059575,5.774e-05,0.0,0.0],"imm_yes_cr_yes":[0.0,0.0,0.0,0.0,0.0,0.0,0.00014422,0.80409985,16.86889184,2.32829582,0.00256905,2e-08,0.0,0.0,0.0,0.0,0.0,0.0,0.0,0.0,0.0],"imm_yes_cr_no":[0.0,1e-08,3e-08,1.4e-07,3.8e-07,8.3e-07,1.275e-05,0.00040355,0.00580386,0.03684919,0.11675115,0.65075485,5.02711024,10.23110282,3.74445239,0.18390255,0.00590292,0.00091941,3.355e-05,1.7e-07,0.0],"del_yes_cr_yes":[0.0,0.0,0.0,0.0,0.0,0.0,9.7e-07,0.00400254,0.76696588,9.66526861,8.96714989,0.59811228,0.00250013,5e-07,0.0,0.0,0.0,0.0,0.0,0.0,0.0],"del_yes_cr_no":[0.00016422,0.00143218,0.00809996,0.03139105,0.08670967,0.17598008,0.27621868,0.40997564,0.80595109,1.75175496,2.90004831,3.34278959,2.9939336,2.60676039,2.23288279,1.4962942,0.66947746,0.18373351,0.02829191,0.00215363,7.997e-05],"conf_yes_cr_yes_del_yes":[0.0,0.0,0.0,0.0,0.0,0.0,0.0,2e-08,1.2e-07,5.9e-07,2.23e-06,2.125e-05,0.00271831,0.14863815,2.37108999,9.54950836,7.3151604,0.61484597,0.00201528,1.4e-07,0.0],"conf_yes_cr_no_del_yes":[0.044225,0.0577478,0.0752721,0.09849627,0.12986097,0.17251346,0.22992866,0.30503333,0.39879145,0.50847067,0.62641175,0.74217277,0.85748114,1.03196718,1.4461997,2.31985682,3.44231904,3.78629368,2.62053447,1.02898316,0.20710776]}}
