{"nodes":{"cr_yes":[0.0,0.0,0.0,0.0,0.0,0.0,0.0,0.0,0.0,0.0,0.0,0.0,0.0,2.774e-05,0.99393334,18.89284914,0.11718598,4.61e-06,0.0,0.0,0.0],"imm_yes_cr_yes":[0.0,0.0,0.0,0.0,0.0,0.0,0.0,0.0,0.0,0.0,0.00092667,1.54371642,17.42837265,1.03080591,0.00017915,0.0,0.0,0.0,0.0,0.0,0.0],"imm_yes_cr_no":[0.0,0.0,0.0,0.0,0.0,0.0,0.0,0.0,0.0,0.0,0.0,2.6e-07,0.00271907,1.12775517,15.06557183,3.80164278,0.00631169,1e-08,0.0,0.0,0.0],"del_yes_cr_yes":[0.0,0.0,0.0,3.1e-07,0.00826437,2.0030589,13.25859544,4.61096589,0.12281733,0.00029848,7e-08,0.0,0.0,0.0,0.0,0.0,0.0,0.0,0.0,0.0,0.0],"del_yes_cr_no":[1.57265755,1.10146992,0.30804906,0.3134129,0.4187502,0.53958203,0.66770366,0.797322,0.9225607,1.03789513,1.13856141,1.22084472,1.28223659,1.32146928,1.33844729,1.33410208,1.3101976,1.26911245,1.21362066,1.14668767,1.07129334],"conf_yes_cr_yes_del_yes":[0.0,0.0,0.0,0.0,0.0,1e-08,7e-08,4.1e-07,2.08e-06,9.15e-06,5.779e-05,0.00112297,0.02174943,0.24882444,1.56982779,5.15932995,7.8864472,4.49356443,0.61498208,0.00808035,5.31e-06],"conf_yes_cr_no_del_yes":[0.1409386,0.16666902,0.20574681,0.26535774,0.35212737,0.47049329,0.62151483,0.80212034,1.00479209,1.21768862,1.42520477,1.60896919,1.74927945,1.8269747,1.82574588,1.73488353,1.55246309,1.28896784,0.97134936,0.64752552,0.39131612]}}
