{"nodes":{"cr_yes":[0.0,0.0,0.0,0.0,0.0,0.0,0.0,0.0,0.0,0.0,0.0,0.0,0.0,7e-08,0.07239023,19.68649494,0.24511556,0.0,0.0,0.0,0.0],"imm_yes_cr_yes":[0.0,0.0,0.0,0.0,0.0,0.0,0.0,0.0,0.0,2.25e-06,0.00017026,0.02502875,11.75960148,8.21526189,0.00393617,0.0,0.0,0.0,0.0,0.0,0.0],"imm_yes_cr_no":[0.0,0.0,0.0,0.0,0.0,0.0,0.0,0.0,0.0,0.0,0.0,1.8e-07,0.00041664,0.12671147,4.45912138,13.49221488,1.92173621,0.00380003,1e-08,0.0,0.0],"del_yes_cr_yes":[0.0,0.0,0.0,0.0,0.0,0.0,1e-08,0.00021105,0.13798171,5.13214677,12.63255792,2.08084128,0.02025325,8.8e-06,0.0,0.0,0.0,0.0,0.0,0.0,0.0],"del_yes_cr_no":[5.5e-07,7.88e-06,3.54e-06,4.3e-07,2e-08,1.28e-06,0.00051931,0.03853964,0.72464096,4.17463196,8.14274143,5.54935822,1.28124585,0.09068116,0.00162359,5.26e-06,0.0,0.0,0.0,0.0,0.0],"conf_yes_cr_yes_del_yes":[0.0,0.0,0.0,0.0,0.0,0.0,0.0,0.0,0.0,0.0,5.9e-07,0.00037557,0.05134054,1.52580978,9.04470507,8.55608096,0.82246294,0.00322528,6e-08,0.0,0.0],"conf_yes_cr_no_del_yes":[0.0,0.0,0.0,0.0,0.0,0.0,0.0,1.5e-07,6.9e-06,0.0001712,0.00259411,0.02557587,0.1704888,0.78125125,2.44687932,5.06142016,6.38651034,4.15703288,0.94867094,0.02339887,2e-08]}}
