{"nodes":{"cr_yes":[0.0,0.0,0.0,0.0,0.0,0.0,0.0,0.0,4e-08,0.0001037,0.03608887,1.63626404,8.75344513,4.69903084,0.20640593,0.00154039,0.00589244,0.69842233,3.4810437,0.45812312,0.05528053],"imm_yes_cr_yes":[0.0,0.0,0.0,0.0,0.0,1.1e-07,0.00356555,1.44990521,14.90254203,3.62868512,0.01929769,5.05e-06,4e-08,0.0,0.0,0.0,0.0,0.0,0.0,0.0,0.0],"imm_yes_cr_no":[0.0,0.0,0.0,0.0,0.0,1.465e-05,0.01542149,1.11882788,8.60821192,8.85430232,1.35391578,0.04727988,0.00545713,0.00055056,1.898e-05,2e-07,0.0,0.0,0.0,0.0,0.0],"del_yes_cr_yes":[0.0,0.0,0.0,0.0,0.0,0.0,2e-08,6.078e-05,0.02145809,1.07862269,8.53991316,9.21914623,1.13206044,0.0127274,1.199e-05,1e-08,0.0,0.0,0.0,0.0,0.0],"del_yes_cr_no":[1.3e-07,0.00033896,0.03649853,0.52886279,2.31082908,5.83075584,7.24116946,3.41432185,0.59999415,0.04017404,0.00103295,1.819e-05,3.59e-06,1.04e-06,2.2e-07,3e-08,0.0,0.0,0.0,0.0,0.0],"conf_yes_cr_yes_del_yes":[0.0,0.0,0.0,0.0,0.0,0.0,0.0,0.0,0.0,4e-08,5.67e-06,0.00042718,0.01589419,0.28496779,2.30258146,7.42389618,7.88567855,2.01901278,0.07141574,0.00012122,0.0],"conf_yes_cr_no_del_yes":[1.3e-07,4e-07,1.18e-06,3.39e-06,9.41e-06,2.524e-05,6.563e-05,0.00016566,0.00040677,0.00097321,0.00227216,0.00518362,0.01157043,0.02532035,0.05467687,0.11929464,0.28125645,0.79438663,2.68139199,8.69046699,14.67305942]}}
