{"nodes":{"cr_yes":[0.0,0.0,0.0,0.0,0.0,0.0,0.0,0.0,0.0,0.0,0.0,0.0,0.0,9e-07,0.12119058,19.0540347,0.82877408,5.3e-07,0.0,0.0,0.0],"imm_yes_cr_yes":[0.0,0.0,0.0,0.0,0.0,0.0,0.0,0.00150898,2.28091547,16.85249772,0.86875213,0.00032649,0.0,0.0,0.0,0.0,0.0,0.0,0.0,0.0,0.0],"imm_yes_cr_no":[0.0,0.0,0.0,0.0,0.0,0.0,0.0,0.0,0.0,2e-08,7.133e-05,0.02842863,1.53201838,10.53550323,7.53828545,0.36913476,0.00055898,1e-08,0.0,0.0,0.0],"del_yes_cr_yes":[0.0,0.0,0.0,0.0,0.0,0.0,1.78e-06,0.00950747,1.57019404,12.43932469,5.81938689,0.1653384,0.00024751,1e-08,0.0,0.0,0.0,0.0,0.0,0.0,0.0],"del_yes_cr_no":[0.0,0.0,5.86e-05,0.03243697,1.03294522,5.5553351,8.19755556,4.23980789,0.86910931,0.07410611,0.00261002,3.585e-05,1.7e-07,0.0,0.0,0.0,0.0,0.0,0.0,0.0,0.0],"conf_yes_cr_yes_del_yes":[0.0,0.0,0.0,0.0,0.0,0.0,0.0,0.0,0.0,4e-08,2.039e-05,0.00294704,0.13285418,1.8879813,7.94163696,8.40037395,1.60923863,0.02893718,1.113e-05,0.0,0.0],"conf_yes_cr_no_del_yes":[0.0,0.0,0.0,0.0,0.0,0.0,0.0,3e-08,7.8e-07,1.288e-05,0.00014898,0.00128016,0.00850468,0.04487501,0.19115701,0.66130527,1.84595245,4.0518514,6.54757748,6.41525259,0.47216415]}}
