{"nodes":{"cr_yes":[1.65296581,0.35068295,0.05037557,0.00479276,0.00029456,1.137e-05,2.7e-07,0.0,0.0,0.0,0.0,0.0,1e-08,9.367e-05,0.0812488,4.01188568,7.67831034,0.34935175,0.02242167,6.09652989,1.06303725],"imm_yes_cr_yes":[0.0,0.0,0.0,0.0,0.0,1.84e-06,0.15847204,15.59087827,4.24954993,0.00509868,3e-08,0.0,0.0,0.0,0.0,0.0,0.0,0.0,0.0,0.0,0.0],"imm_yes_cr_no":[0.0,0.0,1.1e-07,4.91e-06,9.177e-05,0.00074387,0.00271225,0.00459452,0.01148614,0.19492075,1.09642037,4.02109947,9.37362406,4.83522214,0.40679288,0.01899894,0.02146175,0.01269801,0.00289416,0.00023186,5.71e-06],"del_yes_cr_yes":[0.0,0.0,0.0,0.0,0.0,0.0,0.0,1.897e-05,0.12252347,9.0540631,10.61521395,0.21212013,6.118e-05,0.0,0.0,0.0,0.0,0.0,0.0,0.0,0.0],"del_yes_cr_no":[0.0,0.0,5e-08,2.092e-05,0.00181314,0.04966268,0.54543394,2.67467883,6.07442977,6.44973993,3.19920488,0.77035822,0.14762792,0.05961697,0.02432741,0.00613292,0.00088261,6.801e-05,2.56e-06,4e-08,0.0],"conf_yes_cr_yes_del_yes":[0.0,0.0,0.0,0.0,1e-08,1e-08,1e-08,1e-08,1e-08,1e-08,2e-08,2.713e-05,0.00961656,0.6353587,7.10027206,10.77917625,1.47060951,0.00893955,9.6e-07,0.0,0.0],"conf_yes_cr_no_del_yes":[5.941e-05,0.00013107,0.00028297,0.000598,0.00123742,0.00250763,0.00497723,0.00967586,0.01842147,0.03433962,0.06265404,0.11183158,0.1951386,0.33257988,0.55302781,0.89633241,1.41726124,2.20673233,3.49227724,5.86507448,9.59778041]}}
