{"nodes":{"cr_yes":[0.0,0.0,0.0,0.0,0.0,0.0,0.0,0.0,0.0,0.0,0.0,0.0,0.0,2.1e-07,0.17417994,19.78082787,0.04899242,3.6e-07,0.0,0.0,0.0],"imm_yes_cr_yes":[0.0,0.0,0.0,0.0,0.0,3e-08,0.03105294,13.12866575,6.83621886,0.00806319,3e-08,0.0,0.0,0.0,0.0,0.0,0.0,0.0,0.0,0.0,0.0],"imm_yes_cr_no":[0.0,0.0,0.0,0.0,0.0,6e-08,0.00140188,0.62014395,10.26291538,8.7034022,0.41508604,0.0010505,7.5e-07,5e-08,0.0,0.0,0.0,0.0,0.0,0.0,0.0],"del_yes_cr_yes":[0.0,0.0,0.0,0.0,0.0,0.0,0.0,1.831e-05,0.10558221,8.18346953,11.41827653,0.29653621,0.000118,0.0,0.0,0.0,0.0,0.0,0.0,0.0,0.0],"del_yes_cr_no":[0.0,8.3e-07,0.00695494,0.9098578,7.8499092,9.0420967,2.05009876,0.13188151,0.01106213,0.00192903,0.0001989,1.069e-05,3e-07,0.0,0.0,0.0,0.0,0.0,0.0,0.0,0.0],"conf_yes_cr_yes_del_yes":[0.0,0.0,0.0,0.0,0.0,0.0,0.0,0.0,0.0,0.0,1e-08,2.944e-05,0.01174348,0.79266875,8.19824378,10.10098977,0.89818262,0.00214293,2e-08,0.0,0.0],"conf_yes_cr_no_del_yes":[1e-08,2e-08,7e-08,2.4e-07,7.7e-07,2.37e-06,7.04e-06,2.023e-05,5.633e-05,0.00015244,0.00040163,0.00103159,0.00258547,0.00632813,0.01522126,0.0376654,0.11550079,0.54546529,3.03497201,11.67859083,9.13199775]}}
