{"nodes":{"cr_yes":[0.0,0.0,0.0,0.0,0.0,0.0,0.0,0.0,0.0,0.0,0.0,0.0,0.0,4e-08,0.01628671,13.41407775,6.57348885,0.00014744,0.0,0.0,0.0],"imm_yes_cr_yes":[0.0,0.0,0.0,0.0,0.0,0.0,0.0002736,1.48380541,17.6363724,0.88330864,0.00024076,0.0,0.0,0.0,0.0,0.0,0.0,0.0,0.0,0.0,0.0],"imm_yes_cr_no":[0.0,0.0,0.0,0.0,0.0,0.0,0.0,0.0,1e-08,1.793e-05,0.005406,0.32575155,4.12551984,10.55613515,4.71671585,0.27327583,0.0011785,1.3e-07,0.0,0.0,0.0],"del_yes_cr_yes":[0.0,0.0,0.0,0.0,0.0,1.6e-07,0.00484761,1.67609172,14.0273382,4.24143133,0.0542635,2.827e-05,0.0,0.0,0.0,0.0,0.0,0.0,0.0,0.0,0.0],"del_yes_cr_no":[0.0886692,8.73620536,7.55068585,2.86332181,0.67787811,0.11216491,0.01355885,0.00134852,0.00059053,0.00106225,0.00131017,0.00097896,0.00043499,0.0001102,1.475e-05,9.2e-07,2e-08,0.0,0.0,0.0,0.0],"conf_yes_cr_yes_del_yes":[0.0,0.0,0.0,0.0,0.0,0.0,0.0,0.0,0.0,0.0,1.14e-06,0.00028833,0.02294392,0.59082941,4.70909527,10.11061669,4.36242642,0.2075249,0.00027471,0.0,0.0],"conf_yes_cr_no_del_yes":[0.0,0.0,0.0,0.0,0.0,0.0,0.0,2e-08,4.1e-07,5.85e-06,6.258e-05,0.00052369,0.00352984,0.01956816,0.09042895,0.35035869,1.13338329,3.00062789,6.15947714,8.32148072,1.84910711]}}
