{"nodes":{"cr_yes":[0.0,0.0,0.0,0.0,0.0,0.0,0.0,0.0,0.0,0.0,0.0,0.0,0.00109214,1.87889301,12.38129698,5.73482889,0.00788977,0.0,0.0,0.0,0.0],"imm_yes_cr_yes":[0.0,0.0,0.0,0.0,0.0,0.0,0.0,0.0,0.0,0.0,0.00025789,0.49622683,14.34049523,5.15299327,0.01402746,1.1e-07,0.0,0.0,0.0,0.0,0.0],"imm_yes_cr_no":[0.0,0.0,0.0,0.0,0.0,0.0,0.0,0.0,0.0,2.14e-06,0.00636209,1.11003638,11.87022279,6.86347454,0.1538323,7.057e-05,0.0,0.0,0.0,0.0,0.0],"del_yes_cr_yes":[0.0,6.2e-07,0.0482753,4.76114172,12.25769535,2.83260374,0.10349499,0.00078763,1.41e-06,0.0,0.0,0.0,0.0,0.0,0.0,1e-08,1e-08,1e-08,1e-08,0.0,0.0],"del_yes_cr_no":[0.94935498,1.05656594,1.14422397,1.20887405,1.25076302,1.27118614,1.27211823,1.25594946,1.2252717,1.18271308,1.13081571,1.07195081,1.00826429,0.941647,0.87372371,0.80585608,0.73915544,0.67450209,0.61256845,0.55384396,0.49866038],"conf_yes_cr_yes_del_yes":[0.00546641,0.00442938,0.00352222,0.00279114,0.00233327,0.00240276,0.00413915,0.014244,0.06459693,0.25901495,0.80875631,1.91320524,3.40044304,4.48823004,4.30212726,2.89149318,1.31128735,0.40603311,0.10054688,0.02058074,0.00218125],"conf_yes_cr_no_del_yes":[0.18147503,0.20786805,0.24324561,0.28760769,0.34095431,0.40328545,0.47460113,0.55490134,0.64418608,0.74245535,0.84970915,0.96594748,1.09117034,1.22537773,1.36856966,1.52074611,1.6819071,1.85205262,2.03118266,2.21929724,2.41639635]}}
