{"nodes":{"cr_yes":[0.0,0.0,0.0,0.0,0.0,0.0,0.0,0.0,0.0,0.0,0.0,0.0,0.0,0.0,5e-08,0.02649266,19.45306432,0.52444362,1.5e-07,0.0,0.0],"imm_yes_cr_yes":[0.0,0.0,0.0,0.0,0.0,0.0,0.01355897,12.5408082,7.44383072,0.0058029,1e-08,0.0,0.0,0.0,0.0,0.0,0.0,0.0,0.0,0.0,0.0],"imm_yes_cr_no":[0.0,0.0,0.0,0.0,0.0,0.0,0.0,3.37e-06,0.00295936,0.31330747,4.74236937,10.98097822,3.79147354,0.17207281,0.00079823,7.77e-06,1.455e-05,1.18e-05,3.83e-06,4.6e-07,2e-08],"del_yes_cr_yes":[0.0,0.0,0.0,0.0,0.0,0.0,3.1e-07,0.0046981,1.38458667,12.90473922,5.62123583,0.08871354,2.712e-05,0.0,0.0,0.0,0.0,0.0,0.0,0.0,0.0],"del_yes_cr_no":[0.0,0.0,1e-08,4.8e-07,6.745e-05,0.00567657,0.14253442,1.24457707,4.41074475,7.00767932,5.1679364,1.71382398,0.24250815,0.02590498,0.01563587,0.01315459,0.0084266,0.00384906,0.00121016,0.00025384,3.419e-05],"conf_yes_cr_yes_del_yes":[0.0,0.0,0.0,0.0,0.0,0.0,0.0,0.0,0.0,0.0,2e-08,5.325e-05,0.02045805,1.21745146,9.97270985,8.39032828,0.40266474,0.00033515,0.0,0.0,0.0],"conf_yes_cr_no_del_yes":[0.00067277,0.00122603,0.00220126,0.00389361,0.00678423,0.01164236,0.01967274,0.03272088,0.05354629,0.08616521,0.1362455,0.21150071,0.32197448,0.48003534,0.69987694,0.99677393,1.390564,1.94644608,3.01000098,5.78856963,9.60764845]}}
