{"nodes":{"cr_yes":[0.0,0.0,0.0,0.0,0.0,0.0,0.0,0.0,0.0,0.0,0.0,0.0,0.0,0.0,7.631e-05,2.05121235,17.94925923,0.00345292,0.0,0.0,0.0],"imm_yes_cr_yes":[0.0,0.0,0.0,0.0,0.0,4e-08,0.02657972,10.84799456,9.10143613,0.02798997,3.8e-07,0.0,0.0,0.0,0.0,0.0,0.0,0.0,0.0,0.0,0.0],"imm_yes_cr_no":[0.0,0.0,0.0,0.0,0.0,0.0,0.0,4.72e-06,0.00208067,0.14941243,2.18522316,7.92475002,7.84981614,1.82220237,0.07022762,0.0002836,6e-08,0.0,0.0,0.0,0.0],"del_yes_cr_yes":[0.0,0.0,0.0,0.0,0.0,8.2e-07,0.02109631,4.25951117,14.46792968,1.25223271,0.00322986,2.3e-07,0.0,0.0,0.0,0.0,0.0,0.0,0.0,0.0,0.0],"del_yes_cr_no":[0.0,0.0,0.0,0.0,1e-07,2.764e-05,0.00196604,0.04973809,0.53287988,2.61082764,6.03938511,6.61948497,3.35046623,0.73522628,0.0623123,0.00167627,1.025e-05,1e-08,0.0,0.0,0.0],"conf_yes_cr_yes_del_yes":[0.0,0.0,0.0,0.0,0.0,0.0,0.0,0.0,0.0,0.0,2.54e-06,0.0006928,0.05346282,1.18445879,7.06995848,9.58020874,2.07941238,0.03579431,9.94e-06,0.0,0.0],"conf_yes_cr_no_del_yes":[0.0,0.0,0.0,0.0,0.0,0.0,0.0,0.0,9e-08,1.63e-06,2.202e-05,0.00023065,0.00191393,0.01280316,0.0697164,0.3093777,1.10759692,3.11035005,6.41428278,8.01681837,1.9217742]}}
