{"nodes":{"cr_yes":[0.0,0.0,0.0,0.0,0.0,0.0,0.0,0.0,0.0,0.0,0.0,0.0,0.0,0.01770485,19.63305565,0.35324029,1e-08,0.0,0.0,0.0,0.0],"imm_yes_cr_yes":[0.0,0.0,0.0,0.0,0.0,0.0,1.49e-06,0.29884247,18.80344488,0.90166502,4.694e-05,0.0,0.0,0.0,0.0,0.0,0.0,0.0,0.0,0.0,0.0],"imm_yes_cr_no":[0.0,0.0,0.0,0.0,0.0,0.0,2.235e-05,0.07291528,5.26540213,13.22996697,1.42890301,0.00678984,1.22e-06,0.0,0.0,0.0,0.0,0.0,0.0,0.0,0.0],"del_yes_cr_yes":[0.0,0.0,0.0,0.0,0.0,0.0,0.0,9.31e-06,0.08052504,7.79324098,11.82752359,0.30259227,0.00010961,0.0,0.0,0.0,0.0,0.0,0.0,0.0,0.0],"del_yes_cr_no":[0.0,0.0,0.0,7.503e-05,0.14571355,5.36425791,11.72408619,2.68391885,0.08552317,0.00042576,3.3e-07,0.0,0.0,0.0,0.0,0.0,0.0,0.0,0.0,0.0,0.0],"conf_yes_cr_yes_del_yes":[0.0,0.0,0.0,0.0,0.0,0.0,0.0,0.0,0.0,0.0,9e-08,9.958e-05,0.02235387,1.00028989,8.16695161,9.72824,1.08145606,0.00460961,1e-07,0.0,0.0],"conf_yes_cr_no_del_yes":[0.0,0.0,0.0,0.0,0.0,0.0,0.0,0.0,0.0,7e-08,2.69e-06,6.266e-05,0.00091488,0.00861693,0.05294656,0.21382802,0.60917403,1.68314364,5.63483304,11.73002679,0.14090294]}}
