{"nodes":{"cr_yes":[0.0,0.0,0.0,0.0,0.0,0.0,0.0,0.0,0.0,0.0,0.0,0.0,0.0,0.0,0.00010846,4.96420441,15.0395751,0.00011282,0.0,0.0,0.0],"imm_yes_cr_yes":[0.0,0.0,0.0,0.0,0.0,0.0,6.4e-07,0.032125,7.27676385,12.48778001,0.20729738,3.391e-05,0.0,0.0,0.0,0.0,0.0,0.0,0.0,0.0,0.0],"imm_yes_cr_no":[0.0,0.0,0.0,0.0,0.0,0.0,0.0,0.0,0.0,6.5e-07,0.00083167,0.14163214,3.39695256,11.00979816,4.49620415,0.8824014,0.07603672,0.00014335,0.0,0.0,0.0],"del_yes_cr_yes":[0.0,0.0,0.0,0.0,0.0,0.0,2.18e-06,0.00668752,0.93842716,9.66209716,8.79769395,0.59691842,0.00217413,2.8e-07,0.0,0.0,0.0,0.0,0.0,0.0,0.0],"del_yes_cr_no":[0.0,0.0,8.14e-06,0.00166866,0.05948009,0.647572,2.850213,5.88073292,6.13561015,3.3388732,0.94560802,0.13490523,0.00906964,0.00025715,2.58e-06,1e-08,0.0,0.0,0.0,0.0,0.0],"conf_yes_cr_yes_del_yes":[0.0,0.0,0.0,0.0,0.0,0.0,0.0,0.0,0.0,0.0,8e-08,4.98e-05,0.00851145,0.39057911,4.52125736,11.05000399,3.9373139,0.09624787,3.726e-05,0.0,0.0],"conf_yes_cr_no_del_yes":[0.0,0.0,0.0,0.0,0.0,0.0,0.0,4e-08,8.5e-07,1.285e-05,0.00014347,0.00122568,0.00824519,0.04459681,0.19626618,0.70350797,2.02468042,4.48921334,6.92149778,5.4973419,0.2345366]}}
