{"nodes":{"cr_yes":[0.0,0.0,0.0,0.0,0.0,0.0,0.0,0.0,0.0,0.0,0.0,0.0,0.0,1e-08,0.01318661,15.93110613,4.05969699,1.106e-05,0.0,0.0,0.0],"imm_yes_cr_yes":[0.0,0.0,0.0,0.0,0.0,3.2e-07,0.06892496,13.16237173,6.75652558,0.016178,2.2e-07,0.0,0.0,0.0,0.0,0.0,0.0,0.0,0.0,0.0,0.0],"imm_yes_cr_no":[0.0,0.0,0.0,0.0,0.0,0.0,3.505e-05,0.01921307,1.06144018,7.90955455,9.21830048,1.74491177,0.05035902,0.00018661,7e-08,0.0,0.0,0.0,0.0,0.0,0.0],"del_yes_cr_yes":[0.0,0.0,0.0,0.0,0.0,1.74e-06,0.02785979,4.33006485,14.17722483,1.46330174,0.00554711,7.3e-07,0.0,0.0,0.0,0.0,0.0,0.0,0.0,0.0,0.0],"del_yes_cr_no":[0.0,0.0,0.0,3.97e-06,0.00119821,0.06132326,0.84211922,3.95637516,7.28852332,5.66147911,1.90358906,0.27321455,0.01583875,0.00033403,2.16e-06,0.0,0.0,0.0,0.0,0.0,0.0],"conf_yes_cr_yes_del_yes":[0.0,0.0,0.0,0.0,0.0,0.0,0.0,0.0,0.0,0.0,3.3e-07,0.0001171,0.01243303,0.4107131,4.03992394,10.27650781,5.01089197,0.25309221,0.00032131,0.0,0.0],"conf_yes_cr_no_del_yes":[0.0,0.0,0.0,0.0,0.0,0.0,0.0,5e-08,4.2e-07,3.06e-06,1.885e-05,0.00010036,0.0004677,0.00197297,0.00825949,0.04006744,0.2318094,1.31105864,5.66069648,12.67451461,0.15006265]}}
