{"nodes":{"cr_yes":[0.0,0.0,0.0,0.0,0.0,0.0,0.0,0.0,0.0,0.0,0.0,0.0,3e-08,0.0427201,19.01815034,0.9431286,1.72e-06,0.0,0.0,0.0,0.0],"imm_yes_cr_yes":[0.0,0.0,0.0,0.0,0.0,0.0,0.0,0.0,0.0,0.0,0.0,0.00038224,2.15244287,17.74707287,0.1041027,1.1e-07,0.0,0.0,0.0,0.0,0.0],"imm_yes_cr_no":[0.0,0.0,0.0,0.0,0.0,0.0,0.0,0.0,2e-08,0.00015054,0.07550883,3.26882431,12.66186506,3.9251187,0.07248821,4.512e-05,0.0,0.0,0.0,0.0,0.0],"del_yes_cr_yes":[0.0,0.0,0.0,0.0,3.5e-07,0.00042421,0.0117716,0.01652737,0.00967156,1.07312349,10.43865299,7.9849037,0.46713958,0.00178563,3.3e-07,0.0,0.0,0.0,0.0,0.0,0.0],"del_yes_cr_no":[4.126e-05,2.25783074,10.34718496,6.10599456,1.18865628,0.10018468,0.00404724,8.092e-05,7.9e-07,0.0,0.0,0.0,0.0,0.0,0.0,0.0,0.0,0.0,0.0,0.0,0.0],"conf_yes_cr_yes_del_yes":[0.0,0.0,0.0,0.0,0.0,0.0,0.0,0.0,0.0,0.0,2e-08,1.457e-05,0.00284902,0.16246395,2.58347953,9.93823198,6.85430451,0.46187544,0.00078179,0.0,0.0],"conf_yes_cr_no_del_yes":[0.0,0.0,0.0,0.0,0.0,0.0,0.0,6e-08,1.28e-06,1.866e-05,0.00019683,0.00158579,0.01009883,0.05200047,0.21913318,0.75633644,2.10716474,4.54660897,6.85782029,5.34069301,0.22468448]}}
