{"nodes":{"cr_yes":[0.0,0.0,0.0,0.0,0.0,0.0,0.0,0.0,0.0,0.0,0.0,0.0,0.0,0.0,0.00439424,18.82416008,1.1754464,8e-08,0.0,0.0,0.0],"imm_yes_cr_yes":[0.0,0.0,0.0,0.0,0.0,0.0,0.0,0.0,0.0,0.0,1.6e-07,0.03095535,12.40922894,7.56052789,0.00328846,0.0,0.0,0.0,0.0,0.0,0.0],"imm_yes_cr_no":[0.0,0.0,0.0,0.0,0.0,0.0,0.0,0.0,1.3e-07,0.00061298,0.19765671,5.32313235,12.30188428,2.15945191,0.0212556,6.84e-06,0.0,0.0,0.0,0.0,0.0],"del_yes_cr_yes":[0.0,0.0,0.0,0.0,0.0,2e-08,0.00062205,0.38461175,8.83346692,10.13705962,0.6460758,0.00216433,3.1e-07,0.0,0.0,0.0,0.0,0.0,0.0,0.0,0.0],"del_yes_cr_no":[0.0,0.00118386,0.27897786,3.67669424,8.67735078,5.82989154,1.39959284,0.13474876,0.00546656,9.37e-05,6.5e-07,0.0,0.0,0.0,0.0,0.0,0.0,0.0,0.0,0.0,0.0],"conf_yes_cr_yes_del_yes":[0.0,0.0,0.0,0.0,0.0,0.0,0.0,0.0,0.0,0.0,2e-08,1.829e-05,0.00364855,0.20448086,3.0644475,10.5120095,5.93819637,0.28096365,0.00023605,0.0,0.0],"conf_yes_cr_no_del_yes":[0.0,0.0,0.0,0.0,0.0,0.0,0.0,7e-08,9.5e-07,1.022e-05,8.636e-05,0.00059383,0.00341041,0.01666961,0.07023947,0.25690981,0.81557502,2.22245342,5.02648172,8.51865832,6.14582316]}}
