{"nodes":{"cr_yes":[0.0,0.0,0.0,0.0,0.0,0.0,0.0,0.0,0.0,0.0,0.0,0.0,3.995e-05,2.11378896,17.88392063,0.00625127,0.0,0.0,0.0,0.0,0.0],"imm_yes_cr_yes":[0.0,0.0,0.0,0.0,0.0,0.0,0.0,0.0,0.0,0.0,0.00035954,1.61024716,18.04887483,0.34451453,4.74e-06,0.0,0.0,0.0,0.0,0.0,0.0],"imm_yes_cr_no":[0.0,0.0,0.0,0.0,0.0,0.0,0.0,0.0,1.5e-06,0.00721071,1.41413121,13.04910698,5.45167743,0.0818457,2.726e-05,0.0,0.0,0.0,0.0,0.0,0.0],"del_yes_cr_yes":[0.0,0.0,0.0,0.0,0.0,0.0,3.632e-05,0.0334662,2.11052813,11.52614501,6.0325773,0.2999842,0.00126328,3.6e-07,0.0,0.0,0.0,0.0,0.0,0.0,0.0],"del_yes_cr_no":[0.0,0.0,1.46e-06,0.00980033,1.18744738,9.12312971,8.36250267,1.28182942,0.03903786,0.00025165,3.4e-07,0.0,0.0,0.0,0.0,0.0,0.0,0.0,0.0,0.0,0.0],"conf_yes_cr_yes_del_yes":[0.0,0.0,0.0,0.0,0.0,0.0,0.0,0.0,0.0,0.0,1.2e-07,9.181e-05,0.01661876,0.70028417,6.42736652,10.657359,2.17686852,0.02540886,3.04e-06,0.0,0.0],"conf_yes_cr_no_del_yes":[0.0,0.0,0.0,0.0,0.0,0.0,0.0,5e-08,2.52e-06,6.545e-05,0.0010426,0.01110532,0.08331368,0.4477564,1.69520128,4.3015907,6.66551192,5.28981894,1.462803,0.04577679,2.428e-05]}}
