{"nodes":{"cr_yes":[0.0,0.0,0.0,0.0,0.0,0.0,0.0,0.0,0.0,0.0,0.0,0.0,0.0,0.0,1.91e-06,0.25770049,19.64910949,0.09718891,0.0,0.0,0.0],"imm_yes_cr_yes":[0.0,0.0,0.0,0.0,0.0,0.0,0.0,0.0,0.0,0.0,0.0,0.00096977,2.39971845,17.38983463,0.21347642,1.54e-06,0.0,0.0,0.0,0.0,0.0],"imm_yes_cr_no":[0.0,0.0,0.0,0.0,0.0,0.0,0.0,0.0,0.0,4e-08,8.247e-05,0.02406158,1.13238843,8.41571898,8.78468753,1.51961069,0.12702282,0.00042826,0.0,0.0,0.0],"del_yes_cr_yes":[0.0,0.0,0.0,0.0,0.0,2.4e-07,0.00243664,0.85756547,11.34065783,7.52695615,0.27586346,0.00052096,4e-08,0.0,0.0,0.0,0.0,0.0,0.0,0.0,0.0],"del_yes_cr_no":[0.0,1e-08,2.559e-05,0.00418813,0.12358915,1.10560284,3.93307068,6.48171621,5.38881456,2.3542256,0.54401544,0.06488529,0.00376978,9.658e-05,9.3e-07,0.0,0.0,0.0,0.0,0.0,0.0],"conf_yes_cr_yes_del_yes":[0.0,0.0,0.0,0.0,0.0,0.0,0.0,0.0,0.0,0.0,3e-08,2.651e-05,0.00530778,0.2840344,3.83804907,11.03338107,4.70213939,0.14100987,5.268e-05,0.0,0.0],"conf_yes_cr_no_del_yes":[0.0,0.0,1e-08,1.1e-07,7.9e-07,4.68e-06,2.402e-05,0.00010831,0.0004357,0.00158418,0.00526878,0.01622673,0.04687134,0.12835719,0.33430021,0.81893827,1.83252807,3.56394845,5.56796492,6.08394001,3.20699808]}}
