{"nodes":{"cr_yes":[36.71530154,1.59401953,0.05111781,0.00119256,1.99e-05,2.3e-07,0.0,0.0,0.0,0.0,0.0,0.0,0.0,0.0,0.0,0.0,0.0,0.0,0.0,0.0,1e-08],"imm_yes_cr_yes":[0.0,0.0,0.0,0.0,0.0,0.0,0.0,0.0,0.0,0.0,2e-08,0.002534,2.67547187,16.9255475,0.4004332,1.422e-05,0.0,0.0,0.0,0.0,0.0],"imm_yes_cr_no":[0.0,0.0,0.0,0.0,0.0,0.0,0.0,0.0,0.0,0.0,0.0,0.0,3.7e-06,0.00943508,1.65784999,14.72523766,3.60395905,0.00751532,1e-08,0.0,0.0],"del_yes_cr_yes":[0.0,0.0,0.0,4.986e-05,0.05950122,2.82145099,11.14865945,5.53643476,0.43200445,0.0058824,1.748e-05,1.9e-07,0.0,0.0,0.0,0.0,0.0,0.0,0.0,0.0,0.0],"del_yes_cr_no":[9.32397778,6.76537592,4.09523313,2.15743691,1.16975018,0.60946098,0.29996,0.13980935,0.06192934,0.02614412,0.0105421,0.0040672,0.00150327,0.0005328,0.0001812,5.916e-05,1.854e-05,5.58e-06,1.61e-06,4.5e-07,1.2e-07],"conf_yes_cr_yes_del_yes":[0.58311278,0.60721969,0.61237431,0.59714715,0.56202536,0.5095079,0.44392018,0.37108682,0.29832711,0.23572458,0.19973334,0.21859405,0.33795688,0.64252969,1.32738575,2.61063942,3.95444626,3.78380073,1.93969004,0.43480027,0.05106976],"conf_yes_cr_no_del_yes":[0.39477808,0.43582999,0.48772281,0.55250807,0.63120828,0.72353696,0.82773086,0.94049433,1.05705583,1.17133669,1.27623189,1.36400317,1.42678412,1.45719761,1.44908527,1.39834916,1.30390561,1.16875123,1.00114107,0.81587891,0.63571982]}}
