{"nodes":{"cr_yes":[0.0,0.0,0.0,0.0,0.0,0.0,0.0,0.0,0.0,0.0,0.0,0.0,0.0,0.0,2.3e-06,0.166198,19.32814528,0.50965519,4e-08,0.0,0.0],"imm_yes_cr_yes":[0.0,0.0,0.0,0.0,0.0,0.0,0.0,0.0,3e-08,0.00239366,1.7794698,16.42788019,1.79259355,0.00166356,1e-08,0.0,0.0,0.0,0.0,0.0,0.0],"imm_yes_cr_no":[0.0,0.0,0.0,0.0,0.0,0.0,0.0,0.0,5.8e-07,0.00044594,0.05910511,1.54671924,8.29606544,8.61461923,1.4583747,0.02863595,3.46e-05,0.0,0.0,0.0,0.0],"del_yes_cr_yes":[0.0,0.0,0.0,0.0,0.0,0.0,3.392e-05,0.05658194,3.63024388,13.10580723,3.16014481,0.05114152,4.75e-05,0.0,0.0,0.0,0.0,0.0,0.0,0.0,0.0],"del_yes_cr_no":[0.0,0.0,0.0,2e-08,1.204e-05,0.00126646,0.03631236,0.3930013,1.93129297,4.78825458,6.31928221,4.50167207,1.69193755,0.31457956,0.02564173,0.00074269,5.27e-06,0.0,0.0,0.0,0.0],"conf_yes_cr_yes_del_yes":[0.0,0.0,0.0,0.0,0.0,0.0,0.0,0.0,0.0,0.0,6.8e-07,0.00016248,0.01308764,0.36511265,3.41319496,9.5136175,6.14765065,0.54909317,0.00208106,1e-08,0.0],"conf_yes_cr_no_del_yes":[0.0,0.0,0.0,0.0,0.0,0.0,1e-08,2.3e-07,4.91e-06,7.383e-05,0.00078904,0.00622097,0.03733409,0.17404458,0.63530168,1.80363052,3.87380273,5.89930838,5.49315672,2.07422092,0.01222436]}}
