{"nodes":{"cr_yes":[0.0,0.0,0.0,0.0,0.0,0.0,0.0,0.0,0.0,0.0,0.0,0.0,3.7e-07,0.01606081,6.35798385,13.5700763,0.0598793,1.7e-07,0.0,0.0,0.0],"imm_yes_cr_yes":[0.0,0.0,0.0,0.0,0.0,0.0,0.0,0.0,0.0,1e-08,0.0005284,0.59432057,13.80130833,5.58229968,0.02554322,5.9e-07,0.0,0.0,0.0,0.0,0.0],"imm_yes_cr_no":[0.0,0.0,0.0,0.0,0.0,0.0,0.0,0.0,0.0,0.0,7e-08,0.00024209,0.09588734,3.86200423,13.32407684,2.70597507,0.01581449,6.7e-07,0.0,0.0,0.0],"del_yes_cr_yes":[5e-08,0.00058744,0.08312227,2.20991384,11.64193316,5.64863177,0.41171496,0.00800056,9.547e-05,1.27e-06,3e-08,0.0,0.0,0.0,0.0,0.0,0.0,0.0,0.0,0.0,0.0],"del_yes_cr_no":[23.64274295,6.27076294,1.41159079,0.37211322,0.09711774,0.02395087,0.00556274,0.00121863,0.00025212,4.928e-05,9.1e-06,1.59e-06,2.6e-07,4e-08,1e-08,0.0,0.0,0.0,0.0,0.0,0.0],"conf_yes_cr_yes_del_yes":[0.09427071,0.113142,0.13028798,0.1438688,0.15224424,0.1544174,0.15097514,0.14747724,0.16630538,0.27645667,0.63253283,1.44253093,2.73054074,3.98852855,4.29308107,3.23286324,1.58850579,0.47441524,0.09927618,0.03221089,0.01441031],"conf_yes_cr_no_del_yes":[0.30488177,0.33725272,0.37564162,0.42004847,0.47047328,0.52691605,0.58937678,0.65785547,0.73235211,0.8128667,0.89939926,0.99194977,1.09051824,1.19510467,1.30570905,1.42233139,1.54497169,1.67362994,1.80830615,1.94900032,2.09571245]}}
