{"nodes":{"cr_yes":[0.0,0.0,0.0,0.0,0.0,0.0,0.0,0.0,0.0,0.0,0.0,0.0,0.0,0.00053849,1.80004121,18.03397979,0.16943942,1.79e-06,9e-08,0.0,0.0],"imm_yes_cr_yes":[0.0,0.0,0.0,0.0,0.0,0.0,0.0,0.0,0.0,0.0,4.307e-05,0.13141051,8.71038635,10.98348796,0.17864856,2.435e-05,0.0,0.0,0.0,0.0,0.0],"imm_yes_cr_no":[0.0,0.0,0.0,0.0,0.0,0.0,0.0,0.0,0.0,0.0,3e-08,0.00013935,0.06663154,3.23190171,13.43142535,3.25227253,0.0216294,8.9e-07,0.0,0.0,0.0],"del_yes_cr_yes":[0.0,1.848e-05,0.06419264,3.0294662,10.48397946,5.68277819,0.71159857,0.02745732,0.0023483,0.00129229,0.0005948,0.00020647,5.48e-05,1.124e-05,1.79e-06,2.2e-07,2e-08,0.0,0.0,0.0,0.0],"del_yes_cr_no":[2.0887717,1.14227961,0.55447614,0.58846649,0.66403837,0.73790751,0.8073638,0.87143865,0.92942127,0.98080551,1.02527013,1.06265806,1.09295505,1.11626856,1.13280742,1.14286276,1.14679042,1.14499499,1.13791566,1.1260137,1.1097617],"conf_yes_cr_yes_del_yes":[0.03659266,0.0545738,0.07755449,0.10492917,0.13503926,0.16514229,0.19182355,0.21275743,0.23326726,0.28553309,0.4640472,0.9428822,1.87706454,3.13283271,4.08347091,3.95326156,2.66756533,1.13197073,0.25117327,0.02054838,0.0005346],"conf_yes_cr_no_del_yes":[0.26384416,0.29289391,0.32916404,0.37265454,0.42336543,0.48129669,0.54644833,0.61882035,0.69841275,0.78522553,0.87925869,0.98051223,1.08898615,1.20468044,1.32759512,1.45773017,1.5950856,1.73966141,1.8914576,2.05047417,2.21671112]}}
