{"nodes":{"cr_yes":[0.0,0.0,0.0,0.0,0.0,0.0,0.0,0.0,0.0,0.0,0.0,0.0,0.0,0.0,0.00710175,13.82543011,6.17143862,3.032e-05,0.0,0.0,0.0],"imm_yes_cr_yes":[0.0,0.0,0.0,0.0,0.0,0.0,0.0,1.626e-05,0.2385133,14.31787024,5.43299563,0.01460514,2.3e-07,0.0,0.0,0.0,0.0,0.0,0.0,0.0,0.0],"imm_yes_cr_no":[0.0,0.0,0.0,0.0,0.0,0.0,0.0,0.0,1e-08,2.573e-05,0.00816921,0.47490451,5.29619314,10.75601009,3.35440043,0.11407411,0.00022356,1e-08,0.0,0.0,0.0],"del_yes_cr_yes":[0.0,0.0,0.0,0.0,0.0,4e-08,0.0022167,1.19042155,13.60157255,5.13298346,0.07676203,4.447e-05,0.0,0.0,0.0,0.0,0.0,0.0,0.0,0.0,0.0],"del_yes_cr_no":[0.0,0.0,2.6e-07,3.23e-06,3.493e-05,0.00151253,0.03776849,0.38799001,1.87139974,4.65123573,6.25203248,4.59936341,1.81079226,0.3588548,0.03195225,0.00105157,9.1e-06,1e-08,0.0,0.0,0.0],"conf_yes_cr_yes_del_yes":[0.0,0.0,0.0,0.0,0.0,0.0,0.0,0.0,0.0,7e-08,3.461e-05,0.00498228,0.21183092,2.66689915,9.17796379,7.10070137,0.83484687,0.00674116,5.9e-07,0.0,0.0],"conf_yes_cr_no_del_yes":[0.0,0.0,0.0,0.0,0.0,0.0,2e-08,7.7e-07,1.557e-05,0.00020791,0.00196749,0.01383671,0.07456168,0.31299042,1.02614774,2.58999321,4.83321186,6.09382686,4.20551593,0.85138324,0.00068275]}}
