{"nodes":{"cr_yes":[0.0,0.0,0.0,0.0,0.0,0.0,0.0,0.0,0.0,0.0,0.0,0.0,0.00601191,14.26001952,5.737866,0.00010337,0.0,0.0,0.0,0.0,0.0],"imm_yes_cr_yes":[0.0,0.0,0.0,0.0,0.0,0.0,4.77e-06,0.21355228,16.0255682,3.76128949,0.00358605,1e-08,0.0,0.0,0.0,0.0,0.0,0.0,0.0,0.0,0.0],"imm_yes_cr_no":[0.0,0.0,0.0,0.0,0.0,0.0,1.984e-05,0.05312768,3.43323237,12.18683593,4.20651131,0.12403062,0.00024302,3e-08,0.0,0.0,0.0,0.0,0.0,0.0,0.0],"del_yes_cr_yes":[0.0,0.0,0.0,0.0,0.0,0.0,0.0,0.0,8.611e-05,0.17351262,8.34283406,11.10476051,0.38255496,0.00025254,0.0,0.0,0.0,0.0,0.0,0.0,0.0],"del_yes_cr_no":[0.0,0.0,3.4e-07,0.00315397,0.58655874,6.91537653,9.68387463,2.52412202,0.26638348,0.02353319,0.00098361,1.42e-05,8e-08,0.0,0.0,0.0,0.0,0.0,0.0,0.0,0.0],"conf_yes_cr_yes_del_yes":[0.0,0.0,0.0,0.0,0.0,0.0,0.0,0.0,0.0,0.0,2e-08,1.918e-05,0.00463473,0.27811943,3.90556804,11.0111406,4.63592353,0.16841478,0.00018048,0.0,0.0],"conf_yes_cr_no_del_yes":[1.5e-07,9e-08,5e-08,3e-08,1e-08,1e-08,7e-08,2.76e-06,9.451e-05,0.00194356,0.02393212,0.18189183,0.87139356,2.6473582,5.04545605,5.84620336,3.87699728,1.31712764,0.18481669,0.00677178,2.228e-05]}}
