{"nodes":{"cr_yes":[0.0,0.0,0.0,0.0,0.0,0.0,0.0,0.0,0.0,0.0,0.0,0.0,0.0,1e-08,0.00589801,10.02019472,9.97700735,0.00090072,0.0,0.0,0.0],"imm_yes_cr_yes":[0.0,0.0,0.0,0.0,0.0,0.0,0.00391469,6.50982105,13.42820931,0.06205496,7.9e-07,0.0,0.0,0.0,0.0,0.0,0.0,0.0,0.0,0.0,0.0],"imm_yes_cr_no":[0.0,0.0,0.0,0.0,0.0,0.0,0.0,0.0,3.6e-07,0.00010027,0.04694154,2.46298738,12.07093038,5.24725394,0.17546129,0.00032562,1e-08,0.0,0.0,0.0,0.0],"del_yes_cr_yes":[0.0,0.0,0.0,0.0,0.0,0.0,0.0,0.0002431,0.53747515,13.73314054,5.69120885,0.04192835,4.81e-06,0.0,0.0,0.0,0.0,0.0,0.0,0.0,0.0],"del_yes_cr_no":[1e-08,1e-08,1.3e-07,1.96e-06,1.802e-05,0.00012077,0.00119262,0.017564,0.17150688,0.91708326,2.70621011,4.62662696,5.10924746,4.02646916,1.96690581,0.43045801,0.03011556,0.00044534,5.6e-06,1.381e-05,3.063e-05],"conf_yes_cr_yes_del_yes":[0.0,0.0,0.0,0.0,0.0,0.0,0.0,0.0,0.0,0.0,0.0,8.84e-06,0.00450711,0.41708006,6.17788452,11.52381481,1.86209883,0.01860177,4.87e-06,0.0,0.0],"conf_yes_cr_no_del_yes":[0.00064641,0.00063786,0.00059795,0.0005313,0.00044628,0.00035327,0.00026261,0.00018363,0.00015678,0.00107498,0.01665299,0.16395031,0.94976099,3.19534774,6.06779771,6.12088212,2.92588247,0.53488524,0.02417678,9.654e-05,1e-07]}}
