{"nodes":{"cr_yes":[0.0,0.0,0.0,0.0,0.0,0.0,0.0,0.0,0.0,0.0,0.0,0.0,1e-07,4.67e-06,0.03308733,19.68325131,0.28765739,0.0,0.0,0.0,0.0],"imm_yes_cr_yes":[0.0,0.0,0.0,0.0,0.0,0.0,1.6e-07,0.04767058,12.97910142,6.96693886,0.01028974,4e-08,0.0,0.0,0.0,0.0,0.0,0.0,0.0,0.0,0.0],"imm_yes_cr_no":[0.0,0.0,0.0,0.0,0.0,0.0,0.0,0.0,3e-07,0.00036644,0.06023831,1.64119698,9.1026836,8.48361275,0.71311983,0.00274976,1.521e-05,1.401e-05,3.44e-06,1.9e-07,0.0],"del_yes_cr_yes":[0.0,0.0,0.0,0.0,0.0,0.0,0.0,5e-08,0.00064379,0.3521956,9.46009054,9.89039395,0.30048159,0.00019529,0.0,0.0,0.0,0.0,0.0,0.0,0.0],"del_yes_cr_no":[0.00276335,0.00522182,0.00830804,0.01113736,0.0125677,0.01191276,0.0096333,0.00910929,0.02603993,0.10448634,0.29133665,0.66277822,1.85176824,4.61952704,6.44121197,4.34777759,1.38317081,0.19536659,0.00951618,0.0009677,0.00156315],"conf_yes_cr_yes_del_yes":[0.0,0.0,0.0,0.0,0.0,0.0,0.0,0.0,0.0,0.0,0.0,7.47e-06,0.00394386,0.37234942,5.77719786,11.76943592,2.0645194,0.01654435,2.52e-06,0.0,0.0],"conf_yes_cr_no_del_yes":[0.0,1e-08,2.3e-07,3.38e-06,3.639e-05,0.00029527,0.00185417,0.00919781,0.0365255,0.1174121,0.31619229,0.7940595,2.03023022,4.43980471,6.21525276,4.47274364,1.37792702,0.17448155,0.0168134,0.00115737,2.696e-05]}}
