{"nodes":{"cr_yes":[0.0,0.0,0.0,0.0,0.0,0.0,0.0,0.0,0.0,0.0,0.0,0.0,2.8e-07,0.01893056,8.00912236,11.95605833,0.01988927,0.0,0.0,0.0,0.0],"imm_yes_cr_yes":[0.0,0.0,0.0,0.0,0.0,0.0,0.0,6e-08,1.651e-05,3.03e-05,5.6e-07,0.00182075,1.31102686,14.31616164,4.35307165,0.02187192,5.6e-07,0.0,0.0,0.0,0.0],"imm_yes_cr_no":[0.0,0.0,0.0,0.0,0.0,0.0,0.0,0.0,1e-08,6.99e-06,0.00318035,0.38411447,6.23904851,11.49272991,1.86835692,0.01656038,3.25e-06,0.0,0.0,0.0,0.0],"del_yes_cr_yes":[0.0,0.0,0.0,0.0,0.0,1.04e-06,0.00513887,0.88453628,9.52505383,8.78680536,0.79543782,0.00702236,5.24e-06,0.0,0.0,0.0,0.0,0.0,0.0,0.0,0.0],"del_yes_cr_no":[0.00548911,14.11880841,5.32909547,0.52602134,0.02607027,0.00107178,0.00010462,4.409e-05,2.368e-05,1.078e-05,4.07e-06,1.29e-06,3.4e-07,8e-08,1e-08,0.0,0.0,0.0,0.0,0.0,0.0],"conf_yes_cr_yes_del_yes":[0.0,0.0,0.0,0.0,0.0,0.0,0.0,0.0,0.0,1.9e-07,3.167e-05,0.00213627,0.06201604,0.78923465,4.2542518,8.74208912,5.48395198,0.66487055,0.00541841,1.1e-07,0.0],"conf_yes_cr_no_del_yes":[2.8e-07,1.07e-06,3.73e-06,1.181e-05,3.446e-05,9.333e-05,0.00023652,0.00056631,0.00130664,0.00302838,0.00750372,0.02066924,0.06123079,0.1806934,0.49774789,1.22756636,2.62222705,4.63548858,6.15099722,4.50899507,0.17119818]}}
