{"nodes":{"cr_yes":[0.0,0.0,0.0,0.0,0.0,0.0,0.0,0.0,0.0,0.0,0.0,0.0,5.17e-06,1.45774114,18.54416593,0.00208856,0.0,0.0,0.0,0.0,0.0],"imm_yes_cr_yes":[0.0,0.0,0.0,0.0,0.0,0.0,1e-08,0.01318817,11.4614893,8.52109012,0.0082332,1e-08,0.0,0.0,0.0,0.0,0.0,0.0,0.0,0.0,0.0],"imm_yes_cr_no":[0.0,0.0,0.0,0.0,0.0,0.0,0.0,0.0,1.6e-07,0.00192365,0.77181283,12.03698432,7.07028813,0.12295378,3.793e-05,0.0,0.0,0.0,0.0,0.0,0.0],"del_yes_cr_yes":[0.0,0.0,0.0,0.0,0.0,0.0,0.0,1.366e-05,0.10301751,8.58241075,11.08040875,0.23807883,7.131e-05,0.0,0.0,0.0,0.0,0.0,0.0,0.0,0.0],"del_yes_cr_no":[0.0,0.0,2.045e-05,0.14049155,6.10337726,11.50519371,2.19097669,0.06359977,0.00034101,3.6e-07,0.0,0.0,0.0,0.0,0.0,0.0,0.0,0.0,0.0,0.0,0.0],"conf_yes_cr_yes_del_yes":[0.0,0.0,0.0,0.0,0.0,0.0,0.0,0.0,0.0,0.0,0.0,4.2e-07,0.00046694,0.09146052,2.94286369,12.50458914,4.41487978,0.04973836,1.94e-06,0.0,0.0],"conf_yes_cr_no_del_yes":[0.0,0.0,0.0,0.0,0.0,0.0,0.0,1e-07,4.13e-06,9.65e-05,0.00137424,0.01273558,0.08010256,0.35018706,1.0762216,2.34714107,3.75528142,4.78788184,4.91810016,2.6732517,0.00324569]}}
