{"nodes":{"cr_yes":[0.0,0.0,0.0,0.0,0.0,0.0,0.0,0.0,0.0,0.0,0.0,0.0,0.0,0.0,0.00843052,15.55045506,4.44510498,1.024e-05,0.0,0.0,0.0],"imm_yes_cr_yes":[0.0,0.0,0.0,0.0,0.0,0.0,0.0,0.00124385,3.31100885,16.50305244,0.18869073,4.94e-06,0.0,0.0,0.0,0.0,0.0,0.0,0.0,0.0,0.0],"imm_yes_cr_no":[0.0,0.0,0.0,0.0,0.0,0.0,0.0,0.0,2.42e-06,0.0034834,0.47119892,6.87288933,10.94525881,1.69195538,0.01920292,9.63e-06,0.0,0.0,0.0,0.0,0.0],"del_yes_cr_yes":[0.0,0.0,0.0,0.0,0.0,0.0,0.0,0.0,1.4e-07,0.00229221,0.99631602,13.47142624,5.48192573,0.05203376,6.7e-06,0.0,0.0,0.0,0.0,0.0,0.0],"del_yes_cr_no":[0.0,0.0,0.0,0.0,0.0,0.0,1e-08,5.74e-06,0.0006634,0.02653926,0.41161547,2.61822201,6.87861883,7.14459363,2.63542642,0.28221209,0.00609074,1.321e-05,0.0,0.0,0.0],"conf_yes_cr_yes_del_yes":[0.0,0.0,0.0,0.0,0.0,0.0,0.0,0.0,0.0,1e-08,1.491e-05,0.00590022,0.42513814,5.49083671,11.24604533,2.78623928,0.04980263,2.358e-05,0.0,0.0,0.0],"conf_yes_cr_no_del_yes":[0.0,0.0,0.0,0.0,0.0,0.0,0.0,0.0,0.0,0.0,2e-08,1.14e-06,4.53e-05,0.00112719,0.01810422,0.18839214,1.23781676,4.76509738,8.95914036,4.83266694,0.0032187]}}
