{"nodes":{"cr_yes":[0.0,0.0,0.0,0.0,0.0,0.0,0.0,0.0,0.0,0.0,0.0,0.0,0.0,1.745e-05,0.42540123,19.16035144,0.41823038,3.1e-07,0.0,0.0,0.0],"imm_yes_cr_yes":[0.0,0.0,0.0,0.0,0.0,0.0,1e-08,0.00086449,0.76212466,8.11684148,2.31892001,7.90484117,0.89948462,0.00092437,0.0,0.0,0.0,0.0,0.0,0.0,0.0],"imm_yes_cr_no":[0.0,0.0,0.0,0.0,0.0,0.0,0.0,0.0,0.0,5.16e-06,0.00512542,0.57303081,7.52852722,10.63455405,1.25521271,0.00754451,9.2e-07,0.0,0.0,0.0,0.0],"del_yes_cr_yes":[0.0,2.48e-06,0.12457983,7.37693746,11.10473661,1.3458771,0.02613288,0.01342542,0.01025177,0.0019576,9.834e-05,1.31e-06,0.0,0.0,0.0,0.0,0.0,0.0,0.0,0.0,0.0],"del_yes_cr_no":[0.0001813,0.00096411,0.0300106,1.60048017,7.73076847,7.8584528,2.47611619,0.29265562,0.01417049,0.00028914,2.55e-06,1e-08,0.0,0.0,0.0,0.0,0.0,0.0,0.0,0.0,0.0],"conf_yes_cr_yes_del_yes":[0.0,0.0,0.0,0.0,0.0,0.0,0.0,0.0,0.0,7e-08,1.354e-05,0.0010037,0.03275294,0.48199097,3.11839075,8.10126001,6.94220904,1.3053538,0.02102442,1.55e-06,0.0],"conf_yes_cr_no_del_yes":[1.446e-05,3.602e-05,8.485e-05,0.00018994,0.00040571,0.00082966,0.00162891,0.00307981,0.00563676,0.01011235,0.01829804,0.03505287,0.07433994,0.17355986,0.42001959,0.98214172,2.10034509,3.91493898,5.92894748,6.06645076,0.53579049]}}
