{"nodes":{"cr_yes":[0.0,0.0,0.0,0.0,0.0,0.0,0.0,0.0,0.0,0.0,0.0,1e-08,0.03026534,17.15474565,2.81896803,2.178e-05,0.0,0.0,0.0,0.0,0.0],"imm_yes_cr_yes":[0.0,0.0,0.0,0.0,0.0,0.0,0.0,0.0,0.0,0.0,9.162e-05,0.76836946,18.30971662,0.92577447,4.862e-05,0.0,0.0,0.0,0.0,0.0,0.0],"imm_yes_cr_no":[0.0,0.0,0.0,0.0,0.0,0.0,0.0,0.0,1.2e-07,0.00390903,1.87688841,15.86609648,2.25303562,0.00407108,5e-08,0.0,0.0,0.0,0.0,0.0,0.0],"del_yes_cr_yes":[0.0,0.0,0.0,5.51e-06,0.06757525,5.62181694,12.70692685,1.59161726,0.01604323,1.574e-05,1e-08,0.0,0.0,0.0,0.0,0.0,0.0,0.0,0.0,0.0,0.0],"del_yes_cr_no":[24.83772099,7.15516571,0.34089932,0.07207412,0.01400946,0.00250281,0.00041428,6.393e-05,9.24e-06,1.26e-06,1.6e-07,2e-08,0.0,0.0,0.0,0.0,0.0,0.0,0.0,0.0,0.0],"conf_yes_cr_yes_del_yes":[0.00051413,0.00042666,0.00034364,0.0002681,0.00020217,0.000147,0.00010277,6.889e-05,4.449e-05,3.222e-05,0.00011589,0.00255958,0.04551913,0.4589662,2.46638424,6.56646074,7.51002307,2.77278972,0.17837921,0.00089492,3.024e-05],"conf_yes_cr_no_del_yes":[0.16658497,0.19381431,0.2349796,0.29703001,0.38569819,0.5043128,0.6529561,0.82796631,1.02178501,1.2231494,1.41762952,1.58851033,1.71801879,1.78889581,1.78631311,1.7001351,1.52752549,1.27589906,0.96621815,0.63663419,0.3464741]}}
