{"nodes":{"cr_yes":[0.0,0.0,0.0,0.0,0.0,0.0,0.0,0.0,0.0,0.0,0.0,0.0,0.0,7.095e-05,3.00939151,16.99301457,0.00152378,0.0,0.0,0.0,0.0],"imm_yes_cr_yes":[0.0,0.0,0.0,0.0,0.0,0.0,0.0,0.00274612,4.71134168,15.15764313,0.13226669,3.17e-06,0.0,0.0,0.0,0.0,0.0,0.0,0.0,0.0,0.0],"imm_yes_cr_no":[0.0,0.0,0.0,0.0,0.0,0.0,0.0,4e-08,0.00019175,0.06851603,2.57062721,11.30179114,5.76414195,0.29757669,0.00115578,2e-07,0.0,0.0,0.0,0.0,0.0],"del_yes_cr_yes":[0.0,0.0,0.0,0.0,0.0,0.0,0.0,0.0,8e-08,0.00166945,0.85166122,13.12759049,5.96090864,0.06216223,8.7e-06,0.0,0.0,0.0,0.0,0.0,0.0],"del_yes_cr_no":[0.0,0.0,0.0,0.0,0.0,4.4e-07,9.983e-05,0.0053811,0.09007729,0.56255544,1.65439414,3.62867027,6.47901596,5.67982182,1.75346689,0.14817541,0.00233884,3.37e-06,0.0,0.0,0.0],"conf_yes_cr_yes_del_yes":[0.0,0.0,0.0,0.0,0.0,0.0,0.0,0.0,0.0,0.0,1e-08,2.801e-05,0.01211455,0.84607944,8.61280895,9.80240868,0.72936189,0.00119927,0.0,0.0,0.0],"conf_yes_cr_no_del_yes":[0.0,0.0,0.0,0.0,0.0,0.0,0.0,0.0,1e-08,9.7e-07,5.131e-05,0.00147748,0.02456889,0.24196786,1.40372651,4.59098495,7.63344531,5.19772127,0.89558755,0.0137863,0.00136479]}}
