{"nodes":{"cr_yes":[0.0,0.0,0.0,0.0,0.0,0.0,0.0,0.0,0.0,0.0,0.0,0.0,0.0,1.232e-05,0.43146708,19.32016821,0.25235315,5e-08,0.0,0.0,0.0],"imm_yes_cr_yes":[0.0,0.0,0.0,0.0,0.0,0.0,0.0,8.325e-05,0.45159928,15.09212679,4.44779406,0.01239715,2.7e-07,0.0,0.0,0.0,0.0,0.0,0.0,0.0,0.0],"imm_yes_cr_no":[0.0,0.0,0.0,0.0,0.0,0.0,0.0,4e-08,8.857e-05,0.02480567,1.05915212,7.66499397,9.43322958,1.78095632,0.04070181,7.272e-05,0.0,0.0,0.0,0.0,0.0],"del_yes_cr_yes":[0.0,0.0,0.0,0.0,0.0,3e-07,0.00185488,0.46071437,7.55736657,10.5770889,1.39044755,0.01651338,1.484e-05,0.0,0.0,0.0,0.0,0.0,0.0,0.0,0.0],"del_yes_cr_no":[0.0,0.0,1.8e-07,0.0005111,0.06034517,1.05245321,4.78273489,7.59069106,4.92037864,1.40584615,0.18064931,0.01015771,0.0002315,1.86e-06,0.0,0.0,0.0,0.0,0.0,0.0,0.0],"conf_yes_cr_yes_del_yes":[0.0,0.0,0.0,0.0,0.0,0.0,0.0,0.0,0.0,6e-08,2.652e-05,0.00345477,0.14335807,1.92157403,7.84861797,8.35952494,1.69287149,0.03455597,1.697e-05,0.0,0.0],"conf_yes_cr_no_del_yes":[0.0,0.0,0.0,0.0,0.0,0.0,3e-08,8.9e-07,1.48e-05,0.00017187,0.00147313,0.00971622,0.05067776,0.21227845,0.71679621,1.93082768,4.01753046,5.99712732,5.38287482,1.68405671,0.00090892]}}
