{"nodes":{"cr_yes":[20.44007635,7.22137705,1.93676146,0.38996986,0.05818859,0.00633713,0.00049485,2.713e-05,1.02e-06,3e-08,0.0,0.0,0.0,0.0,0.0,0.0,0.0,4.81e-06,0.00142983,0.05908077,0.22058017],"imm_yes_cr_yes":[0.0,0.0,0.0,0.0,0.0,0.0,0.0,0.0,0.0,4.99e-06,0.02090099,3.04768958,14.9373648,1.99332212,0.00471812,2.1e-07,0.0,0.0,0.0,0.0,0.0],"imm_yes_cr_no":[0.0,0.0,0.0,0.0,0.0,0.0,0.0,0.0,0.0,6.3e-07,0.00208268,0.49074001,8.65486883,10.24781525,0.60746022,0.00103316,2e-08,0.0,0.0,0.0,0.0],"del_yes_cr_yes":[0.01419554,0.51259067,3.69758559,9.38088388,5.42309094,0.90661856,0.07199376,0.00394645,0.00017475,1.521e-05,2.73e-06,4.4e-07,5e-08,1e-08,0.0,0.0,0.0,0.0,0.0,0.0,0.0],"del_yes_cr_no":[30.56961284,3.21394334,0.79716832,0.37889205,0.1797882,0.08311382,0.03749722,0.01653712,0.00713885,0.00301969,0.00125264,0.00050993,0.00020382,8.003e-05,3.087e-05,1.171e-05,4.36e-06,1.6e-06,5.8e-07,2e-07,7e-08],"conf_yes_cr_yes_del_yes":[0.51643118,0.51633973,0.51127439,0.50028843,0.48242343,0.45727489,0.42646494,0.39761279,0.39372099,0.46872057,0.71503435,1.22306531,1.96219217,2.66108579,2.89227245,2.43749403,1.58195508,0.87230981,0.5588032,0.47801018,0.41888537],"conf_yes_cr_no_del_yes":[0.33616207,0.36588437,0.40154699,0.44314994,0.49069321,0.5441768,0.60360072,0.66896496,0.74026952,0.81751441,0.90069962,0.98982515,1.08489101,1.18589719,1.2928437,1.40573053,1.52455768,1.64932516,1.78003296,1.91668108,2.05926953]}}
