{"nodes":{"cr_yes":[0.0,0.0,0.0,0.0,1e-07,1.66e-06,7.93e-06,1.104e-05,0.00077362,0.17538774,4.53940604,12.24580643,2.95585386,0.05023947,6.328e-05,0.00539881,0.02927482,0.00177562,3.8e-07,0.0,0.0],"imm_yes_cr_yes":[0.0,0.0,0.0,0.0,0.0,0.0,0.0,0.0,0.0,1.2e-07,0.00223517,1.08593648,12.64558597,5.90475615,0.36534062,0.00014629,0.0,0.0,0.0,0.0,0.0],"imm_yes_cr_no":[0.0,0.0,0.0,0.0,0.0,0.0,0.0,0.0,0.0,2.235e-05,0.11639828,9.12312776,10.62446628,0.13997474,1.139e-05,0.0,0.0,0.0,0.0,0.0,0.0],"del_yes_cr_yes":[0.0,0.0,0.0,1.55e-06,0.01356777,1.84288238,11.64692528,6.13303395,0.36479111,0.00279574,2.78e-06,0.0,0.0,0.0,1e-08,2e-08,3e-08,5e-08,5e-08,5e-08,4e-08],"del_yes_cr_no":[26.34544813,6.82065633,0.01061721,3.19e-06,0.0,0.0,0.0,0.0,0.0,0.0,0.0,0.0,0.0,0.0,0.0,0.0,0.0,0.0,0.0,0.0,0.0],"conf_yes_cr_yes_del_yes":[0.06371526,0.0698408,0.074138,0.0767512,0.07905277,0.0846166,0.1003368,0.13696208,0.20761231,0.32268484,0.48142002,0.66773322,0.88061109,1.26085621,2.2291784,3.9461112,4.92772383,3.34565685,0.97141122,0.10359123,0.011709],"conf_yes_cr_no_del_yes":[0.55406376,0.57636987,0.60530456,0.64422081,0.69572314,0.76115759,0.84025915,0.93095672,1.0293354,1.12975637,1.22513418,1.30737149,1.36795126,1.39868651,1.39262738,1.34512578,1.25505742,1.1262014,0.96877716,0.80113891,0.65162762]}}
