{"nodes":{"cr_yes":[0.0,0.0,0.0,0.0,0.0,0.0,0.0,0.0,0.0,0.0,0.0,1.59e-05,1.25535033,18.72714456,0.02149,0.0,0.0,0.0,0.0,0.0,0.0],"imm_yes_cr_yes":[0.0,0.0,0.0,0.0,0.0,0.0,0.0,0.0,0.0,3e-08,0.02843225,15.07399637,4.90097848,0.00059367,0.0,0.0,0.0,0.0,0.0,0.0,0.0],"imm_yes_cr_no":[0.0,0.0,0.0,0.0,0.0,0.0,0.0,3e-08,0.00072786,0.47406642,10.37264093,8.76808051,0.38525763,0.00322659,8.4e-07,0.0,0.0,0.0,0.0,0.0,0.0],"del_yes_cr_yes":[0.0,0.0,0.0,0.0,9e-08,0.00415824,1.68946872,14.33067583,3.93735908,0.04232101,1.784e-05,0.0,0.0,0.0,0.0,0.0,0.0,0.0,0.0,0.0,0.0],"del_yes_cr_no":[0.0,0.12001663,0.00273601,0.0004268,0.44922428,8.74942482,9.61864348,1.04847471,0.01502245,3.163e-05,1e-08,0.0,0.0,0.0,0.0,0.0,0.0,0.0,0.0,0.0,0.0],"conf_yes_cr_yes_del_yes":[0.0,0.0,0.0,0.0,0.0,0.0,0.0,0.0,0.0,0.0,2.52e-06,0.00127372,0.13143714,2.77228398,10.78049539,6.02322663,0.29481231,0.00046912,0.0,0.0,0.0],"conf_yes_cr_no_del_yes":[0.0,0.0,0.0,0.0,0.0,0.0,0.0,5e-08,2.24e-06,6.128e-05,0.0010534,0.01191632,0.09161478,0.48619176,1.7733422,4.31016074,6.49036099,5.19867276,1.57329557,0.06732842,5.7e-07]}}
