{"nodes":{"cr_yes":[0.0,0.0,0.0,0.0,0.0,0.0,0.0,0.0,0.0,0.0,0.0,0.0,0.0,0.0,2.031e-05,0.60742949,19.31771737,0.07883363,0.0,0.0,0.0],"imm_yes_cr_yes":[0.0,0.0,0.0,0.0,0.0,0.0,0.00174532,3.58757719,16.11258061,0.30206751,3.016e-05,0.0,0.0,0.0,0.0,0.0,0.0,0.0,0.0,0.0,0.0],"imm_yes_cr_no":[5.67e-06,6.07e-06,5.12e-06,3.39e-06,2.19e-06,3.77e-05,0.0012832,0.01976946,0.14162932,0.50466698,1.38745912,4.68869694,7.97611638,4.4487326,0.79769802,0.03762214,0.00026921,1.3e-07,0.0,0.0,0.0],"del_yes_cr_yes":[0.0,0.0,0.0,0.0,0.0,0.0,4.515e-05,0.13015027,7.16161361,11.95935729,0.75105081,0.00178354,1.3e-07,0.0,0.0,0.0,0.0,0.0,0.0,0.0,0.0],"del_yes_cr_no":[1.604e-05,7.154e-05,0.00025394,0.00150983,0.01406208,0.09376657,0.40277559,1.19708544,2.57789367,4.00238115,4.40251901,3.46003842,2.02556327,0.95190398,0.4283543,0.23171653,0.13159693,0.05941838,0.0188666,0.00395977,0.00051155],"conf_yes_cr_yes_del_yes":[0.0,0.0,0.0,0.0,0.0,0.0,0.0,0.0,0.0,0.0,7e-08,2.619e-05,0.00356111,0.15996053,2.27417627,9.02197281,7.6945427,0.84563922,0.00412175,1.3e-07,2e-08],"conf_yes_cr_no_del_yes":[0.01353951,0.02302092,0.03779641,0.05993853,0.0918171,0.13584679,0.19406311,0.26753898,0.35573252,0.45598464,0.56359066,0.67329723,0.78422181,0.91245766,1.11494567,1.50758576,2.20558445,3.10229353,3.64048878,3.09915571,1.54374153]}}
