{"nodes":{"cr_yes":[0.0,0.0,0.0,0.0,0.0,0.0,0.0,0.0,0.0,0.0,0.0,0.0,0.0,0.0,5.5e-06,0.37623522,19.55831394,0.06944614,0.0,0.0,0.0],"imm_yes_cr_yes":[0.0,0.0,0.0,0.0,0.0,0.0,1.058e-05,0.30058685,16.29622504,3.40351893,0.00365938,2e-08,0.0,0.0,0.0,0.0,0.0,0.0,0.0,0.0,0.0],"imm_yes_cr_no":[0.0,0.0,0.0,0.0,0.0,0.0,0.0,1.15e-06,0.00118685,0.15235781,3.03139005,10.31946124,5.97156326,0.5226844,0.00535202,4.01e-06,0.0,0.0,0.0,0.0,0.0],"del_yes_cr_yes":[0.0,0.0,0.0,0.0,0.0,0.0,0.00010355,0.1718829,7.19359973,11.72945536,0.90562681,0.00333195,4.9e-07,0.0,0.0,0.0,0.0,0.0,0.0,0.0,0.0],"del_yes_cr_no":[0.0,0.0,0.0,0.0,1e-07,3.33e-05,0.00246974,0.05897801,0.56696082,2.50728296,5.5077702,6.24741043,3.71663099,1.17412855,0.202662,0.01890379,0.00076192,7.97e-06,1e-08,0.0,0.0],"conf_yes_cr_yes_del_yes":[0.0,0.0,0.0,0.0,0.0,0.0,0.0,0.0,0.0,0.0,3.53e-06,0.0008325,0.0575545,1.18656015,6.87632185,9.53223952,2.29513977,0.05527557,7.342e-05,0.0,0.0],"conf_yes_cr_no_del_yes":[0.0,0.0,0.0,0.0,0.0,0.0,0.0,0.0,0.0,7e-08,1.38e-06,2.013e-05,0.0002322,0.00216282,0.01650422,0.10403911,0.54138555,2.26272534,6.83614474,10.23338665,0.01479716]}}
