{"nodes":{"cr_yes":[0.0,0.0,0.0,0.0,0.0,3e-08,8.65e-06,0.00063511,0.01167955,0.05129101,0.05020707,0.00998032,0.05684116,5.60036284,8.92694381,3.79548702,1.50006893,0.0004953,0.0,0.0,0.0],"imm_yes_cr_yes":[0.0,0.0,0.0,0.0,0.0,0.00186591,3.41410456,16.13642476,0.45149364,0.00011192,0.0,0.0,0.0,0.0,0.0,0.0,0.0,0.0,0.0,0.0,0.0],"imm_yes_cr_no":[0.0,0.0,0.0,2.77e-06,0.00903098,1.01268627,8.0477827,8.4048084,2.35128128,0.17590142,0.00234374,2.989e-05,4.628e-05,4.764e-05,2.792e-05,9.44e-06,1.85e-06,2.1e-07,1e-08,0.0,0.0],"del_yes_cr_yes":[0.0,0.0,0.0,0.0,1e-08,2.79e-06,0.02964563,4.38994339,14.12088305,1.45793789,0.00558729,7.5e-07,0.0,0.0,0.0,0.0,0.0,0.0,0.0,0.0,0.0],"del_yes_cr_no":[0.0,2.178e-05,0.05790018,2.71661711,10.44554997,6.07690552,0.68884929,0.018032,0.00012467,2.7e-07,0.0,0.0,0.0,0.0,0.0,0.0,0.0,0.0,0.0,0.0,0.0],"conf_yes_cr_yes_del_yes":[0.0,0.0,0.0,2e-08,5e-08,1.4e-07,3.2e-07,7.5e-07,2.94e-06,2.068e-05,0.00015892,0.00160323,0.02701619,0.39314723,2.84090214,7.99813547,7.14872503,1.53106248,0.06236589,0.00085798,2.67e-06],"conf_yes_cr_no_del_yes":[0.17304873,0.20330131,0.23793919,0.27737971,0.32202222,0.37222731,0.4282901,0.49040694,0.55863447,0.63284047,0.71264604,0.79735981,0.88590702,0.97676544,1.06798075,1.15785747,1.250958,1.39816815,1.89189995,3.70669402,5.09639614]}}
