{"nodes":{"cr_yes":[0.0,0.0,0.0,0.0,0.0,0.0,0.0,0.0,0.0,0.0,0.0,0.0,4e-08,0.07399129,19.70454793,0.22546153,1e-08,0.0,0.0,0.0,0.0],"imm_yes_cr_yes":[0.0,0.0,0.0,0.0,0.0,0.0,0.0,0.00101689,3.63413097,16.23107338,0.13777725,2.31e-06,0.0,0.0,0.0,0.0,0.0,0.0,0.0,0.0,0.0],"imm_yes_cr_no":[0.0,0.0,0.0,0.0,0.0,0.0,0.0,0.0,0.0,5e-08,0.00096564,0.61038237,12.43212909,6.89290654,0.06761196,5.15e-06,0.0,0.0,0.0,0.0,0.0],"del_yes_cr_yes":[0.0,0.0,0.0,0.0,0.0,0.0,0.0,1e-08,0.00034847,0.37868038,10.64969655,8.77975055,0.19543854,8.629e-05,0.0,0.0,0.0,0.0,0.0,0.0,0.0],"del_yes_cr_no":[0.03952815,19.17950014,0.42178346,0.00114998,3.296e-05,0.00068809,0.00633803,0.02884811,0.07155544,0.10374275,0.09250564,0.0526449,0.01963573,0.00488843,0.00082165,9.376e-05,7.27e-06,3.8e-07,1e-08,0.0,0.0],"conf_yes_cr_yes_del_yes":[0.0,0.0,0.0,0.0,0.0,0.0,0.0,0.0,0.0,0.0,1.18e-06,0.00072168,0.08939026,2.25019822,10.39672941,6.87122133,0.39501274,0.00072598,0.0,0.0,0.0],"conf_yes_cr_no_del_yes":[0.0,0.0,0.0,0.0,0.0,0.0,6e-08,5.9e-07,6.47e-06,0.0001038,0.0016113,0.01779877,0.13253668,0.66509386,2.23384693,4.87113556,6.42846121,4.4406228,1.16572089,0.04706011,3.51e-06]}}
