{"nodes":{"cr_yes":[0.0,0.0,0.0,0.0,0.0,0.0,0.0,0.0,0.0,0.0,0.0,0.0,0.0,3.81e-06,0.3567462,19.61473449,0.0325163,0.0,0.0,0.0,0.0],"imm_yes_cr_yes":[0.0,0.0,0.0,0.0,0.0,0.0,0.0,0.0,0.0,0.0,3e-08,0.00470644,4.09714324,15.74449318,0.15765644,1.48e-06,0.0,0.0,0.0,0.0,0.0],"imm_yes_cr_no":[0.0,0.0,0.0,0.0,0.0,0.0,0.0,0.0,0.0,0.0,0.0,0.0,4.42e-06,0.01779537,3.11318012,15.84269205,1.0301652,0.00016363,0.0,0.0,0.0],"del_yes_cr_yes":[0.0,0.0,0.0,1.3e-07,0.00289782,0.81744634,9.54257043,8.74281517,0.8865325,0.0117175,2.09e-05,0.0,0.0,0.0,0.0,0.0,0.0,0.0,0.0,0.0,0.0],"del_yes_cr_no":[1.57613082,14.17361197,4.24893963,0.53039492,0.14073926,0.06704176,0.03173951,0.01405581,0.00583983,0.00228619,0.00084618,0.00029688,9.892e-05,3.135e-05,9.46e-06,2.72e-06,7.5e-07,1.9e-07,5e-08,1e-08,0.0],"conf_yes_cr_yes_del_yes":[2.27e-06,3.03e-06,3.86e-06,4.68e-06,5.38e-06,5.87e-06,6.09e-06,6.55e-06,1.171e-05,5.027e-05,0.00036027,0.0051169,0.07576001,0.67887791,3.21249552,7.31204524,6.79214171,1.85124775,0.07413838,0.00158126,0.00027458],"conf_yes_cr_no_del_yes":[0.22555113,0.23967686,0.26573657,0.31193076,0.38610753,0.49383608,0.63699051,0.81284383,1.01367237,1.22687038,1.43557493,1.6198011,1.75808749,1.82965193,1.81705751,1.70938896,1.50593916,1.22040609,0.88559994,0.55866059,0.3267853]}}
