{"nodes":{"cr_yes":[0.0,0.0,0.0,0.0,0.0,0.0,0.0,0.0,0.0,0.0,0.0,0.0,0.0,0.0,3.9e-07,0.12605366,19.76073136,0.11721539,0.0,0.0,0.0],"imm_yes_cr_yes":[0.0,0.0,0.0,0.0,0.0,0.0,1.711e-05,0.06157296,3.76399301,15.7690985,0.40925752,6.17e-05,0.0,0.0,0.0,0.0,0.0,0.0,0.0,0.0,0.0],"imm_yes_cr_no":[0.0,0.0,0.0,0.0,0.0,0.0,0.0,0.0,0.0,0.0,0.0,4e-08,4.696e-05,0.01259098,0.73306013,7.83300189,10.59578057,0.82893049,0.00058974,0.0,0.0],"del_yes_cr_yes":[0.0,0.0,0.0,0.0,0.0,6.777e-05,0.1391829,6.54293127,12.14236894,1.17302091,0.00642716,1.85e-06,0.0,0.0,0.0,0.0,0.0,0.0,0.0,0.0,0.0],"del_yes_cr_no":[0.0,0.0,0.0,3e-08,1.893e-05,0.00190952,0.05169337,0.521301,2.35767155,5.31303862,6.28908948,3.95888003,1.29207225,0.20422942,0.01377628,0.00031861,1.72e-06,0.0,0.0,0.0,0.0],"conf_yes_cr_yes_del_yes":[0.0,0.0,0.0,0.0,0.0,0.0,0.0,0.0,0.0,1e-08,7.41e-06,0.00139256,0.07983269,1.41502834,7.28002094,9.18162713,2.00847333,0.03760663,1.176e-05,0.0,0.0],"conf_yes_cr_no_del_yes":[0.0,0.0,0.0,0.0,0.0,0.0,1e-08,3.5e-07,7.72e-06,0.0001116,0.00113132,0.0084663,0.04839331,0.21550873,0.75254826,2.04226277,4.17514712,5.98823007,5.11989944,1.64999127,0.00460507]}}
