{"nodes":{"cr_yes":[0.0,0.0,0.0,0.0,0.0,0.0,0.0,0.0,0.0,0.0,0.0,0.0,0.0,0.0,0.00710763,18.58806518,1.40882791,7e-08,0.0,0.0,0.0],"imm_yes_cr_yes":[0.0,0.0,0.0,0.0,0.0,0.0,0.0,0.0076915,9.53657799,10.44439568,0.0153356,3e-08,0.0,0.0,0.0,0.0,0.0,0.0,0.0,0.0,0.0],"imm_yes_cr_no":[0.0,0.0,0.0,0.0,0.0,0.0,0.0,0.0,0.0,4.76e-06,0.00458287,0.45953825,5.03822264,5.84564603,3.94858032,3.64441847,0.99738496,0.06558878,3.371e-05,0.0,0.0],"del_yes_cr_yes":[0.0,0.0,0.0,0.0,0.0,0.0,0.0,0.0,3.15e-06,0.02003855,3.20879732,14.89591081,1.8744974,0.00475343,1.3e-07,0.0,0.0,0.0,0.0,0.0,0.0],"del_yes_cr_no":[0.0,0.0,0.0,0.0,1e-08,4.21e-06,0.00057661,0.02257346,0.32285091,1.94882005,5.37089969,6.95926832,4.17681601,1.08994765,0.10890063,0.00332258,2.066e-05,1e-08,0.0,0.0,0.0],"conf_yes_cr_yes_del_yes":[0.0,0.0,0.0,0.0,0.0,0.0,0.0,0.0,0.0,0.0,4e-08,7.068e-05,0.02104976,1.09304299,8.99940481,9.18234211,0.70657678,0.00151363,1e-08,0.0,0.0],"conf_yes_cr_no_del_yes":[0.0,0.0,0.0,0.0,3e-08,3.6e-07,3.27e-06,2.288e-05,0.00012903,0.00062893,0.0030538,0.01657289,0.09103742,0.42180703,1.47664738,3.66385648,6.00251059,5.72373301,2.40498739,0.19870271,0.00061519]}}
