{"nodes":{"cr_yes":[0.0,0.0,0.0,0.0,0.0,0.0,0.0,0.0,0.0,0.0,0.0,0.0,0.0,1.1e-07,0.01328196,9.97360216,10.01607192,0.00104465,0.0,0.0,0.0],"imm_yes_cr_yes":[0.0,0.0,0.0,0.0,0.0,0.0,2.865e-05,0.32392695,14.73822005,4.92616943,0.01565525,4.6e-07,0.0,0.0,0.0,0.0,0.0,0.0,0.0,0.0,0.0],"imm_yes_cr_no":[1e-08,5e-08,1.6e-07,3.9e-07,9.3e-07,2.033e-05,0.00064285,0.00963456,0.06864286,0.24156585,0.57890946,2.21360831,5.99852716,5.66531082,2.54991853,1.86081219,0.73479068,0.07980921,0.00179865,7.17e-06,1.23e-06],"del_yes_cr_yes":[0.0,0.0,0.0,0.0,0.0,0.0,1e-08,0.00029797,0.19239345,6.1180461,12.09204993,1.58847221,0.01273628,4.84e-06,0.0,0.0,0.0,0.0,0.0,0.0,0.0],"del_yes_cr_no":[1.99e-06,1.369e-05,6.484e-05,0.00027928,0.00212588,0.01989321,0.12988847,0.55725722,1.62683671,3.276217,4.48201124,4.04220934,2.34898651,0.96441836,0.52517197,0.56343517,0.59359734,0.4734585,0.27335489,0.11010233,0.02935573],"conf_yes_cr_yes_del_yes":[0.0,0.0,0.0,0.0,0.0,0.0,0.0,0.0,0.0,0.0,4.8e-07,0.00015263,0.01591576,0.51646239,4.75494235,10.47709387,4.07100004,0.16801949,0.00041205,1.73e-06,1e-08],"conf_yes_cr_no_del_yes":[0.13368887,0.14648703,0.15736899,0.16559607,0.17050115,0.1715647,0.16850268,0.16139321,0.15093652,0.13911853,0.13100415,0.13968803,0.19992471,0.40086094,0.93336701,2.04842499,3.67049382,4.77306825,3.97721893,1.93677823,0.58971685]}}
