{"nodes":{"cr_yes":[0.0,0.0,0.0,0.0,0.0,0.0,0.0,0.0,0.0,0.0,0.0,0.0,4.799e-05,0.34525703,16.9416089,2.71670861,0.00037827,0.0,0.0,0.0,0.0],"imm_yes_cr_yes":[0.0,0.0,0.0,0.0,0.0,1e-08,0.01772974,10.20089619,9.75582318,0.02955132,3.5e-07,0.0,0.0,0.0,0.0,0.0,0.0,0.0,0.0,0.0,0.0],"imm_yes_cr_no":[0.0,0.0,0.0,0.0,0.0,5.9e-07,0.00158792,0.26957158,4.69244519,10.94597181,3.88072834,0.21206558,0.00162838,1.42e-06,0.0,0.0,0.0,0.0,0.0,0.0,0.0],"del_yes_cr_yes":[0.0,0.0,0.0,0.0,0.0,4.13e-06,0.04797363,5.50939636,13.4159091,1.0278541,0.00286321,2.7e-07,0.0,0.0,0.0,0.0,0.0,0.0,0.0,0.0,0.0],"del_yes_cr_no":[0.0,0.0,1e-08,5.147e-05,0.01283512,0.37700907,2.6414793,6.54154194,6.80590824,3.03215142,0.55347448,0.03861518,0.00092803,6.52e-06,1e-08,0.0,0.0,0.0,0.0,0.0,0.0],"conf_yes_cr_yes_del_yes":[0.0,0.0,0.0,0.0,0.0,0.0,0.0,0.0,0.0,0.0,5e-08,2.508e-05,0.0040255,0.1960708,2.77804526,9.94218247,6.64007756,0.44287776,0.00069632,0.0,0.0],"conf_yes_cr_no_del_yes":[0.0,0.0,0.0,0.0,0.0,0.0,0.0,4e-08,6.3e-07,8.35e-06,8.642e-05,0.00071706,0.00485208,0.02706666,0.12501013,0.47645998,1.4779508,3.61489249,6.49577085,7.0229692,1.51643224]}}
