{"nodes":{"cr_yes":[0.0,0.0,0.0,0.0,0.0,0.0,0.0,0.0,0.0,0.0,0.0,0.0,0.0,0.0,9.486e-05,1.57660848,18.41154785,0.01574961,0.0,0.0,0.0],"imm_yes_cr_yes":[0.0,0.0,0.0,0.0,0.0,0.00039331,1.44545672,17.19863317,1.35849738,0.0010202,1e-08,0.0,0.0,0.0,0.0,0.0,0.0,0.0,0.0,0.0,0.0],"imm_yes_cr_no":[0.0,0.0,0.0,0.0,0.0,0.0,0.0,1e-08,3.418e-05,0.01040387,0.5118819,4.58276148,8.18150005,4.53777494,1.8534849,0.31368975,0.01238619,8.347e-05,6e-08,0.0,0.0],"del_yes_cr_yes":[0.0,0.0,0.0,0.0,0.0,3e-08,0.00194127,1.20949695,14.02347821,4.71374818,0.05531394,2.222e-05,0.0,0.0,0.0,0.0,0.0,0.0,0.0,0.0,0.0],"del_yes_cr_no":[0.0040008,0.02195149,0.13941453,0.65350776,1.9660433,3.8249874,4.94480143,4.33802962,2.61473886,1.09001369,0.31700105,0.06695177,0.01237464,0.00346848,0.00243335,0.00236419,0.00193107,0.00120552,0.00056412,0.00019418,4.789e-05],"conf_yes_cr_yes_del_yes":[0.0,0.0,0.0,0.0,0.0,1e-08,2e-08,7e-08,1.5e-07,2.7e-07,7.4e-07,0.00014289,0.01737429,0.59675739,5.37826813,10.67446183,3.26204983,0.07489691,4.799e-05,2.2e-07,9e-08],"conf_yes_cr_no_del_yes":[0.00158505,0.00147039,0.00171669,0.0027603,0.00551957,0.01176211,0.02459022,0.04892813,0.09172946,0.16145309,0.26642284,0.41277588,0.60666018,0.8729868,1.30118084,2.06993491,3.26581027,4.36851937,4.11500109,2.14049143,0.4669894]}}
