{"nodes":{"cr_yes":[0.0,0.0,0.0,0.0,0.0,0.0,0.0,0.0,0.0,0.0,0.0,0.0,5.184e-05,0.10994649,0.3108408,19.13176636,0.4513953,1e-08,0.0,0.0,0.0],"imm_yes_cr_yes":[0.0,0.0,0.0,0.0,0.0,0.0,0.0,0.0012911,4.12288879,15.69634835,0.10992333,1.83e-06,0.00137332,0.05692851,0.01523121,1.435e-05,0.0,0.0,0.0,0.0,0.0],"imm_yes_cr_no":[0.0,0.0,0.0,0.0,0.0,0.0,0.0,0.0,0.0,2.1e-07,0.00081045,0.25035501,6.40150826,12.09924222,1.24817988,0.00390464,1.2e-07,0.0,0.0,0.0,0.0],"del_yes_cr_yes":[0.0,0.0,0.0,0.0,0.0,0.0,2.5e-07,0.00430873,1.39073361,13.56284523,4.97598439,0.07009662,3.197e-05,0.0,0.0,0.0,0.0,0.0,0.0,0.0,0.0],"del_yes_cr_no":[1e-08,0.04582586,2.41218851,8.75360468,6.85888781,1.73764517,0.17266477,0.01152227,0.00518845,0.00372302,0.00187689,0.00066716,0.0001701,3.142e-05,4.22e-06,4.1e-07,3e-08,0.0,0.0,0.0,0.0],"conf_yes_cr_yes_del_yes":[0.0,0.0,0.0,0.0,0.0,0.0,0.0,0.0,0.0,0.0,1e-08,1.008e-05,0.00231684,0.14915782,2.56871794,10.17632861,6.72419086,0.38286405,0.00041459,0.0,0.0],"conf_yes_cr_no_del_yes":[1.7e-07,7.6e-07,3.05e-06,1.114e-05,3.746e-05,0.00011683,0.00033971,0.0009252,0.00236875,0.00571761,0.01304363,0.02821398,0.05827188,0.11692196,0.23618542,0.50416909,1.16027059,2.72613208,5.77275719,8.75010375,1.2568213]}}
