{"nodes":{"cr_yes":[0.0,0.0,0.0,0.0,0.0,0.0,0.0,0.0,0.0,0.0,0.0,0.0,7e-08,0.22098428,19.77279546,0.01022099,0.0,0.0,0.0,0.0,0.0],"imm_yes_cr_yes":[0.0,0.0,0.0,0.0,0.0,0.0,0.00074254,6.47151886,13.51585264,0.01588675,1e-08,0.0,0.0,0.0,0.0,0.0,0.0,0.0,0.0,0.0,0.0],"imm_yes_cr_no":[0.0,0.0,0.0,0.0,0.0,0.0,0.0,1.6e-07,0.00263396,1.02388149,12.92765622,5.95752351,0.09226995,3.552e-05,0.0,0.0,0.0,0.0,0.0,0.0,0.0],"del_yes_cr_yes":[0.0,0.0,0.0,0.0,0.0,0.0,0.00010423,0.37041525,12.79716556,6.77109134,0.06521368,1.074e-05,0.0,0.0,0.0,0.0,0.0,0.0,0.0,0.0,0.0],"del_yes_cr_no":[2e-08,8.26123834,10.88839519,0.84274537,0.01158157,4.029e-05,4e-08,0.0,0.0,0.0,0.0,0.0,0.0,0.0,0.0,0.0,0.0,0.0,0.0,0.0,0.0],"conf_yes_cr_yes_del_yes":[0.0,0.0,0.0,0.0,0.0,0.0,0.0,0.0,0.0,0.0,0.0,1.012e-05,0.00563057,0.51468015,7.04266765,11.20475784,1.23300472,0.00324974,2e-08,0.0,0.0],"conf_yes_cr_no_del_yes":[0.0,0.0,0.0,0.0,0.0,0.0,0.0,6e-08,2.13e-06,4.523e-05,0.00063023,0.00609831,0.04252274,0.21828722,0.83056331,2.31980695,4.60523936,6.05784207,4.55243244,1.35858544,0.02389063]}}
