{"nodes":{"cr_yes":[0.0,0.0,0.0,0.0,0.0,0.0,0.0,0.0,0.0,0.0,0.0,1.7e-07,0.00215342,1.0560996,15.07171136,3.86636379,0.00767243,3e-08,0.0,0.0,0.0],"imm_yes_cr_yes":[0.0,0.0,0.0,0.0,0.0,0.0,2.61e-06,0.09627576,11.44748382,8.40952184,0.05071426,2.5e-06,0.0,0.0,0.0,0.0,0.0,0.0,0.0,0.0,0.0],"imm_yes_cr_no":[0.0,0.0,0.0,0.0,0.0,0.0,0.0,0.0,1.8e-07,1.607e-05,0.00361385,0.24295634,3.42363881,9.70815735,5.23317018,1.18478456,0.20452722,0.00313541,8.3e-07,0.0,0.0],"del_yes_cr_yes":[0.0,0.0,1.59e-06,0.00012961,8.237e-05,2.12e-06,5.13e-06,0.01420481,1.65798731,11.84883437,6.23242572,0.24964313,0.00068455,1e-07,0.0,0.0,0.0,0.0,0.0,0.0,0.0],"del_yes_cr_no":[11.94862716,5.23941095,1.47698659,1.2909832,1.85138367,1.88551134,1.31281385,0.65550463,0.24171818,0.06346888,0.01078529,0.00106412,5.513e-05,1.37e-06,2e-08,0.0,0.0,0.0,0.0,0.0,0.0],"conf_yes_cr_yes_del_yes":[0.0,0.0,0.0,0.0,0.0,0.0,0.0,0.0,0.0,4e-08,1.908e-05,0.00252743,0.11041103,1.60706284,7.32158971,8.86857101,2.04803732,0.04576178,2.057e-05,0.0,0.0],"conf_yes_cr_no_del_yes":[3.43e-06,2.96e-06,2.54e-06,2.16e-06,1.82e-06,1.52e-06,1.27e-06,1.39e-06,7.06e-06,7.442e-05,0.00064438,0.00434955,0.02348159,0.10344764,0.37565581,1.12275155,2.7132887,5.05883115,6.48535658,4.05001287,0.13216825]}}
