{"nodes":{"cr_yes":[0.0,0.0,0.0,0.0,0.0,0.0,0.0,0.0,0.0,0.0,0.0,0.0,0.0,2e-07,0.04451173,17.05703757,2.90243754,1.376e-05,0.0,0.0,0.0],"imm_yes_cr_yes":[0.0,0.0,0.0,0.0,0.0,0.0,3e-07,0.03058704,8.21405366,11.64013851,0.11921244,8.85e-06,0.0,0.0,0.0,0.0,0.0,0.0,0.0,0.0,0.0],"imm_yes_cr_no":[0.0,0.0,0.0,0.0,0.0,0.0,0.0,2.52e-06,0.00239282,0.26841826,4.33756446,10.95585515,4.2225157,0.2161496,0.00110196,3.3e-07,0.0,0.0,0.0,0.0,0.0],"del_yes_cr_yes":[0.0,0.0,0.0,0.0,0.0,0.0,1.03e-06,0.00307169,0.53972925,7.68130909,10.383696,1.3796109,0.01656834,1.45e-05,0.0,0.0,0.0,0.0,0.0,0.0,0.0],"del_yes_cr_no":[0.0,0.0,0.0,0.0,8.84e-06,0.00185089,0.07892063,0.97581205,4.27939507,7.44113107,5.39293328,1.62965821,0.19575663,0.00842535,0.00010846,3.1e-07,0.0,0.0,0.0,0.0,0.0],"conf_yes_cr_yes_del_yes":[0.0,0.0,0.0,0.0,0.0,0.0,0.0,0.0,0.0,0.0,6e-08,2.976e-05,0.00426144,0.19188059,2.62157,9.55720943,7.03839871,0.58915749,0.0014933,0.0,0.0],"conf_yes_cr_no_del_yes":[0.0,0.0,0.0,0.0,0.0,0.0,0.0,0.0,0.0,1.2e-07,3.09e-06,5.593e-05,0.00072807,0.00700649,0.05065486,0.27614729,1.12421947,3.33147856,6.83242827,8.17132024,0.41991683]}}
