{"nodes":{"cr_yes":[0.0,0.0,0.0,0.0,0.0,0.0,0.0,4.3e-07,0.00154867,0.42279603,8.29790596,10.54379802,0.7353874,0.00233766,7.465e-05,5.2e-07,8.562e-05,6.574e-05,1.1e-07,0.0,0.0],"imm_yes_cr_yes":[0.0,0.0,0.0,0.0,0.0,0.0,6.7e-07,0.09458514,14.70155667,5.20216093,0.00569737,2e-08,0.0,0.0,0.0,0.0,0.0,0.0,0.0,0.0,0.0],"imm_yes_cr_no":[0.0,0.0,0.0,3.6e-07,0.00132882,0.29188683,5.51368007,11.26586122,2.83725409,0.09353868,0.00045039,3.4e-07,0.0,0.0,0.0,0.0,0.0,0.0,0.0,0.0,0.0],"del_yes_cr_yes":[0.0,0.0,0.0,0.0,0.0,0.0,0.0,0.0,3.298e-05,0.0931067,6.58881958,12.70109076,0.6203839,0.00056689,1e-08,0.0,0.0,0.0,0.0,0.0,0.0],"del_yes_cr_no":[0.0,1.2e-07,0.00084979,0.17415559,2.91505563,7.21606553,6.06880487,3.18379641,0.42465317,0.0191938,0.00135711,6.735e-05,1.42e-06,1e-08,0.0,0.0,0.0,0.0,0.0,0.0,0.0],"conf_yes_cr_yes_del_yes":[0.0,0.0,0.0,0.0,0.0,0.0,0.0,0.0,0.0,0.0,1e-08,1.285e-05,0.00544393,0.43349871,5.98203936,11.5425246,2.02647122,0.01400931,8e-07,0.0,0.0],"conf_yes_cr_no_del_yes":[0.00648891,0.01147219,0.01891296,0.02907135,0.04165942,0.05571478,0.06994855,0.08405094,0.10135943,0.13280632,0.20220276,0.35933673,0.73289751,1.64131213,3.40529249,5.21994573,4.91206811,2.40826362,0.5205609,0.05128201,0.00519687]}}
