{"nodes":{"cr_yes":[0.0,0.0,0.0,0.0,0.0,0.0,0.0,0.0,0.0,0.0,0.0,0.0,0.0,0.00038349,5.22667959,14.7757095,0.00122822,0.0,0.0,0.0,0.0],"imm_yes_cr_yes":[0.0,0.0,0.0,0.0,0.0,0.0,0.0,0.00017814,1.48831667,18.03137753,0.48409846,3e-05,0.0,0.0,0.0,0.0,0.0,0.0,0.0,0.0,0.0],"imm_yes_cr_no":[0.0,0.0,0.0,0.0,0.0,0.0,0.0,1e-08,0.00016139,0.09502114,3.90040965,12.7224513,3.23245622,0.05346189,3.918e-05,0.0,0.0,0.0,0.0,0.0,0.0],"del_yes_cr_yes":[0.0,0.0,0.0,0.0,0.0,0.0,0.0,0.0,0.0,0.00014363,0.19077772,8.177818,11.23964609,0.39540069,0.00021467,0.0,0.0,0.0,0.0,0.0,0.0],"del_yes_cr_no":[0.0,0.0,0.0,0.0,0.0,1.7e-07,7.61e-05,0.00720827,0.19540084,1.78440104,6.00271953,7.68737519,3.68179508,0.61371438,0.03093885,0.00037064,7e-07,0.0,0.0,0.0,0.0],"conf_yes_cr_yes_del_yes":[0.0,0.0,0.0,0.0,0.0,0.0,0.0,0.0,0.0,0.0,6.7e-07,0.00061973,0.09819911,2.68238961,11.33523705,5.68707206,0.20030921,0.00017335,0.0,0.0,0.0],"conf_yes_cr_no_del_yes":[0.0,0.0,0.0,0.0,0.0,0.0,0.0,0.0,0.0,2.7e-07,1.232e-05,0.00033284,0.00558722,0.06012829,0.41870503,1.85786556,4.99871875,7.31977147,4.62568486,0.71380744,0.00677348]}}
