{"nodes":{"cr_yes":[0.0,0.0,0.0,0.0,0.0,0.0,0.0,0.0,0.0,0.0,0.0,0.0,0.0,1e-08,0.00013753,0.14859985,19.47677147,0.37831273,0.00017919,0.0,0.0],"imm_yes_cr_yes":[0.0,0.0,0.0,0.0,0.0,0.0,4.759e-05,0.62937554,17.41044866,1.94069489,0.02339216,4.195e-05,0.0,0.0,0.0,0.0,0.0,0.0,0.0,0.0,0.0],"imm_yes_cr_no":[5e-08,7e-08,7e-08,5e-08,2e-08,1e-08,0.0,3e-07,0.00014702,0.0150159,0.34136277,1.93422075,5.71174747,9.38557536,2.19215358,0.25429287,0.14769259,0.02126536,0.00052503,1.56e-06,0.0],"del_yes_cr_yes":[0.0,0.0,0.0,0.0,0.0,0.0,0.0,0.0,0.0001524,0.20770941,8.30317877,11.03638154,0.45613382,0.00044486,1e-08,0.0,0.0,0.0,0.0,0.0,0.0],"del_yes_cr_no":[0.00370508,0.00511983,0.00613237,0.00635629,0.00568449,0.00436696,0.0028673,0.00172848,0.0041266,0.0469675,0.37269247,1.70954025,4.40427178,6.27499415,4.88316373,1.93804409,0.32048329,0.01548075,0.00012785,7e-08,0.0],"conf_yes_cr_yes_del_yes":[0.0,0.0,0.0,0.0,0.0,0.0,0.0,0.0,0.0,0.0,6e-08,6.21e-06,0.00247989,0.22254574,3.89817861,11.58056726,4.20441233,0.09577561,3.507e-05,0.0,0.0],"conf_yes_cr_no_del_yes":[0.18098852,0.20103753,0.21275217,0.21425294,0.2052265,0.18737483,0.16455301,0.14239188,0.12713016,0.12378786,0.13687006,0.19129894,0.42884376,1.28188963,3.1927875,5.19503737,4.86435035,2.34082337,0.57159156,0.12018167,0.02265092]}}
