{"nodes":{"cr_yes":[0.0,0.0,0.0,0.0,0.0,0.0,0.0,0.0,0.0,0.0,0.0,0.0,0.0,0.0009148,5.009677,14.9895544,0.0038546,0.0,0.0,0.0,0.0],"imm_yes_cr_yes":[0.0,0.0,0.0,0.0,8.456e-05,0.02847311,0.26642496,8.32812729,11.00627253,0.37387124,0.00074704,8e-08,0.0,0.0,0.0,0.0,0.0,0.0,0.0,0.0,0.0],"imm_yes_cr_no":[0.0,0.0,0.0,0.0,0.0,5.26e-06,0.00633893,0.59395083,6.45523398,10.21497779,2.6222128,0.1105719,0.00070871,5.8e-07,0.0,0.0,0.0,0.0,0.0,0.0,0.0],"del_yes_cr_yes":[0.0,0.0,0.0,0.0,0.0,4e-08,2.306e-05,0.05655452,4.11687893,13.41255047,2.39407977,0.02390253,1.148e-05,0.0,0.0,0.0,0.0,0.0,0.0,0.0,0.0],"del_yes_cr_no":[0.0,0.0,9.09e-06,0.00749653,0.52095819,4.8640509,9.14177536,4.64177026,0.77712224,0.04948725,0.00131616,1.475e-05,6e-08,0.0,0.0,0.0,0.0,0.0,0.0,0.0,0.0],"conf_yes_cr_yes_del_yes":[0.0,0.0,0.0,0.0,0.0,0.0,0.0,2e-08,3.7e-07,4.57e-06,4.338e-05,0.00081015,0.02840723,0.51146531,3.5997437,8.80731135,6.17457613,0.86913516,0.01249563,7.8e-06,1e-08],"conf_yes_cr_no_del_yes":[5.671e-05,0.00011844,0.00024266,0.00048791,0.00096323,0.00186765,0.00355753,0.00665837,0.01224616,0.02213375,0.03931022,0.06859339,0.11756376,0.19785184,0.32691517,0.53121015,0.85754923,1.43326784,2.75187765,6.52750619,14.20810263]}}
