{"nodes":{"cr_yes":[0.0,0.0,0.0,0.0,0.0,0.0,0.0,0.0,0.0,0.0,0.0,0.0,0.0,8e-08,0.1096542,19.82596498,0.06838154,0.0,0.0,0.0,0.0],"imm_yes_cr_yes":[0.0,0.0,0.0,0.0,0.0,0.0,0.0,3.8e-06,0.12392634,13.15267124,6.70942417,0.01797504,2.1e-07,0.0,0.0,0.0,0.0,0.0,0.0,0.0,0.0],"imm_yes_cr_no":[0.0,0.0,0.0,0.0,0.0,0.0,0.0,0.0,0.0,1.7e-07,0.00106341,0.38945996,8.6976686,10.43506834,0.48029742,0.0004429,0.0,0.0,0.0,0.0,0.0],"del_yes_cr_yes":[0.0,0.0,0.0,0.0,0.0,2.7e-06,0.02822911,4.01722532,14.24444039,1.70653516,0.00756698,1.13e-06,0.0,0.0,0.0,0.0,0.0,0.0,0.0,0.0,0.0],"del_yes_cr_no":[0.0,0.00016809,0.20824985,4.63788185,10.20352964,4.41157965,0.5223428,0.01998272,0.00026498,1.22e-06,0.0,0.0,0.0,0.0,0.0,0.0,0.0,0.0,0.0,0.0,0.0],"conf_yes_cr_yes_del_yes":[0.0,0.0,0.0,0.0,0.0,0.0,0.0,0.0,0.0,0.0,1.8e-07,7.28e-05,0.00891455,0.3354407,3.69931263,10.33620819,5.35444355,0.26930671,0.0003015,0.0,0.0],"conf_yes_cr_no_del_yes":[0.00181882,0.00176582,0.00170563,0.0016384,0.00156438,0.00148393,0.00139749,0.00130565,0.00120942,0.00111466,0.00107746,0.00154717,0.00534252,0.02648232,0.12062674,0.46192808,1.45583967,3.66203021,6.80266217,7.30969094,0.28535749]}}
