{"nodes":{"cr_yes":[0.0,0.0,0.0,0.0,0.0,0.0,0.0,0.0,0.0,0.0,0.0,0.0,4.894e-05,0.26484128,14.98868061,4.74770791,0.00272207,0.0,0.0,0.0,0.0],"imm_yes_cr_yes":[0.0,0.0,0.0,0.0,0.0,0.0,0.00032725,0.79756271,15.45578551,3.73679005,0.01353458,7.1e-07,0.0,0.0,0.0,0.0,0.0,0.0,0.0,0.0,0.0],"imm_yes_cr_no":[0.0,0.0,0.0,0.0,0.0,0.0,0.0,0.0,1.21e-06,0.00118618,0.15677084,3.22867905,10.78581165,5.47962629,0.34998975,0.00193537,4.7e-07,0.0,0.0,0.0,0.0],"del_yes_cr_yes":[0.0,0.0,0.0,0.0,0.0,0.0,1.918e-05,0.04819929,3.73635002,13.46517233,2.72297353,0.03126903,1.742e-05,0.0,0.0,0.0,0.0,0.0,0.0,0.0,0.0],"del_yes_cr_no":[1.34056499,5.33578656,4.14223028,1.67869688,0.61362232,0.95412288,1.98423416,2.34897124,1.55331473,0.58335902,0.12395294,0.01451191,0.00088887,2.62e-05,3.3e-07,0.0,0.0,0.0,0.0,0.0,0.0],"conf_yes_cr_yes_del_yes":[0.0,0.0,0.0,0.0,0.0,0.0,0.0,0.0,0.0,0.0,3.6e-07,8.607e-05,0.00727603,0.22500318,2.47393219,8.66753282,7.60744948,1.01606545,0.00665514,8e-08,0.0],"conf_yes_cr_no_del_yes":[0.0,0.0,0.0,0.0,0.0,0.0,6e-08,9.9e-07,1.48e-05,0.00018001,0.00166419,0.01169941,0.06354738,0.27013857,0.90152376,2.3347294,4.5302774,6.07873457,4.66242721,1.14356241,0.01100127]}}
