{"nodes":{"cr_yes":[0.0,0.0,0.0,0.0,0.0,0.0,0.0,0.0,0.0,0.0,0.0,0.0,0.0,0.00100656,8.81201725,11.1907176,0.00025939,0.0,0.0,0.0,0.0],"imm_yes_cr_yes":[0.0,0.0,0.0,0.0,0.0,0.0,0.0,0.0,0.0,1.539e-05,0.20674914,14.42830663,5.36094075,0.00798887,2e-08,0.0,0.0,0.0,0.0,0.0,0.0],"imm_yes_cr_no":[0.0,0.0,0.0,0.0,0.0,0.0,0.0,1.4e-07,0.00068881,0.2135435,5.34034607,12.04313373,2.37234746,0.03391714,2.396e-05,0.0,0.0,0.0,0.0,0.0,0.0],"del_yes_cr_yes":[0.0,0.0,0.0,0.0,0.0,0.0,0.0,0.0,2.3e-07,0.0033241,1.238502,14.04281584,4.68392449,0.03543066,3.49e-06,0.0,0.0,0.0,0.0,0.0,0.0],"del_yes_cr_no":[0.0,4.5e-07,1.786e-05,0.00010907,0.00843535,0.33987643,2.97753076,7.58422592,6.63985173,2.17062806,0.27066735,0.01246308,0.00019386,8.7e-07,0.0,0.0,0.0,0.0,0.0,0.0,0.0],"conf_yes_cr_yes_del_yes":[0.0,0.0,0.0,0.0,0.0,0.0,0.0,0.0,0.0,0.0,1e-08,1.854e-05,0.00808821,0.61277594,7.34317815,10.84867485,1.18783724,0.00342784,2e-08,0.0,0.0],"conf_yes_cr_no_del_yes":[0.0,0.0,0.0,0.0,0.0,2e-08,1.3e-07,5.8e-07,2.66e-06,1.935e-05,0.00021942,0.00227542,0.01788072,0.10455205,0.45711006,1.4895125,3.54093109,5.82523633,5.88979568,2.66815685,0.01661582]}}
