{"nodes":{"cr_yes":[0.0,0.0,0.0,0.0,0.0,0.0,0.0,0.0,0.0,0.0,0.0,0.0,0.0,1e-08,0.02173319,18.65394552,1.32831197,1.011e-05,0.0,0.0,0.0],"imm_yes_cr_yes":[0.0,0.0,0.0,0.0,0.0,4e-08,0.01970489,9.09190008,10.83209192,0.06030221,1.66e-06,0.0,0.0,0.0,0.0,0.0,0.0,0.0,0.0,0.0,0.0],"imm_yes_cr_no":[0.0,0.0,0.0,0.0,0.0,0.0,0.0,0.0,1.02e-06,0.00242831,0.44911632,7.38014222,10.84942735,1.29929055,0.02317945,0.00041459,9.8e-07,0.0,0.0,0.0,0.0],"del_yes_cr_yes":[0.0,0.0,0.0,0.0,0.0,0.0,0.0,0.00019887,0.25582881,10.03656238,9.52228362,0.1890631,6.402e-05,0.0,0.0,0.0,0.0,0.0,0.0,0.0,0.0],"del_yes_cr_no":[0.00053723,0.00084268,0.00306132,0.02985233,0.21459306,0.93251713,2.49423443,4.19613713,4.49557333,3.14106339,1.80572705,1.44362144,0.94692089,0.26115039,0.03156318,0.00565425,0.00112024,9.705e-05,2.87e-06,2e-08,0.0],"conf_yes_cr_yes_del_yes":[0.0,0.0,0.0,0.0,0.0,1e-08,2e-08,3e-08,4e-08,4e-08,4e-08,1.049e-05,0.00366254,0.296751,4.73982921,11.83374391,3.08864713,0.04134608,1.027e-05,0.0,0.0],"conf_yes_cr_no_del_yes":[0.00434531,0.00732616,0.01145966,0.01661658,0.02230597,0.02766984,0.03163825,0.03323866,0.03201661,0.02963539,0.04593029,0.21825073,1.06045997,3.29553813,5.99853113,5.9076808,2.75833614,0.48417388,0.02090281,0.00011048,1.332e-05]}}
