{"nodes":{"cr_yes":[0.0,0.0,0.0,0.0,0.0,0.0,0.0,0.0,0.0,0.0,0.0,0.0,0.0,0.0,0.0,0.02635656,19.89254702,0.08509722,0.0,0.0,0.0],"imm_yes_cr_yes":[0.0,0.0,0.0,0.0,0.0,0.0,4.7e-07,0.03562879,8.52394711,11.33675131,0.10766586,7.27e-06,0.0,0.0,0.0,0.0,0.0,0.0,0.0,0.0,0.0],"imm_yes_cr_no":[0.0,0.0,0.0,0.0,0.0,0.0,0.0,0.0,0.0,0.0,0.0,2e-08,8.637e-05,0.04559675,2.74238142,13.94813121,3.25779116,0.01001385,2e-08,0.0,0.0],"del_yes_cr_yes":[0.0,0.0,0.0,0.00018117,0.79908834,14.31871127,4.80656954,0.06431105,0.00225053,0.00998525,0.00285381,4.98e-05,4e-08,0.0,0.0,0.0,0.0,0.0,0.0,0.0,0.0],"del_yes_cr_no":[0.0,0.0,2e-08,1.59e-06,0.00097267,0.06533995,0.95301815,4.32106933,7.41226293,5.33382364,1.6767212,0.22792431,0.01261356,0.00025197,1.48e-06,0.0,0.0,0.0,0.0,0.0,0.0],"conf_yes_cr_yes_del_yes":[0.0,0.0,0.0,0.0,0.0,0.0,0.0,0.0,0.0,0.0,1e-08,6.58e-06,0.00172231,0.12420233,2.35756147,10.10006026,7.02015388,0.39990893,0.00038501,0.0,0.0],"conf_yes_cr_no_del_yes":[1.1e-07,4.6e-07,1.73e-06,6e-06,1.931e-05,5.814e-05,0.00016425,0.00043707,0.00109846,0.00261294,0.0058954,0.01267149,0.02629627,0.05466477,0.12217519,0.31255952,0.8848529,2.4530856,5.77851915,9.32893148,2.03990119]}}
