{"nodes":{"cr_yes":[0.0,0.0,0.0,0.0,0.0,0.0,0.0,0.0,0.0,0.0,0.0,0.0,0.0,1e-08,0.00464563,7.97593162,12.02197338,0.00145016,0.0,0.0,0.0],"imm_yes_cr_yes":[0.0,0.0,0.0,0.0,0.0,0.0,7.34e-06,0.12813399,11.2102336,8.59300724,0.07261212,6.51e-06,0.0,0.0,0.0,0.0,0.0,0.0,0.0,0.0,0.0],"imm_yes_cr_no":[0.0,0.0,0.0,0.0,0.0,0.0,2.9e-07,0.00030758,0.04321738,1.14848865,6.88178547,9.26795041,2.53602735,0.12517451,0.00104787,1.29e-06,0.0,0.0,0.0,0.0,0.0],"del_yes_cr_yes":[0.0,0.0,0.0,0.0,0.0,0.0,0.0,2.874e-05,0.04222394,2.98388704,13.07937245,3.82996739,0.06846441,5.682e-05,0.0,0.0,0.0,0.0,0.0,0.0,0.0],"del_yes_cr_no":[0.0,0.0,1e-08,2.098e-05,0.00419889,0.14220299,1.35198238,4.72664848,7.05822763,4.86693341,1.5929853,0.24387485,0.01648171,0.0004403,3.86e-06,1e-08,0.0,0.0,0.0,0.0,0.0],"conf_yes_cr_yes_del_yes":[0.0,0.0,0.0,0.0,0.0,0.0,0.0,0.0,0.0,0.0,8.6e-07,0.00024966,0.02191112,0.5980827,4.85893298,10.21502714,4.13387958,0.17572072,0.00019605,0.0,0.0],"conf_yes_cr_no_del_yes":[0.0,0.0,0.0,0.0,0.0,0.0,0.0,0.0,2e-08,4.8e-07,7.35e-06,8.719e-05,0.00083254,0.00651735,0.0420657,0.2218344,0.9311385,2.96010665,6.49631335,8.03833413,2.61352626]}}
