{"nodes":{"cr_yes":[0.0,0.0,0.0,0.0,0.0,0.0,0.0,0.0,0.0,0.0,0.0,0.0,0.0,9e-08,0.07253507,19.58466934,0.34679628,1e-08,0.0,0.0,0.0],"imm_yes_cr_yes":[0.0,0.0,0.0,0.0,0.0,0.0,0.0,0.0,1.1e-07,0.0163148,7.41207216,12.50734495,0.06826804,7.4e-07,0.0,0.0,0.0,0.0,0.0,0.0,0.0],"imm_yes_cr_no":[0.0,0.0,0.0,0.0,0.0,0.0,0.0,0.0,0.0,0.0,0.0,0.0,0.0,1e-08,6.031e-05,0.0710274,5.78230402,14.01395426,0.1366548,1e-08,0.0],"del_yes_cr_yes":[0.0,0.0,0.0,0.00281517,2.77767558,15.38485131,1.82947866,0.00917736,2.7e-06,0.0,0.0,0.0,0.0,0.0,0.0,0.0,0.0,0.0,0.0,0.0,0.0],"del_yes_cr_no":[1.21e-06,8.223e-05,0.00185026,0.02029595,0.13021542,0.53928312,1.52599174,3.04792143,4.3682763,4.51138754,3.33612571,1.73692467,0.61872161,0.14442742,0.02075232,0.00167673,6.668e-05,1.07e-06,0.0,0.0,0.0],"conf_yes_cr_yes_del_yes":[0.0,0.0,0.0,0.0,0.0,0.0,0.0,0.0,0.0,0.0,2e-07,0.00014508,0.02356274,0.88583228,7.16243245,10.20837575,1.70885638,0.01479488,1.03e-06,0.0,0.0],"conf_yes_cr_no_del_yes":[0.0,0.0,0.0,0.0,0.0,0.0,1e-08,8.4e-07,4.009e-05,0.00099161,0.0140737,0.12208978,0.66943141,2.33585286,5.0712946,6.43671961,4.20202931,1.08877632,0.06254392,0.00015674,0.0]}}
