{"nodes":{"cr_yes":[0.0,0.0,0.0,0.0,0.0,0.0,0.0,0.0,0.0,0.0,0.0,0.0,0.0,0.0,0.00462167,16.97124501,3.02813318,9.4e-07,0.0,0.0,0.0],"imm_yes_cr_yes":[0.0,0.0,0.0,0.0,0.0,0.0,0.00047559,2.65969338,17.09539246,0.24842876,1.061e-05,0.0,0.0,0.0,0.0,0.0,0.0,0.0,0.0,0.0,0.0],"imm_yes_cr_no":[0.0,0.0,0.0,1e-08,5e-08,1.8e-07,5.401e-05,0.00615048,0.83242596,9.98181848,8.60705484,0.57373657,0.00275948,7.5e-07,0.0,0.0,0.0,0.0,0.0,0.0,0.0],"del_yes_cr_yes":[0.0,0.0,0.0,0.0,0.0,0.0,0.0,0.0,0.00037468,0.4676224,12.06238552,7.37368728,0.09990108,2.983e-05,0.0,0.0,0.0,0.0,0.0,0.0,0.0],"del_yes_cr_no":[0.0,0.0,2.8e-07,3.593e-05,0.02797017,1.38654955,8.03322711,8.40267328,2.02417499,0.12719256,0.00216726,9.66e-06,1e-08,0.0,0.0,0.0,0.0,0.0,0.0,0.0,0.0],"conf_yes_cr_yes_del_yes":[0.0,0.0,0.0,0.0,0.0,0.0,0.0,0.0,0.0,0.0,0.0,9.83e-06,0.00481256,0.4214757,6.08392142,11.60442733,1.87848761,0.01086597,3.5e-07,0.0,0.0],"conf_yes_cr_no_del_yes":[0.00013206,0.00026656,0.00052848,0.00102928,0.00196943,0.00370195,0.00683535,0.01239501,0.02206776,0.03855782,0.066079,0.11099126,0.18254585,0.29361788,0.46119773,0.70681605,1.06343847,1.64468247,3.04137789,7.06766319,10.55634668]}}
