{"nodes":{"cr_yes":[0.0,0.0,0.0,0.0,0.0,0.0,0.0,0.0,0.0,0.0,0.0,0.0,0.0,0.0,0.00263867,6.45230284,13.54685955,0.00219974,0.0,0.0,0.0],"imm_yes_cr_yes":[0.0,0.0,0.0,0.0,0.0,0.0,4.21e-06,0.13336936,12.68595463,7.15253015,0.0321413,1.14e-06,0.0,0.0,0.0,0.0,0.0,0.0,0.0,0.0,0.0],"imm_yes_cr_no":[0.0,0.0,0.0,0.0,0.0,0.0,0.0,0.0,6.9e-07,0.00046311,0.05682906,1.4501718,7.95424053,8.83364293,1.67033964,0.03825665,5.639e-05,0.0,0.0,0.0,0.0],"del_yes_cr_yes":[0.0,0.0,0.0,0.0,0.0,1e-08,0.00029088,0.19022273,5.87412259,12.01775569,1.89736809,0.02420684,3.395e-05,1e-08,0.0,0.0,0.0,0.0,0.0,0.0,0.0],"del_yes_cr_no":[0.0,0.0,0.0,9e-08,2.584e-05,0.00190161,0.04430577,0.4206507,1.91418902,4.59592436,6.11903664,4.57821967,1.88546274,0.40282024,0.03993529,0.00151327,1.554e-05,2e-08,0.0,0.0,0.0],"conf_yes_cr_yes_del_yes":[0.0,0.0,0.0,0.0,0.0,0.0,0.0,0.0,0.0,0.0,4.7e-07,0.00011861,0.01012868,0.30203444,3.04968839,9.29799687,6.66942754,0.67170675,0.00289904,1e-08,0.0],"conf_yes_cr_no_del_yes":[0.0,0.0,0.0,0.0,0.0,0.0,1e-08,2e-07,3.16e-06,3.601e-05,0.00031072,0.00211246,0.01164228,0.05302603,0.20185917,0.64433962,1.71283136,3.70638704,6.17256149,6.74371259,1.51035734]}}
