{"nodes":{"cr_yes":[0.0,3e-08,1.93e-06,6.248e-05,0.00095812,0.00680456,0.02176549,0.03027929,0.01754619,0.00401691,0.00034056,9.99e-06,2.3e-07,0.00043523,0.50399085,12.53294173,4.04058208,2.7568773,0.08738771,1.4e-07,0.0],"imm_yes_cr_yes":[0.0,0.0,0.0,0.0,0.0,0.0,0.0,0.00382536,6.16937369,13.76715704,0.06364408,6.2e-07,0.0,0.0,0.0,0.0,0.0,0.0,0.0,0.0,0.0],"imm_yes_cr_no":[0.0,0.0,0.0,0.0,1e-08,1.07e-06,4.67e-05,0.00082082,0.00606667,0.02050671,0.05053982,0.92106613,7.71389653,9.18739419,1.91691548,0.16399153,0.02217072,0.0005829,1.52e-06,0.0,0.0],"del_yes_cr_yes":[0.0,0.0,0.0,0.0,0.0,0.0,0.0,0.0,3.049e-05,0.04838105,3.9340872,14.00079738,2.01143282,0.00927099,8.7e-07,0.0,0.0,0.0,0.0,0.0,0.0],"del_yes_cr_no":[0.0432273,0.02848795,0.01712572,0.00935823,0.00472482,0.00315242,0.00800219,0.03150014,0.09790686,0.28524012,0.98548614,2.99079673,5.68025532,5.88611424,3.06785386,0.73706438,0.07620191,0.00551612,0.00847653,0.02634659,0.06555372],"conf_yes_cr_yes_del_yes":[0.0,0.0,0.0,0.0,0.0,0.0,0.0,0.0,0.0,0.0,2e-08,1.76e-05,0.00427451,0.2600108,3.74207649,10.95365161,4.8547237,0.18892559,0.00032023,2.5e-07,0.0],"conf_yes_cr_no_del_yes":[0.1284468,0.10332271,0.08029808,0.0603541,0.04422536,0.03254645,0.02633019,0.02877666,0.05103668,0.12496633,0.3215229,0.77743914,1.73778466,3.36877059,4.88382451,4.55978259,2.52980011,0.90240797,0.25214562,0.05006004,0.00876541]}}
