{"nodes":{"cr_yes":[0.0,0.0,0.0,0.0,0.0,0.0,0.0,0.0,0.0,0.0,0.0,0.0,0.0,0.0,0.0,0.00117818,6.32772574,13.67487968,0.0002172,0.0,0.0],"imm_yes_cr_yes":[0.0,0.0,0.0,0.0,0.0,0.0,4.4e-07,0.03064506,7.47584089,12.31471343,0.18277665,2.433e-05,0.0,0.0,0.0,0.0,0.0,0.0,0.0,0.0,0.0],"imm_yes_cr_no":[0.0,0.0,0.0,0.0,0.0,0.0,0.0,1.22e-06,0.00093637,0.10706069,2.22363181,9.15573689,7.42630742,1.06861241,0.02167327,4.073e-05,0.0,0.0,0.0,0.0,0.0],"del_yes_cr_yes":[0.0,0.0,0.0,0.0,0.0,0.0,0.0,1.824e-05,0.03267082,2.67141786,13.06293245,4.15760819,0.07928398,6.926e-05,0.0,0.0,0.0,0.0,0.0,0.0,0.0],"del_yes_cr_no":[0.0,0.0,0.0,0.0,2e-08,7.21e-06,0.00071223,0.0226459,0.28678255,1.65227739,4.6680446,6.673399,4.793366,1.64830097,0.24514604,0.01313551,0.00018301,3.6e-07,0.0,0.0,0.0],"conf_yes_cr_yes_del_yes":[0.0,0.0,0.0,0.0,0.0,0.0,0.0,0.0,4.5e-07,6.632e-05,0.00399501,0.10155585,1.09818107,4.904652,8.385511,4.7713574,0.71789975,0.02070514,7.68e-05,1e-08,0.0],"conf_yes_cr_no_del_yes":[0.0,0.0,0.0,0.0,0.0,0.0,0.0,0.0,0.0,7e-08,1.92e-06,3.861e-05,0.00058565,0.00664607,0.05613232,0.34865571,1.54409155,4.5493803,7.6747617,5.39438496,0.85864387]}}
