{"nodes":{"cr_yes":[0.0,0.0,0.0,0.0,0.0,0.0,0.0,0.0,0.0,0.0,0.0,0.0,0.0,4e-08,0.00626305,7.45132265,9.46407278,3.07866163,0.00368064,0.0,0.0],"imm_yes_cr_yes":[0.0,0.0,0.0,0.0,0.0,0.0,2.049e-05,0.24671171,13.58509628,6.1427169,0.02945393,1.49e-06,0.0,0.0,0.0,0.0,0.0,0.0,0.0,0.0,0.0],"imm_yes_cr_no":[1e-08,2.5e-07,4.43e-06,4.747e-05,0.00031596,0.00132829,0.00355952,0.00609522,0.00674426,0.0123664,0.20040935,1.87601583,6.38878753,7.56394257,3.28540767,0.61888043,0.03968041,0.00040839,1.31e-06,2.96e-06,5.06e-06],"del_yes_cr_yes":[0.0,0.0,0.0,0.0,0.0,0.0,7e-08,0.0005652,0.21784387,5.62975582,11.918884,2.20342562,0.03349173,3.449e-05,0.0,0.0,0.0,0.0,0.0,0.0,0.0],"del_yes_cr_no":[1.14e-06,2.276e-05,0.00024505,0.00161401,0.00723647,0.02410708,0.06278551,0.13541707,0.30730684,0.88204357,2.2418032,3.8212306,4.30420755,3.61254217,2.53554446,1.40377154,0.52822146,0.12013693,0.01477732,0.00090667,0.00015994],"conf_yes_cr_yes_del_yes":[0.0,0.0,0.0,0.0,0.0,0.0,0.0,0.0,0.0,0.0,2e-07,6.749e-05,0.00962726,0.399132,4.39313426,10.80838874,4.23863235,0.15422331,0.00068836,0.00010139,1.089e-05],"conf_yes_cr_no_del_yes":[0.00010642,0.00021344,0.00040708,0.00074208,0.001307,0.00227216,0.00403791,0.00763464,0.01564875,0.03406088,0.07543755,0.16438135,0.34870182,0.72274249,1.4476323,2.65926871,4.09259362,4.71842009,3.60394654,1.73573592,0.73752651]}}
