{"nodes":{"cr_yes":[0.0,0.0,0.0,0.0,0.0,0.0,0.0,0.0,0.0,0.0,1e-08,0.0,8e-08,0.12671944,19.80113463,0.07614663,0.0,0.0,0.0,0.0,0.0],"imm_yes_cr_yes":[0.0,0.0,0.0,0.0,0.0,0.0,0.0,1e-08,0.00255001,3.04535484,16.48067929,0.47535251,6.414e-05,0.0,0.0,0.0,0.0,0.0,0.0,0.0,0.0],"imm_yes_cr_no":[0.0,0.0,0.0,0.0,0.0,0.0,0.0,0.0,1.6e-05,0.04195203,3.86774124,14.16229286,1.92462963,0.00736858,4.6e-07,0.0,0.0,0.0,0.0,0.0,0.0],"del_yes_cr_yes":[0.0,0.0,0.0,0.0,0.0,0.0,0.0,1.226e-05,0.04364973,4.12724009,13.98041924,1.84422465,0.00845386,9.6e-07,0.0,0.0,0.0,0.0,0.0,0.0,0.0],"del_yes_cr_no":[1.08938598,17.75461408,1.65286566,0.04561719,0.00599156,0.00021777,1.55e-06,0.0,0.0,0.0,0.0,0.0,0.0,0.0,0.0,0.0,0.0,0.0,0.0,0.0,0.0],"conf_yes_cr_yes_del_yes":[0.0,0.0,0.0,0.0,0.0,0.0,0.0,0.0,0.0,0.0,1e-08,9.93e-06,0.00238505,0.15697918,2.70043733,10.39588966,6.42662509,0.32140821,0.00026633,0.0,0.0],"conf_yes_cr_no_del_yes":[0.0,0.0,1e-08,5e-08,1.8e-07,6.5e-07,2.17e-06,6.69e-06,1.93e-05,5.265e-05,0.00014078,0.00041296,0.00158463,0.00788383,0.04127276,0.19578939,0.78963379,2.59588007,6.47088722,9.83983767,0.12119202]}}
