{"nodes":{"cr_yes":[8.7e-07,4.649e-05,0.0013829,0.0224449,0.19471882,0.880689,2.01533973,2.25133141,1.17642379,0.27328854,0.02655794,0.00100362,2.734e-05,0.00546873,0.20795586,1.2963853,10.93589437,0.71500248,3.895e-05,2e-07,0.0],"imm_yes_cr_yes":[0.0,0.0,0.0,0.0,9.747e-05,0.64250875,11.8787648,6.63517524,0.84695807,0.00049641,6e-08,0.0,0.0,0.0,0.0,0.0,0.0,0.0,0.0,0.0,0.0],"imm_yes_cr_no":[0.0,0.0,0.0,0.0,0.0,0.0,2.33e-06,0.00064927,0.03992375,0.85154932,6.26644292,10.03283165,2.70526837,0.10677153,0.00056128,3.9e-07,0.0,0.0,0.0,0.0,0.0],"del_yes_cr_yes":[0.0,0.0,0.0,0.0,0.0,0.0,4e-08,0.00245573,1.26773708,12.94124715,5.59544679,0.18249668,0.01430566,0.00031098,6.8e-07,0.0,0.0,0.0,0.0,0.0,0.0],"del_yes_cr_no":[0.0,0.0,0.0,4.6e-07,3.438e-05,0.00098929,0.02842894,0.48511903,3.03437072,7.07775029,6.50447971,2.39856605,0.3592631,0.04555892,0.03026465,0.02231424,0.01157305,0.00413055,0.00099345,0.00015625,1.543e-05],"conf_yes_cr_yes_del_yes":[1.9e-07,2.1e-07,2.1e-07,2.5e-07,6.2e-07,2.49e-06,9.21e-06,2.709e-05,6.137e-05,0.0001056,0.00013921,0.0006041,0.02602756,0.55072593,4.22629649,9.61587495,5.05862353,0.50492059,0.01536556,0.0049157,0.00060011],"conf_yes_cr_no_del_yes":[0.00015817,0.00030517,0.0005787,0.00107862,0.00197602,0.00355767,0.00629366,0.01093624,0.0186582,0.03123655,0.05128,0.08248732,0.12991409,0.20024816,0.30229778,0.44972965,0.68695328,1.30381691,3.88498701,10.76814295,4.13888748]}}
