{"nodes":{"cr_yes":[0.0,0.0,0.0,0.0,0.0,0.0,0.0,0.0,0.0,0.0,0.0,0.0,0.0,2.12e-06,0.0154983,6.27897377,13.48176481,0.22775121,1.059e-05,0.0,0.0],"imm_yes_cr_yes":[0.0,0.0,0.0,0.0,0.0,0.0,0.00011415,0.50876214,14.66165553,4.81066889,0.02279856,1.53e-06,0.0,0.0,0.0,0.0,0.0,0.0,0.0,0.0,0.0],"imm_yes_cr_no":[0.0,0.0,0.0,0.0,0.0,0.0,1.1e-07,8.322e-05,0.01231216,0.42221572,3.75113793,9.03659842,5.81429597,0.92389783,0.0360824,0.0051543,0.00171191,0.00027319,0.00012483,9.316e-05,3.93e-05],"del_yes_cr_yes":[0.0,0.0,0.0,0.0,0.0,1e-08,6e-07,1.815e-05,0.01778205,1.7435782,11.87292649,6.14313986,0.22608927,0.00046614,3e-08,0.0,0.0,0.0,0.0,0.0,0.0],"del_yes_cr_no":[0.00028449,0.00023714,0.0001763,0.0001172,7.844e-05,0.00012536,0.00088958,0.01554868,0.18666508,1.11190944,3.35594342,5.3422569,4.75482748,2.80458996,1.47938876,0.69373686,0.21666598,0.03747632,0.00311938,0.0001038,4.93e-06],"conf_yes_cr_yes_del_yes":[0.0,0.0,0.0,0.0,0.0,0.0,0.0,0.0,0.0,1e-08,2.01e-06,0.00023116,0.01165656,0.25792463,2.35870866,7.88644098,7.83540707,1.61808094,0.03552887,1.992e-05,0.0],"conf_yes_cr_no_del_yes":[0.00035475,0.00065566,0.00119467,0.00214639,0.00380284,0.00664471,0.0114504,0.01945922,0.03261014,0.05388175,0.08776366,0.14089121,0.22287773,0.34738738,0.53355999,0.80843919,1.21521316,1.85871186,3.1373734,6.38961874,10.26028266]}}
