{"nodes":{"cr_yes":[0.0,0.0,0.0,0.0,0.0,0.0,0.0,0.0,0.0,0.0,0.0,0.0,0.0,1e-07,0.00054426,0.83449868,19.16728444,0.00167331,0.0,0.0,0.0],"imm_yes_cr_yes":[0.0,0.0,0.0,0.0,0.0,0.0,0.0,0.0,0.0,7e-08,0.03104976,14.06704179,5.90448584,0.00142334,0.0,0.0,0.0,0.0,0.0,0.0,0.0],"imm_yes_cr_no":[0.0,0.0,0.0,0.0,0.0,0.0,0.0,0.0,0.0,0.0,0.0,0.0,0.0,5.51e-06,0.01132117,1.89721884,15.8225119,2.27248282,0.00046056,0.0,0.0],"del_yes_cr_yes":[0.0,0.0,3.232e-05,2.3743168,17.25443733,0.37511059,0.00010376,0.0,0.0,0.0,0.0,0.0,0.0,0.0,0.0,0.0,0.0,0.0,0.0,0.0,0.0],"del_yes_cr_no":[0.17997399,7.76884828,8.93801731,2.78123527,0.39358164,0.0308058,0.00145236,4.309e-05,3.5e-06,7.76e-06,1.037e-05,6.44e-06,1.77e-06,2e-07,1e-08,0.0,0.0,0.0,0.0,0.0,0.0],"conf_yes_cr_yes_del_yes":[0.0,0.0,0.0,0.0,0.0,0.0,0.0,0.0,0.0,0.0,1.01e-06,0.00059384,0.07335197,1.92750235,9.80586489,7.62934115,0.56580285,0.00154272,2e-08,0.0,0.0],"conf_yes_cr_no_del_yes":[0.0,0.0,0.0,0.0,0.0,0.0,0.0,4.6e-07,2.015e-05,0.00047434,0.00664813,0.05923536,0.34851767,1.37361771,3.58928735,5.9588199,5.71688739,2.59710985,0.35024934,0.00313315,0.0]}}
