{"nodes":{"cr_yes":[0.0,0.0,0.0,0.0,0.0,0.0,0.0,0.0,0.0,0.0,0.0,1.94e-06,0.03812337,8.01342004,11.89326176,0.05919342,2.7e-07,0.0,0.0,0.0,0.0],"imm_yes_cr_yes":[0.0,0.0,0.0,0.0,0.0,0.0,0.00032762,1.44837978,17.57526039,0.97972923,0.00030378,0.0,0.0,0.0,0.0,0.0,0.0,0.0,0.0,0.0,0.0],"imm_yes_cr_no":[0.0,0.0,0.0,0.0,0.0,0.0,0.0,0.0,0.0,0.0,1.74e-06,0.00372575,0.67823972,9.86550958,9.12202783,0.33429636,0.00019982,0.0,0.0,0.0,0.0],"del_yes_cr_yes":[0.0,0.0,0.0,0.0,0.0,0.0,0.0,2.823e-05,0.059656,4.30451684,13.62422378,2.00347874,0.01209506,2.15e-06,0.0,0.0,0.0,0.0,0.0,0.0,0.0],"del_yes_cr_no":[5.26e-06,4.19137347,12.55191223,3.00592475,0.2331683,0.01949864,0.00200611,0.00011182,2.82e-06,3e-08,0.0,0.0,0.0,0.0,0.0,0.0,0.0,0.0,0.0,0.0,0.0],"conf_yes_cr_yes_del_yes":[0.0,0.0,0.0,0.0,0.0,0.0,0.0,0.0,0.0,0.0,2e-08,1.353e-05,0.0030955,0.19170942,3.05701318,10.68889392,5.81977691,0.24334624,0.00015208,0.0,0.0],"conf_yes_cr_no_del_yes":[1.297e-05,3.283e-05,7.927e-05,0.00018312,0.00040583,0.00086485,0.0017755,0.00351652,0.00672665,0.01244004,0.02229527,0.03907226,0.06892285,0.13053638,0.28509193,0.70578271,1.75740216,3.84387981,6.44036718,6.39017913,0.58888002]}}
