{"nodes":{"cr_yes":[0.0,0.0,0.0,0.0,0.0,0.0,0.0,0.0,0.0,0.0,0.0,0.0,4e-08,0.14872876,19.83747436,0.01779764,0.0,0.0,0.0,0.0,0.0],"imm_yes_cr_yes":[0.0,0.0,0.0,0.0,0.0,0.0,0.0,7.734e-05,1.67166124,18.16439506,0.16786572,1.43e-06,0.0,0.0,0.0,0.0,0.0,0.0,0.0,0.0,0.0],"imm_yes_cr_no":[0.0,0.0,0.0,0.0,0.0,0.0,0.0,0.00011376,0.18977474,7.9769274,11.2609101,0.5753316,0.00094316,4e-08,0.0,0.0,0.0,0.0,0.0,0.0,0.0],"del_yes_cr_yes":[0.0,0.0,0.0,0.0,0.0,0.0,2e-08,0.00264499,2.11224747,16.26924042,1.6177477,0.00212018,3e-08,0.0,0.0,0.0,0.0,0.0,0.0,0.0,0.0],"del_yes_cr_no":[0.0,0.0,0.00333875,1.73860652,12.48588453,5.48522508,0.28842819,0.00251355,4.19e-06,0.0,0.0,0.0,0.0,0.0,0.0,0.0,0.0,0.0,0.0,0.0,0.0],"conf_yes_cr_yes_del_yes":[0.0,0.0,0.0,0.0,0.0,0.0,0.0,0.0,0.0,0.0,1e-08,2.133e-05,0.00834051,0.59104545,6.98675323,10.97385905,1.43784242,0.0061387,1e-07,0.0,0.0],"conf_yes_cr_no_del_yes":[0.0,0.0,0.0,0.0,0.0,0.0,0.0,1e-07,4.27e-06,0.00010366,0.00155529,0.01541079,0.10512121,0.50431897,1.70498281,3.97672859,6.05409369,5.34704971,2.11156293,0.18305473,2.811e-05]}}
