{"nodes":{"cr_yes":[0.0,0.0,0.0,0.0,0.0,0.0,0.0,0.0,0.0,0.0,0.0,0.0,0.0,0.00031286,2.10382225,17.85898011,0.04088558,0.0,0.0,0.0,0.0],"imm_yes_cr_yes":[0.0,0.0,0.0,0.0,0.0,0.0,0.0,0.0,0.0,0.00047296,0.66700617,14.61501635,4.70533099,0.01617401,3.1e-07,0.0,0.0,0.0,0.0,0.0,0.0],"imm_yes_cr_no":[0.0,0.0,0.0,0.0,0.0,0.0,0.0,7e-08,0.00015702,0.03993922,1.47683229,8.81784723,8.48019076,1.17106673,0.01794847,1.902e-05,0.0,0.0,0.0,0.0,0.0],"del_yes_cr_yes":[0.0,0.0,0.0,0.0,0.0,0.0,9e-08,0.0011066,0.43396263,8.44361669,10.29193091,0.82943139,0.00395165,8.2e-07,0.0,0.0,0.0,0.0,0.0,0.0,0.0],"del_yes_cr_no":[0.0,0.0,2.3e-07,0.0006344,0.071192,1.17654698,5.06637983,7.61388569,4.66298034,1.25370541,0.15065959,0.00785143,0.00016371,1.18e-06,0.0,0.0,0.0,0.0,0.0,0.0,0.0],"conf_yes_cr_yes_del_yes":[0.0,0.0,0.0,0.0,0.0,0.0,0.0,0.0,0.0,4e-08,1.551e-05,0.00201701,0.0886551,1.33734379,6.5795779,9.17594828,2.72369473,0.09663713,0.0001113,0.0,0.0],"conf_yes_cr_no_del_yes":[0.0,0.0,0.0,0.0,0.0,0.0,0.0,3e-08,6.6e-07,1.054e-05,0.00011898,0.00100942,0.00669799,0.03571484,0.15561142,0.55767838,1.6345809,3.82118056,6.66396576,7.06295672,0.12894921]}}
