{"nodes":{"cr_yes":[0.0,0.0,0.0,0.0,0.0,0.0,0.0,0.0,0.0,0.0,0.0,0.0,0.0,1e-08,0.00892644,13.37156359,6.62345125,5.95e-05,0.0,0.0,0.0],"imm_yes_cr_yes":[0.0,0.0,0.0,0.0,0.0,0.0,1e-08,0.00019671,0.03506432,0.08188829,0.00465505,1.34710929,16.44547401,2.08802668,0.00158644,0.0,0.0,0.0,0.0,0.0,0.0],"imm_yes_cr_no":[0.0,0.0,0.0,0.0,0.0,0.0,0.0,0.0,0.0,5.8e-07,0.00021518,0.0210423,0.58429101,4.62353115,9.74974835,4.65618025,0.36643525,0.00255632,4.1e-07,0.0,0.0],"del_yes_cr_yes":[0.0,0.0,0.0,0.0,0.0,4e-08,0.00060391,0.29077556,7.00354488,11.31611284,1.38059337,0.01236339,6.81e-06,0.0,0.0,0.0,0.0,0.0,0.0,0.0,0.0],"del_yes_cr_no":[0.00359166,0.03965308,0.21597882,0.73558613,1.74061481,3.02388595,3.97557887,4.01722993,3.13531877,1.88276594,0.85928136,0.29170664,0.07128306,0.01195475,0.00128443,7.993e-05,2.47e-06,3e-08,0.0,0.0,0.0],"conf_yes_cr_yes_del_yes":[0.0,0.0,0.0,0.0,0.0,0.0,0.0,0.0,0.0,1e-08,5.7e-06,0.00078413,0.03894578,0.71362544,4.63938436,9.49387946,4.76273334,0.35339408,0.0012485,1e-08,0.0],"conf_yes_cr_no_del_yes":[0.0,0.0,0.0,2e-08,1.3e-07,7.1e-07,3.35e-06,1.494e-05,7.418e-05,0.00044121,0.00271807,0.01488139,0.06810319,0.2566264,0.79227037,1.98238998,3.91091464,5.71239225,5.30810432,1.94410862,0.02191403]}}
