{"nodes":{"cr_yes":[0.0,0.0,0.0,0.0,0.0,0.0,0.0,0.0,0.0,0.0,0.0,0.0,0.0,1.825e-05,0.52755061,19.27450319,0.20192872,3e-08,0.0,0.0,0.0],"imm_yes_cr_yes":[0.0,0.0,0.0,0.0,0.0,0.0,4.4e-07,0.04291685,9.65879712,10.23227479,0.07000849,3.11e-06,0.0,0.0,0.0,0.0,0.0,0.0,0.0,0.0,0.0],"imm_yes_cr_no":[0.0,0.0,0.0,0.0,0.0,0.0,0.0,2e-08,2.889e-05,0.00582995,0.22600647,1.89937715,4.52888289,7.01597629,5.51751678,0.79908696,0.01128903,6.38e-06,0.0,0.0,0.0],"del_yes_cr_yes":[0.0,1.129e-05,0.00104687,0.00281334,0.00066078,3.02e-05,0.0198067,2.07994702,12.41965115,5.30619502,0.17343605,0.00040234,5e-08,0.0,0.0,0.0,0.0,0.0,0.0,0.0,0.0],"del_yes_cr_no":[0.0,1.6e-07,4e-08,3.542e-05,0.0067332,0.21547335,1.87063718,5.72525699,7.1554666,3.9391796,0.9786753,0.10756379,0.00489704,8.174e-05,4.1e-07,0.0,0.0,0.0,0.0,0.0,0.0],"conf_yes_cr_yes_del_yes":[0.0,0.0,0.0,0.0,0.0,0.0,0.0,0.0,0.0,0.0,1.95e-06,0.0003328,0.02045752,0.46274711,3.71071987,9.39023129,5.8680577,0.54899073,0.00246181,2e-08,0.0],"conf_yes_cr_no_del_yes":[0.0,0.0,0.0,0.0,0.0,0.0,2e-08,6.1e-07,1.271e-05,0.00017493,0.00169165,0.01208038,0.06589579,0.27997381,0.93172161,2.40215522,4.62890546,6.132388,4.56007065,0.98892796,4e-06]}}
