{"nodes":{"cr_yes":[0.0,0.0,0.0,0.0,0.0,0.0,0.0,0.0,0.0,0.0,0.0,0.0,0.0,0.00032557,7.63956092,12.36396203,0.00015227,0.0,0.0,0.0,0.0],"imm_yes_cr_yes":[0.0,0.0,0.0,0.0,0.0,0.0,0.0,1.067e-05,0.45505641,18.40464371,1.14417184,0.00011818,0.0,0.0,0.0,0.0,0.0,0.0,0.0,0.0,0.0],"imm_yes_cr_no":[0.0,0.0,0.0,0.0,0.0,0.0,2.2e-07,0.0039756,1.31739036,13.31834143,5.25333549,0.10927076,0.00168341,3.53e-06,0.0,0.0,0.0,0.0,0.0,0.0,0.0],"del_yes_cr_yes":[0.0,0.0,0.0,0.0,0.0,0.0,0.0,0.0,1.18e-06,0.01263171,2.78730148,15.22123192,1.97815976,0.00467463,1.2e-07,0.0,0.0,0.0,0.0,0.0,0.0],"del_yes_cr_no":[0.0,9.4e-07,0.00133791,0.89429784,10.15795215,8.07575918,0.85791221,0.0166724,6.81e-05,6e-08,0.0,0.0,0.0,0.0,0.0,0.0,0.0,0.0,0.0,0.0,0.0],"conf_yes_cr_yes_del_yes":[0.0,0.0,0.0,0.0,0.0,0.0,0.0,0.0,0.0,0.0,0.0,3.49e-06,0.00251293,0.30185335,5.54198543,12.20063643,1.94891518,0.00809392,8e-08,0.0,0.0],"conf_yes_cr_no_del_yes":[0.0,0.0,0.0,0.0,0.0,0.0,0.0,5e-08,2.11e-06,5.209e-05,0.0008042,0.00830058,0.05978875,0.30790792,1.14139142,3.00552829,5.39379484,6.02557433,3.44185363,0.61737041,0.00326436]}}
