{"nodes":{"cr_yes":[0.0,0.0,0.0,0.0,0.0,0.0,0.0,0.0,0.0,0.0,0.0,0.0,0.0,5.88e-06,0.00455818,0.00707789,0.06255997,19.50864167,0.4211572,0.0,0.0],"imm_yes_cr_yes":[0.0,0.0,0.0,0.0,0.0,0.0,0.0,3.853e-05,0.13209254,0.46612871,14.09218343,5.30916981,0.00438777,0.0,0.0,0.0,0.0,0.0,0.0,0.0,0.0],"imm_yes_cr_no":[0.0,0.0,0.0,0.0,0.0,0.0,0.0,0.0,1e-08,3.197e-05,0.01839275,1.22062704,9.6672808,8.43072022,0.6505976,0.00347067,0.00858516,0.00428627,8.31e-06,0.0,0.0],"del_yes_cr_yes":[0.0,0.0,0.0,0.0,1.8e-07,0.00335951,1.09666059,12.19194252,6.51797415,0.19374642,0.0003174,2e-08,0.0,0.0,0.0,0.0,0.0,0.0,0.0,0.0,0.0],"del_yes_cr_no":[0.2252787,10.88001523,5.30803311,0.64077049,0.03416894,0.00098135,7.171e-05,0.00143445,0.01825234,0.12167591,0.43968532,0.86889327,0.92401688,0.50592991,0.13183365,0.01467017,0.00080692,0.00010254,1.767e-05,1.55e-06,6e-08],"conf_yes_cr_yes_del_yes":[0.0,0.0,0.0,0.0,0.0,0.0,0.0,0.0,0.0,0.0,3.6e-07,0.0002605,0.03985736,1.31969728,8.66829641,9.02534008,0.94654761,0.00400111,8e-08,0.0,0.0],"conf_yes_cr_no_del_yes":[0.0,0.0,0.0,0.0,0.0,2e-08,3.5e-07,4.96e-06,4.921e-05,0.00035785,0.00203874,0.01018902,0.05082542,0.25034988,1.04074317,3.14025985,6.08994651,6.47649443,2.74917695,0.19347504,0.0001788]}}
