{"nodes":{"cr_yes":[0.0,0.0,0.0,0.0,0.0,0.0,0.0,0.0,0.0,0.0,0.0,0.0,0.0,0.0,9e-07,0.17518021,19.71468403,0.11413565,0.0,0.0,0.0],"imm_yes_cr_yes":[0.0,0.0,0.0,0.0,0.0,0.0,2.33e-06,0.1041174,12.29724556,7.56994719,0.03268733,9.9e-07,0.0,0.0,0.0,0.0,0.0,0.0,0.0,0.0,0.0],"imm_yes_cr_no":[0.0,0.0,0.0,0.0,0.0,0.0,0.0,6e-08,7.022e-05,0.0133716,0.52887284,4.77063275,9.92023367,4.41561921,0.35161385,0.00358404,2.56e-06,0.0,0.0,0.0,0.0],"del_yes_cr_yes":[0.0,0.0,0.0,0.0,0.0,0.00023647,0.41295808,10.97119403,8.36768753,0.2515967,0.00032797,2e-08,0.0,0.0,0.0,0.0,0.0,0.0,0.0,0.0,0.0],"del_yes_cr_no":[0.0,4e-07,0.00027836,0.01774945,0.27461087,1.58444932,4.26244548,6.05130988,4.84767664,2.25580081,0.60917664,0.09272426,0.00748493,0.00028919,4.54e-06,2e-08,0.0,0.0,0.0,0.0,0.0],"conf_yes_cr_yes_del_yes":[0.0,0.0,0.0,0.0,0.0,0.0,0.0,0.0,0.0,0.0,2.6e-07,7.069e-05,0.00649726,0.21217477,2.40788648,8.58834749,7.69326289,1.08735614,0.00840468,1.4e-07,0.0],"conf_yes_cr_no_del_yes":[0.0,0.0,0.0,0.0,0.0,0.0,0.0,1.4e-07,3.24e-06,4.923e-05,0.00052504,0.00415604,0.02533416,0.12166089,0.46487757,1.40749456,3.2965509,5.63133391,6.12027507,2.92704029,0.0093995]}}
