{"nodes":{"cr_yes":[0.0,0.0,0.0,0.0,0.0,0.0,0.0,0.0,0.0,0.0,0.0,0.0,2.7e-07,0.06087834,18.78372202,1.15846312,0.00093706,0.0,0.0,0.0,0.0],"imm_yes_cr_yes":[0.0,0.0,0.0,0.0,0.0,0.0,0.0,0.0,0.0,0.0,3.512e-05,0.14454797,10.01309772,9.75773076,0.08858569,3.54e-06,0.0,0.0,0.0,0.0,0.0],"imm_yes_cr_no":[0.0,0.0,0.0,0.0,0.0,0.0,0.0,0.0,0.0,0.0,0.0,5.92e-06,0.01415875,1.99829985,14.3082471,3.66567026,0.01761842,5e-07,0.0,0.0,0.0],"del_yes_cr_yes":[0.0,0.0,0.0,9e-08,0.00208657,0.6322644,8.52227667,9.5691756,1.25548917,0.02264996,5.832e-05,2e-08,0.0,0.0,0.0,0.0,0.0,0.0,0.0,0.0,0.0],"del_yes_cr_no":[0.69388035,17.18176677,2.11459177,0.08429245,0.04783606,0.04497925,0.0402978,0.03447084,0.02830673,0.02241398,0.01717593,0.01277636,0.00924875,0.00652953,0.00450402,0.00304035,0.00201114,0.00130519,0.00083188,0.0005212,0.00032126],"conf_yes_cr_yes_del_yes":[2.39e-06,1.76e-06,1.27e-06,8.8e-07,6e-07,3.9e-07,2.5e-07,1.5e-07,1.2e-07,1.74e-06,7.641e-05,0.00233921,0.04227075,0.42864415,2.34233198,6.40843319,7.59750008,2.94803155,0.22934309,0.00500554,3.294e-05],"conf_yes_cr_no_del_yes":[0.21533535,0.22741263,0.2507796,0.29364799,0.36401386,0.46773703,0.60711661,0.77996252,0.97916314,1.19274897,1.40445229,1.594763,1.74248036,1.8267609,1.82966232,1.73918344,1.55280023,1.28149787,0.95429887,0.62328721,0.36912861]}}
