{"nodes":{"cr_yes":[0.0,0.0,0.0,0.0,0.0,0.0,0.0,0.0,0.0,0.0,0.0,0.0,0.0,0.0,9.39e-06,0.26118163,19.0905632,0.65224635,2.4e-07,0.0,0.0],"imm_yes_cr_yes":[0.0,0.0,0.0,0.0,0.0,0.0,0.0,0.0,0.0,1.8e-07,0.00827725,3.70039089,15.81725476,0.47802529,5.242e-05,0.0,0.0,0.0,0.0,0.0,0.0],"imm_yes_cr_no":[0.0,0.0,0.0,0.0,0.0,0.0,0.0,0.0,1.69e-06,0.00081673,0.07804769,1.65452381,8.00521916,8.37677829,1.69277436,0.16206,0.03291193,0.00086659,5.5e-07,0.0,0.0],"del_yes_cr_yes":[0.0,0.0,1.935e-05,0.31736348,11.06228614,7.99489679,0.59663984,0.03223433,0.00055898,1.9e-06,0.0,0.0,0.0,0.0,0.0,0.0,0.0,0.0,0.0,0.0,0.0],"del_yes_cr_no":[0.00299052,0.00326933,0.00842578,0.01543675,0.01881504,0.01647983,0.01232271,0.02139431,0.09962102,0.3999217,1.15386402,2.4226903,3.76246618,4.35668885,3.75966272,2.39601774,1.1066842,0.35931601,0.0783117,0.01070294,0.00082886],"conf_yes_cr_yes_del_yes":[0.0,0.0,0.0,0.0,0.0,0.0,0.0,0.0,0.0,6e-08,2.184e-05,0.00252742,0.1010198,1.4169803,6.63687823,9.04281708,2.70311814,0.10050831,0.00012963,0.0,0.0],"conf_yes_cr_no_del_yes":[0.01228978,0.01131685,0.0103381,0.0093621,0.00839764,0.00745365,0.00653908,0.00566418,0.00485699,0.00429468,0.00505838,0.01238587,0.04631362,0.16747936,0.51820847,1.33842729,2.83343357,4.74234465,5.79221831,4.18429102,0.57894419]}}
