{"nodes":{"cr_yes":[0.0,0.0,0.0,0.0,0.0,0.0,0.0,0.0,0.0,0.0,0.0,0.0,0.0,0.0,0.00084269,2.32666329,17.57545145,0.10104333,4e-08,0.0,0.0],"imm_yes_cr_yes":[0.0,0.0,0.0,0.0,0.0,0.0,4.94e-06,0.46875935,18.78768455,0.74751043,4.153e-05,0.0,0.0,0.0,0.0,0.0,0.0,0.0,0.0,0.0,0.0],"imm_yes_cr_no":[0.0,0.0,0.0,3e-08,1.22e-06,2.306e-05,0.00020077,0.0008195,0.00158774,0.00574877,0.2791278,3.64313821,9.00674645,5.67762811,1.33326895,0.05547261,0.00023749,7e-08,0.0,0.0,0.0],"del_yes_cr_yes":[0.0,0.0,0.0,0.0,0.0,0.0,4.734e-05,0.04732995,2.00537571,8.58026795,8.82791579,0.54190211,0.00116105,8.9e-07,0.0,0.0,0.0,0.0,0.0,0.0,0.0],"del_yes_cr_no":[0.00012516,0.00043311,0.00116281,0.00246166,0.0044018,0.00930444,0.03319329,0.12595537,0.35867618,0.8304278,2.00272623,4.23466263,5.60474608,4.31312374,1.97479325,0.4647346,0.04100046,0.00151626,0.00025924,0.00016889,0.00038082],"conf_yes_cr_yes_del_yes":[2.67e-06,5.53e-06,9.99e-06,1.572e-05,2.139e-05,2.503e-05,2.499e-05,2.11e-05,1.491e-05,8.71e-06,4.16e-06,2.341e-05,0.0047313,0.26647027,3.68526044,10.79675717,5.03166763,0.21862424,0.0003109,2.37e-06,4.1e-07],"conf_yes_cr_no_del_yes":[0.0,0.0,0.0,0.0,1e-08,2e-07,4.35e-06,6.842e-05,0.00077004,0.00645976,0.04232745,0.22005264,0.87623478,2.5052834,4.80486204,5.77034556,4.00785178,1.46873663,0.26904364,0.02855758,0.00680506]}}
