{"nodes":{"cr_yes":[0.0,0.0,0.0,0.0,0.0,0.0,0.0,0.0,0.0,0.0,0.0,0.0,0.0,7.76e-06,0.34716015,19.35392158,0.30291124,6e-08,0.0,0.0,0.0],"imm_yes_cr_yes":[0.0,0.0,0.0,0.0,0.0,0.0,3.3e-07,0.02177474,6.08567384,13.57460765,0.32186228,8.196e-05,0.0,0.0,0.0,0.0,0.0,0.0,0.0,0.0,0.0],"imm_yes_cr_no":[0.0,0.0,0.0,0.0,0.0,0.0,0.0,0.0,1e-08,2.42e-05,0.00807041,0.48210145,5.40644204,10.78998814,3.21667833,0.10052715,0.00016905,0.0,0.0,0.0,0.0],"del_yes_cr_yes":[0.0,0.0,0.0,0.0,0.0,0.0,1.571e-05,0.0272761,2.24208476,12.30113892,5.25766638,0.17542442,0.00039447,4e-08,0.0,0.0,0.0,0.0,0.0,0.0,0.0],"del_yes_cr_no":[0.0,0.0,2.1e-07,0.00048755,0.06211129,1.11116101,5.00233186,7.68033784,4.72822792,1.26241139,0.14919339,0.00758409,0.00015316,1.07e-06,0.0,0.0,0.0,0.0,0.0,0.0,0.0],"conf_yes_cr_yes_del_yes":[0.0,0.0,0.0,0.0,0.0,0.0,0.0,0.0,0.0,0.0,3e-07,8.95e-05,0.00873094,0.28825101,3.10279889,9.58957317,6.47194536,0.54110306,0.00150856,0.0,0.0],"conf_yes_cr_no_del_yes":[0.0,0.0,0.0,0.0,0.0,0.0,0.0,1.4e-07,2.88e-06,3.912e-05,0.00038409,0.00286538,0.01680258,0.07917649,0.30331665,0.94544357,2.36696115,4.59664604,6.3991347,5.18725874,0.21193853]}}
