{"nodes":{"cr_yes":[0.0,0.0,0.0,0.0,0.0,0.0,0.0,0.0,0.0,0.0,0.0,0.0,3e-08,0.00012696,2.42068788,17.57521492,0.00797101,0.0,0.0,0.0,0.0],"imm_yes_cr_yes":[0.0,0.0,0.0,0.0,0.0,0.0,1.5e-07,0.04515182,12.60818646,7.33704511,0.01361529,1.97e-06,0.0,0.0,0.0,0.0,0.0,0.0,0.0,0.0,0.0],"imm_yes_cr_no":[0.0,0.0,0.0,0.0,1e-08,1e-08,4.6e-07,0.00172037,0.39425285,6.87882005,11.00248778,1.70282948,0.02386492,2.488e-05,0.0,0.0,0.0,0.0,0.0,0.0,0.0],"del_yes_cr_yes":[0.0,0.0,0.0,0.0,0.0,0.0,0.0,0.0,9e-08,0.0001421,0.02015309,0.55585245,7.34180919,11.09122711,0.99134106,0.00347546,2.5e-07,0.0,0.0,0.0,0.0],"del_yes_cr_no":[0.0,3e-08,7.243e-05,0.00988173,0.17847715,1.24015111,6.44639197,9.03307924,2.85393056,0.23538385,0.00651553,0.00010664,8.63e-06,1.69e-06,2.2e-07,2e-08,0.0,0.0,0.0,0.0,0.0],"conf_yes_cr_yes_del_yes":[0.0,0.0,0.0,0.0,0.0,0.0,0.0,0.0,0.0,0.0,1e-08,9.72e-06,0.00382936,0.30514884,4.6620567,11.60131177,3.37129309,0.06033309,1.823e-05,0.0,0.0],"conf_yes_cr_no_del_yes":[0.00039799,0.00073049,0.00131996,0.00234791,0.0041106,0.00708174,0.01200195,0.02000207,0.03276484,0.05272621,0.08331172,0.12920247,0.19664468,0.29389498,0.43213727,0.6282863,0.91857781,1.44062534,2.83228576,6.97694059,11.87761824]}}
