{"nodes":{"cr_yes":[0.02681667,0.1745469,0.76042259,2.20534978,4.22489926,5.29204911,4.27821684,2.19669014,0.70254197,0.13670021,0.01573353,0.00103562,3.744e-05,7.1e-07,1e-08,0.0,0.0,5e-08,1.41e-06,1.69e-06,0.00473047],"imm_yes_cr_yes":[0.0,0.0,0.0,0.0,0.0,0.0,0.0,0.0,0.0,1e-08,0.00091645,0.97804402,15.88768145,3.13301423,0.00434462,2e-08,0.0,0.0,0.0,0.0,0.0],"imm_yes_cr_no":[0.0,0.0,0.0,0.0,0.0,0.0,0.0,0.0,0.0,0.0,2.6e-07,0.00058583,0.1616907,4.84420602,12.91198689,2.07578012,0.00975065,3.3e-07,0.0,0.0,0.0],"del_yes_cr_yes":[1.066e-05,0.01852794,0.42753864,3.91926314,11.54609057,3.87162639,0.2167517,0.00264307,2.471e-05,1.152e-05,1.998e-05,3.943e-05,6.978e-05,0.00010943,0.00015321,0.00019297,0.00022011,0.00022866,0.00021745,0.0001901,0.00015337],"del_yes_cr_no":[2.81928544,1.58027046,1.45791325,1.45783643,1.43663137,1.39290432,1.331304,1.2564162,1.1724268,1.08300751,0.99126707,0.89974819,0.81045584,0.72490522,0.64418054,0.56899797,0.49976816,0.43665526,0.37963039,0.32851885,0.28304046],"conf_yes_cr_yes_del_yes":[0.35726439,0.41083801,0.45673301,0.49006111,0.50673456,0.50429476,0.4830924,0.44907598,0.42093463,0.44330487,0.59698022,0.97626347,1.60364026,2.32069169,2.79421273,2.73322337,2.15393771,1.37598618,0.72774313,0.32209332,0.11105438],"conf_yes_cr_no_del_yes":[0.31815555,0.34832969,0.38466259,0.42715425,0.47580465,0.53061381,0.59158173,0.65870839,0.73199381,0.81143799,0.89704092,0.9888026,1.08672303,1.19080222,1.30104017,1.41743686,1.53999231,1.66870652,1.80357947,1.94461119,2.09180165]}}
