{"nodes":{"cr_yes":[0.0,0.0,0.0,0.0,0.0,0.0,0.0,0.0,9e-08,1.236e-05,0.00052751,0.00665832,0.02311855,0.02000188,0.02190225,6.842248,13.05476739,0.03476444,2e-08,0.0,0.0],"imm_yes_cr_yes":[0.0,0.0,0.0,0.0,0.0,0.0,4.35e-05,0.43593859,15.73790636,3.82192945,0.00818275,1.5e-07,0.0,0.0,0.0,0.0,0.0,0.0,0.0,0.0,0.0],"imm_yes_cr_no":[0.0,0.0,0.0,0.0,1e-08,2.52e-06,0.00016207,0.003601,0.02988695,0.10932053,0.69078737,5.19158674,9.90786804,3.81734011,0.2509482,0.00247435,2.273e-05,1.8e-07,0.0,0.0,0.0],"del_yes_cr_yes":[0.0,0.0,0.0,0.0,0.0,0.0,0.0,0.00015888,0.1498344,5.90099271,12.44497918,1.49875699,0.00927643,2.2e-06,0.0,0.0,0.0,0.0,0.0,0.0,0.0],"del_yes_cr_no":[7.04e-06,4.39e-06,2.4e-06,1.257e-05,0.00084353,0.01978221,0.19294717,0.93724498,2.60527611,4.59050982,5.34628643,4.0032776,1.79973804,0.44710049,0.05565338,0.00306341,0.00011913,0.00015797,0.00037751,0.00081214,0.00157597],"conf_yes_cr_yes_del_yes":[0.0,0.0,0.0,0.0,0.0,0.0,0.0,0.0,7e-08,1.27e-06,1.513e-05,0.00013753,0.00277703,0.09443773,1.41152854,6.91459157,9.16530273,2.35431102,0.0608586,3.955e-05,3e-08],"conf_yes_cr_no_del_yes":[0.56414629,0.56265859,0.55306814,0.53537318,0.5099199,0.47741297,0.43891005,0.39581404,0.34989845,0.30344181,0.25963065,0.22374708,0.20773531,0.2493608,0.47174068,1.1633419,2.5894214,4.10284986,3.84768425,1.95033474,1.05916773]}}
