{"nodes":{"cr_yes":[0.0,0.0,0.0,0.0,0.0,0.0,0.0,0.0,0.0,0.0,0.0,0.0,0.0,0.0,2.12e-06,0.17054902,19.40109364,0.432356,2e-08,0.0,0.0],"imm_yes_cr_yes":[0.0,0.0,0.0,0.0,0.0,0.0,0.0,0.00225072,2.90806161,16.50943181,0.58412414,0.00013251,0.0,0.0,0.0,0.0,0.0,0.0,0.0,0.0,0.0],"imm_yes_cr_no":[0.0,0.0,0.0,0.0,0.0,0.0,1e-08,5.66e-05,0.02844558,1.45569757,9.36714507,8.20070307,0.93998225,0.01195853,1.213e-05,0.0,0.0,0.0,0.0,0.0,0.0],"del_yes_cr_yes":[0.0,0.0,0.0,0.0,0.0,0.0,1e-08,0.00029895,0.21698037,6.79466851,11.78111884,1.20442162,0.00651112,1.38e-06,0.0,0.0,0.0,0.0,0.0,0.0,0.0],"del_yes_cr_no":[0.0,0.0,0.0,2.3e-07,0.00020602,0.02140051,0.46843544,3.03904852,7.06952645,6.52071378,2.47839427,0.38322123,0.02260387,0.00044807,2.41e-06,0.0,0.0,0.0,0.0,0.0,0.0],"conf_yes_cr_yes_del_yes":[0.0,0.0,0.0,0.0,0.0,0.0,0.0,0.0,0.0,1e-08,6.5e-06,0.00098503,0.05133121,0.92929271,5.55437477,9.5994722,3.68183959,0.18629823,0.00040055,0.0,0.0],"conf_yes_cr_no_del_yes":[0.0,0.0,0.0,0.0,0.0,0.0,0.0,0.0,0.0,1e-08,7e-08,8.5e-07,1.832e-05,0.00033877,0.00470021,0.04853846,0.36990256,2.0040652,6.929052,10.64698079,0.00080713]}}
