{"nodes":{"cr_yes":[0.0,0.0,0.0,0.0,0.0,0.0,0.0,0.0,0.0,0.0,0.0,0.0,0.0,0.0,0.00032969,2.32035521,17.66327584,0.02004006,0.0,0.0,0.0],"imm_yes_cr_yes":[0.0,0.0,0.0,0.0,0.0,8.56e-06,0.22359347,14.09721945,5.65517683,0.02800072,1.77e-06,0.0,0.0,0.0,0.0,0.0,0.0,0.0,0.0,0.0,0.0],"imm_yes_cr_no":[6e-08,1.3e-06,1.63e-05,0.00012444,0.00058988,0.00175453,0.00328843,0.0038748,0.00287029,0.00677557,0.27582336,3.41262183,9.87179931,5.84631894,0.57163677,0.00650027,4.76e-06,0.0,0.0,0.0,0.0],"del_yes_cr_yes":[0.0,0.0,0.0,0.0,0.0,1.9e-07,0.00437229,1.44711764,13.44121553,5.0235093,0.08771597,6.989e-05,0.0,0.0,0.0,0.0,0.0,0.0,0.0,0.0,0.0],"del_yes_cr_no":[0.00685102,0.03143427,0.10125339,0.23708077,0.41397061,0.55585343,0.652734,0.98222185,1.96944761,3.29587708,3.79004283,3.13849025,2.21239844,1.41463095,0.696926,0.23662356,0.07989703,0.06062477,0.06113978,0.05214566,0.03556599],"conf_yes_cr_yes_del_yes":[2.96e-06,3.83e-06,4.54e-06,4.92e-06,4.86e-06,4.35e-06,3.51e-06,2.53e-06,1.62e-06,9.1e-07,5.3e-07,3.288e-05,0.00411637,0.17207264,2.30433224,8.83056232,7.69598596,0.98857659,0.00828756,1.16e-06,0.0],"conf_yes_cr_no_del_yes":[0.00487297,0.00377339,0.00288094,0.00216651,0.00160303,0.00116595,0.00083463,0.00059812,0.00048875,0.00079475,0.00333336,0.01801382,0.08936432,0.36969527,1.2100567,2.98449162,5.20766915,5.81070288,3.45629833,0.80220202,0.07086155]}}
