{"nodes":{"cr_yes":[0.0,0.0,0.0,0.0,0.0,0.0,0.0,0.0,0.0,0.0,0.0,0.0,0.0,5e-08,0.01337428,11.98294276,8.00735865,0.00032506,0.0,0.0,0.0],"imm_yes_cr_yes":[0.0,0.0,0.0,0.0,0.0,0.0,2.53e-06,0.09194124,11.16728007,8.68749838,0.05727543,3.15e-06,0.0,0.0,0.0,0.0,0.0,0.0,0.0,0.0,0.0],"imm_yes_cr_no":[0.0,0.0,0.0,0.0,0.0,0.0,0.0,3.9e-07,0.00038538,0.05603127,1.4893527,7.98875485,8.68006039,1.73778127,0.05148426,0.00015026,2e-08,0.0,0.0,0.0,0.0],"del_yes_cr_yes":[0.0,0.0,0.0,0.0,0.0,0.0,0.0,5.821e-05,0.06750066,3.76843468,13.08003186,3.04444351,0.04350277,2.91e-05,0.0,0.0,0.0,0.0,0.0,0.0,0.0],"del_yes_cr_no":[0.0,0.0,0.0,2e-08,1.253e-05,0.0011975,0.03276478,0.34575419,1.6767818,4.16926976,5.73676488,4.67466792,2.4086334,0.7952551,0.14988337,0.01267392,0.00033997,1.66e-06,0.0,0.0,0.0],"conf_yes_cr_yes_del_yes":[0.0,0.0,0.0,0.0,0.0,0.0,0.0,0.0,0.0,0.0,7.8e-07,0.00021005,0.01790048,0.49386674,4.24408455,10.00487429,4.94525095,0.29717425,0.00063871,0.0,0.0],"conf_yes_cr_no_del_yes":[0.0,0.0,0.0,0.0,0.0,0.0,0.0,0.0,0.0,2e-08,4.8e-07,8.92e-06,0.00012244,0.00128271,0.01056163,0.07007804,0.38197842,1.71116129,5.91344654,11.73805911,0.35460242]}}
