{"nodes":{"cr_yes":[0.0,0.0,0.0,0.0,0.0,0.0,0.0,0.0,0.0,0.0,0.0,0.0,0.0,0.0,0.0,0.00010092,6.40091773,13.60297562,6.53e-06,0.0,0.0],"imm_yes_cr_yes":[0.0,0.0,0.0,0.0,0.0,0.0,0.0,0.0,6.11e-06,0.17078124,14.72334977,5.1030165,0.00684716,3e-08,0.0,0.0,0.0,0.0,0.0,0.0,0.0],"imm_yes_cr_no":[0.0,0.0,0.0,0.0,0.0,0.0,0.0,0.0,0.0,0.0,0.0,0.0,4e-08,0.00011083,0.05089697,2.9695844,14.52288312,2.45873126,0.00179419,0.0,0.0],"del_yes_cr_yes":[0.0,0.0,0.0,0.0,0.0,0.0,0.00023304,0.31501203,9.74707675,9.60491535,0.33637643,0.00038719,1e-08,0.0,0.0,0.0,0.0,0.0,0.0,0.0,0.0],"del_yes_cr_no":[0.0,0.0,0.0,8e-08,2.668e-05,0.00200532,0.0490393,0.48887226,2.2696305,5.29154537,6.40953126,4.02952127,1.26808102,0.18469301,0.01085004,0.00020386,8.2e-07,0.0,0.0,0.0,0.0],"conf_yes_cr_yes_del_yes":[0.0,0.0,0.0,0.0,0.0,0.0,0.0,0.0,0.0,0.0,1.3e-07,0.00015814,0.03554124,1.44525308,9.65958865,8.30189724,0.56045586,0.00110646,1e-08,0.0,0.0],"conf_yes_cr_no_del_yes":[0.0,0.0,0.0,0.0,0.0,0.0,0.0,1.1e-07,4.29e-06,9.869e-05,0.00142479,0.01377543,0.09290724,0.44654616,1.53354856,3.68998009,5.90289765,5.61015865,2.46471465,0.24793726,1.447e-05]}}
