{"nodes":{"cr_yes":[0.0,0.0,0.0,0.0,0.0,0.0,0.0,0.0,0.0,0.0,4e-08,3.05e-06,2.795e-05,0.00119174,0.55862404,18.13601231,1.30811949,2.218e-05,0.0,0.0,0.0],"imm_yes_cr_yes":[0.0,0.0,0.0,0.0,0.00020628,0.79171079,15.63908591,3.55849493,0.01450159,1.3e-06,0.0,0.0,0.0,0.0,0.0,0.0,0.0,0.0,0.0,0.0,0.0],"imm_yes_cr_no":[0.0,0.0,4e-08,9.5e-07,4.19e-06,0.00183347,0.57043358,8.5427914,9.78594906,1.0888805,0.01362691,0.00040595,6.955e-05,5.04e-06,1.5e-07,0.0,0.0,0.0,0.0,0.0,0.0],"del_yes_cr_yes":[0.0,0.0,0.0,0.0,1e-08,2.1e-05,0.04212206,3.06917688,12.82731088,3.96419334,0.10096528,0.00021081,2.7e-07,1.8e-07,8e-08,1e-08,0.0,0.0,0.0,0.0,0.0],"del_yes_cr_no":[0.0,0.00046339,0.14046396,2.13648917,7.3575246,8.07869368,2.14534533,0.14232513,0.00263466,4.655e-05,1.119e-05,2.63e-06,4.4e-07,5e-08,0.0,0.0,0.0,0.0,0.0,0.0,0.0],"conf_yes_cr_yes_del_yes":[0.00034198,0.00065853,0.00115473,0.00183959,0.00265476,0.00345777,0.00404651,0.00423177,0.00392992,0.00322189,0.00234066,0.0020732,0.02619683,0.48073942,3.47074103,8.65072363,6.22605692,1.03615633,0.07895225,0.00464227,2.362e-05],"conf_yes_cr_no_del_yes":[0.15923593,0.19147778,0.2292897,0.27338221,0.32448664,0.38333165,0.45061075,0.52693894,0.6127964,0.70845732,0.81390194,0.92871085,1.05194175,1.18199486,1.31650329,1.45247631,1.58804106,1.73241236,1.94807518,2.46004572,3.49901627]}}
