{"nodes":{"cr_yes":[0.0,0.0,0.0,0.0,0.0,0.0,0.0,0.0,0.0,0.0,0.0,0.0,2.4e-07,0.07982944,18.81001286,1.11415605,2.21e-06,0.0,0.0,0.0,0.0],"imm_yes_cr_yes":[0.0,0.0,0.0,0.0,0.0,0.00051196,2.18379442,17.18645839,0.63306388,0.00017216,0.0,0.0,0.0,0.0,0.0,0.0,0.0,0.0,0.0,0.0,0.0],"imm_yes_cr_no":[0.0,0.0,0.0,0.0,2e-07,0.00369282,1.04491917,11.16147664,7.39940679,0.39268656,0.00181792,7e-07,0.0,0.0,0.0,0.0,0.0,0.0,0.0,0.0,0.0],"del_yes_cr_yes":[0.0,0.0,0.0,0.0,0.0,1.17e-06,0.02389093,4.199561,14.32659222,1.44884741,0.00510746,6e-07,0.0,0.0,0.0,0.0,0.0,0.0,0.0,0.0,0.0],"del_yes_cr_no":[0.0,4.95e-06,0.0113658,1.29406832,9.07492598,8.1272414,1.43067114,0.06448991,0.00119167,3.988e-05,1.7e-06,4e-08,0.0,0.0,0.0,0.0,0.0,0.0,0.0,0.0,0.0],"conf_yes_cr_yes_del_yes":[0.0,0.0,0.0,1e-08,1e-08,1e-08,1e-08,1e-08,1e-08,1e-08,7.2e-07,0.00013878,0.01221996,0.37328977,3.64018322,9.87960335,5.68834414,0.40864793,0.00156784,4.99e-06,3e-08],"conf_yes_cr_no_del_yes":[0.00030276,0.00055001,0.00098584,0.00174368,0.00304362,0.00524328,0.00891475,0.0149585,0.02476808,0.04046168,0.06519715,0.10358314,0.16218715,0.25011915,0.37968896,0.56784101,0.8460366,1.33512128,2.67178232,7.28577063,12.47170516]}}
