{"nodes":{"cr_yes":[0.0,0.0,0.0,0.0,0.0,1.06e-06,0.00015028,0.00606509,0.06825944,0.20555478,0.15590533,0.09149849,1.75206185,2.96995605,11.21941161,2.72366038,0.80656376,0.00491262,4e-08,0.0,0.0],"imm_yes_cr_yes":[0.0,0.0,0.0,0.0,0.0,1e-08,0.00205286,1.74531327,15.15488289,2.80260092,0.28732792,0.01176681,5.609e-05,3e-08,0.0,0.0,0.0,0.0,0.0,0.0,0.0],"imm_yes_cr_no":[0.0,0.0,3e-08,1.6e-07,2.6e-07,3.548e-05,0.03060457,1.80206004,10.10025696,7.03434571,0.96119898,0.07266617,0.00279352,3.732e-05,1.49e-06,1.1e-07,0.0,0.0,0.0,0.0,0.0],"del_yes_cr_yes":[0.0,0.0,0.0,0.0,0.0,0.0,1e-08,1.503e-05,0.0131037,1.0370911,8.91588817,8.96022989,1.05245444,0.02439556,0.00081392,8.95e-06,1e-08,0.0,0.0,0.0,0.0],"del_yes_cr_no":[0.0,1.2e-07,0.00180711,0.34082221,4.6032394,9.67083717,4.70258293,0.65456415,0.02912357,0.00061329,0.00018121,0.00012545,6.643e-05,2.691e-05,8.39e-06,2.03e-06,3.8e-07,5e-08,1e-08,0.0,0.0],"conf_yes_cr_yes_del_yes":[0.00027995,0.00024146,0.00019573,0.00014862,0.00010529,6.93e-05,4.215e-05,2.357e-05,1.206e-05,5.75e-06,5.02e-06,0.00034873,0.02729814,0.69522874,5.26146625,10.16844,3.70795396,0.14188344,0.00038521,7.39e-06,2e-08],"conf_yes_cr_no_del_yes":[8.2e-07,2.19e-06,5.67e-06,1.426e-05,3.486e-05,8.295e-05,0.00019222,0.00043415,0.00095644,0.00205648,0.00431827,0.00886103,0.01778147,0.0349401,0.06753658,0.13119648,0.27851502,0.77137795,2.87244052,10.25012932,11.12624893]}}
