{"nodes":{"cr_yes":[0.0,0.0,0.0,0.0,0.0,0.0,0.0,0.0,0.0,0.0,0.0,0.0,0.0,0.0,0.00043328,8.76941617,11.2341139,3.745e-05,0.0,0.0,0.0],"imm_yes_cr_yes":[0.0,0.0,0.0,0.0,0.0,0.0,1.32e-06,0.03370284,0.3247118,0.00263496,0.00610606,4.73384003,14.75633159,0.14666952,2.67e-06,0.0,0.0,0.0,0.0,0.0,0.0],"imm_yes_cr_no":[0.0,0.0,0.0,0.0,0.0,0.0,0.0,0.0,0.0,0.0,0.0,0.0,2.97e-06,0.00423992,0.70753476,10.68402908,8.49277317,0.11541897,1.93e-06,0.0,0.0],"del_yes_cr_yes":[0.0,0.0,0.0,0.0,1e-07,7.87e-06,0.00016557,0.42867756,12.95611101,6.5544784,0.06454879,1.15e-05,0.0,0.0,0.0,0.0,0.0,0.0,0.0,0.0,0.0],"del_yes_cr_no":[4.7e-07,0.00317488,0.00168495,0.00014205,4.36e-06,1.8e-07,4.112e-05,0.00366968,0.10333794,1.06834429,4.4159912,7.55465198,5.28997622,1.42802017,0.13159613,0.00334902,1.638e-05,1e-08,0.0,0.0,0.0],"conf_yes_cr_yes_del_yes":[0.0,0.0,0.0,0.0,0.0,0.0,0.0,0.0,0.0,0.0,8e-07,0.00042108,0.05068843,1.41666668,8.49709394,8.93419685,1.09789982,0.00703282,3.9e-07,0.0,0.0],"conf_yes_cr_no_del_yes":[0.0,0.0,0.0,0.0,0.0,0.0,1.8e-07,7e-06,0.00015147,0.00202974,0.01794584,0.10916792,0.46899908,1.44176284,3.17463813,4.94013589,5.22855743,3.42277665,1.09808735,0.09932286,0.00083679]}}
