{"nodes":{"cr_yes":[0.0,0.0,0.0,0.0,0.0,0.0,0.0,0.0,0.0,0.0,0.0,0.0,0.01134688,16.07557796,3.91703709,3.886e-05,0.0,0.0,0.0,0.0,0.0],"imm_yes_cr_yes":[0.0,0.0,0.0,0.0,0.0,0.0,0.0,0.00024598,1.99028108,17.7437638,0.26970272,7.22e-06,0.0,0.0,0.0,0.0,0.0,0.0,0.0,0.0,0.0],"imm_yes_cr_no":[0.0,0.0,0.0,0.0,0.0,0.0,4.746e-05,0.13018379,7.05535925,12.02099424,0.79534678,0.0020691,1.8e-07,0.0,0.0,0.0,0.0,0.0,0.0,0.0,0.0],"del_yes_cr_yes":[0.0,0.0,0.0,0.0,0.0,0.0,0.0,0.0,3.13e-06,0.01890875,3.01743432,14.83414665,2.1267859,0.00672179,2.6e-07,0.0,0.0,0.0,0.0,0.0,0.0],"del_yes_cr_no":[0.0,0.0,1.946e-05,0.08263318,4.19003501,11.79902052,3.74036081,0.19008022,0.00184633,5.23e-06,4e-08,0.0,0.0,0.0,0.0,0.0,0.0,0.0,0.0,0.0,0.0],"conf_yes_cr_yes_del_yes":[0.0,0.0,0.0,0.0,0.0,0.0,0.0,0.0,0.0,0.0,1e-08,2.552e-05,0.00917031,0.60995116,6.95102004,10.91558792,1.510748,0.00749765,1.8e-07,0.0,0.0],"conf_yes_cr_no_del_yes":[0.0,0.0,0.0,0.0,0.0,0.0,0.0,0.0,0.0,2e-08,1.05e-06,3.141e-05,0.00060094,0.00761848,0.06532002,0.3804543,1.48892565,3.83101851,6.4258101,7.0339108,1.54061904]}}
