{"nodes":{"cr_yes":[0.0,0.0,0.0,0.0,0.0,0.0,0.0,0.0,0.0,0.0,0.0,0.0,3.459e-05,2.3810366,17.61942018,0.00350944,0.0,0.0,0.0,0.0,0.0],"imm_yes_cr_yes":[0.0,0.0,0.0,0.0,0.0,0.0,0.0016563,5.95187181,14.00713609,0.04333637,2.3e-07,0.0,0.0,0.0,0.0,0.0,0.0,0.0,0.0,0.0,0.0],"imm_yes_cr_no":[0.0,0.0,0.0,0.0,0.0,6.9e-07,0.00993909,2.09263204,12.95268079,4.75143295,0.1965893,0.00072578,1.6e-07,0.0,0.0,0.0,0.0,0.0,0.0,0.0,0.0],"del_yes_cr_yes":[0.0,0.0,0.0,0.0,0.0,0.0,2e-08,0.00285997,2.24117297,16.26950816,1.48868841,0.00177125,2e-08,0.0,0.0,0.0,0.0,0.0,0.0,0.0,0.0],"del_yes_cr_no":[1.5e-07,7.403e-05,0.00236658,0.00968062,0.14213703,5.1541651,11.86727182,2.74482769,0.08310327,0.00037424,3.5e-07,0.0,0.0,0.0,0.0,0.0,0.0,0.0,0.0,0.0,0.0],"conf_yes_cr_yes_del_yes":[0.0,0.0,0.0,0.0,0.0,0.0,0.0,0.0,1e-08,9e-08,5.7e-07,2.693e-05,0.01036123,0.73744019,8.0264149,10.301172,0.92642786,0.00215658,4.4e-07,0.0,0.0],"conf_yes_cr_no_del_yes":[0.00034872,0.00022922,0.00014608,9.12e-05,6.422e-05,0.00010053,0.00038336,0.00159352,0.00576451,0.01803645,0.05130633,0.15454012,0.56479173,1.97258447,4.71052826,6.38622528,4.34927375,1.37393293,0.27694321,0.10919738,0.0561878]}}
