{"nodes":{"cr_yes":[0.0,0.0,0.0,0.0,0.0,0.0,0.0,0.0,0.0,0.0,0.0,0.0,0.0,0.00654635,19.22870734,0.76874708,3e-08,0.0,0.0,0.0,0.0],"imm_yes_cr_yes":[0.0,0.0,0.0,0.0,0.0,0.0,0.00048022,3.30452461,16.57593462,0.12305958,1.78e-06,0.0,0.0,0.0,0.0,0.0,0.0,0.0,0.0,0.0,0.0],"imm_yes_cr_no":[0.0,0.0,0.0,0.0,0.0,0.0,0.0,9e-08,0.00044357,0.15817412,6.66735284,12.49837586,0.67889905,0.00075526,1e-08,0.0,0.0,0.0,0.0,0.0,0.0],"del_yes_cr_yes":[0.0,0.0,0.0,1e-08,0.00200474,1.06732476,6.58638763,4.12632501,7.06919517,1.13874612,0.01400448,1.288e-05,0.0,0.0,0.0,0.0,0.0,0.0,0.0,0.0,0.0],"del_yes_cr_no":[0.00120538,0.89827576,13.20164264,5.64150347,0.25979559,0.00217645,4.21e-06,0.0,0.0,0.0,0.0,0.0,0.0,0.0,0.0,0.0,0.0,0.0,0.0,0.0,0.0],"conf_yes_cr_yes_del_yes":[0.0,0.0,0.0,0.0,0.0,0.0,0.0,0.0,0.0,0.0,4e-08,2.051e-05,0.00338532,0.17171872,2.55780922,9.72345704,7.02020951,0.52636574,0.0010347,0.0,0.0],"conf_yes_cr_no_del_yes":[0.0,0.0,0.0,0.0,0.0,0.0,0.0,1e-08,1.2e-07,2.08e-06,2.933e-05,0.00031397,0.00260237,0.0171249,0.09099135,0.39279914,1.36628497,3.70436894,7.14709166,7.27546383,0.01385628]}}
