{"nodes":{"cr_yes":[0.0,0.0,0.0,0.0,0.0,0.0,0.0,0.0,0.0,0.0,0.0,0.0,0.0,0.0,8.93e-06,0.01424373,19.85514651,0.13460163,0.0,0.0,0.0],"imm_yes_cr_yes":[0.0,0.0,0.0,0.0,0.0,0.0,3.21e-06,0.40395331,18.82797128,0.77203356,3.943e-05,0.0,0.0,0.0,0.0,0.0,0.0,0.0,0.0,0.0,0.0],"imm_yes_cr_no":[0.0,0.0,0.0,0.0,0.0,0.0,0.0,0.0,0.0,2.707e-05,0.01577875,1.08124197,9.15648088,8.93432939,0.811624,0.00451802,7.2e-07,0.0,0.0,0.0,0.0],"del_yes_cr_yes":[0.0,0.0,0.0,0.0,0.0,0.0,0.0,3.3e-07,0.00892736,2.84648229,15.53264895,1.61315331,0.0027885,5e-08,0.0,0.0,0.0,0.0,0.0,0.0,0.0],"del_yes_cr_no":[0.0,0.0,0.0,0.0,1e-08,4.53e-06,0.00062139,0.02115679,0.23426477,1.04691509,2.57772202,4.90124954,6.28762142,3.90424191,0.95397199,0.07486067,0.00136743,3.23e-06,0.0,0.0,0.0],"conf_yes_cr_yes_del_yes":[0.0,0.0,0.0,0.0,0.0,0.0,0.0,0.0,0.0,8e-08,0.00010157,0.0235875,1.02142658,7.95589436,9.64259392,1.34784858,0.01254498,3.22e-06,0.0,0.0,0.0],"conf_yes_cr_no_del_yes":[0.0,0.0,0.0,0.0,0.0,0.0,1e-08,2e-07,4.68e-06,7.459e-05,0.00085869,0.00731702,0.04685167,0.22683318,0.82770607,2.24309896,4.37773673,5.80744348,4.66773345,1.737308,0.12206811]}}
