{"nodes":{"cr_yes":[0.0,0.0,0.0,0.0,0.0,0.0,0.0,0.0,0.0,0.0,0.0,0.0,2e-07,0.00883544,4.50714183,15.35046746,0.13755525,6.2e-07,0.0,0.0,0.0],"imm_yes_cr_yes":[0.0,0.0,0.0,0.0,0.0,0.0,0.0,0.00110586,2.70814014,16.89937444,0.38897425,0.00110428,0.00518988,0.00011195,1e-08,0.0,0.0,0.0,0.0,0.0,0.0],"imm_yes_cr_no":[0.0,0.0,0.0,0.0,0.0,0.0,0.0,0.0,0.0,2.127e-05,0.01259497,0.91782605,8.55939404,9.49148728,1.01565936,0.00701631,1.52e-06,0.0,0.0,0.0,0.0],"del_yes_cr_yes":[0.0,0.0,0.0,0.0,0.0,0.0,7.71e-06,0.01404736,1.48281004,11.35191072,6.84267939,0.31163918,0.00090629,1.2e-07,0.0,0.0,0.0,0.0,0.0,0.0,0.0],"del_yes_cr_no":[0.00051873,0.01604968,0.02200021,0.01001493,0.00238517,0.00036976,0.00081756,0.0167231,0.18081853,1.04973485,3.36867984,5.99417179,5.77606189,2.85177412,0.6536063,0.05894526,0.00158081,7.61e-06,0.0,0.0,0.0],"conf_yes_cr_yes_del_yes":[0.0,0.0,0.0,0.0,0.0,0.0,0.0,0.0,0.0,0.0,3e-07,0.00020463,0.03126553,1.07803863,7.79849429,9.70141005,1.38453039,0.01005639,6e-07,0.0,0.0],"conf_yes_cr_no_del_yes":[0.0,0.0,0.0,0.0,1e-08,6e-08,5.7e-07,5.19e-06,6.616e-05,0.0008899,0.009075,0.06484857,0.32511503,1.15234927,2.87731795,4.95044475,5.58058243,3.73003473,1.20229717,0.11085672,0.00023458]}}
