{"nodes":{"cr_yes":[5.89e-06,6.887e-05,0.00053177,0.00267779,0.00865637,0.01762699,0.02210441,0.01661648,0.00725166,0.00176843,0.00023023,1.515e-05,6.78e-06,0.00258852,0.16910571,2.54860073,14.76809225,2.43606313,0.00199259,1e-08,0.0],"imm_yes_cr_yes":[0.0,0.0,0.0,0.0,0.0,0.0018178,2.78889214,16.44564995,0.76722974,0.00041117,0.0,0.0,0.0,0.0,0.0,0.0,0.0,0.0,0.0,0.0,0.0],"imm_yes_cr_no":[2.029e-05,2.734e-05,2.577e-05,1.705e-05,8.32e-06,1.303e-05,9.667e-05,0.00040102,0.0086369,0.30254112,2.96140996,8.25357197,6.76060809,1.60212192,0.10169841,0.00287627,0.00290534,0.00347698,0.00245117,0.00099219,0.00022228],"del_yes_cr_yes":[0.0,0.0,0.0,0.0,0.0,6e-07,0.01169728,2.65567856,14.48730325,2.82626827,0.02304529,7.56e-06,0.0,0.0,0.0,0.0,0.0,0.0,0.0,0.0,0.0],"del_yes_cr_no":[0.00973846,0.03100631,0.06711843,0.10233435,0.11263878,0.09892244,0.26540367,1.73570347,5.30270051,6.96137406,4.08426756,1.08395135,0.13616534,0.01288776,0.00199843,0.00034603,0.00019417,0.00032435,0.00053033,0.00076918,0.00099008],"conf_yes_cr_yes_del_yes":[1e-08,1e-08,1e-08,3e-08,1.6e-07,8.2e-07,3.49e-06,1.222e-05,3.513e-05,8.257e-05,0.00016222,0.0011568,0.05564439,1.07387264,6.31272452,9.65103837,2.81981229,0.08925957,0.00019505,5.1e-07,1e-08],"conf_yes_cr_no_del_yes":[0.0001376,0.00026808,0.00051354,0.00096762,0.00179383,0.00327276,0.00587744,0.01039129,0.01808853,0.03100405,0.05232776,0.08696738,0.14233469,0.22943677,0.36451759,0.57272858,0.9032921,1.50568825,2.94530729,6.87586664,12.5065756]}}
