{"nodes":{"cr_yes":[0.0,0.0,0.0,0.0,0.0,0.0,0.0,0.0,0.0,0.0,0.0,0.0,1.3e-07,0.0215965,11.40578619,8.57445145,0.00216653,0.0,0.0,0.0,0.0],"imm_yes_cr_yes":[0.0,0.0,0.0,0.0,0.0,0.0,0.0,0.0004076,2.23747164,17.47001504,0.29609525,1.127e-05,0.0,0.0,0.0,0.0,0.0,0.0,0.0,0.0,0.0],"imm_yes_cr_no":[0.0,0.0,0.0,0.0,0.0,0.0,0.0,0.0,4.3e-06,0.00701119,0.8659701,9.41817452,9.0483301,0.66188827,0.00262202,3e-07,0.0,0.0,0.0,0.0,0.0],"del_yes_cr_yes":[0.0,0.0,0.0,0.0,0.0,0.0,0.0,0.0,0.0,0.00017507,0.21573859,8.54960413,10.88130451,0.35699516,0.00018334,0.0,0.0,0.0,0.0,0.0,0.0],"del_yes_cr_no":[0.0,0.0,0.0,0.0,5e-08,2.289e-05,0.00219356,0.06121453,0.61788039,2.57148227,4.87499666,5.03630834,3.96221501,2.26254734,0.57197815,0.04256497,0.00059594,7.1e-07,0.0,0.0,0.0],"conf_yes_cr_yes_del_yes":[0.0,0.0,0.0,0.0,0.0,0.0,0.0,0.0,0.0,2e-08,3.035e-05,0.01009511,0.6041825,6.38951238,10.64421615,2.29990081,0.05597011,9.337e-05,0.0,0.0,0.0],"conf_yes_cr_no_del_yes":[0.0,1e-08,1e-07,1.14e-06,1.001e-05,7.224e-05,0.00043293,0.00217749,0.00925581,0.03338413,0.10227767,0.26555608,0.58078806,1.05865724,1.58644484,1.96062752,2.26531743,3.36526711,5.23005449,3.53982802,0.00769695]}}
