{"nodes":{"cr_yes":[0.0,0.0,0.0,0.0,0.0,0.0,0.0,0.0,0.0,0.0,0.0,0.0,0.00020161,0.9613661,18.40394557,0.63847851,9.01e-06,0.0,0.0,0.0,0.0],"imm_yes_cr_yes":[0.0,0.0,0.0,0.0,0.0,0.0,0.0,0.0,0.0,0.0,3.969e-05,0.34580264,16.3706804,3.28602671,0.00145135,0.0,0.0,0.0,0.0,0.0,0.0],"imm_yes_cr_no":[0.0,0.0,0.0,0.0,0.0,0.0,0.0,0.0,0.0,0.0,2e-08,4.35e-05,0.01684385,1.05394298,9.41899188,8.99535313,0.51825135,0.00057408,0.0,0.0,0.0],"del_yes_cr_yes":[0.0,0.0,0.0,4.3e-07,3.4e-07,1e-08,6.97e-06,0.02697906,2.9265798,13.66105883,3.34569044,0.04365906,2.587e-05,0.0,0.0,0.0,0.0,0.0,0.0,0.0,0.0],"del_yes_cr_no":[0.0,1e-08,2.166e-05,0.00309069,0.09273095,0.89080355,3.46680565,6.27777082,5.73105659,2.74630173,0.69720948,0.09201516,0.00601353,0.00017885,2.12e-06,1e-08,0.0,0.0,0.0,0.0,0.0],"conf_yes_cr_yes_del_yes":[0.0,0.0,0.0,0.0,0.0,0.0,0.0,0.0,0.0,3e-08,9.26e-06,0.00109071,0.04788589,0.79633507,4.81186048,9.37886743,4.61578209,0.35079518,0.00137464,1e-08,0.0],"conf_yes_cr_no_del_yes":[0.0,0.0,0.0,0.0,0.0,0.0,1e-08,2.9e-07,5.89e-06,8.282e-05,0.00083765,0.0063595,0.03736523,0.17307817,0.63586298,1.83551381,4.02808239,6.21199427,5.54679314,1.52790485,0.00023961]}}
