{"nodes":{"cr_yes":[23.91205576,6.55312552,1.29387939,0.18177651,0.01791485,0.00121871,5.618e-05,1.72e-06,3e-08,0.0,0.0,0.0,0.0,0.0,0.0,0.0,0.0,0.0,0.0,0.0,0.0],"imm_yes_cr_yes":[0.0,0.0,0.0,0.0,0.0,0.0,0.0,0.0,0.0,0.0,0.00106975,1.8949933,17.48678631,0.621108,4.344e-05,0.0,0.0,0.0,0.0,0.0,0.0],"imm_yes_cr_no":[0.0,0.0,0.0,0.0,0.0,0.0,0.0,0.0,0.0,0.0,0.0,5.5e-07,0.00413677,1.35239277,15.17862998,3.46306887,0.00577184,1e-08,0.0,0.0,0.0],"del_yes_cr_yes":[0.0,0.0,2e-08,0.0001472,0.12487403,5.72223872,12.1847411,1.94104319,0.03090039,5.614e-05,1e-08,0.0,0.0,0.0,0.0,0.0,0.0,0.0,0.0,0.0,0.0],"del_yes_cr_no":[2.02644898,16.67781269,1.95675164,0.06233229,0.00152577,0.00101403,0.00152277,0.00223856,0.00320811,0.00449394,0.00616742,0.00830867,0.01100644,0.01435779,0.01846761,0.02344797,0.02941733,0.03649961,0.04482313,0.05451945,0.06572214],"conf_yes_cr_yes_del_yes":[0.02462922,0.02201844,0.02065588,0.02230022,0.0301759,0.04965554,0.0885796,0.15643706,0.26153586,0.40600807,0.58067876,0.76587021,0.95058473,1.19313606,1.73214112,2.91936242,4.3385148,4.11768962,1.91917411,0.38550867,0.06331821],"conf_yes_cr_no_del_yes":[0.38463264,0.42340253,0.47382361,0.53862788,0.61918518,0.71526158,0.82489169,0.9443647,1.06832428,1.18998231,1.30144639,1.3941612,1.45946361,1.48925173,1.47676762,1.41749399,1.31016454,1.15788824,0.9693874,0.76034952,0.55489298]}}
