{"nodes":{"cr_yes":[0.0,0.0,0.0,0.0,0.0,0.0,0.0,0.0,0.0,0.0,0.0,0.0,6e-08,9.113e-05,0.01401615,0.38294734,17.9511175,1.65581206,1.655e-05,0.0,0.0],"imm_yes_cr_yes":[0.0,0.0,0.0,0.0,0.0,0.00015357,0.45608455,13.46318739,6.03393038,0.05056075,4.512e-05,3.557e-05,3.43e-06,3e-08,0.0,0.0,0.0,0.0,0.0,0.0,0.0],"imm_yes_cr_no":[0.0,0.0,0.0,0.0,1e-08,2.43e-06,0.00014431,0.00331053,0.03080591,0.11953102,0.24966782,1.39422066,5.67831248,7.15340123,2.88821704,0.82184704,1.00251304,0.55911508,0.09830843,0.00458201,4.357e-05],"del_yes_cr_yes":[0.0,0.0,0.0,0.0,0.0,0.0,0.0,0.0,0.0,4.25e-06,0.01913153,2.8929194,14.92474657,2.16166782,0.00553113,1e-07,0.0,0.0,0.0,0.0,0.0],"del_yes_cr_no":[0.00020375,0.00150912,0.00773954,0.02845906,0.07750984,0.16344833,0.28648308,0.45671346,0.74975737,1.50362063,3.18467099,4.89380808,4.53293469,2.60726724,1.10828756,0.34067997,0.05690532,0.0039906,9.453e-05,1.034e-05,1.833e-05],"conf_yes_cr_yes_del_yes":[0.0,0.0,0.0,0.0,0.0,0.0,1e-08,6e-08,2.6e-07,8e-07,1.79e-06,3.99e-05,0.01240226,0.74981098,7.58477682,10.38511522,1.26552073,0.00622173,9.484e-05,1.525e-05,3e-07],"conf_yes_cr_no_del_yes":[0.00014685,0.0002825,0.00053426,0.00099333,0.00181581,0.00326329,0.00576505,0.01000966,0.01707539,0.0286074,0.04704534,0.07589629,0.12003545,0.1860177,0.28255189,0.42339568,0.65496985,1.25953459,3.62969341,10.11480142,6.28327813]}}
