{"nodes":{"cr_yes":[0.0,0.0,0.0,0.0,0.0,0.0,0.0,0.0,0.0,0.0,0.0,0.0,0.0,1.03e-06,0.04772032,12.69725995,7.25772033,0.00129916,0.0,0.0,0.0],"imm_yes_cr_yes":[0.0,0.0,0.0,0.0,0.0,0.0,0.0,0.00044272,0.77385718,14.87033025,4.33875254,0.02061677,1.35e-06,0.0,0.0,0.0,0.0,0.0,0.0,0.0,0.0],"imm_yes_cr_no":[0.0,0.0,0.0,0.0,0.0,0.0,0.0,0.0,0.0,1e-08,1.707e-05,0.00560345,0.3714519,4.88761789,11.24847792,3.41207985,0.07870588,4.683e-05,0.0,0.0,0.0],"del_yes_cr_yes":[0.0,0.0,1.3e-07,2.73e-06,3.942e-05,0.08067126,4.40554963,12.67814618,2.78414222,0.05534726,0.00010195,2e-08,0.0,0.0,0.0,0.0,0.0,0.0,0.0,0.0,0.0],"del_yes_cr_no":[0.18950813,1.19903427,0.91336909,0.34914583,0.13057626,0.08023645,0.16066502,0.40102238,0.83543381,1.43255612,2.05737521,2.51201593,2.63753635,2.4018613,1.90879904,1.32945254,0.8135487,0.4378478,0.20715608,0.08600122,0.03122668],"conf_yes_cr_yes_del_yes":[0.0,0.0,0.0,0.0,0.0,0.0,0.0,0.0,0.0,4e-08,6.19e-06,0.00045215,0.01533238,0.24877032,1.90759154,6.46355802,8.29993115,2.93120134,0.13706343,9.425e-05,0.0],"conf_yes_cr_no_del_yes":[2e-08,6e-08,2.1e-07,6.3e-07,1.77e-06,4.62e-06,1.142e-05,2.722e-05,6.823e-05,0.00021803,0.00095928,0.00473235,0.02176839,0.08745491,0.30207485,0.89109125,2.21350611,4.46551788,6.65783869,5.34864878,0.02015223]}}
