{"nodes":{"cr_yes":[0.0,0.0,0.0,0.0,0.0,0.0,0.0,0.0,0.0,0.0,0.0,0.0,0.0,2e-08,0.00851171,10.86592208,9.1291872,0.0003798,0.0,0.0,0.0],"imm_yes_cr_yes":[0.0,0.0,0.0,0.0,0.0,0.0,1.28e-06,0.0635734,10.0414534,9.81967671,0.07929077,5.23e-06,0.0,0.0,0.0,0.0,0.0,0.0,0.0,0.0,0.0],"imm_yes_cr_no":[0.0,0.0,0.0,0.0,0.0,0.0,1.12e-06,0.00135989,0.17662317,3.29328843,10.31016817,5.68919606,0.52638748,0.00696674,9.74e-06,0.0,0.0,0.0,0.0,0.0,0.0],"del_yes_cr_yes":[0.0,0.0,0.0,0.0,0.0,0.0,0.0,3.633e-05,0.04677538,3.05548547,12.97531487,3.85297363,0.07334645,6.867e-05,0.0,0.0,0.0,0.0,0.0,0.0,0.0],"del_yes_cr_no":[0.0,0.0,0.0,8e-08,0.00010892,0.0144008,0.37165174,2.70922077,6.87568248,6.80151741,2.74996506,0.45217861,0.02863162,0.00063541,7.36e-06,5e-07,3e-08,0.0,0.0,0.0,0.0],"conf_yes_cr_yes_del_yes":[0.0,0.0,0.0,0.0,0.0,0.0,0.0,0.0,0.0,0.0,6.9e-07,0.00020889,0.01902272,0.54041517,4.593703,10.20103142,4.43899142,0.21034299,0.00028451,0.0,0.0],"conf_yes_cr_no_del_yes":[0.0,0.0,0.0,0.0,0.0,0.0,0.0,0.0,0.0,0.0,1.4e-07,3.02e-06,5.137e-05,0.00068075,0.00708971,0.05815621,0.37244481,1.80715873,6.12244112,11.10455725,1.06283537]}}
