{"nodes":{"cr_yes":[0.0,0.0,0.0,0.0,0.0,0.0,0.0,0.0,0.0,0.0,0.0,0.0,2e-08,2.2e-07,6.8e-07,0.02314096,17.12509054,2.8557662,2.18e-06,0.0,0.0],"imm_yes_cr_yes":[0.0,0.0,0.0,0.0,0.0,7.422e-05,0.94512623,17.69636189,1.36172524,0.00071321,0.0,0.0,0.0,0.0,0.0,0.0,0.0,0.0,0.0,0.0,0.0],"imm_yes_cr_no":[0.0,0.0,0.0,0.0,0.0,6e-08,7.812e-05,0.01451642,0.52608337,4.40108105,9.29012729,5.06535248,0.68595845,0.02068929,0.00011407,1.8e-07,3e-08,0.0,0.0,0.0,0.0],"del_yes_cr_yes":[0.0,0.0,0.0,0.0,0.0,1.46e-06,0.01975867,3.30892564,14.30443904,2.35367512,0.01719549,5.38e-06,0.0,0.0,0.0,0.0,0.0,0.0,0.0,0.0,0.0],"del_yes_cr_no":[0.0,0.0,6.1e-07,0.00014451,0.00744266,0.12349896,0.83950464,2.75644328,4.95314562,5.32927915,3.59113218,1.56849108,0.53111318,0.1999256,0.0773836,0.02201639,0.00401189,0.00043965,2.695e-05,8.3e-07,1e-08],"conf_yes_cr_yes_del_yes":[2.1e-07,5.2e-07,1.16e-06,2.33e-06,4.17e-06,6.62e-06,9.3e-06,1.15e-05,1.244e-05,1.165e-05,1.173e-05,0.00050898,0.0342502,0.7660053,5.33567953,9.99226604,3.72395395,0.15109058,0.00017469,1e-08,1e-08],"conf_yes_cr_no_del_yes":[1e-08,5e-08,1.5e-07,5e-07,1.55e-06,4.64e-06,1.343e-05,3.765e-05,0.0001024,0.00027064,0.0006957,0.0017409,0.00424463,0.01010994,0.02381464,0.05839252,0.17119758,0.68250816,3.19170766,12.26704613,7.1842239]}}
