{"nodes":{"cr_yes":[0.0,0.0,0.0,0.0,0.0,0.0,0.0,0.0,0.0,0.0,0.0,0.0,0.0,2.92e-05,0.26058898,16.67003742,3.0730563,0.00028891,0.0,0.0,0.0],"imm_yes_cr_yes":[0.0,0.0,0.0,0.0,0.0,0.0,1.5e-06,0.04319251,7.20025384,12.46930017,0.29116079,9.198e-05,0.0,0.0,0.0,0.0,0.0,0.0,0.0,0.0,0.0],"imm_yes_cr_no":[0.0,0.0,0.0,0.0,0.0,0.0,0.0,7.64e-06,0.00661317,0.59165724,6.68131542,10.35862099,2.28524343,0.08013019,0.00041257,1.3e-07,0.0,0.0,0.0,0.0,0.0],"del_yes_cr_yes":[0.0,1.2e-06,0.05169867,4.88909362,12.57998433,2.4263784,0.05664291,0.00020144,2.2e-07,0.0,0.0,0.0,0.0,0.0,0.0,0.0,0.0,0.0,0.0,0.0,0.0],"del_yes_cr_no":[0.4430007,5.88580736,9.02392547,4.06322492,0.74272408,0.06396825,0.00278661,6.302e-05,7.4e-07,0.0,0.0,0.0,0.0,0.0,0.0,0.0,0.0,0.0,0.0,0.0,0.0],"conf_yes_cr_yes_del_yes":[0.0,0.0,0.0,0.0,0.0,0.0,0.0,0.0,0.0,1.2e-07,1.972e-05,0.00133138,0.0400691,0.54912815,3.33441924,8.18477721,6.67158956,1.20376176,0.01890315,1.41e-06,0.0],"conf_yes_cr_no_del_yes":[2.263e-05,5.302e-05,0.00011826,0.0002521,0.0005153,0.00101275,0.00191827,0.00351037,0.00623354,0.01086162,0.01907551,0.0354383,0.0731673,0.16800481,0.40433112,0.9475768,2.04146216,3.85154119,5.94230055,6.26042594,0.47238116]}}
