{"nodes":{"cr_yes":[0.0,0.0,0.0,0.0,0.0,0.0,0.0,0.0,0.0,0.0,0.0,0.0,0.0,0.0,9.34e-06,0.47701619,19.46226499,0.06471028,0.0,0.0,0.0],"imm_yes_cr_yes":[0.0,0.0,0.0,0.0,0.0,1.339e-05,0.41746278,17.13067507,2.45386939,0.00198016,1e-08,0.0,0.0,0.0,0.0,0.0,0.0,0.0,0.0,0.0,0.0],"imm_yes_cr_no":[0.0,0.0,0.0,0.0,0.0,0.0,1e-08,2.64e-05,0.00990884,0.54825526,5.38987689,10.1880863,3.64602338,0.22006748,0.00175506,1.19e-06,0.0,0.0,0.0,0.0,0.0],"del_yes_cr_yes":[0.0,0.0,0.0,0.0,0.0,7.44e-06,0.06022934,5.74254279,13.15474449,1.04322314,0.00325323,3.7e-07,0.0,0.0,0.0,0.0,0.0,0.0,0.0,0.0,0.0],"del_yes_cr_no":[0.0,0.0,0.0,7e-07,0.00032684,0.02195034,0.37898151,2.29265232,5.78344232,6.69481827,3.71379518,0.98941136,0.12206038,0.00643477,0.00012607,7.3e-07,0.0,0.0,0.0,0.0,0.0],"conf_yes_cr_yes_del_yes":[0.0,0.0,0.0,0.0,0.0,0.0,0.0,0.0,0.0,0.0,1.17e-06,0.00028366,0.0219727,0.5571265,4.45248416,9.91915048,4.75929776,0.29294838,0.00073599,0.0,0.0],"conf_yes_cr_no_del_yes":[0.0,0.0,0.0,0.0,0.0,0.0,0.0,0.0,5e-08,5e-07,4.05e-06,2.774e-05,0.00016386,0.00088446,0.00488863,0.03074843,0.20726078,1.24949048,5.56451456,12.85637948,0.17927554]}}
