{"nodes":{"cr_yes":[0.0,0.0,0.0,0.0,0.0,0.0,0.0,0.0,0.0,0.0,0.0,0.0,1e-08,1e-08,0.0,1e-08,1.6e-07,8e-08,1.502e-05,0.06128235,39.8854063],"imm_yes_cr_yes":[0.0,0.0,0.0,0.0,0.0,0.0,0.0,0.0,0.0,4.073e-05,0.17319981,10.62794877,9.12028358,0.08252359,4.32e-06,0.0,0.0,0.0,0.0,0.0,0.0],"imm_yes_cr_no":[0.0,0.0,0.0,0.0,0.0,0.0,0.0,0.0,0.0,2e-08,9.599e-05,0.04631576,2.39725468,12.35766074,5.09316294,0.10945402,5.665e-05,0.0,0.0,0.0,0.0],"del_yes_cr_yes":[0.00073595,0.01161539,2.04826261,13.53013732,4.25460038,0.14877463,0.00234933,0.0019623,0.00202287,0.00167312,0.00113023,0.00063292,0.00029741,0.00011844,4.03e-05,1.179e-05,2.98e-06,6.6e-07,1.3e-07,2e-08,0.0],"del_yes_cr_no":[23.6176737,7.98646831,0.20562378,0.00293027,0.00011767,1.958e-05,3.59e-06,6.3e-07,1e-07,2e-08,0.0,0.0,0.0,0.0,0.0,0.0,0.0,0.0,0.0,0.0,0.0],"conf_yes_cr_yes_del_yes":[0.00280469,0.00855432,0.02298232,0.05513049,0.11939216,0.23547126,0.42564949,0.70799221,1.08519258,1.53157033,1.98471456,2.35002014,2.52292041,2.42779767,2.06512421,1.53913619,1.02251357,0.65993356,0.49409607,0.47753673,0.53374033],"conf_yes_cr_no_del_yes":[0.29911445,0.32509459,0.35822103,0.39849377,0.44591281,0.50047816,0.56218981,0.63104777,0.70705203,0.79020259,0.88049946,0.97794263,1.0825321,1.19426788,1.31314996,1.43917834,1.57235303,1.71267402,1.86014131,2.01475491,2.17651481]}}
