{"nodes":{"cr_yes":[0.0,0.0,0.0,0.0,0.0,0.0,0.0,0.0,0.0,0.0,0.0,0.0,0.0,0.0007617,8.33321826,11.66971439,0.00030646,0.0,0.0,0.0,0.0],"imm_yes_cr_yes":[0.0,0.0,0.0,0.0,0.0,0.0,4e-08,0.01374701,7.23775679,12.65058108,0.10191198,3.9e-06,0.0,0.0,0.0,0.0,0.0,0.0,0.0,0.0,0.0],"imm_yes_cr_no":[0.0,0.0,0.0,0.0,0.0,1e-08,0.0005756,0.42554976,9.53435282,9.53574504,0.50604738,0.00172538,4.82e-06,1e-08,0.0,0.0,0.0,0.0,0.0,0.0,0.0],"del_yes_cr_yes":[0.0,0.0,0.0,0.0,0.0,0.0,0.0,0.0,2e-08,0.00033144,0.21268438,7.02125163,11.8916824,0.87610649,0.00194437,7e-08,0.0,0.0,0.0,0.0,0.0],"del_yes_cr_no":[0.0,0.0,5.528e-05,0.05230183,2.05285075,9.41577024,7.31193055,1.13189838,0.03883967,0.00034204,1.025e-05,1.62e-06,1.6e-07,1e-08,0.0,0.0,0.0,0.0,0.0,0.0,0.0],"conf_yes_cr_yes_del_yes":[0.0,0.0,0.0,0.0,0.0,0.0,0.0,0.0,0.0,0.0,0.0,1.088e-05,0.00632043,0.58049875,7.59913433,10.83776057,0.97839746,0.00187837,1e-08,0.0,0.0],"conf_yes_cr_no_del_yes":[0.63719035,0.68254132,0.72795641,0.77282165,0.81642705,0.85796592,0.89653755,0.93115399,0.96075203,0.98421138,1.00038024,1.00810931,1.0062954,0.99393599,0.97020779,0.93479334,0.89148889,0.88331672,1.20097572,2.54463434,1.24180118]}}
