{"nodes":{"cr_yes":[38.90196056,0.54704109,0.00579734,4.556e-05,2.6e-07,0.0,0.0,0.0,0.0,0.0,0.0,0.0,0.0,0.0,0.0,0.0,0.0,0.0,0.0,2.94e-06,0.00026667],"imm_yes_cr_yes":[0.0,0.0,0.0,0.0,0.0,0.0,0.0,0.0,0.0,0.0,3e-08,0.00699864,5.83982862,14.10549362,0.0516798,8e-08,0.0,0.0,0.0,0.0,0.0],"imm_yes_cr_no":[0.0,0.0,0.0,0.0,0.0,0.0,0.0,0.0,0.0,0.0,1e-08,0.00025584,0.26046068,9.70440846,9.888706,0.15015885,1.096e-05,0.0,0.0,0.0,0.0],"del_yes_cr_yes":[0.0,1e-08,3e-08,1.035e-05,0.03090795,2.36374291,11.3896613,5.79492246,0.41968326,0.00506192,1.062e-05,1e-08,0.0,0.0,0.0,0.0,0.0,0.0,0.0,0.0,0.0],"del_yes_cr_no":[14.43814963,7.8351904,2.90692887,1.24546467,0.50406417,0.1912086,0.06834171,0.02311676,0.00742557,0.00227129,0.00066295,0.00018495,4.938e-05,1.263e-05,3.1e-06,7.3e-07,1.6e-07,4e-08,1e-08,0.0,0.0],"conf_yes_cr_yes_del_yes":[0.5887753,0.57938995,0.55306089,0.51132214,0.45717626,0.39493416,0.33001282,0.26875913,0.21821671,0.18546579,0.17612809,0.19380293,0.25366764,0.44999921,1.08038878,2.4906273,4.11202769,4.11953621,2.27707385,0.87713145,0.3617843],"conf_yes_cr_no_del_yes":[0.35655856,0.39016077,0.43590144,0.49610592,0.57190893,0.66306239,0.76783457,0.88300061,1.00392441,1.12473185,1.23857541,1.3379901,1.41534079,1.46336085,1.47578223,1.44805677,1.378169,1.26754024,1.12202401,0.95299289,0.77851669]}}
