{"nodes":{"cr_yes":[0.0,0.0,0.0,0.0,0.0,0.0,6e-08,1.2e-06,8.48e-06,1.986e-05,1.443e-05,3e-06,1.6e-07,0.0,2e-08,0.03173878,19.26574651,0.70646826,4e-08,0.0,0.0],"imm_yes_cr_yes":[0.0,0.0,0.0,0.0,0.0,0.0,0.00029695,1.39609355,17.48291499,1.12428012,0.0004152,0.0,0.0,0.0,0.0,0.0,0.0,0.0,0.0,0.0,0.0],"imm_yes_cr_no":[0.0,0.0,0.0,0.0,0.0,0.0,0.0,0.0,9.85e-06,0.00530324,0.42326366,5.3890483,10.88465797,3.18949073,0.11189115,0.00033583,5e-08,0.0,0.0,0.0,0.0],"del_yes_cr_yes":[0.0,0.0,0.0,0.0,0.0,0.0,0.0,0.00024894,0.47168814,12.78725675,6.67376178,0.07103212,1.306e-05,0.0,0.0,0.0,0.0,0.0,0.0,0.0,0.0],"del_yes_cr_no":[3e-08,1.1e-07,2.82e-06,6.128e-05,0.00078057,0.00606081,0.02982467,0.09616661,0.22312175,0.53932877,1.69681992,4.12443913,5.74032107,4.58394692,2.25796473,0.62908999,0.0735352,0.00250047,3.287e-05,3.01e-06,1.9e-07],"conf_yes_cr_yes_del_yes":[0.0,0.0,0.0,0.0,0.0,0.0,0.0,0.0,0.0,0.0,1e-08,2.73e-06,0.00176053,0.21206256,4.37537016,12.36560918,3.0238966,0.02529795,1.09e-06,0.0,0.0],"conf_yes_cr_no_del_yes":[0.0423335,0.06504702,0.09666599,0.13727715,0.18452381,0.23302762,0.27482611,0.30111738,0.30504275,0.28522987,0.25536735,0.29595876,0.72704968,2.17721757,4.52063643,5.47120318,3.45605393,1.00272016,0.13644619,0.03724855,0.04034911]}}
