{"nodes":{"cr_yes":[0.0,0.0,0.0,0.0,0.0,0.0,0.0,0.0,0.0,0.0,0.0,0.0,3e-08,0.03819742,18.93317764,1.01590872,0.01671676,2.3e-07,0.0,0.0,0.0],"imm_yes_cr_yes":[0.0,0.0,0.0,0.0,0.0,0.0,0.0,0.00017444,1.38266709,18.02638012,0.59472575,5.34e-05,0.0,0.0,0.0,0.0,0.0,0.0,0.0,0.0,0.0],"imm_yes_cr_no":[0.0,0.0,0.0,0.0,0.0,0.0,0.0,0.0,4.19e-06,0.00665463,0.82109646,9.13589063,9.27953502,0.75715548,0.0036638,6e-07,0.0,0.0,0.0,0.0,0.0],"del_yes_cr_yes":[0.0,0.0,0.0,0.0,0.0001528,0.21133209,6.81870136,11.42861525,1.52525836,0.01991418,2.674e-05,0.0,0.0,0.0,0.0,0.0,0.0,0.0,0.0,0.0,0.0],"del_yes_cr_no":[0.0,3e-08,5.484e-05,0.06827878,2.3672748,9.02616422,6.9672125,1.47371766,0.09904923,0.00223211,1.659e-05,4e-08,0.0,0.0,0.0,0.0,0.0,0.0,0.0,0.0,0.0],"conf_yes_cr_yes_del_yes":[0.0,0.0,0.0,0.0,0.0,0.0,0.0,0.0,0.0,0.0,3e-08,2.633e-05,0.00520315,0.27602519,3.73025203,10.91597789,4.90866157,0.16776845,8.615e-05,0.0,0.0],"conf_yes_cr_no_del_yes":[0.0,0.0,0.0,0.0,0.0,0.0,1e-08,9e-08,1.23e-06,1.531e-05,0.00015535,0.00125739,0.00817757,0.04327414,0.18793002,0.6698078,1.93261656,4.3421112,6.89262619,5.76534728,0.32136132]}}
