{"nodes":{"cr_yes":[0.0,0.0,0.0,0.0,0.0,0.0,0.0,1e-08,7e-08,2.2e-07,4.2e-07,4.6e-07,2.7e-07,8e-08,1e-08,0.0,7e-08,0.00030901,0.16522728,8.1756334,23.32565897],"imm_yes_cr_yes":[0.0,0.0,0.0,0.0,0.0,0.0,0.0,0.0,0.0,0.00028764,0.41787959,12.38940439,7.13502202,0.06140252,4.63e-06,0.0,0.0,0.0,0.0,0.0,0.0],"imm_yes_cr_no":[0.0,0.0,0.0,0.0,0.0,0.0,0.0,0.0,0.0,2.7e-07,0.00021602,0.06584991,3.06074058,13.09026943,3.74296449,0.04394837,1.172e-05,0.0,0.0,0.0,0.0],"del_yes_cr_yes":[3.844e-05,0.00115249,0.37858259,11.36103656,7.82990049,0.43004209,0.00326295,4.41e-06,0.0,0.0,0.0,0.0,0.0,0.0,0.0,0.0,0.0,0.0,0.0,0.0,0.0],"del_yes_cr_no":[31.92940048,3.14619572,0.6607537,0.17375058,0.04447616,0.01086883,0.00253738,0.00056648,0.00012102,2.474e-05,4.84e-06,9.1e-07,1.6e-07,3e-08,0.0,0.0,0.0,0.0,0.0,0.0,0.0],"conf_yes_cr_yes_del_yes":[0.00232913,0.0057342,0.01271228,0.025588,0.04711642,0.08009439,0.12766813,0.19657172,0.30712942,0.51206175,0.90916308,1.59487603,2.50883579,3.28165267,3.3964849,2.71260174,1.71893408,1.0161501,0.72039203,0.59712536,0.46388831],"conf_yes_cr_no_del_yes":[0.33472847,0.36495704,0.40106715,0.44305882,0.49093205,0.54468682,0.60432316,0.66984104,0.74124048,0.81852147,0.90168402,0.99072812,1.08565377,1.18646098,1.29314974,1.40572005,1.52417192,1.64850534,1.77872031,1.91481684,2.05679492]}}
