{"nodes":{"cr_yes":[0.0,0.0,0.0,0.0,0.0,0.0,0.0,0.0,0.0,0.0,0.0,0.0,0.0,0.0,0.0,0.00389075,12.5179157,7.48218529,9.06e-06,0.0,0.0],"imm_yes_cr_yes":[0.0,0.0,0.0,0.0,0.0,0.0,9.691e-05,0.57640349,15.82961463,3.58908486,0.00880067,2.4e-07,0.0,0.0,0.0,0.0,0.0,0.0,0.0,0.0,0.0],"imm_yes_cr_no":[0.0,0.0,0.0,0.0,0.0,0.0,0.0,7.1e-07,0.00072183,0.10043171,2.31320282,9.61549967,7.12580868,0.83628588,0.01203616,1.334e-05,0.0,0.0,0.0,0.0,0.0],"del_yes_cr_yes":[0.0,0.0,0.0,0.0,0.0,1.61e-06,0.02753631,4.37705794,14.18531996,1.40908471,0.00499967,6e-07,0.0,0.0,0.0,0.0,0.0,0.0,0.0,0.0,0.0],"del_yes_cr_no":[0.0,0.0,0.0,7.65e-06,0.00118777,0.03528595,0.32555801,1.27758513,2.92081386,4.96674849,5.72518758,3.57327008,1.04536016,0.12742385,0.00550723,6.489e-05,1.3e-07,0.0,0.0,0.0,0.0],"conf_yes_cr_yes_del_yes":[0.0,0.0,0.0,0.0,0.0,0.0,0.0,0.0,0.0,1e-08,5.85e-06,0.00121261,0.07471471,1.38730203,7.29316873,9.20658276,2.0020142,0.03898039,1.951e-05,0.0,0.0],"conf_yes_cr_no_del_yes":[0.0,0.0,0.0,0.0,0.0,0.0,0.0,0.0,0.0,0.0,1e-08,2.2e-07,5.99e-06,0.00011981,0.00181582,0.02109892,0.18776359,1.24684428,5.66419991,12.85765851,0.04898746]}}
