{"nodes":{"cr_yes":[0.0,0.0,0.0,0.0,0.0,0.0,0.0,0.0,0.0,0.0,0.0,0.0,0.0,0.0,0.0002022,2.33707875,17.65900767,0.00771218,0.0,0.0,0.0],"imm_yes_cr_yes":[0.0,0.0,0.0,0.0,0.0,0.0,2.876e-05,0.57887931,17.72751964,1.6968949,0.00067819,0.0,0.0,0.0,0.0,0.0,0.0,0.0,0.0,0.0,0.0],"imm_yes_cr_no":[0.0,0.0,0.0,0.0,0.0,0.0,0.0,3.1e-07,0.00041161,0.06925635,1.87670449,9.08646332,7.86127603,1.09086703,0.01899529,2.637e-05,0.0,0.0,0.0,0.0,0.0],"del_yes_cr_yes":[0.0,0.0,0.0,0.0,0.0,1e-08,0.0009431,0.73528605,12.29664862,6.82040241,0.1505908,0.00012981,0.0,0.0,0.0,0.0,0.0,0.0,0.0,0.0,0.0],"del_yes_cr_no":[0.0,0.0,0.0,1.8e-07,2.063e-05,0.00059301,0.00772217,0.0830734,0.67533881,2.9239531,6.18161311,6.33417314,3.07539417,0.66417292,0.05642029,0.00151709,8.77e-06,1e-08,0.0,0.0,0.0],"conf_yes_cr_yes_del_yes":[0.0,0.0,0.0,0.0,0.0,0.0,0.0,0.0,0.0,0.0,1.25e-06,0.00039832,0.03578365,0.92159563,6.39499965,10.06980535,2.53087794,0.05051466,2.435e-05,0.0,0.0],"conf_yes_cr_no_del_yes":[0.0,0.0,0.0,1e-08,3e-08,1.2e-07,4.6e-07,1.62e-06,5.24e-06,1.549e-05,4.197e-05,0.00010688,0.00031155,0.00176535,0.01627894,0.13579014,0.84135973,3.53367956,8.51011107,6.96420347,0.00065832]}}
