{"nodes":{"cr_yes":[27.74612787,5.31559179,0.71371945,0.0661673,0.00416425,0.00017452,4.77e-06,8e-08,0.0,0.0,0.0,1e-08,2.5e-07,2.07e-06,1.418e-05,0.00095094,0.01216301,0.01552817,0.00139141,5.23e-06,0.00211888],"imm_yes_cr_yes":[0.0,0.0,0.0,0.0,0.0,0.0,0.0,0.0,0.0,0.0,6.38e-06,0.06075818,8.9793109,10.90037125,0.06354875,5.33e-06,0.0,0.0,0.0,0.0,0.0],"imm_yes_cr_no":[0.0,0.0,0.0,0.0,0.0,0.0,0.0,0.0,0.0,0.0,0.0,1e-08,0.00011864,0.11659122,6.42675424,13.03894652,0.42154975,4.042e-05,0.0,0.0,0.0],"del_yes_cr_yes":[0.0,0.0,0.0,1.18e-06,0.00696933,1.06875508,9.66607623,8.34238055,0.90561303,0.01416359,4.042e-05,1.28e-06,1.1e-07,0.0,0.0,0.0,0.0,0.0,0.0,0.0,0.0],"del_yes_cr_no":[6.98224457,4.94544954,3.60703789,2.6979975,1.92608429,1.30314896,0.83937026,0.51702796,0.30568344,0.17398769,0.0955663,0.05075635,0.02610843,0.0130243,0.0063079,0.00296864,0.00135857,0.00060493,0.00026219,0.00011065,4.548e-05],"conf_yes_cr_yes_del_yes":[0.00040548,0.00110609,0.00278841,0.00650499,0.01405288,0.02811524,0.0520613,0.08910707,0.14067683,0.20428468,0.27229402,0.33596462,0.41241581,0.64909036,1.50295831,3.39283994,5.15836317,4.56263678,2.38570611,0.74995026,0.08576234],"conf_yes_cr_no_del_yes":[0.41736474,0.44563368,0.48393337,0.53521349,0.60167467,0.68422873,0.78212588,0.89274881,1.01157372,1.13229826,1.24713643,1.34728035,1.42352904,1.46708401,1.47051193,1.42887404,1.34102265,1.21106448,1.04999095,0.87747537,0.72383711]}}
