{"nodes":{"cr_yes":[0.0,0.0,0.0,0.0,0.0,0.0,0.0,0.0,0.0,0.0,0.0,0.0,0.0,0.0,0.00299376,8.93660051,11.06407397,0.00033256,0.0,0.0,0.0],"imm_yes_cr_yes":[0.0,0.0,0.0,0.0,0.0,0.0,0.0,0.00063763,1.2961309,16.75492791,1.95014,0.00216435,2e-08,0.0,0.0,0.0,0.0,0.0,0.0,0.0,0.0],"imm_yes_cr_no":[0.0,0.0,0.0,0.0,0.0,0.0,0.0,0.0,0.0,3.57e-06,0.00122474,0.09672369,1.85900972,8.49378828,8.21569219,1.31558915,0.02195381,1.564e-05,0.0,0.0,0.0],"del_yes_cr_yes":[0.0,0.0,0.0,0.0,0.0,0.0,4.63e-06,0.01503848,1.80902658,12.26427538,5.72549422,0.18976923,0.00039225,4e-08,0.0,0.0,0.0,0.0,0.0,0.0,0.0],"del_yes_cr_no":[0.0,0.0,2e-08,2.6e-07,5.462e-05,0.00320939,0.06188333,0.50948058,2.0897503,4.67061183,5.95898858,4.39797084,1.84529836,0.41811094,0.04646316,0.00214743,3.106e-05,8e-08,0.0,0.0,0.0],"conf_yes_cr_yes_del_yes":[0.0,0.0,0.0,0.0,0.0,0.0,0.0,0.0,0.0,8e-08,3.845e-05,0.00511327,0.20686666,2.55590341,8.93544333,7.32487891,0.96618597,0.00956949,1.23e-06,0.0,0.0],"conf_yes_cr_no_del_yes":[0.0,0.0,0.0,0.0,0.0,0.0,0.0,1.8e-07,4.07e-06,6.069e-05,0.00063806,0.00498579,0.03001466,0.14226793,0.53560624,1.59178715,3.63240922,5.94849668,5.93523987,2.18226806,0.0004444]}}
