{"nodes":{"cr_yes":[0.0,0.0,0.0,0.0,0.0,0.0,0.0,0.0,0.0,0.0,0.0,0.0,0.0,0.0,6.082e-05,4.35080189,15.65304034,9.774e-05,0.0,0.0,0.0],"imm_yes_cr_yes":[0.0,0.0,0.0,0.0,0.0,0.0,0.0,0.00019836,0.39123103,0.78018747,0.80097023,16.73532978,1.29583246,0.00025146,0.0,0.0,0.0,0.0,0.0,0.0,0.0],"imm_yes_cr_no":[0.0,0.0,0.0,0.0,0.0,0.0,0.0,0.0,4e-08,0.00021513,0.0936583,3.60999153,12.66083919,3.5791998,0.06006338,3.344e-05,0.0,0.0,0.0,0.0,0.0],"del_yes_cr_yes":[0.0,0.0,0.0,0.0,0.0,0.0,0.0,0.0,7.9e-07,0.00759364,1.90860565,14.71966856,3.35069114,0.01743981,1.22e-06,0.0,0.0,0.0,0.0,0.0,0.0],"del_yes_cr_no":[0.0,0.0,0.0,5.2e-07,0.00010744,0.00540967,0.09589039,0.73756576,2.79073458,5.57630516,6.0532345,3.53346785,1.05593534,0.14704086,0.00816783,0.00014041,4.8e-07,0.0,0.0,0.0,0.0],"conf_yes_cr_yes_del_yes":[0.0,0.0,0.0,0.0,0.0,0.0,0.0,0.0,0.0,0.0,2e-08,4.429e-05,0.01625229,0.98596185,8.95269733,9.37944518,0.66848833,0.00111149,0.0,0.0,0.0],"conf_yes_cr_no_del_yes":[0.0,0.0,0.0,0.0,0.0,0.0,0.0,8e-08,3.73e-06,9.207e-05,0.00140622,0.0142048,0.09887112,0.48410956,1.66874243,3.95632554,6.08131775,5.35872903,2.10211944,0.23773638,0.00068526]}}
