{"nodes":{"cr_yes":[0.0,0.0,0.0,0.0,0.0,0.0,0.0,0.0,0.0,0.0,0.0,0.0,0.0,1.1e-07,7.08e-06,0.2229685,18.91741768,0.86360646,9.7e-07,0.0,0.0],"imm_yes_cr_yes":[0.0,0.0,0.0,0.0,3.2e-07,0.00362962,2.78751885,15.9466061,1.26431618,0.00192967,6e-08,0.0,0.0,0.0,0.0,0.0,0.0,0.0,0.0,0.0,0.0],"imm_yes_cr_no":[0.0,0.0,0.0,1.5e-07,4.8e-06,5.787e-05,0.00029079,0.00071298,0.02103965,0.78322564,5.4872972,9.02901994,4.16877331,0.50133879,0.01219567,4.4e-05,2e-08,0.0,0.0,0.0,0.0],"del_yes_cr_yes":[0.0,0.0,0.0,0.0,0.0,6.13e-06,0.05139391,5.26193855,13.43970632,1.24611446,0.00484069,7.5e-07,0.0,0.0,0.0,0.0,0.0,0.0,0.0,0.0,0.0],"del_yes_cr_no":[0.00021616,0.00027968,0.00069914,0.00413002,0.01764233,0.04557707,0.11900195,0.66415916,2.75578763,5.54773371,5.75785697,3.45657989,1.29554662,0.29743316,0.03831697,0.00262005,0.000238,0.00014045,9.215e-05,4.8e-05,1.957e-05],"conf_yes_cr_yes_del_yes":[0.0,0.0,0.0,0.0,0.0,0.0,0.0,0.0,0.0,0.0,1.01e-06,0.00025437,0.02115502,0.57184269,4.71345709,10.18562687,4.29639968,0.21423879,0.00102494,3.4e-07,0.0],"conf_yes_cr_no_del_yes":[0.30611469,0.34891711,0.39632262,0.44852543,0.50565058,0.56772987,0.63467357,0.70623785,0.7819878,0.86125634,0.94309973,1.02625075,1.10907159,1.18951011,1.26507356,1.33292744,1.39101036,1.44628374,1.56068228,1.99662633,2.67821274]}}
