{"nodes":{"cr_yes":[19.0420474,8.02817007,2.09085896,0.33094821,0.03122755,0.0017171,5.358e-05,9.2e-07,1e-08,0.0,0.0,0.0,0.0,0.0,0.0,0.0,0.0,0.0,0.0,0.0,1.43e-06],"imm_yes_cr_yes":[0.0,0.0,0.0,0.0,0.0,0.0,0.0,0.0,0.0,0.0,0.00040207,1.39304216,17.98197658,0.62855126,2.872e-05,0.0,0.0,0.0,0.0,0.0,0.0],"imm_yes_cr_no":[0.0,0.0,0.0,0.0,0.0,0.0,0.0,0.0,0.0,0.0,4.837e-05,0.08574886,5.83708828,13.35997557,0.72067405,0.00046567,0.0,0.0,0.0,0.0,0.0],"del_yes_cr_yes":[0.0,1e-08,4e-08,9.85e-06,0.075238,5.38655946,12.64584729,1.87193001,0.02438406,3.208e-05,0.0,0.0,0.0,0.0,0.0,0.0,0.0,0.0,0.0,0.0,0.0],"del_yes_cr_no":[0.09933484,4.76392227,0.19392392,0.14635373,0.20455179,0.27507264,0.35686679,0.44858149,0.54827193,0.65352538,0.76161218,0.86964757,0.97475019,1.07418606,1.16548972,1.24655765,1.31571193,1.37173457,1.4138749,1.44183388,1.45572956],"conf_yes_cr_yes_del_yes":[0.10085171,0.11631054,0.1295411,0.13912354,0.1438493,0.14302287,0.13688967,0.12737332,0.1194132,0.1229546,0.15458784,0.23682794,0.40056898,0.7404953,1.60419297,3.42201612,5.02513186,4.01537327,1.86062927,0.95246823,0.72561008],"conf_yes_cr_no_del_yes":[0.22617405,0.2763753,0.33864051,0.41546141,0.50807072,0.61622907,0.7381104,0.87028553,1.00780408,1.14437465,1.27264341,1.38457086,1.47190699,1.52676469,1.54229149,1.51343961,1.43783425,1.31674029,1.15612719,0.96783226,0.77082221]}}
