{"nodes":{"cr_yes":[2e-08,3e-08,3e-08,2e-08,1e-08,0.0,0.0,0.0,0.0,0.0,0.0,5e-08,1.918e-05,0.03501457,5.76480331,14.16274715,0.04137573,2.927e-05,1.142e-05,2e-08,0.0],"imm_yes_cr_yes":[0.0,0.0,0.0,0.0,0.0,0.00153965,1.50698452,14.82501723,3.64286954,0.02758445,5.4e-06,0.0,0.0,0.0,0.0,0.0,0.0,0.0,0.0,0.0,0.0],"imm_yes_cr_no":[1e-08,6.4e-07,1.269e-05,7.921e-05,0.00017552,0.00079368,0.15653525,3.4986594,10.39120745,5.34015049,0.59978624,0.01646584,0.0001223,6.89e-06,2.28e-06,1.7e-06,8.9e-07,2.7e-07,5e-08,0.0,0.0],"del_yes_cr_yes":[0.0,0.0,0.0,0.0,0.0,1e-08,0.00015334,0.1193783,4.62999349,12.38663148,2.80974102,0.05800368,9.947e-05,1e-08,0.0,0.0,0.0,0.0,0.0,0.0,0.0],"del_yes_cr_no":[6e-08,1.574e-05,0.00039755,0.00611957,0.50415681,5.3433904,9.54802317,4.07364099,0.50363214,0.02301445,0.00139337,0.00019465,2.049e-05,1.37e-06,6e-08,0.0,0.0,0.0,0.0,0.0,0.0],"conf_yes_cr_yes_del_yes":[1.4e-06,1.29e-06,1.12e-06,9e-07,6.8e-07,4.7e-07,3e-07,1.8e-07,1e-07,1.2e-07,5.27e-06,0.00057891,0.03478446,0.74987779,5.17596269,9.87663126,3.95523016,0.20763028,0.00311042,0.00017785,1.175e-05],"conf_yes_cr_no_del_yes":[0.0294212,0.03925747,0.05207201,0.06865117,0.08994616,0.117091,0.1514149,0.19444452,0.24788939,0.31360171,0.39349889,0.48943468,0.60300596,0.73530365,0.88679284,1.05882506,1.26667256,1.61458366,2.59706511,5.53581883,7.06784129]}}
