{"nodes":{"cr_yes":[1e-08,0.0,0.0,0.0,1e-08,1e-08,1e-08,0.0,0.0,0.0,0.0,0.0,0.0,0.0,0.0,0.0,0.0,2.3e-07,5.61e-06,9.43e-06,40.00797095],"imm_yes_cr_yes":[0.0,0.0,0.0,0.0,0.0,0.0,0.0,0.0,0.0,0.0,0.00116931,2.46512962,17.25464632,0.28305052,5.02e-06,0.0,0.0,0.0,0.0,0.0,0.0],"imm_yes_cr_no":[0.0,0.0,0.0,0.0,0.0,0.0,0.0,0.0,0.0,0.0,0.0,6.5e-07,0.00535243,1.68161957,15.76706423,2.54752908,0.00243484,0.0,0.0,0.0,0.0],"del_yes_cr_yes":[0.0,0.0,8e-08,0.00032751,0.39263556,8.92314852,9.81152517,0.86831276,0.00804244,8.65e-06,1e-08,2e-08,3e-08,2e-08,1e-08,1e-08,0.0,0.0,0.0,0.0,0.0],"del_yes_cr_no":[8.10222799,12.66961245,2.1642909,0.65463074,0.27978285,0.11514389,0.04463886,0.01636448,0.00569289,0.0018845,0.00059486,0.00017935,5.171e-05,1.427e-05,3.77e-06,9.6e-07,2.3e-07,5e-08,1e-08,0.0,0.0],"conf_yes_cr_yes_del_yes":[0.38280154,0.43453362,0.47535931,0.50040384,0.50618369,0.49179284,0.46039155,0.42119492,0.39176882,0.3989846,0.474809,0.64428835,0.91853915,1.3372631,2.04552045,3.03000072,3.4391208,2.46649483,1.05282071,0.2952588,0.05574185],"conf_yes_cr_no_del_yes":[0.39657511,0.43491656,0.48478724,0.54822117,0.6258986,0.71708186,0.81961732,0.93000343,1.04352483,1.15445249,1.25630994,1.34220561,1.40523117,1.43892598,1.43780761,1.39796842,1.31773817,1.19841279,1.04504913,0.86732583,0.68047023]}}
