{"nodes":{"cr_yes":[0.0,0.0,0.0,0.0,0.0,0.0,0.0,0.0,0.0,0.0,0.0,0.0,0.0,1.715e-05,0.86466387,19.10421837,0.03510141,0.0,0.0,0.0,0.0],"imm_yes_cr_yes":[0.0,0.0,0.0,0.0,0.0,0.0,0.0,4.8e-07,0.09110151,15.72941386,4.1815656,0.00191935,0.0,0.0,0.0,0.0,0.0,0.0,0.0,0.0,0.0],"imm_yes_cr_no":[0.0,0.0,0.0,0.0,0.0,0.0,0.0,0.0,5e-08,0.00023023,0.0923065,3.44535941,12.33511137,3.90156863,0.21665658,0.01271703,5.101e-05,0.0,0.0,0.0,0.0],"del_yes_cr_yes":[0.0,0.0,0.0,0.0,0.0,0.0,0.0,0.0,0.00010611,0.16773799,7.72329948,11.59393767,0.51841626,0.00050329,1e-08,0.0,0.0,0.0,0.0,0.0,0.0],"del_yes_cr_no":[0.0,0.0,0.0,0.0,1e-08,6.15e-06,0.00071534,0.02522447,0.33824142,1.96851976,5.33751926,6.90809213,4.1907101,1.11636026,0.11493521,0.00365262,2.405e-05,2e-08,0.0,0.0,0.0],"conf_yes_cr_yes_del_yes":[0.0,0.0,0.0,0.0,0.0,0.0,0.0,0.0,0.0,0.0,0.0,2.84e-06,0.00181429,0.21451426,4.35686242,12.29836426,3.10392869,0.02851282,1.22e-06,0.0,0.0],"conf_yes_cr_no_del_yes":[0.0,0.0,0.0,0.0,0.0,0.0,0.0,1e-08,2.9e-07,8.47e-06,0.00017488,0.00244668,0.02359176,0.15965034,0.76027913,2.49651587,5.34608869,6.63396123,3.79105283,0.7884968,0.00346762]}}
