{"nodes":{"cr_yes":[0.0,0.0,0.0,0.0,0.0,0.0,0.0,0.0,0.0,0.0,0.0,0.0,0.0,0.0,1.43e-06,0.0769565,13.85131295,6.07572989,3e-08,0.0,0.0],"imm_yes_cr_yes":[0.0,0.0,0.0,0.0,0.0,0.0,0.02244602,15.02729514,4.95265789,0.00160176,0.0,0.0,0.0,0.0,0.0,0.0,0.0,0.0,0.0,0.0,0.0],"imm_yes_cr_no":[0.0,0.0,0.0,0.0,0.0,0.0,0.0,0.0,1.044e-05,0.01173239,1.10528035,9.8930502,8.40431969,0.58716805,0.00243934,3.3e-07,0.0,0.0,0.0,0.0,0.0],"del_yes_cr_yes":[0.0,0.0,0.0,0.0,0.0,0.0,9e-08,0.00681864,3.16136502,15.73726392,1.09747742,0.00107571,1e-08,0.0,0.0,0.0,0.0,0.0,0.0,0.0,0.0],"del_yes_cr_no":[0.0,0.0,0.0,0.0,0.0,2.51e-06,0.00076323,0.04667476,0.77629591,4.18060234,7.981901,5.54894183,1.36005489,0.10654227,0.00221326,8.8e-06,0.0,0.0,0.0,0.0,0.0],"conf_yes_cr_yes_del_yes":[0.0,0.0,0.0,0.0,0.0,0.0,0.0,0.0,0.0,0.0,5e-08,8.223e-05,0.02267224,1.11339506,8.91315442,9.19361743,0.75914482,0.00193453,2e-08,0.0,0.0],"conf_yes_cr_no_del_yes":[0.0,0.0,0.0,0.0,0.0,0.0,0.0,0.0,0.0,0.0,0.0,3e-08,9.2e-07,2.628e-05,0.00059026,0.0099541,0.12173069,1.03344693,5.51872043,13.31725428,0.00455376]}}
