{"nodes":{"cr_yes":[0.0,0.0,0.0,0.0,0.0,0.0,0.0,0.0,0.0,0.0,0.0,0.0,0.0,0.0,4.34e-06,0.3486999,19.58950495,0.06579162,0.0,0.0,0.0],"imm_yes_cr_yes":[0.0,0.0,0.0,0.0,0.0,8.36e-06,0.151605,11.53754254,8.23056268,0.08425027,3.181e-05,1.3e-07,0.0,0.0,0.0,0.0,0.0,0.0,0.0,0.0,0.0],"imm_yes_cr_no":[0.0,0.0,1e-08,1.08e-06,4.97e-05,0.00102204,0.00987904,0.04650548,0.10904292,0.15354179,0.98990785,6.52482306,9.22499179,2.52427885,0.31551123,0.09258735,0.0114837,0.00037251,2.4e-06,0.0,0.0],"del_yes_cr_yes":[0.0,0.0,0.0,0.0,0.0,2e-08,0.00037232,0.19197163,5.51513258,11.97397736,2.2831951,0.03929582,5.597e-05,1e-08,0.0,0.0,0.0,0.0,0.0,0.0,0.0],"del_yes_cr_no":[0.00014402,0.00103573,0.00509886,0.01788394,0.04603362,0.08941488,0.14468463,0.3088748,1.07376362,3.07882546,5.34803324,5.36281498,3.09004018,1.07064731,0.27897764,0.07184434,0.01434069,0.00152587,7.101e-05,9.04e-06,1.792e-05],"conf_yes_cr_yes_del_yes":[0.0,0.0,0.0,0.0,0.0,0.0,0.0,1e-08,5e-08,1.8e-07,1.92e-06,0.00030272,0.02548578,0.68009456,5.29201051,10.23551289,3.62310223,0.14688301,0.0006047,2.23e-06,0.0],"conf_yes_cr_no_del_yes":[0.63120811,0.66896179,0.7069555,0.74484692,0.78223853,0.8186742,0.85363637,0.88654428,0.91675354,0.943558,0.96619491,0.98385574,0.9957068,1.00092802,0.99880144,0.98909161,0.97482965,0.98253627,1.17378033,2.13506095,2.33088377]}}
