{"nodes":{"cr_yes":[0.0,0.0,0.0,0.0,0.0,0.0,0.0,0.0,0.0,0.0,0.0,0.0,0.0,0.0,0.00039675,2.80586256,17.18749725,0.01024423,0.0,0.0,0.0],"imm_yes_cr_yes":[0.0,0.0,0.0,0.0,0.0,0.0,1e-07,0.01487201,6.06885265,13.68245833,0.23778452,3.315e-05,4e-08,0.0,0.0,0.0,0.0,0.0,0.0,0.0,0.0],"imm_yes_cr_no":[0.0,0.0,0.0,0.0,0.0,0.0,2.21e-06,0.00079829,0.05294455,0.75323099,2.48530311,1.92023189,0.32848791,0.10629963,2.34399844,8.64731337,3.30153449,0.06384147,1.444e-05,0.0,0.0],"del_yes_cr_yes":[0.0,0.0,0.0,0.0,0.0,3.3e-07,0.00126492,0.28049581,5.39706668,11.33347987,2.89977071,0.09159218,0.00033018,1.1e-07,0.0,0.0,0.0,0.0,0.0,0.0,0.0],"del_yes_cr_no":[4.28744311,15.41256865,2.28603842,0.15512474,0.00637217,0.00017209,3.12e-06,4e-08,0.0,0.0,0.0,0.0,0.0,0.0,0.0,0.0,0.0,0.0,0.0,0.0,0.0],"conf_yes_cr_yes_del_yes":[0.0,0.0,0.0,0.0,0.0,0.0,0.0,0.0,0.0,0.0,6.2e-07,0.00013158,0.00988697,0.27313575,2.70784005,8.71194563,7.28851914,1.00444201,0.00809888,1.7e-07,0.0],"conf_yes_cr_no_del_yes":[4.465e-05,8.866e-05,0.00016852,0.00030699,0.00053653,0.00090011,0.00144981,0.00224172,0.00333207,0.00484605,0.00765914,0.01742233,0.06116329,0.23442241,0.77898174,2.07418644,4.2141374,6.03823186,5.09842081,1.46353518,0.00389482]}}
