{"nodes":{"cr_yes":[0.0,0.0,0.0,0.0,0.0,0.0,0.0,0.0,0.0,1.4e-07,0.00016033,0.02253011,0.36683729,1.83355687,16.10470724,1.67135103,0.00485778,2e-08,0.0,0.0,0.0],"imm_yes_cr_yes":[0.0,0.0,0.0,0.0,1.45e-06,0.01285438,2.27938721,13.76014011,3.87503343,0.07108053,0.00430803,0.00114025,5.495e-05,4.6e-07,0.0,0.0,0.0,0.0,0.0,0.0,0.0],"imm_yes_cr_no":[0.0,0.0,0.0,1.31e-06,0.00011837,0.0021956,0.06882451,1.73761998,8.51336764,8.03765231,1.4655871,0.15661073,0.02094292,0.00106407,1.619e-05,7e-08,0.0,0.0,0.0,0.0,0.0],"del_yes_cr_yes":[0.0,0.0,0.0,0.0,0.0,3e-08,2.88e-06,8.628e-05,0.00242113,0.29536317,3.90973387,7.40856893,6.2962674,1.95554646,0.13429057,0.0017168,3.28e-06,0.0,0.0,0.0,0.0],"del_yes_cr_no":[1.171e-05,0.000667,0.00671214,0.06087407,1.28671499,6.29765965,8.16011221,3.55633714,0.59371504,0.04005436,0.00112718,2.018e-05,9.5e-07,5e-08,0.0,0.0,0.0,0.0,0.0,0.0,0.0],"conf_yes_cr_yes_del_yes":[2.1e-07,9.4e-07,3.63e-06,1.217e-05,3.549e-05,8.989e-05,0.00019713,0.00037269,0.00060402,0.00083322,0.0009876,0.00177614,0.02067471,0.26834572,1.9313054,6.47030731,8.1895284,2.93079021,0.18713454,0.00100137,1.8e-07],"conf_yes_cr_no_del_yes":[7.618e-05,0.00016025,0.00033035,0.00066779,0.00132435,0.0025777,0.00492579,0.00924365,0.01703767,0.03084739,0.05486291,0.09584711,0.16447773,0.27727254,0.45943615,0.74980179,1.21307454,1.98137992,3.3936305,6.25895819,10.57621276]}}
