{"nodes":{"cr_yes":[0.0,0.0,0.0,0.0,0.0,0.0,0.0,0.0,0.0,0.0,0.0,0.0,0.0,3.4e-07,0.12772098,19.65196291,0.22431657,1e-08,0.0,0.0,0.0],"imm_yes_cr_yes":[0.0,0.0,0.0,0.0,0.0,0.0,4e-08,0.00075375,0.05571953,3.01338585,16.18664447,0.74724908,0.00024808,0.0,0.0,0.0,0.0,0.0,0.0,0.0,0.0],"imm_yes_cr_no":[0.0,0.0,0.0,0.0,0.0,0.0,0.0,1.201e-05,0.01001592,0.80943848,7.83000744,9.800086,1.52359239,0.02820714,0.00250888,0.00013231,2.4e-07,0.0,0.0,0.0,0.0],"del_yes_cr_yes":[0.0,0.0,0.0,0.0,0.0,0.00025705,0.28348461,8.27801682,10.64494244,0.79347343,0.00382529,1.16e-06,0.0,0.0,0.0,0.0,0.0,0.0,0.0,0.0,0.0],"del_yes_cr_no":[0.0,0.0,9e-07,0.00072268,0.0550724,0.85511084,4.02351308,7.18283479,5.54006073,1.9808322,0.33760848,0.02723165,0.00099763,1.534e-05,9e-08,0.0,0.0,0.0,0.0,0.0,0.0],"conf_yes_cr_yes_del_yes":[0.0,0.0,0.0,0.0,0.0,0.0,0.0,0.0,0.0,1e-08,4.86e-06,0.0008389,0.04806684,0.93037706,5.7596866,9.79755506,3.34649865,0.12086772,0.00010509,0.0,0.0],"conf_yes_cr_no_del_yes":[0.0,0.0,1e-08,4e-08,1.9e-07,8e-07,3e-06,1.027e-05,3.726e-05,0.00018713,0.00124761,0.0081172,0.04423313,0.19473257,0.68650359,1.91211439,4.06892767,6.1258829,5.41375328,1.54811283,0.00027387]}}
