{"nodes":{"cr_yes":[0.0,0.0,0.0,0.0,0.0,0.0,0.0,0.0,0.0,0.0,0.0,0.0,0.0,8.65e-06,0.74462174,18.54107452,0.71829546,4.4e-07,0.0,0.0,0.0],"imm_yes_cr_yes":[0.0,0.0,0.0,0.0,0.0,0.0,0.0,0.0,0.0,0.0,8.608e-05,0.68940886,18.12695774,1.18744954,9.858e-05,0.0,0.0,0.0,0.0,0.0,0.0],"imm_yes_cr_no":[0.0,0.0,0.0,0.0,0.0,0.0,0.0,0.0,0.0,0.0,0.0,4.2e-07,0.00405364,1.46731584,15.67409202,2.85550752,0.00303137,0.0,0.0,0.0,0.0],"del_yes_cr_yes":[0.0,0.0,0.0,1.6e-07,0.01188997,2.97913293,14.05571639,2.91625238,0.04096199,4.698e-05,0.0,0.0,0.0,0.0,0.0,0.0,0.0,0.0,0.0,0.0,0.0],"del_yes_cr_no":[0.0890072,15.7927482,4.00276659,0.15430607,0.00635426,0.00199364,0.00082767,0.00032339,0.00011822,4.054e-05,1.308e-05,3.98e-06,1.15e-06,3.1e-07,8e-08,2e-08,0.0,0.0,0.0,0.0,0.0],"conf_yes_cr_yes_del_yes":[0.00065867,0.00123051,0.00216624,0.00358999,0.0055929,0.00817587,0.01118809,0.01428959,0.01697222,0.01866368,0.018978,0.02008897,0.05854158,0.42577434,2.17179726,5.90524353,7.47299421,3.48005666,0.36551188,0.00278845,5.502e-05],"conf_yes_cr_no_del_yes":[0.16783288,0.18799834,0.21923207,0.2702125,0.34966303,0.46409037,0.61610432,0.80331888,1.01783493,1.24630416,1.47057456,1.66891726,1.81783476,1.89445065,1.87948072,1.76078547,1.53750404,1.2247696,0.85900609,0.50380646,0.25639228]}}
