{"nodes":{"cr_yes":[0.0,0.0,0.0,0.0,0.0,1e-08,9.7e-07,7.259e-05,0.00206554,0.02157691,0.07894624,0.09505027,0.03471365,0.00356035,0.23676627,12.02131187,7.48778865,0.02214741,6e-08,0.0,0.0],"imm_yes_cr_yes":[0.0,0.0,0.0,0.0,0.0,0.0,0.00010973,0.50821325,15.59249693,3.88934056,0.01383933,1e-06,0.0,0.0,0.0,0.0,0.0,0.0,0.0,0.0,0.0],"imm_yes_cr_no":[0.0,0.0,0.0,1.2e-07,3.15e-06,3.927e-05,0.00023941,0.00078099,0.00552804,0.11013414,1.24264185,6.91488393,9.20884116,2.37235584,0.14539724,0.00260468,0.00046691,7.99e-05,3.89e-06,1.3e-07,2.5e-07],"del_yes_cr_yes":[0.0,0.0,0.0,0.0,0.0,0.0,4.408e-05,0.04939633,2.95129332,12.53932688,4.33930676,0.12435885,0.00027454,4e-08,0.0,0.0,0.0,0.0,0.0,0.0,0.0],"del_yes_cr_no":[1e-08,2e-08,1.6e-07,2.721e-05,0.0014295,0.02533922,0.2021322,0.92466614,2.76423644,5.19946818,5.63077955,3.34654784,1.10659246,0.26502454,0.13318518,0.13368658,0.11985215,0.08409291,0.04545046,0.01864596,0.00568819],"conf_yes_cr_yes_del_yes":[0.0,0.0,0.0,0.0,0.0,2e-08,1.8e-07,1.29e-06,7.04e-06,2.985e-05,9.771e-05,0.00027273,0.00392434,0.16499174,2.40987861,8.86451293,6.95405249,1.4834135,0.11969118,0.00312377,6.82e-06],"conf_yes_cr_no_del_yes":[0.45536336,0.49271286,0.52358534,0.54601113,0.55827837,0.55910744,0.54781234,0.52443171,0.48982637,0.44579223,0.39540373,0.34435203,0.30588099,0.31657678,0.47332839,0.97065601,2.00029419,3.31382243,3.82777152,2.64778328,0.98578397]}}
