{"nodes":{"cr_yes":[0.0,0.0,0.0,0.0,0.0,0.0,0.0,0.0,0.0,0.0,0.0,0.0,0.0,0.0,0.00568403,17.82505983,2.17325663,3e-07,0.0,0.0,0.0],"imm_yes_cr_yes":[0.0,0.0,0.0,0.0,0.0,0.0,0.0,0.0,7e-08,0.01907657,9.34778423,10.61300998,0.02412988,6e-08,0.0,0.0,0.0,0.0,0.0,0.0,0.0],"imm_yes_cr_no":[0.0,0.0,0.0,0.0,0.0,0.0,0.0,0.0,0.0,1e-08,5.444e-05,0.03145997,1.91753099,11.82323228,6.0614655,0.17014003,0.00011759,0.0,0.0,0.0,0.0],"del_yes_cr_yes":[0.0,0.0,0.0,0.0,0.0,0.0,0.0,0.00028606,0.43149022,11.86744622,7.58982331,0.11492129,3.37e-05,0.0,0.0,0.0,0.0,0.0,0.0,0.0,0.0],"del_yes_cr_no":[0.0,0.0,0.0,2.73e-06,0.00233767,0.17123328,2.20010001,7.21897831,7.417168,2.64255634,0.33655074,0.01486547,0.00020749,7.7e-07,0.0,0.0,0.0,0.0,0.0,0.0,0.0],"conf_yes_cr_yes_del_yes":[0.0,0.0,0.0,0.0,0.0,0.0,0.0,0.0,0.0,0.0,2.6e-07,0.00027225,0.05151968,1.77976686,10.18245293,7.54610393,0.44311365,0.00077123,0.0,0.0,0.0],"conf_yes_cr_no_del_yes":[0.0,0.0,0.0,0.0,0.0,0.0,1e-08,3e-07,5.43e-06,7.002e-05,0.00068526,0.00532604,0.0335055,0.169917,0.67996189,2.07035758,4.52522038,6.41197912,4.81964595,1.2681539,0.03834484]}}
