{"nodes":{"cr_yes":[0.0,0.0,0.0,0.0,0.0,0.0,0.0,0.0,0.0,0.0,0.0,0.0,0.0,0.00035871,6.1481864,13.85493284,0.00052286,0.0,0.0,0.0,0.0],"imm_yes_cr_yes":[0.0,0.0,0.0,0.0,0.0,0.0,0.0,0.0,0.0,6.93e-06,0.24335231,17.48341117,2.27690974,0.00032065,0.0,0.0,0.0,0.0,0.0,0.0,0.0],"imm_yes_cr_no":[0.0,0.0,0.0,0.0,0.0,0.0,0.0,0.0,0.0,0.0,0.0,1e-08,3.867e-05,0.03163561,2.53792658,14.42783767,3.00064088,0.00592138,0.0,0.0,0.0],"del_yes_cr_yes":[0.0,0.0,0.0,0.0,0.0,1.15e-05,0.05045614,4.52045915,13.66130256,1.76166035,0.01010883,2.27e-06,0.0,0.0,0.0,0.0,0.0,0.0,0.0,0.0,0.0],"del_yes_cr_no":[0.0,0.0,0.0,0.0,6e-08,4.273e-05,0.0051337,0.1575237,1.54295588,5.50124801,7.63929002,4.20216785,0.88787834,0.06625489,0.00149768,7.93e-06,1e-08,0.0,0.0,0.0,0.0],"conf_yes_cr_yes_del_yes":[0.0,0.0,0.0,0.0,0.0,0.0,0.0,0.0,0.0,0.0,7.1e-07,0.0004082,0.05188093,1.48443223,8.79797355,8.72318492,0.9414485,0.00467161,1.5e-07,0.0,0.0],"conf_yes_cr_no_del_yes":[0.0,0.0,0.0,0.0,0.0,0.0,0.0,1e-08,6.6e-07,2.359e-05,0.0004975,0.00668055,0.05965261,0.36167897,1.48632308,4.0166793,6.62361393,5.66951399,1.72316506,0.05617154,0.0]}}
