{"nodes":{"cr_yes":[0.00033362,0.00321307,0.02292083,0.12098489,0.47125406,1.34862447,2.81795404,4.26397113,4.62383044,3.54713851,1.89481981,0.6913841,0.16835008,0.02659351,0.00263301,0.00015664,5.31e-06,1e-07,0.0,0.0,0.0],"imm_yes_cr_yes":[0.0,0.0,0.0,0.0,0.0,0.0,0.0,0.0,0.0,0.0,0.00042753,0.64997078,15.06807901,4.27687916,0.00864427,4e-08,0.0,0.0,0.0,0.0,0.0],"imm_yes_cr_no":[0.0,0.0,0.0,0.0,0.0,0.0,0.0,0.0,0.0,0.0,7e-08,0.00017887,0.06020853,2.59086957,12.40420255,4.86116212,0.08735504,2.404e-05,0.0,0.0,0.0],"del_yes_cr_yes":[0.00010853,0.00189934,1.03826783,9.96602254,7.90872224,1.03794088,0.03166084,0.00026758,4.68e-06,1.3e-05,3.765e-05,9.581e-05,0.00021662,0.00043941,0.00080647,0.00134899,0.00206962,0.00292855,0.00384081,0.00468903,0.00534931],"del_yes_cr_no":[17.95904329,10.224941,0.70433249,0.06757499,0.01843487,0.00621479,0.0020485,0.00065095,0.00019948,5.898e-05,1.683e-05,4.63e-06,1.23e-06,3.2e-07,8e-08,2e-08,0.0,0.0,0.0,0.0,0.0],"conf_yes_cr_yes_del_yes":[0.63269652,0.62058704,0.59652375,0.56129464,0.51754642,0.47077264,0.43014496,0.40885858,0.42515108,0.50664519,0.69522313,1.03421064,1.51691651,2.02188211,2.32727014,2.26225739,1.87497045,1.39856048,1.01870338,0.7415293,0.51720945],"conf_yes_cr_no_del_yes":[0.45830406,0.47809847,0.50346295,0.53439751,0.57090213,0.61297682,0.66062159,0.71383642,0.77262133,0.83697631,0.90690135,0.98239647,1.06346166,1.15009692,1.24230225,1.34007766,1.44342313,1.55233867,1.66682429,1.78687997,1.91250573]}}
