{"nodes":{"cr_yes":[0.0,0.0,0.0,0.0,0.0,0.0,0.0,0.0,0.0,0.0,0.0,0.0,0.0,2e-08,0.03002779,18.93206253,1.04191025,2.2e-07,0.0,0.0,0.0],"imm_yes_cr_yes":[0.0,0.0,0.0,0.0,0.0,0.0,0.0,0.00016008,1.29857396,18.06834352,0.6368648,5.844e-05,0.0,0.0,0.0,0.0,0.0,0.0,0.0,0.0,0.0],"imm_yes_cr_no":[0.0,0.0,0.0,0.0,0.0,0.0,0.0,9e-08,0.00064314,0.23443527,5.96756159,11.95520655,1.82849222,0.01765471,7.24e-06,0.0,0.0,0.0,0.0,0.0,0.0],"del_yes_cr_yes":[0.0,0.0,0.0,0.0,0.0,0.0,0.0,0.0,6.7e-07,0.00534683,1.38624151,13.64404284,4.91734743,0.05101233,9.18e-06,0.0,0.0,0.0,0.0,0.0,0.0],"del_yes_cr_no":[0.0,0.0,0.0,0.0,4.75e-06,0.00228229,0.14424119,1.91252864,6.89102308,7.75358605,2.90061015,0.37574427,0.02265653,0.00128608,3.752e-05,2.4e-07,0.0,0.0,0.0,0.0,0.0],"conf_yes_cr_yes_del_yes":[0.0,0.0,0.0,0.0,0.0,0.0,0.0,0.0,0.0,0.0,1.19e-06,0.00111075,0.16337175,3.76960331,12.03871106,3.9565569,0.07462071,2.513e-05,0.0,0.0,0.0],"conf_yes_cr_no_del_yes":[8.595e-05,0.00035694,0.00133126,0.00447719,0.0136183,0.0375371,0.09384655,0.21277684,0.43691239,0.81032534,1.3516265,2.01495274,2.66108445,3.07583505,3.06162023,2.5766763,1.81851628,1.09788326,0.55272342,0.17800925,0.00769681]}}
