{"nodes":{"cr_yes":[0.0,0.0,0.0,0.0,0.0,0.0,0.0,0.0,0.0,0.0,0.0,0.0,0.0,2.21e-06,0.33315567,19.59592778,0.07491514,0.0,0.0,0.0,0.0],"imm_yes_cr_yes":[0.0,0.0,0.0,0.0,0.0,0.0,0.00018629,1.66338159,17.85978507,0.48060462,4.322e-05,0.0,0.0,0.0,0.0,0.0,0.0,0.0,0.0,0.0,0.0],"imm_yes_cr_no":[0.0,0.0,0.0,0.0,0.0,0.0,0.0,9.4e-07,0.00197349,0.33072168,5.72248419,11.36241813,2.53222102,0.05410184,7.95e-05,0.0,0.0,0.0,0.0,0.0,0.0],"del_yes_cr_yes":[0.0,0.0,0.0,0.0,0.00061569,0.64084436,11.62866354,7.48743525,0.24596532,0.00047659,5e-08,0.0,0.0,0.0,0.0,0.0,0.0,0.0,0.0,0.0,0.0],"del_yes_cr_no":[0.0,2e-08,0.00112058,0.26605626,3.84761595,9.11466791,5.58062364,1.11129214,0.08041191,0.00219036,2.195e-05,7e-08,0.0,0.0,0.0,0.0,0.0,0.0,0.0,0.0,0.0],"conf_yes_cr_yes_del_yes":[0.0,0.0,0.0,0.0,0.0,0.0,0.0,0.0,0.0,0.0,1.9e-07,6.071e-05,0.0063668,0.22622338,2.64825435,9.1233473,7.21393685,0.78223988,0.00357131,2e-08,0.0],"conf_yes_cr_no_del_yes":[0.0,0.0,0.0,0.0,0.0,0.0,1e-08,2.4e-07,5.88e-06,9.271e-05,0.00100595,0.00794581,0.04739451,0.21807398,0.77941625,2.1429093,4.38067415,6.15474668,4.94420521,1.32708277,0.00089473]}}
