{"nodes":{"cr_yes":[0.0,0.0,0.0,0.0,0.0,0.0,0.0,0.0,0.0,0.0,0.0,0.0,1.4e-07,2.49e-06,0.11880452,19.44879256,0.43640093,1.7e-07,0.0,0.0,0.0],"imm_yes_cr_yes":[0.0,0.0,0.0,0.0,0.0,0.0,1e-08,0.01147874,8.69543872,11.26078449,0.03629855,2.9e-07,0.0,0.0,0.0,0.0,0.0,0.0,0.0,0.0,0.0],"imm_yes_cr_no":[0.0,0.0,0.0,0.0,0.0,0.0,0.0,4.36e-06,0.0013149,0.09000272,1.51441087,6.84013759,8.86343595,2.58801843,0.1062209,0.00045487,2.1e-07,0.0,0.0,0.0,0.0],"del_yes_cr_yes":[0.0,0.0,0.0,0.0,0.0,0.0,0.0,1e-08,0.00032494,0.25942759,8.09458444,11.02936245,0.61917298,0.00112836,5e-08,0.0,0.0,0.0,0.0,0.0,0.0],"del_yes_cr_no":[0.00040118,0.00149957,0.00445787,0.01062909,0.02043876,0.03178201,0.03998156,0.04080337,0.03520459,0.03423657,0.09245636,0.52610468,2.15386384,4.80857239,5.9137955,4.30454513,1.70008728,0.27297586,0.0122781,8.765e-05,5e-08],"conf_yes_cr_yes_del_yes":[0.0,0.0,0.0,0.0,0.0,0.0,0.0,0.0,0.0,0.0,1e-08,1.872e-05,0.00702684,0.50468802,6.37277149,11.30873817,1.79997675,0.01078012,6.8e-07,0.0,0.0],"conf_yes_cr_no_del_yes":[0.0185005,0.02203963,0.02480816,0.0263397,0.02632278,0.02469773,0.02169995,0.01785677,0.01413236,0.0142418,0.04744351,0.29986689,1.40512902,3.9920418,6.38692779,5.29259821,2.01997029,0.31902439,0.02596699,0.00873155,0.0098225]}}
