{"nodes":{"cr_yes":[0.0,0.0,0.0,0.0,0.0,0.0,0.0,0.0,0.0,0.0,0.0,0.0,0.0,0.0,0.00442794,17.90659224,2.09298045,1.7e-07,0.0,0.0,0.0],"imm_yes_cr_yes":[0.0,0.0,0.0,0.0,0.0,0.0,3e-08,0.04631233,16.42968852,3.52731281,0.0006871,0.0,0.0,0.0,0.0,0.0,0.0,0.0,0.0,0.0,0.0],"imm_yes_cr_no":[0.0,0.0,0.0,0.0,0.0,0.0,0.0,0.0,0.0,0.0,0.0,5.8e-07,0.00087353,0.18162496,4.81455861,12.87963427,2.1195698,0.00773899,6e-08,0.0,0.0],"del_yes_cr_yes":[0.0,0.0,0.0,0.0,1.26e-06,0.02548394,4.11330915,14.14578309,1.71037971,0.00904151,2.12e-06,0.0,0.0,0.0,0.0,0.0,0.0,0.0,0.0,0.0,0.0],"del_yes_cr_no":[0.0,1.02e-06,0.00014767,0.0035532,0.03041567,0.12379759,0.27681179,0.40100189,0.76338292,2.55931425,5.70426658,6.24210742,3.15756247,0.68476344,0.05554038,0.00132835,6.15e-06,0.0,0.0,0.0,0.0],"conf_yes_cr_yes_del_yes":[0.0,0.0,0.0,0.0,0.0,0.0,0.0,0.0,0.0,0.0,5e-08,0.00010551,0.03194388,1.53661243,10.47684731,7.6231602,0.33504976,0.00028164,0.0,0.0,0.0],"conf_yes_cr_no_del_yes":[0.0,0.0,0.0,0.0,0.0,0.0,0.0,3.4e-07,1.425e-05,0.00032797,0.00460004,0.04185288,0.25627142,1.0712875,3.02963503,5.57237276,6.10539635,3.31989868,0.59156842,0.01077336,3.61e-06]}}
