{"nodes":{"cr_yes":[0.0,0.0,0.0,0.0,0.0,0.0,0.0,0.0,0.0,0.0,0.0,0.0,0.0,0.0,0.00046509,7.58413845,12.41929441,0.00010285,0.0,0.0,0.0],"imm_yes_cr_yes":[0.0,0.0,0.0,0.0,0.0,0.0,0.0,0.000273,1.7499404,17.81437967,0.43938005,2.767e-05,0.0,0.0,0.0,0.0,0.0,0.0,0.0,0.0,0.0],"imm_yes_cr_no":[0.0,0.0,0.0,0.0,0.0,0.0,0.0,0.0,2e-07,0.00077774,0.22317681,5.55476224,12.15887382,2.04713987,0.01926447,5.65e-06,0.0,0.0,0.0,0.0,0.0],"del_yes_cr_yes":[0.0,0.0,0.0,0.0,0.0,0.0,1.589e-05,0.02657799,2.25304804,12.548112,5.03733626,0.13869554,0.00021508,1e-08,0.0,0.0,0.0,0.0,0.0,0.0,0.0],"del_yes_cr_no":[0.0,0.0,0.0,2.358e-05,0.00823248,0.33762749,2.95162074,7.53453481,6.65994353,2.21531327,0.28305637,0.01343141,0.0002161,1e-06,0.0,0.0,0.0,0.0,0.0,0.0,0.0],"conf_yes_cr_yes_del_yes":[0.0,0.0,0.0,0.0,0.0,0.0,0.0,0.0,0.0,0.0,1.1e-07,0.00017256,0.04271447,1.74893991,10.61603083,7.27064244,0.32518477,0.00031569,0.0,0.0,0.0],"conf_yes_cr_no_del_yes":[0.0,0.0,0.0,0.0,0.0,0.0,0.0,2.9e-07,1.004e-05,0.00019936,0.00251239,0.02133778,0.12674415,0.53619828,1.61532289,3.39134638,4.7254071,4.09202189,2.60317289,2.87853371,0.02238728]}}
