{"nodes":{"cr_yes":[0.0,0.0,0.0,0.0,0.0,0.0,0.0,0.0,0.0,0.0,0.0,0.0,0.0,2e-08,0.00021204,2.34012779,17.66314699,0.00051397,0.0,0.0,0.0],"imm_yes_cr_yes":[0.0,0.0,0.0,0.0,0.0,0.0,1.887e-05,0.93619027,18.7179747,0.34980843,8.52e-06,0.0,0.0,0.0,0.0,0.0,0.0,0.0,0.0,0.0,0.0],"imm_yes_cr_no":[0.0,0.0,0.0,0.0,0.0,0.0,0.0,0.0,4e-07,0.00064613,0.11895802,2.90584723,10.73032383,5.91062927,0.33656035,0.00103522,2.9e-07,6e-08,0.0,0.0,0.0],"del_yes_cr_yes":[0.0,0.0,0.0,0.0,0.0,0.0,0.0,0.0001857,0.30674933,10.2724881,9.18820863,0.23621302,0.00015601,0.0,0.0,0.0,0.0,0.0,0.0,0.0,0.0],"del_yes_cr_no":[0.0,0.0,0.0,0.0,5e-08,4.87e-06,0.0002129,0.00427235,0.04452828,0.28345093,1.25785713,3.67043487,6.07569953,5.337487,2.55122738,0.6839537,0.08980018,0.00405472,0.00018834,0.00040792,0.00084133],"conf_yes_cr_yes_del_yes":[0.0,0.0,0.0,0.0,0.0,0.0,0.0,0.0,0.0,0.0,0.0,5.02e-06,0.00288729,0.3011347,5.24122731,12.11210005,2.33191312,0.01473123,2.05e-06,2e-08,0.0],"conf_yes_cr_no_del_yes":[1.311e-05,5.771e-05,0.00021689,0.00070124,0.00196188,0.00476832,0.01009094,0.01861721,0.03019636,0.04690308,0.10324705,0.40094348,1.52607171,3.92947949,6.02752623,5.05537579,2.14356145,0.47932055,0.13335126,0.07636897,0.03046928]}}
