{"nodes":{"cr_yes":[0.0,0.0,0.0,0.0,0.0,0.0,0.0,0.0,0.0,0.0,0.0,0.0,0.0,0.0,1.1e-06,0.02040254,6.3185623,13.62626196,0.03877289,0.0,0.0],"imm_yes_cr_yes":[0.0,0.0,0.0,0.0,0.0,0.0,2.895e-05,0.23521444,12.36722476,7.24744058,0.06076602,0.04835547,0.0444167,0.00055383,6e-08,0.0,0.0,0.0,0.0,0.0,0.0],"imm_yes_cr_no":[0.0,0.0,0.0,0.0,0.0,0.0,0.0,0.0,7.11e-06,0.0031172,0.23628725,3.48088782,10.21792844,5.58656441,0.47477581,0.00443035,2.4e-06,0.0,0.0,0.0,0.0],"del_yes_cr_yes":[0.0,1e-08,0.00814434,5.06441036,13.77204006,1.15249888,0.00690277,4.39e-06,0.0,0.0,0.0,0.0,0.0,0.0,0.0,0.0,0.0,0.0,0.0,0.0,0.0],"del_yes_cr_no":[0.0361836,0.08527148,0.42994258,2.54105325,5.76503487,6.19287411,3.55727209,1.16338923,0.22310696,0.02569135,0.00203341,0.00019973,3.367e-05,5.51e-06,6.9e-07,6e-08,0.0,0.0,0.0,0.0,0.0],"conf_yes_cr_yes_del_yes":[0.0,0.0,0.0,0.0,0.0,0.0,0.0,0.0,1e-08,5e-07,3.057e-05,0.00152708,0.04335026,0.59011034,3.55290255,8.44923303,6.37864184,0.9773666,0.01083735,6.7e-07,0.0],"conf_yes_cr_no_del_yes":[0.00548384,0.00912205,0.01481947,0.02353399,0.03655856,0.05558248,0.08273378,0.12058096,0.17207073,0.24040525,0.3289889,0.44194029,0.5864209,0.77899036,1.05793925,1.49791679,2.20439489,3.22669717,4.28630661,4.28344978,1.10561336]}}
