{"nodes":{"cr_yes":[39.32755468,0.33820265,0.00199181,7.87e-06,2e-08,0.0,0.0,0.0,0.0,0.0,0.0,0.0,0.0,0.0,0.0,0.0,0.0,0.0,0.0,6.1e-07,4.102e-05],"imm_yes_cr_yes":[0.0,0.0,0.0,0.0,0.0,0.0,0.0,0.0,0.0,0.0,4.264e-05,0.41032613,17.1687261,2.42428767,0.00061825,0.0,0.0,0.0,0.0,0.0,0.0],"imm_yes_cr_no":[0.0,0.0,0.0,0.0,0.0,0.0,0.0,0.0,0.0,0.0,0.00012701,0.16235949,7.72410981,11.73111778,0.38615454,0.00013216,0.0,0.0,0.0,0.0,0.0],"del_yes_cr_yes":[0.0,0.0,0.0,7.198e-05,0.16256152,6.44300883,11.70051122,1.67289116,0.02491279,4.328e-05,1e-08,0.0,0.0,0.0,0.0,0.0,0.0,0.0,0.0,0.0,0.0],"del_yes_cr_no":[9.10850253,8.52493687,3.29253934,1.7988529,0.95031108,0.4756866,0.22681164,0.10347163,0.04532534,0.01912017,0.00778602,0.00306673,0.00117029,0.00043328,0.00015581,5.448e-05,1.853e-05,6.14e-06,1.98e-06,6.2e-07,1.9e-07],"conf_yes_cr_yes_del_yes":[0.00139791,0.00289461,0.00666489,0.01507322,0.03216947,0.06404995,0.11850136,0.20325221,0.32239761,0.47150269,0.63367417,0.78178015,0.89801218,1.0372138,1.45553566,2.53991321,3.87945264,3.92763318,2.50947792,1.01382899,0.18054789],"conf_yes_cr_no_del_yes":[0.42636012,0.4455925,0.47773172,0.52580518,0.59122548,0.67373639,0.77142863,0.88082539,0.99703743,1.11398803,1.22470754,1.32169771,1.39736566,1.44452766,1.45698247,1.43015454,1.36180682,1.25282332,1.10806132,0.93727341,0.75609909]}}
