{"nodes":{"cr_yes":[0.0,0.0,0.0,0.0,0.0,0.0,0.0,0.0,0.0,8e-08,1.43e-05,0.00112843,0.03871375,0.56436349,3.36651323,7.77390324,6.42510773,1.7033171,0.12410037,0.00198738,0.00970338],"imm_yes_cr_yes":[0.0,0.0,0.0,0.0,0.0,0.0,0.0,0.0,0.0,1e-08,0.00052968,0.68010488,14.85321246,4.45917429,0.0109794,8e-08,0.0,0.0,0.0,0.0,0.0],"imm_yes_cr_no":[0.0,0.0,0.0,0.0,0.0,0.0,0.0,0.0,0.0,0.0,2e-08,0.00010462,0.05516456,2.94670929,13.41833918,3.55724255,0.02643926,1.32e-06,0.0,0.0,0.0],"del_yes_cr_yes":[0.0004607,0.0372625,0.77948521,8.55381548,9.13176043,1.45105364,0.04988198,0.0005019,6.49e-06,1.77e-06,7.2e-07,2.4e-07,6e-08,1e-08,0.0,0.0,0.0,0.0,0.0,0.0,0.0],"del_yes_cr_no":[9.48861602,14.29033885,0.92403675,0.03925413,0.00442857,0.00117722,0.00033413,9.132e-05,2.393e-05,6.01e-06,1.45e-06,3.3e-07,7e-08,2e-08,0.0,0.0,0.0,0.0,0.0,0.0,0.0],"conf_yes_cr_yes_del_yes":[0.2870223,0.35096265,0.42069712,0.49230805,0.561018,0.62326718,0.67966941,0.73749357,0.81121575,0.92112641,1.09039828,1.33663437,1.64981531,1.96121187,2.13862246,2.04987407,1.67306208,1.14653438,0.67818991,0.39403393,0.28870964],"conf_yes_cr_no_del_yes":[0.34057919,0.3673291,0.40042917,0.43987938,0.48567974,0.53783025,0.59633091,0.66118172,0.73238268,0.80993378,0.89383504,0.98408645,1.080688,1.18363971,1.29294156,1.40859356,1.53059571,1.65894801,1.79365046,1.93470306,2.08210581]}}
