{"nodes":{"cr_yes":[0.0,0.0,0.0,0.0,0.0,0.0,0.0,0.0,0.0,0.0,0.0,0.0,0.0,0.0,0.00099902,2.75144468,17.21182091,0.03973618,0.0,0.0,0.0],"imm_yes_cr_yes":[0.0,0.0,0.0,0.0,0.0,0.0,3.5e-07,0.03494935,8.73107823,11.13798906,0.09997737,6.43e-06,0.0,0.0,0.0,0.0,0.0,0.0,0.0,0.0,0.0],"imm_yes_cr_no":[0.0,0.0,0.0,0.0,0.0,0.0,0.0,0.0,0.0,4e-08,3.15e-05,0.00621354,0.30131439,3.63301412,10.15658522,5.50169425,0.40319106,0.00195655,1.3e-07,0.0,0.0],"del_yes_cr_yes":[0.0,0.0,0.0,0.0,0.0,0.0,1.88e-06,0.01296309,2.13609432,13.59060799,4.19907996,0.0652097,4.387e-05,0.0,0.0,0.0,0.0,0.0,0.0,0.0,0.0],"del_yes_cr_no":[23.85908591,6.43577846,1.36198333,0.23721847,0.03469859,0.00428961,0.00044724,3.902e-05,2.85e-06,2.1e-07,4e-08,1e-08,0.0,0.0,0.0,0.0,0.0,0.0,0.0,0.0,0.0],"conf_yes_cr_yes_del_yes":[0.0,0.0,0.0,0.0,0.0,0.0,0.0,0.0,0.0,3e-08,7.94e-06,0.00088751,0.03821576,0.64685476,4.15777927,9.12192781,5.46514922,0.569437,0.00374144,7e-08,0.0],"conf_yes_cr_no_del_yes":[0.00215796,0.0030248,0.00414465,0.00554964,0.0072577,0.00926341,0.011528,0.01397057,0.0164736,0.01902736,0.02288912,0.03691791,0.1017389,0.35031896,1.0796063,2.64001478,4.80303802,5.92122032,4.05049272,0.90360875,0.0056726]}}
