{"nodes":{"cr_yes":[0.0,0.0,0.0,0.0,0.0,0.0,0.0,0.0,0.0,0.0,0.0,0.0,0.0,0.0,0.00124201,4.87705429,15.12247427,0.00323023,0.0,0.0,0.0],"imm_yes_cr_yes":[0.0,0.0,0.0,0.0,0.0,0.0,0.0,0.0,4.8e-07,0.00431315,1.26701207,13.64699145,5.03530363,0.05037138,8.65e-06,0.0,0.0,0.0,0.0,0.0,0.0],"imm_yes_cr_no":[0.0,0.0,0.0,0.0,0.0,0.0,0.0,0.0,0.0,0.0,0.0,1.14e-06,0.00106112,0.16974867,4.23625251,12.8014427,2.78060919,0.01488531,1.6e-07,0.0,0.0],"del_yes_cr_yes":[0.0,0.0,0.0,0.0,2.196e-05,0.03145622,2.06659207,10.99919424,6.42808758,0.4741548,0.00448896,4.97e-06,0.0,0.0,0.0,0.0,0.0,0.0,0.0,0.0,0.0],"del_yes_cr_no":[0.0,0.0,2e-07,0.00038878,0.03834969,0.65378206,3.31562598,6.60853803,6.0129346,2.69344702,0.60894464,0.06832389,0.00358644,7.887e-05,6e-07,0.0,0.0,0.0,0.0,0.0,0.0],"conf_yes_cr_yes_del_yes":[0.0,0.0,0.0,0.0,0.0,0.0,0.0,0.0,0.0,2e-07,2.733e-05,0.00162372,0.04420167,0.56275417,3.26750825,7.94768118,6.75879824,1.39108225,0.03031773,6.06e-06,0.0],"conf_yes_cr_no_del_yes":[0.0,0.0,0.0,0.0,0.0,0.0,3e-08,6.8e-07,9.38e-06,9.257e-05,0.00069485,0.00414811,0.02032578,0.08349263,0.29099663,0.86269758,2.15294441,4.37343523,6.6123779,5.54269858,0.12017291]}}
