{"nodes":{"cr_yes":[0.0,0.0,0.0,0.0,0.0,0.0,0.0,0.0,0.0,0.0,0.0,0.0,0.0,6.416e-05,1.0278118,18.88837544,0.08625511,0.00147756,1.671e-05,0.0,0.0],"imm_yes_cr_yes":[0.0,0.0,0.0,0.0,0.0,0.0,0.0,0.0,0.0,0.0,3e-08,0.00733018,5.98350529,13.96378703,0.04937819,8e-08,0.0,0.0,0.0,0.0,0.0],"imm_yes_cr_no":[0.0,0.0,0.0,0.0,0.0,0.0,0.0,0.0,0.0,0.0,0.0,0.0,3.65e-06,0.01285072,2.3691077,15.81977975,1.80148656,0.00077243,0.0,0.0,0.0],"del_yes_cr_yes":[0.0,0.0,0.0,6e-08,0.00198113,0.69417306,9.21600945,9.11635143,0.96261286,0.01285038,2.243e-05,0.0,0.0,0.0,0.0,0.0,0.0,0.0,0.0,0.0,0.0],"del_yes_cr_no":[0.31970429,12.67367237,6.41988084,0.71424213,0.03508277,0.00117953,7.745e-05,1.149e-05,1.78e-06,2.5e-07,3e-08,0.0,0.0,0.0,0.0,0.0,0.0,0.0,0.0,0.0,0.0],"conf_yes_cr_yes_del_yes":[0.00067135,0.00075141,0.00081087,0.00084215,0.00084005,0.00080292,0.00073332,0.00063797,0.00052678,0.00041254,0.00037089,0.00255966,0.04470024,0.45711745,2.47655543,6.6202621,7.52733466,2.69135852,0.17103283,0.00592812,0.00017442],"conf_yes_cr_no_del_yes":[0.22977632,0.2439235,0.26894911,0.31334702,0.38531341,0.49077581,0.63193984,0.80635352,1.00648928,1.21984349,1.42955375,1.61553366,1.75612535,1.83026957,1.8201934,1.7146156,1.51246963,1.22714423,0.89124166,0.56185356,0.32635447]}}
