{"nodes":{"cr_yes":[0.0,0.0,0.0,0.0,0.0,0.0,0.0,0.0,0.0,0.0,0.0,0.0,0.0,2.3e-07,0.02016446,14.42922272,5.55456872,4.467e-05,0.0,0.0,0.0],"imm_yes_cr_yes":[0.0,0.0,0.0,0.0,0.0,0.0,9e-07,0.01370525,4.62636508,14.81457644,0.54910495,0.00024818,0.0,0.0,0.0,0.0,0.0,0.0,0.0,0.0,0.0],"imm_yes_cr_no":[0.0,0.0,0.0,0.0,0.0,1.4e-07,2.137e-05,0.00561813,0.85952817,9.38061368,8.92404526,0.8271507,0.0070191,4.25e-06,0.0,0.0,0.0,0.0,0.0,0.0,0.0],"del_yes_cr_yes":[0.0,0.0,0.0,0.0,0.0,0.0,0.0,0.0,0.0,1.583e-05,0.0380185,3.65039152,14.35697084,1.95252435,0.00607941,3.4e-07,0.0,0.0,0.0,0.0,0.0],"del_yes_cr_no":[8e-08,3.04e-06,2.711e-05,0.00013482,0.03251405,1.2918036,7.43447942,8.64333977,2.41877287,0.1788863,0.00398044,5.734e-05,1.13e-06,2e-08,1e-08,2e-08,5e-08,1e-07,1.8e-07,2.9e-07,4.1e-07],"conf_yes_cr_yes_del_yes":[0.0,0.0,0.0,0.0,0.0,0.0,0.0,0.0,0.0,0.0,1e-08,1.991e-05,0.00998606,0.78267107,8.58366658,9.93907372,0.68768581,0.00089764,0.0,0.0,0.0],"conf_yes_cr_no_del_yes":[4.207e-05,8.975e-05,0.00018772,0.00038509,0.00077488,0.00152958,0.00296184,0.00562547,0.01047792,0.01913236,0.03423227,0.05997914,0.10282442,0.17228902,0.28185136,0.4510362,0.7254672,1.35377421,3.70084262,10.4588965,5.24324443]}}
