{"nodes":{"cr_yes":[0.0,0.0,0.0,0.0,0.0,0.0,0.0,0.0,0.0,0.0,0.0,0.0,0.0,1.246e-05,3.78735006,16.21656906,6.923e-05,0.0,0.0,0.0,0.0],"imm_yes_cr_yes":[0.0,0.0,0.0,0.0,0.0,0.0,5.03e-06,0.72760746,19.04698808,0.22939841,1.83e-06,0.0,0.0,0.0,0.0,0.0,0.0,0.0,0.0,0.0,0.0],"imm_yes_cr_no":[0.0,0.0,0.0,0.0,0.0,5e-08,0.00320146,1.6686668,14.81934535,3.48681781,0.02596342,5.92e-06,0.0,0.0,0.0,0.0,0.0,0.0,0.0,0.0,0.0],"del_yes_cr_yes":[0.0,0.0,0.0,0.0,0.0,0.0,0.0,0.0010279,1.36451957,16.25327914,2.38072355,0.00445055,8e-08,0.0,0.0,0.0,0.0,0.0,0.0,0.0,0.0],"del_yes_cr_no":[0.0,0.0,5.38e-06,0.08898155,5.88896505,12.08936418,1.90093254,0.03565402,9.805e-05,4e-08,0.0,0.0,0.0,0.0,0.0,0.0,0.0,0.0,0.0,0.0,0.0],"conf_yes_cr_yes_del_yes":[0.0,0.0,0.0,0.0,0.0,0.0,0.0,0.0,0.0,2e-08,4.819e-05,0.0161482,0.89588887,7.97995331,9.83810385,1.25292761,0.02072262,0.0002081,3e-08,0.0,0.0],"conf_yes_cr_no_del_yes":[0.0,0.0,0.0,0.0,0.0,0.0,0.0,0.0,2.9e-07,1.136e-05,0.00027099,0.00412345,0.04133318,0.27692173,1.23497623,3.56825407,6.28474952,5.98008112,2.39316878,0.2193584,0.00150332]}}
