{"nodes":{"cr_yes":[0.0,0.0,0.0,0.0,0.0,0.0,0.0,0.0,0.0,0.0,0.0,0.0,0.0,0.00330227,6.61830595,13.37687152,0.00552106,0.0,0.0,0.0,0.0],"imm_yes_cr_yes":[0.0,0.0,0.0,0.0,0.0,0.0,2.31e-06,0.12645614,13.76742415,6.09528735,0.01483065,1.9e-07,0.0,0.0,0.0,0.0,0.0,0.0,0.0,0.0,0.0],"imm_yes_cr_no":[0.0,0.0,0.0,0.0,0.0,0.0,0.0,0.0,0.0,2e-08,6.9e-07,6.44e-06,0.00276046,0.3501416,6.22294738,11.95264715,1.47140806,0.00408897,3e-08,0.0,0.0],"del_yes_cr_yes":[0.0,0.0,0.0,0.0,0.0,0.0,2.91e-06,0.01632249,2.34289519,13.61335249,3.97165305,0.05973492,3.975e-05,0.0,0.0,0.0,0.0,0.0,0.0,0.0,0.0],"del_yes_cr_no":[2e-08,1e-08,2.79e-06,0.00088333,0.04413105,0.59794937,2.94312119,6.22485961,6.22802605,3.09335096,0.77157118,0.09458929,0.00538592,0.00012893,1.11e-06,0.0,0.0,0.0,0.0,0.0,0.0],"conf_yes_cr_yes_del_yes":[0.0,0.0,0.0,0.0,0.0,0.0,0.0,0.0,0.0,5e-08,1.959e-05,0.00249509,0.10599427,1.52438298,7.02734735,8.95083641,2.32600836,0.06686366,5.304e-05,0.0,0.0],"conf_yes_cr_no_del_yes":[3.572e-05,7.667e-05,0.00015631,0.00030326,0.00056066,0.00098855,0.00166276,0.00266768,0.00408536,0.00604236,0.00926925,0.01845581,0.05631418,0.20528382,0.68461744,1.87513454,3.98004814,6.03531603,5.45227894,1.67021947,0.00100346]}}
