{"nodes":{"cr_yes":[0.0,0.0,0.0,0.0,0.0,0.0,0.0,0.0,0.0,0.0,0.0,0.0,0.0,0.0,5.8e-06,2.67815367,17.32580759,3.375e-05,0.0,0.0,0.0],"imm_yes_cr_yes":[0.0,0.0,0.0,0.0,0.0,0.0,3.5e-07,0.16425654,18.55413953,1.28552431,8.007e-05,0.0,0.0,0.0,0.0,0.0,0.0,0.0,0.0,0.0,0.0],"imm_yes_cr_no":[0.0,0.0,0.0,0.0,0.0,0.0,0.0,7.09e-06,0.01928668,2.14860649,13.02263453,4.71861769,0.09476713,8.118e-05,0.0,0.0,0.0,0.0,0.0,0.0,0.0],"del_yes_cr_yes":[0.0,0.0,0.0,0.0,0.0,0.0,0.0,0.00015934,0.48509981,14.05830495,5.43076289,0.02967192,1.88e-06,0.0,0.0,0.0,0.0,0.0,0.0,0.0,0.0],"del_yes_cr_no":[0.0,0.0,0.0,0.0,1e-08,3.002e-05,0.0106985,0.50335099,4.49945209,9.34417877,4.94950542,0.67461492,0.02202391,0.00014602,1.5e-07,0.0,0.0,0.0,0.0,0.0,0.0],"conf_yes_cr_yes_del_yes":[0.0,0.0,0.0,0.0,0.0,0.0,0.0,0.0,0.0,0.0,1.15e-06,0.00105768,0.15541685,3.63699347,11.98000209,4.145822,0.08467534,3.223e-05,0.0,0.0,0.0],"conf_yes_cr_no_del_yes":[1e-08,4e-08,1.8e-07,7.8e-07,3.14e-06,1.134e-05,3.709e-05,0.00011018,0.00029765,0.00073165,0.00163534,0.00332326,0.00628461,0.01373555,0.05932222,0.37436941,1.84615222,5.60560368,8.45619315,3.63504807,0.00228252]}}
