{"nodes":{"cr_yes":[0.0,0.0,0.0,0.0,0.0,0.0,0.0,0.0,0.0,0.0,0.0,4e-08,7.486e-05,0.00155147,0.01875045,18.03502945,1.94859312,1.41e-06,1e-08,0.0,0.0],"imm_yes_cr_yes":[0.0,0.0,0.0,0.0,0.0,0.0,0.0,0.0,0.0,0.00015408,0.46390078,14.80532656,4.72358303,0.01103625,1e-07,0.0,0.0,0.0,0.0,0.0,0.0],"imm_yes_cr_no":[0.0,0.0,0.0,0.0,0.0,0.0,0.0,0.0,0.0,0.0,0.0,4.31e-06,0.00094423,0.02476907,0.28180987,7.11693258,12.19256265,0.38695676,2.133e-05,0.0,0.0],"del_yes_cr_yes":[0.0,0.0,0.0,0.0,0.0,0.0,0.0,2e-08,0.000625,0.42664446,10.09676387,9.18369405,0.29601887,0.00025451,0.0,0.0,0.0,0.0,0.0,0.0,0.0],"del_yes_cr_no":[0.0,0.0,0.0,0.0,6e-08,4.455e-05,0.00541416,0.16630858,1.61766575,5.67658258,7.66505279,4.02778903,0.79145265,0.05269199,0.00099471,3.94e-06,0.0,0.0,0.0,0.0,0.0],"conf_yes_cr_yes_del_yes":[0.0,0.0,0.0,0.0,0.0,0.0,0.0,0.0,0.0,0.0,2.7e-07,0.00020492,0.03325172,1.17407712,8.2920681,9.40244644,1.09659751,0.00535458,1.4e-07,0.0,0.0],"conf_yes_cr_no_del_yes":[0.0,0.0,0.0,0.0,0.0,1e-08,4.7e-07,1.182e-05,0.00019011,0.0021015,0.01653922,0.0940943,0.38959279,1.17877529,2.61640698,4.27319123,5.08632205,4.14745948,1.9055716,0.29235292,0.00278204]}}
