{"nodes":{"cr_yes":[0.0,0.0,0.0,0.0,0.0,0.0,0.0,0.0,0.0,0.0,0.0,0.0,0.0,4e-08,0.08212474,19.8434531,0.07842293,0.0,0.0,0.0,0.0],"imm_yes_cr_yes":[0.0,0.0,0.0,0.0,0.0,0.0,0.00153586,7.94356005,12.04697311,0.01193178,1e-08,0.0,0.0,0.0,0.0,0.0,0.0,0.0,0.0,0.0,0.0],"imm_yes_cr_no":[0.0,0.0,0.0,0.0,0.0,0.0,0.0,0.0,2e-08,0.00012962,0.0741534,3.39932933,12.89414629,3.58286214,0.05335655,2.345e-05,0.0,0.0,0.0,0.0,0.0],"del_yes_cr_yes":[0.0,0.0,0.0,0.0,0.0,0.0,0.0,0.00027642,0.69523062,15.24529173,4.04948697,0.01371457,4.8e-07,0.0,0.0,0.0,0.0,0.0,0.0,0.0,0.0],"del_yes_cr_no":[0.0,0.0,0.0,0.0,1.9e-07,0.00011842,0.0114053,0.2739529,2.1271194,6.18323641,7.23894368,3.46860737,0.65542831,0.04429122,0.00089366,3.94e-06,0.0,0.0,0.0,0.0,0.0],"conf_yes_cr_yes_del_yes":[0.0,0.0,0.0,0.0,0.0,0.0,0.0,0.0,0.0,0.0,2.1e-07,0.00028125,0.0605734,2.14262475,11.12527569,6.43568235,0.23937331,0.00018983,0.0,0.0,0.0],"conf_yes_cr_no_del_yes":[0.0,0.0,1e-08,6e-08,3.5e-07,1.77e-06,7.58e-06,2.756e-05,8.667e-05,0.00025789,0.00104393,0.00718368,0.05209328,0.29296722,1.18507345,3.31959887,6.04109962,6.24477035,2.67886734,0.18092048,1.43e-06]}}
