{"nodes":{"cr_yes":[0.0,0.0,0.0,0.0,0.0,0.0,0.0,0.0,0.0,0.0,0.0,0.0,0.0,0.0,1.7e-07,0.29413883,19.70824938,0.00161241,0.0,0.0,0.0],"imm_yes_cr_yes":[0.0,0.0,0.0,0.0,0.0,0.0,4e-08,0.05524687,16.78624235,3.1619631,0.00054843,0.0,0.0,0.0,0.0,0.0,0.0,0.0,0.0,0.0,0.0],"imm_yes_cr_no":[0.0,0.0,0.0,0.0,0.0,0.0,0.0,0.0,1.083e-05,0.01096169,0.99173844,9.24291883,8.95843476,0.79513652,0.00479859,1.14e-06,0.0,0.0,0.0,0.0,0.0],"del_yes_cr_yes":[0.0,0.0,0.0,0.0,0.0,0.0,0.0,6.64e-05,0.23187959,10.72143419,8.90976406,0.14082112,3.544e-05,0.0,0.0,0.0,0.0,0.0,0.0,0.0,0.0],"del_yes_cr_no":[0.0,0.0,0.0,0.0,0.0,0.0,8.3e-07,0.00018234,0.01146992,0.24418989,1.95033826,6.13766763,7.60209745,3.50590241,0.53104077,0.02096888,0.00014236,7e-08,0.0,0.0,0.0],"conf_yes_cr_yes_del_yes":[0.0,0.0,0.0,0.0,0.0,0.0,0.0,0.0,0.0,0.0,4.7e-07,0.00057637,0.10781815,3.09121872,12.00386456,4.69722946,0.1032532,3.988e-05,0.0,0.0,0.0],"conf_yes_cr_no_del_yes":[0.0,0.0,0.0,0.0,0.0,0.0,0.0,0.0,5e-08,7.5e-07,9.02e-06,8.184e-05,0.000589,0.00350476,0.01752265,0.07763704,0.36300812,1.80883864,6.70051334,10.96650325,0.13158469]}}
