{"nodes":{"cr_yes":[0.0,0.0,0.0,0.0,0.0,0.0,0.0,0.0,0.0,0.0,0.0,0.0,0.0,0.0,0.0003458,2.761786,17.23515878,0.00671021,0.0,0.0,0.0],"imm_yes_cr_yes":[0.0,0.0,0.0,0.0,0.0,0.0,0.0,0.00078431,1.65182694,17.10430772,1.24641466,0.00066716,0.0,0.0,0.0,0.0,0.0,0.0,0.0,0.0,0.0],"imm_yes_cr_no":[0.0,0.0,0.0,0.0,0.0,0.0,0.0,1.9e-07,0.00018429,0.03078037,1.00458093,6.81595899,9.5389868,2.51172828,0.10135148,0.00042936,1e-07,0.0,0.0,0.0,0.0],"del_yes_cr_yes":[0.0,0.0,0.0,0.0,0.0,0.0,0.0,0.00010217,0.09356883,4.32430679,12.89335906,2.65809543,0.034547,2.153e-05,0.0,0.0,0.0,0.0,0.0,0.0,0.0],"del_yes_cr_no":[0.0,0.0,3e-08,1.48e-06,2.322e-05,0.00015701,0.00065608,0.0074394,0.12396011,0.99887464,3.75053846,6.75029864,5.77778208,2.22976835,0.34660309,0.01769258,0.00020536,2.7e-07,0.0,0.0,0.0],"conf_yes_cr_yes_del_yes":[0.0,0.0,0.0,0.0,0.0,0.0,0.0,0.0,0.0,1e-08,6.46e-06,0.00130098,0.07629698,1.33740413,6.770643,9.02447805,2.67904229,0.11464807,0.00018085,0.0,0.0],"conf_yes_cr_no_del_yes":[0.0,0.0,0.0,0.0,0.0,0.0,0.0,0.0,0.0,0.0,1e-08,4.5e-07,1.124e-05,0.0002084,0.00292882,0.03148753,0.25743494,1.54876402,6.22188729,11.93879434,0.0049675]}}
