{"nodes":{"cr_yes":[0.0,0.0,0.0,0.0,0.0,0.0,0.0,0.0,0.0,0.0,0.0,0.0,0.0,0.0,6.8e-07,0.15287223,19.74910885,0.10201902,1e-08,0.0,0.0],"imm_yes_cr_yes":[0.0,0.0,0.0,0.0,0.0,0.0,8e-08,0.03014465,10.93321551,9.01654398,0.02409637,2.1e-07,0.0,0.0,0.0,0.0,0.0,0.0,0.0,0.0,0.0],"imm_yes_cr_no":[0.0,0.0,0.0,0.0,0.0,0.0,0.0,1.61e-06,0.00075005,0.07042911,1.48037988,7.30022321,8.54623853,2.43740236,0.16052296,0.00567791,0.00211911,0.00025043,5.63e-06,2e-08,0.0],"del_yes_cr_yes":[0.0,0.0,0.0,0.0,0.0,0.0,0.0,0.0,0.0,4.96e-05,0.06677848,4.35760297,13.75879297,1.8140567,0.00671974,3.3e-07,0.0,0.0,0.0,0.0,0.0],"del_yes_cr_no":[5.36e-06,8e-06,9.93e-06,1.025e-05,8.78e-06,7.06e-06,8.007e-05,0.00269382,0.04735674,0.45345578,2.26544549,5.60315574,6.66580565,3.77841227,1.03879443,0.14052955,0.00808914,0.00013266,8.4e-07,1.04e-06,1.72e-06],"conf_yes_cr_yes_del_yes":[0.0,0.0,0.0,0.0,0.0,0.0,0.0,0.0,0.0,0.0,1e-08,3.368e-05,0.0142619,0.95824119,9.1350248,9.31957529,0.57618152,0.00068241,0.0,0.0,0.0],"conf_yes_cr_no_del_yes":[0.47030228,0.5178194,0.56751163,0.6189372,0.67152089,0.72454037,0.77711487,0.82819742,0.87657264,0.92086216,0.95954086,0.99096842,1.01344292,1.02528866,1.02501942,1.01200709,0.99254769,1.03050707,1.4977117,3.01187129,1.41373592]}}
