{"nodes":{"cr_yes":[3.5e-07,4e-08,0.0,0.0,0.0,0.0,0.0,0.0,1e-08,4.3e-07,3.49e-06,4.56e-06,8.4e-07,0.00113222,1.25812724,5.13432632,13.56353588,0.04686959,0.0,0.0,0.0],"imm_yes_cr_yes":[0.0,0.0,0.0,0.0,0.0,0.0001127,0.38086747,12.88506671,6.67267157,0.06526985,1.25e-05,0.0,0.0,0.0,0.0,0.0,0.0,0.0,0.0,0.0,0.0],"imm_yes_cr_no":[0.0,0.0,0.0,0.0,1.6e-07,2.81e-05,0.00076705,0.02452942,1.91510999,11.80217927,5.9889902,0.27026795,0.00189791,0.00021636,1.415e-05,2.3e-07,0.0,0.0,0.0,0.0,0.0],"del_yes_cr_yes":[0.0,0.0,0.0,0.0,0.0,0.0,0.0,0.0,0.0,2.929e-05,0.04098441,2.93900971,12.23060804,4.56130051,0.23141954,0.00064926,4e-08,0.0,0.0,0.0,0.0],"del_yes_cr_no":[0.0,6.04e-06,0.00082665,0.01536714,0.11760097,2.07070589,8.92149077,7.38641157,1.4207558,0.06994055,0.0008924,2.8e-06,3e-08,4e-08,4e-08,4e-08,3e-08,2e-08,1e-08,0.0,0.0],"conf_yes_cr_yes_del_yes":[0.0,0.0,0.0,0.0,0.0,0.0,0.0,2e-08,2.3e-07,1.99e-06,1.138e-05,5.65e-05,0.00556497,0.41353665,5.6520707,11.51966099,2.38799562,0.02484741,0.00024467,9.68e-06,2e-08],"conf_yes_cr_no_del_yes":[0.39635185,0.44766863,0.50316215,0.56262254,0.62567968,0.69177343,0.76012352,0.82970079,0.89920207,0.96703189,1.03129549,1.08980925,1.14013775,1.17967211,1.20578513,1.2162697,1.21169495,1.21017468,1.31480888,1.81215083,2.21412286]}}
