{"nodes":{"cr_yes":[0.0,0.0,0.0,0.0,0.0,0.0,0.0,0.0,0.0,0.0,0.0,0.0,0.0,1e-08,0.0004551,4.23996011,15.76244945,0.00113614,0.0,0.0,0.0],"imm_yes_cr_yes":[0.0,0.0,0.0,0.0,0.0,0.0,0.0,0.00012487,1.48579137,18.14167339,0.37639644,1.473e-05,0.0,0.0,0.0,0.0,0.0,0.0,0.0,0.0,0.0],"imm_yes_cr_no":[0.0,0.0,0.0,0.0,0.0,0.0,0.0,0.0,2.66e-06,0.00431918,0.59111956,7.85780239,10.33418112,1.20694725,0.00962544,3.22e-06,0.0,0.0,0.0,0.0,0.0],"del_yes_cr_yes":[0.0,0.0,0.0,0.0,0.0,0.0,3.1e-07,0.01020744,3.14868303,15.33038642,1.51164437,0.00307913,1.1e-07,0.0,0.0,0.0,0.0,0.0,0.0,0.0,0.0],"del_yes_cr_no":[0.0,0.0,0.0,2e-08,9.22e-06,0.0008532,0.02586714,0.3125023,1.70851192,4.59078966,6.3790252,4.70620018,1.85355616,0.38416077,0.04044274,0.00203707,4.482e-05,3.8e-07,0.0,0.0,0.0],"conf_yes_cr_yes_del_yes":[0.0,0.0,0.0,0.0,0.0,0.0,0.0,0.0,0.0,0.0,5e-07,0.00032834,0.04647268,1.42724101,8.77581679,8.78696147,0.96161138,0.00556826,3.8e-07,0.0,0.0],"conf_yes_cr_no_del_yes":[0.0,0.0,0.0,0.0,0.0,3e-08,4.5e-07,5.62e-06,6.063e-05,0.00063685,0.00607592,0.04595874,0.255675,1.01459884,2.80607804,5.20376917,6.00464455,3.71911142,0.90395689,0.04325168,0.00035393]}}
