{"nodes":{"cr_yes":[0.0,0.0,0.0,0.0,0.0,0.0,0.0,0.0,0.0,0.0,0.0,0.0,0.0,0.0,2.349e-05,0.53734765,19.31786984,0.14875982,0.0,0.0,0.0],"imm_yes_cr_yes":[0.0,0.0,0.0,0.0,0.0,0.0,0.0,0.0,0.0,2.1e-07,0.01897363,7.33495905,12.58128714,0.0687802,5.6e-07,0.0,0.0,0.0,0.0,0.0,0.0],"imm_yes_cr_no":[0.0,0.0,0.0,0.0,0.0,0.0,0.0,0.0,1.9e-06,0.00118538,0.12410103,2.47002182,9.55997585,6.63837573,0.6717361,0.03635212,0.25773029,0.2371872,0.00733305,3.2e-07,0.0],"del_yes_cr_yes":[0.0,0.0,0.0,0.0,0.0,8.847e-05,0.1538012,6.66152188,12.01408766,1.1679119,0.00658771,1.98e-06,0.0,0.0,0.0,0.0,0.0,0.0,0.0,0.0,0.0],"del_yes_cr_no":[0.0,0.0,0.0,2.53e-06,0.00025912,0.00816188,0.10611563,0.67731156,2.35710071,4.75551082,5.7314903,4.14260536,1.7571308,0.41556992,0.05005369,0.00264091,4.738e-05,1.8e-07,0.0,0.0,0.0],"conf_yes_cr_yes_del_yes":[0.0,0.0,0.0,0.0,0.0,0.0,0.0,0.0,0.0,0.0,5.3e-07,9.605e-05,0.00718366,0.2100581,2.28177011,8.25869164,7.9516119,1.28254547,0.01204306,2.6e-07,0.0],"conf_yes_cr_no_del_yes":[1.28e-06,3.52e-06,9.05e-06,2.185e-05,4.976e-05,0.00010723,0.00021925,0.00042828,0.00083007,0.00184967,0.0059007,0.024649,0.10198963,0.36322816,1.06438261,2.50227529,4.54096728,5.86897823,4.45564439,1.07148034,0.00197172]}}
