{"nodes":{"cr_yes":[0.0,0.0,0.0,0.0,0.0,0.0,0.0,0.0,0.0,0.0,0.0,0.0,0.0,6.037e-05,0.38357273,17.44634888,2.1739003,0.00011853,0.0,0.0,0.0],"imm_yes_cr_yes":[0.0,0.0,0.0,0.0,0.0,0.0,0.0,0.00066928,0.98529091,15.44743143,3.55774564,0.01286292,6.2e-07,0.0,0.0,0.0,0.0,0.0,0.0,0.0,0.0],"imm_yes_cr_no":[0.0,0.0,0.0,0.0,0.0,0.0,0.0,0.0,1e-08,1.789e-05,0.00373282,0.13099845,0.85923797,2.41614301,8.56691548,7.34725808,0.67697282,0.00272421,7e-08,0.0,0.0],"del_yes_cr_yes":[0.0,0.0,0.0,9.671e-05,0.09084163,3.44260189,11.34629071,4.80461421,0.3161133,0.00343642,5.94e-06,0.0,0.0,0.0,0.0,0.0,0.0,0.0,0.0,0.0,0.0],"del_yes_cr_no":[3.7e-07,4.56e-06,2.23e-06,0.00063173,0.04903444,0.73351237,3.45105735,6.594524,5.87979202,2.62362881,0.59914831,0.06882319,0.00375356,8.733e-05,7.3e-07,0.0,0.0,0.0,0.0,0.0,0.0],"conf_yes_cr_yes_del_yes":[0.0,0.0,0.0,0.0,0.0,0.0,0.0,0.0,0.0,3.5e-07,4.815e-05,0.0027556,0.06996469,0.80588894,4.10083288,8.41696973,5.73103487,0.86505609,0.01144877,7.3e-07,0.0],"conf_yes_cr_no_del_yes":[0.0,0.0,0.0,0.0,0.0,0.0,3e-08,5.2e-07,6.12e-06,5.474e-05,0.000387,0.00223721,0.01085195,0.04501455,0.16172701,0.50648234,1.38022661,3.22354606,6.1602446,8.21048229,0.60547953]}}
