{"nodes":{"cr_yes":[0.0,0.0,0.0,0.0,0.0,0.0,0.0,0.0,0.0,0.0,0.0,0.0,7.87e-06,0.23570305,18.35474683,1.41352306,1.999e-05,0.0,0.0,0.0,0.0],"imm_yes_cr_yes":[0.0,0.0,0.0,0.0,0.0,1.641e-05,0.09591711,7.20707483,12.09294089,0.60693232,0.00111595,3.27e-06,1e-08,0.0,0.0,0.0,0.0,0.0,0.0,0.0,0.0],"imm_yes_cr_no":[0.0,0.0,0.0,9e-08,5.27e-06,6.32e-05,0.00264703,0.34967221,4.97086755,9.64596811,4.33236689,0.67217263,0.02993283,0.00030439,6e-07,0.0,0.0,0.0,0.0,0.0,0.0],"del_yes_cr_yes":[0.0,0.0,0.0,0.0,0.0,0.0,3.6e-07,0.00015099,0.01347619,0.753287,8.19562001,9.84822156,1.18138235,0.01185528,7.07e-06,0.0,0.0,0.0,0.0,0.0,0.0],"del_yes_cr_no":[5.91e-06,0.00024175,0.00208636,0.00649725,0.19739383,3.33146347,9.26671567,6.00433391,1.11671152,0.07336827,0.00443327,0.00065924,8.575e-05,7.17e-06,3.7e-07,1e-08,0.0,0.0,0.0,0.0,0.0],"conf_yes_cr_yes_del_yes":[0.0,0.0,0.0,0.0,0.0,0.0,0.0,0.0,0.0,0.0,1.64e-06,0.00038027,0.02823597,0.68196315,5.08388374,10.09420716,3.9464292,0.16820161,0.00069021,7.86e-06,0.0],"conf_yes_cr_no_del_yes":[1e-07,3.1e-07,9.1e-07,2.58e-06,7.09e-06,1.88e-05,4.826e-05,0.00012004,0.00028958,0.00067824,0.0015439,0.00341985,0.00738324,0.01558677,0.03254291,0.07043619,0.18267248,0.67308675,3.07610995,11.85293413,8.17423758]}}
