{"nodes":{"cr_yes":[0.0,0.0,0.0,0.0,0.0,0.0,0.0,0.0,0.0,2e-08,1.7e-07,7.4e-07,1.41e-06,1.15e-06,7e-07,0.0001156,0.0038315,0.00862727,0.03062877,3.52260666,32.8763736],"imm_yes_cr_yes":[0.0,0.0,0.0,0.0,0.0,0.0,0.0,0.0,6e-07,0.00405564,0.92721461,8.15186788,8.46274915,2.42696286,0.0311408,9.26e-06,0.0,0.0,0.0,0.0,0.0],"imm_yes_cr_no":[0.0,0.0,0.0,0.0,0.0,0.0,0.0,0.0,0.0,1.8e-07,0.00032385,0.07894466,2.66635699,11.63857131,5.4299529,0.18956175,0.00028912,4e-08,0.0,0.0,0.0],"del_yes_cr_yes":[0.00038823,0.01484542,0.33522398,8.90490347,9.79043302,0.94468534,0.01351044,4.093e-05,7.3e-07,1.8e-07,2.8e-07,7.1e-07,1.63e-06,3.37e-06,6.32e-06,1.081e-05,1.696e-05,2.457e-05,3.301e-05,4.133e-05,4.841e-05],"del_yes_cr_no":[16.6711446,6.65033049,2.91482034,1.24929738,0.51753979,0.20762049,0.0808229,0.03057854,0.01125718,0.00403604,0.00141017,0.00048037,0.00015958,5.171e-05,1.634e-05,5.04e-06,1.52e-06,4.4e-07,1.3e-07,4e-08,1e-08],"conf_yes_cr_yes_del_yes":[0.19658035,0.17546795,0.16506837,0.16876727,0.18945653,0.22862521,0.28584235,0.36020391,0.45673197,0.60072399,0.85467629,1.30884562,1.99960238,2.76690954,3.21098852,2.94953011,2.04647946,1.06377658,0.50820416,0.37300624,0.38560835],"conf_yes_cr_no_del_yes":[0.25067351,0.28139716,0.3192834,0.36433223,0.41654366,0.47591767,0.54245428,0.61615348,0.69701527,0.78503965,0.88022663,0.98257619,1.09208835,1.2087631,1.33260044,1.46360038,1.6017629,1.74708802,1.89957573,2.05922603,2.22603892]}}
