{"nodes":{"cr_yes":[0.0,0.0,0.0,0.0,0.0,0.0,0.0,0.0,0.0,0.0,0.0,0.0,7.216e-05,1.14141378,18.75824714,0.10426769,2e-08,0.0,0.0,0.0,0.0],"imm_yes_cr_yes":[0.0,0.0,0.0,0.0,0.0,3.3e-07,0.01441581,4.03733381,14.88425254,1.06628213,0.00171613,6e-08,0.0,0.0,0.0,0.0,0.0,0.0,0.0,0.0,0.0],"imm_yes_cr_no":[0.0,0.0,0.0,0.0,0.0,3.224e-05,0.04398755,2.68227145,11.93629406,5.10504378,0.23522287,0.00114833,5.2e-07,0.0,0.0,0.0,0.0,0.0,0.0,0.0,0.0],"del_yes_cr_yes":[0.0,0.0,0.0,0.0,0.0,0.0,2e-08,5.596e-05,0.01975945,1.40615255,10.88249092,7.31382123,0.38050503,0.00121549,1.6e-07,0.0,0.0,0.0,0.0,0.0,0.0],"del_yes_cr_no":[0.0,4.8e-07,0.00047188,0.02836876,0.90041021,6.87391535,9.18984505,2.77999043,0.22566012,0.00530217,3.627e-05,7e-08,0.0,0.0,0.0,0.0,0.0,0.0,0.0,0.0,0.0],"conf_yes_cr_yes_del_yes":[1e-07,2.7e-07,6.8e-07,1.52e-06,3e-06,5.26e-06,8.13e-06,1.102e-05,1.302e-05,1.329e-05,1.233e-05,0.00020223,0.01653818,0.4652459,4.12102921,10.02926892,5.06708049,0.30392974,0.00063758,1e-08,0.0],"conf_yes_cr_no_del_yes":[0.00045922,0.00084068,0.00151815,0.00270483,0.00475501,0.00824866,0.01412031,0.02385184,0.03975382,0.06536591,0.10600972,0.16952602,0.26721646,0.41498378,0.63463728,0.95550231,1.41836935,2.09614631,3.2020096,5.47825714,10.19990803]}}
