{"nodes":{"cr_yes":[0.0,0.0,0.0,0.0,0.0,0.0,0.0,0.0,0.0,0.0,0.0,1.3e-06,0.00703381,11.77767054,8.14169884,0.0753858,0.0022105,1e-08,0.0,0.0,0.0],"imm_yes_cr_yes":[0.0,0.0,0.0,0.0,0.0,0.0,3.703e-05,0.54494484,17.36283133,2.09498887,0.00119872,0.0,0.0,0.0,0.0,0.0,0.0,0.0,0.0,0.0,0.0],"imm_yes_cr_no":[0.0,0.0,0.0,0.0,0.0,0.0,8.035e-05,0.17691214,7.9673175,11.25364498,0.60480275,0.00124299,8e-08,0.0,0.0,0.0,0.0,0.0,0.0,0.0,0.0],"del_yes_cr_yes":[0.0,0.0,0.0,0.0,0.0,0.0,0.0,0.0,4.456e-05,0.10744798,6.71415262,12.5227266,0.65888714,0.00074188,1e-08,0.0,0.0,0.0,0.0,0.0,0.0],"del_yes_cr_no":[0.0,0.0,0.0,1.958e-05,0.01085302,0.87249559,8.1298029,9.07708832,1.80225039,0.10893689,0.00253162,2.104e-05,1.12e-06,2.8e-07,4e-08,0.0,0.0,0.0,0.0,0.0,0.0],"conf_yes_cr_yes_del_yes":[0.0,0.0,0.0,0.0,0.0,0.0,0.0,0.0,0.0,0.0,1e-08,2.433e-05,0.0098812,0.69616582,7.72152525,10.50894236,1.06448951,0.00297227,4e-08,0.0,0.0],"conf_yes_cr_no_del_yes":[0.0,6e-08,7.4e-07,7.01e-06,5.175e-05,0.00030245,0.00142025,0.00541393,0.0168914,0.04389485,0.10291319,0.27062154,0.870158,2.53395419,5.08647429,6.09699648,3.83790842,1.04684778,0.08846481,0.00158268,0.00019403]}}
