{"nodes":{"cr_yes":[0.0,0.0,0.0,0.0,0.0,0.0,0.0,0.0,0.0,0.0,0.0,0.0,0.0,0.0,0.0,0.0,1.52e-05,0.01185555,1.18002962,11.09060247,15.44299592],"imm_yes_cr_yes":[0.0,0.0,0.0,0.0,0.0,0.0,0.0,0.0,0.0,3.652e-05,0.06936775,5.10279122,13.74329651,1.08688029,0.00162849,2e-08,0.0,0.0,0.0,0.0,0.0],"imm_yes_cr_no":[0.0,0.0,0.0,0.0,0.0,0.0,0.0,0.0,1e-08,0.00010537,0.0664795,3.31282642,13.04597151,3.53069874,0.04790077,1.847e-05,0.0,0.0,0.0,0.0,0.0],"del_yes_cr_yes":[0.00010797,0.00066948,0.28354127,6.5362772,10.83052273,2.26321547,0.08887982,0.00083446,4.73e-06,1.14e-06,3.8e-07,1e-07,2e-08,0.0,0.0,0.0,0.0,0.0,0.0,0.0,0.0],"del_yes_cr_no":[37.67619808,1.14998128,0.01358452,0.00179529,0.00041971,9.496e-05,2.063e-05,4.31e-06,8.6e-07,1.7e-07,3e-08,1e-08,0.0,0.0,0.0,0.0,0.0,0.0,0.0,0.0,0.0],"conf_yes_cr_yes_del_yes":[0.38637137,0.33099667,0.28163935,0.24282767,0.2204522,0.22223126,0.25803512,0.34026676,0.485851,0.72155713,1.08686228,1.61290756,2.2576042,2.83218373,3.03197401,2.64584854,1.79658821,0.90715534,0.34423404,0.13894578,0.10530856],"conf_yes_cr_no_del_yes":[0.40453947,0.42767014,0.45670128,0.49163288,0.53246495,0.57919749,0.6318305,0.69036398,0.75479792,0.82513233,0.90136721,0.98350255,1.07153837,1.16547465,1.2653114,1.37104861,1.4826863,1.60022445,1.72366307,1.85300215,1.98824171]}}
