{"nodes":{"cr_yes":[0.0,0.0,0.0,0.0,0.0,0.0,0.0,0.0,0.0,0.0,0.0,0.0,0.0,0.0,6.802e-05,1.47320704,18.51997668,0.01074906,0.0,0.0,0.0],"imm_yes_cr_yes":[0.0,0.0,0.0,0.0,0.0,0.0,0.0,0.0,0.0,9.65e-06,0.10433668,10.44423067,9.39959401,0.05582867,1.12e-06,0.0,0.0,0.0,0.0,0.0,0.0],"imm_yes_cr_no":[0.0,0.0,0.0,0.0,0.0,0.0,0.0,0.0,5e-08,5.7e-07,2.22e-06,2.585e-05,0.00033077,0.00257813,0.18142696,4.01483808,12.85016273,2.94542897,0.00920646,0.0,0.0],"del_yes_cr_yes":[0.0,0.0,0.0,0.0,0.0,4e-08,0.00155534,0.83292245,11.99972885,6.97592347,0.19361957,0.00025107,1e-08,0.0,0.0,0.0,0.0,0.0,0.0,0.0,0.0],"del_yes_cr_no":[0.0,0.0,9e-08,4.608e-05,0.00327773,0.0669302,0.55009951,2.19579839,4.74136318,5.872519,4.27114824,1.81276381,0.43284997,0.05402909,0.00310839,6.676e-05,3.7e-07,0.0,0.0,0.0,0.0],"conf_yes_cr_yes_del_yes":[0.0,0.0,0.0,0.0,0.0,0.0,0.0,0.0,0.0,0.0,2.74e-06,0.00054284,0.03501009,0.75405151,5.18299168,9.90635782,3.9437276,0.18106952,0.000247,0.0,0.0],"conf_yes_cr_no_del_yes":[0.0,0.0,0.0,0.0,0.0,0.0,0.0,1e-08,1.9e-07,3.16e-06,3.733e-05,0.0003376,0.0024312,0.01432554,0.07030884,0.28999132,1.00341037,2.85879311,6.34245713,9.12517126,0.59346746]}}
