{"nodes":{"cr_yes":[0.0,0.0,0.0,0.0,0.0,0.0,0.0,0.0,0.0,0.0,0.0,0.0,0.0,0.0,0.00114751,9.96943144,10.033379,4.285e-05,0.0,0.0,0.0],"imm_yes_cr_yes":[0.0,0.0,0.0,0.0,0.0,0.0,2.176e-05,0.55825524,17.91708139,1.52817042,0.00047199,0.0,0.0,0.0,0.0,0.0,0.0,0.0,0.0,0.0,0.0],"imm_yes_cr_no":[0.0,0.0,0.0,0.0,0.0,0.0,0.0,0.0,1.47e-06,0.00117778,0.14155667,2.90805296,10.44927764,6.04601299,0.45496042,0.00296007,7.9e-07,0.0,0.0,0.0,0.0],"del_yes_cr_yes":[0.0,0.0,0.0,0.0,0.0,1.096e-05,0.10001472,7.8329105,11.58632175,0.48408475,0.00065809,3e-08,0.0,0.0,0.0,0.0,0.0,0.0,0.0,0.0,0.0],"del_yes_cr_no":[0.0,0.0,9.05e-06,0.00234388,0.08391221,0.83626855,3.26602282,6.00938329,5.76056883,3.02072688,0.8759919,0.13736914,0.01099327,0.00040514,5.81e-06,2e-08,0.0,0.0,0.0,0.0,0.0],"conf_yes_cr_yes_del_yes":[0.0,0.0,0.0,0.0,0.0,0.0,0.0,0.0,0.0,7e-08,3.321e-05,0.0044534,0.18310771,2.32919851,8.57265244,7.69909021,1.19910835,0.01635271,4.18e-06,0.0,0.0],"conf_yes_cr_no_del_yes":[0.0,0.0,0.0,0.0,0.0,0.0,2e-08,5.9e-07,1.067e-05,0.00013132,0.00117721,0.00803381,0.04297699,0.18338653,0.62810827,1.71544825,3.64356979,5.67758094,5.66735903,2.43392426,0.0045862]}}
