{"nodes":{"cr_yes":[0.0,0.0,0.0,0.0,0.0,0.0,0.0,0.0,0.0,0.0,0.0,0.0,0.0,2.779e-05,0.87778402,19.0735139,0.05267508,0.0,0.0,0.0,0.0],"imm_yes_cr_yes":[0.0,0.0,0.0,0.0,0.0,0.0,0.00081678,2.16551889,17.10211963,0.73532917,0.00021633,0.0,0.0,0.0,0.0,0.0,0.0,0.0,0.0,0.0,0.0],"imm_yes_cr_no":[0.0,0.0,0.0,0.0,0.0,0.0,0.0,4.01e-06,0.00148431,0.07436298,1.12981188,7.19156865,9.66757346,1.89831501,0.04082074,5.975e-05,0.0,0.0,0.0,0.0,0.0],"del_yes_cr_yes":[0.0,0.0,0.0,0.0,0.0,9.908e-05,0.15333862,6.39740207,12.09645216,1.34714993,0.00955495,3.99e-06,0.0,0.0,0.0,0.0,0.0,0.0,0.0,0.0,0.0],"del_yes_cr_no":[0.0,0.0,7e-08,0.00017073,0.0217586,0.46487808,2.81619036,6.40496778,6.40377847,3.068166,0.73195473,0.08702185,0.00498477,0.00012806,1.31e-06,0.0,0.0,0.0,0.0,0.0,0.0],"conf_yes_cr_yes_del_yes":[0.0,0.0,0.0,0.0,0.0,0.0,0.0,0.0,0.0,0.0,1.57e-06,0.00035083,0.02540863,0.61157914,4.68765663,9.99554323,4.45307654,0.23002987,0.00035436,0.0,0.0],"conf_yes_cr_no_del_yes":[0.0,0.0,0.0,0.0,0.0,0.0,0.0,1.3e-07,3e-06,4.578e-05,0.00049153,0.00391929,0.02408783,0.11677756,0.45123674,1.38456477,3.29449257,5.72445149,6.26955883,2.73426756,0.00020745]}}
