{"nodes":{"cr_yes":[0.0,0.0,0.0,0.0,0.0,0.0,0.0,0.0,0.0,0.0,0.0,0.0,1.4e-07,0.01041485,5.92038963,14.02976617,0.04342998,2e-08,0.0,0.0,0.0],"imm_yes_cr_yes":[0.0,0.0,0.0,0.0,0.0,0.0,0.0,5e-08,1.53e-06,0.01491751,5.31490676,14.41463131,0.25952384,1.98e-05,0.0,0.0,0.0,0.0,0.0,0.0,0.0],"imm_yes_cr_no":[0.0,0.0,0.0,0.0,0.0,0.0,0.0,0.0,0.0,0.0,0.0,0.0,5.89e-06,0.00259983,0.25772034,4.90390706,12.67254117,2.1626268,0.0045997,0.0,0.0],"del_yes_cr_yes":[0.0,9.2e-05,5.43632662,14.33398647,0.23347279,0.00012292,0.0,0.0,0.0,0.0,0.0,0.0,0.0,0.0,0.0,0.0,0.0,0.0,0.0,0.0,0.0],"del_yes_cr_no":[0.0,0.0,0.0,0.0,1.8e-07,5.794e-05,0.00396996,0.08684314,0.76270636,3.07249795,6.09949749,6.12382681,3.06297852,0.71895318,0.07032783,0.00232357,1.784e-05,2e-08,0.0,0.0,0.0],"conf_yes_cr_yes_del_yes":[0.0,0.0,0.0,0.0,0.0,0.0,0.0,0.0,0.0,1e-08,2.69e-06,0.00043213,0.02477432,0.52219366,3.91859594,9.37098627,5.63749695,0.52693744,0.00258137,3e-08,0.0],"conf_yes_cr_no_del_yes":[0.0,0.0,0.0,0.0,0.0,0.0,2e-08,8.6e-07,1.856e-05,0.00025652,0.00246419,0.01734668,0.09254916,0.3810536,1.21412041,2.94626215,5.20536541,6.04586576,3.60483764,0.49385837,2.93e-06]}}
