{"nodes":{"cr_yes":[0.0,0.0,0.0,0.0,0.0,0.0,0.0,0.0,0.0,0.0,0.0,1.56e-06,0.00325573,0.25589742,14.14141079,5.60231866,0.00111664,0.0,0.0,0.0,0.0],"imm_yes_cr_yes":[0.0,0.0,0.0,0.0,0.0,0.0,0.0,0.0,0.0,3.6e-06,0.04771987,7.20901855,12.55447074,0.19277399,1.405e-05,0.0,0.0,0.0,0.0,0.0,0.0],"imm_yes_cr_no":[0.0,0.0,0.0,0.0,0.0,0.0,0.0,0.0,1e-08,0.00015039,0.11312445,4.98595164,13.12573942,1.77056603,0.00846814,7.2e-07,0.0,0.0,0.0,0.0,0.0],"del_yes_cr_yes":[6.085e-05,0.04515415,1.22932602,8.08249893,9.3409223,1.25914812,0.04587787,0.00102205,1.9e-05,1.66e-06,2.4e-07,3e-08,0.0,0.0,0.0,0.0,0.0,0.0,0.0,0.0,0.0],"del_yes_cr_no":[7.06356921,7.52852169,2.88248928,2.01909172,1.39129517,0.93871582,0.62166768,0.40490095,0.25977799,0.16439637,0.10272953,0.06344713,0.03875976,0.02343642,0.01403429,0.00832707,0.00489758,0.0028564,0.00165252,0.0009486,0.00054043],"conf_yes_cr_yes_del_yes":[0.00805176,0.01624061,0.0310345,0.05549624,0.09249741,0.14355709,0.20747121,0.27960767,0.35500159,0.44496019,0.62069041,1.05901567,1.96046942,3.21455214,4.10346186,3.76530358,2.30760875,0.89936729,0.28285503,0.13097774,0.0596131],"conf_yes_cr_no_del_yes":[0.47072607,0.49199753,0.51839869,0.54992956,0.58659014,0.62838042,0.67530041,0.72735011,0.78452952,0.84683863,0.91427745,0.98684597,1.06454421,1.14737215,1.2353298,1.32841715,1.42663421,1.52998098,1.63845746,1.75206364,1.87079953]}}
