{"nodes":{"cr_yes":[0.0,0.0,0.0,0.0,0.0,0.0,0.0,0.0,0.0,0.0,0.0,0.0,1.5e-07,0.08064228,19.03668288,0.88666668,8.81e-06,0.0,0.0,0.0,0.0],"imm_yes_cr_yes":[0.0,0.0,0.0,0.0,0.0,0.0,0.0,0.0,0.0,0.0,1e-08,0.00242114,3.19966928,16.60799393,0.19391474,1.7e-06,0.0,0.0,0.0,0.0,0.0],"imm_yes_cr_no":[0.0,0.0,0.0,0.0,0.0,0.0,0.0,0.0,0.0,0.0,0.0,0.00010922,0.13514319,7.09996344,12.34851969,0.42016049,0.00010477,0.0,0.0,0.0,0.0],"del_yes_cr_yes":[0.0,0.0,0.0,0.0,0.00025019,0.22384897,6.2057329,11.43119487,2.09634703,0.04649585,0.00013094,4e-08,0.0,0.0,0.0,0.0,0.0,0.0,0.0,0.0,0.0],"del_yes_cr_no":[3.7579222,16.88430329,1.19243995,0.01903843,0.00069358,0.00079782,0.00104394,0.0012998,0.00154976,0.0017794,0.00197642,0.00213158,0.0022392,0.00229713,0.00230644,0.00227084,0.00219601,0.00208881,0.00195669,0.0018071,0.00164701],"conf_yes_cr_yes_del_yes":[0.00012759,9.093e-05,6.328e-05,4.312e-05,2.922e-05,2.083e-05,1.787e-05,2.086e-05,3.061e-05,5.104e-05,0.00022754,0.00363708,0.04714536,0.37760149,1.81359558,4.9978092,7.22146048,4.60157858,0.91427986,0.02590263,0.00066288],"conf_yes_cr_no_del_yes":[0.15392155,0.18040047,0.21824964,0.27566302,0.36055344,0.47857583,0.63166847,0.81711234,1.0271086,1.24887404,1.4652547,1.65585749,1.79869996,1.87237808,1.85875211,1.74615061,1.53309242,1.23252679,0.87659154,0.52188937,0.25528214]}}
