{"nodes":{"cr_yes":[0.0,0.0,0.0,0.0,0.0,0.0,0.0,0.0,0.0,0.0,2e-08,8.2e-07,8.74e-06,0.00047007,0.1242347,3.45219622,16.23366756,0.19084405,2.017e-05,7.014e-05,0.0049766],"imm_yes_cr_yes":[0.0,0.0,0.0,0.0,0.0,9.5e-07,0.0206127,4.00138161,13.93899698,2.00357763,0.03936244,6.848e-05,1e-08,0.0,0.0,0.0,0.0,0.0,0.0,0.0,0.0],"imm_yes_cr_no":[5.1e-07,1.25e-06,2.17e-06,2.67e-06,2.36e-06,1.55e-06,3.602e-05,0.00395228,0.12731173,1.32362565,4.82569891,6.56805319,3.2900177,0.57224354,0.28993006,0.56074911,0.588738,0.45977848,0.53960231,0.62592256,0.45666195],"del_yes_cr_yes":[0.0,0.0,0.0,0.0,0.0,0.0,3.2e-07,0.00023139,0.09693487,3.47243699,11.91859934,4.29721174,0.21487657,0.00369495,1.462e-05,1e-08,0.0,0.0,0.0,0.0,0.0],"del_yes_cr_no":[3.283e-05,0.00035391,0.00279693,0.01475957,0.05385804,0.14038014,0.26982861,0.4295642,0.84129699,2.17490925,4.37250994,5.3884584,3.95276538,1.7467994,0.46814601,0.0798647,0.01467064,0.00947247,0.01339545,0.01881509,0.02267853],"conf_yes_cr_yes_del_yes":[0.0,3e-08,1.5e-07,6.6e-07,2.53e-06,8.25e-06,2.286e-05,5.379e-05,0.00010692,0.00017841,0.00025129,0.00065666,0.02327636,0.55414929,4.39657397,9.85726968,4.81383607,0.35021463,0.00731228,8.693e-05,5e-08],"conf_yes_cr_no_del_yes":[0.09989714,0.12432957,0.15403009,0.18992393,0.23303429,0.28447047,0.34540535,0.41703854,0.50054095,0.59697549,0.70718815,0.83166314,0.97033686,1.12237114,1.28592017,1.4581388,1.63698545,1.83316892,2.12685556,2.84712548,4.57709979]}}
