{"nodes":{"cr_yes":[0.0,0.0,0.0,0.0,0.0,0.0,0.0,0.0,0.0,0.0,0.0,0.0,0.0,0.00013242,2.02331044,17.96446859,0.01608934,0.0,0.0,0.0,0.0],"imm_yes_cr_yes":[0.0,0.0,0.0,0.0,0.0,0.0,0.0,4.252e-05,0.41270955,15.89880138,3.68681019,0.00563712,5e-08,0.0,0.0,0.0,0.0,0.0,0.0,0.0,0.0],"imm_yes_cr_no":[0.0,0.0,0.0,0.0,0.0,0.0,0.0,2.264e-05,0.01541164,1.03923167,8.53256662,9.16972543,1.22981333,0.01721179,1.768e-05,0.0,0.0,0.0,0.0,0.0,0.0],"del_yes_cr_yes":[0.0,0.0,0.0,0.0,0.0,0.0,3.83e-06,0.01560008,2.02192117,12.88544802,4.96217367,0.1187009,0.00015313,1e-08,0.0,0.0,0.0,0.0,0.0,0.0,0.0],"del_yes_cr_no":[0.0,0.0,6.79e-06,0.0083782,0.46402078,3.84491973,8.14509599,5.78060816,1.57747201,0.17541147,0.00794754,0.00013928,8.5e-07,0.0,0.0,0.0,0.0,0.0,0.0,0.0,0.0],"conf_yes_cr_yes_del_yes":[0.0,0.0,0.0,0.0,0.0,0.0,0.0,0.0,0.0,0.0,2.3e-07,7.376e-05,0.00766329,0.26632783,2.98626998,9.53627242,6.62957365,0.5760765,0.00174315,0.0,0.0],"conf_yes_cr_no_del_yes":[0.0,0.0,0.0,0.0,0.0,0.0,1e-08,3.9e-07,9.44e-06,0.00014622,0.00155554,0.01200702,0.06966173,0.30966906,1.05849234,2.73911464,5.12914303,6.26763797,3.88399445,0.53256898,0.0]}}
