{"nodes":{"cr_yes":[0.0,0.0,0.0,0.0,0.0,0.0,0.0,0.0,0.0,0.0,0.0,0.0,0.0,0.0,0.00044062,8.88789616,11.11563432,2.97e-05,0.0,0.0,0.0],"imm_yes_cr_yes":[0.0,0.0,0.0,0.0,0.0,0.0,5e-08,0.029666,12.04945493,7.91300565,0.01187411,4e-08,0.0,0.0,0.0,0.0,0.0,0.0,0.0,0.0,0.0],"imm_yes_cr_no":[0.0,0.0,0.0,0.0,0.0,0.0,0.0,0.0,4.6e-07,0.00100284,0.20683167,4.69657168,11.97700049,3.06312292,0.05941911,5.162e-05,0.0,0.0,0.0,0.0,0.0],"del_yes_cr_yes":[0.0,0.0,0.0,0.0,0.0,0.0,0.0,0.0,2e-08,0.00053673,0.38618407,10.04345838,9.32574062,0.24796499,0.00011598,0.0,0.0,0.0,0.0,0.0,0.0],"del_yes_cr_no":[0.0,0.0,0.0,0.0,0.0,0.0,1.39e-06,0.0002107,0.01026727,0.19036921,1.47936791,5.03603758,7.49760087,4.64377287,1.07037558,0.07489115,0.00110454,1.72e-06,0.0,0.0,0.0],"conf_yes_cr_yes_del_yes":[0.0,0.0,0.0,0.0,0.0,0.0,0.0,0.0,0.0,0.0,5.9e-07,0.00061574,0.10479064,2.90632695,11.69662363,5.15349317,0.14207019,7.99e-05,0.0,0.0,0.0],"conf_yes_cr_no_del_yes":[0.0,0.0,0.0,0.0,0.0,0.0,0.0,0.0,0.0,1e-08,4.3e-07,9.79e-06,0.00017428,0.0025915,0.03134738,0.2809803,1.66839195,5.67533977,8.54218751,3.68303174,0.23989225]}}
