{"nodes":{"cr_yes":[0.0,0.0,0.0,0.0,0.0,0.0,0.0,0.0,0.0,0.0,0.0,0.0,0.0,1.07e-06,0.07270912,16.29126402,3.63995498,7.16e-05,0.0,0.0,0.0],"imm_yes_cr_yes":[0.0,0.0,0.0,0.0,0.0,0.0,0.0,1.73e-05,0.17653265,11.91554963,7.85596432,0.05593324,3.65e-06,0.0,0.0,0.0,0.0,0.0,0.0,0.0,0.0],"imm_yes_cr_no":[0.0,0.0,0.0,0.0,0.0,0.0,0.0,1e-08,1.798e-05,0.00559958,0.32303951,3.88362227,9.98854249,5.14736906,0.44576667,0.03145103,0.13330598,0.04509249,0.00019374,0.0,0.0],"del_yes_cr_yes":[0.0,0.0,0.0,0.0,0.0,0.0,1.2e-07,0.00130568,0.4647626,8.54552695,10.16581344,0.82254601,0.0040451,9e-07,0.0,0.0,0.0,0.0,0.0,0.0,0.0],"del_yes_cr_no":[0.0,0.0,1e-08,6.89e-06,0.00068224,0.01834937,0.19773675,1.05092698,3.08707498,5.31676943,5.49240192,3.38409815,1.20294628,0.23085503,0.02135595,0.00078843,8.38e-06,1e-08,0.0,0.0,0.0],"conf_yes_cr_yes_del_yes":[0.0,0.0,0.0,0.0,0.0,0.0,0.0,0.0,0.0,2e-08,1.128e-05,0.00172208,0.08476526,1.36758108,6.85322393,9.19271905,2.43491102,0.06901456,5.253e-05,0.0,0.0],"conf_yes_cr_no_del_yes":[0.0,0.0,0.0,0.0,0.0,0.0,0.0,1e-07,2.32e-06,3.43e-05,0.00036034,0.00283608,0.01734861,0.08444441,0.33103513,1.04508627,2.61483611,4.96800595,6.48313039,4.40235813,0.10904533]}}
