{"nodes":{"cr_yes":[0.0,0.0,0.0,0.0,0.0,0.0,0.0,0.0,0.0,0.0,0.0,0.0,2.62e-06,0.177491,18.56618446,1.26031051,1.221e-05,0.0,0.0,0.0,0.0],"imm_yes_cr_yes":[0.0,0.0,0.0,0.0,0.0,2.1e-07,0.00116355,4.23714416,15.65882201,0.10686917,1.69e-06,0.0,0.0,0.0,0.0,0.0,0.0,0.0,0.0,0.0,0.0],"imm_yes_cr_no":[0.0,0.0,0.0,0.0,1e-08,1.276e-05,0.00204467,0.41859777,8.43907986,10.27980983,0.85912926,0.00516221,0.00013947,2.373e-05,1.22e-06,2e-08,0.0,0.0,0.0,0.0,0.0],"del_yes_cr_yes":[0.0,0.0,0.0,0.0,0.0,0.0,0.0,5e-08,0.00227676,1.35802856,15.12971164,3.49909062,0.01489237,8.1e-07,0.0,0.0,0.0,0.0,0.0,0.0,0.0],"del_yes_cr_no":[0.0,3.88e-06,0.00022589,0.02168748,1.40043468,9.80816529,7.79046146,0.96060311,0.02231312,0.00010555,1.2e-07,1e-08,1e-08,0.0,0.0,0.0,1e-08,2e-08,4e-08,7e-08,1.2e-07],"conf_yes_cr_yes_del_yes":[0.0,0.0,0.0,0.0,0.0,0.0,0.0,6e-08,8e-07,7.54e-06,4.677e-05,0.0002497,0.00865414,0.37184342,4.05841473,9.33548198,5.55134728,0.6695683,0.00838242,3.67e-06,0.0],"conf_yes_cr_no_del_yes":[0.09229595,0.11559354,0.14386758,0.17789146,0.2184632,0.26636795,0.32232468,0.38691403,0.46048458,0.54303582,0.63407768,0.73246933,0.83624504,0.9424449,1.04702375,1.14554079,1.24220092,1.42749367,2.28349056,5.17549895,3.71284882]}}
