{"nodes":{"cr_yes":[0.0,0.0,0.0,0.0,0.0,0.0,0.0,0.0,0.0,0.0,0.0,0.0,0.0,1e-08,9.08e-06,0.04929434,16.71726751,3.23741961,1.025e-05,0.0,0.0],"imm_yes_cr_yes":[0.0,0.0,0.0,0.0,0.0,2.636e-05,0.30927475,14.34388749,5.32801581,0.02279514,1.25e-06,0.0,0.0,0.0,0.0,0.0,0.0,0.0,0.0,0.0,0.0],"imm_yes_cr_no":[3.8e-07,3.03e-06,1.603e-05,5.691e-05,0.00013661,0.00022249,0.00024545,0.00018407,0.00054836,0.02993499,0.62643736,4.50880449,9.61220543,4.77927557,0.43265255,0.00884407,0.00287168,0.00087459,0.00029579,0.00029581,0.00019068],"del_yes_cr_yes":[0.0,0.0,0.0,0.0,0.0,1.984e-05,0.03910305,2.94721102,12.85158294,4.06436458,0.1015262,0.00019314,2e-08,0.0,0.0,0.0,0.0,0.0,0.0,0.0,0.0],"del_yes_cr_no":[0.00092262,0.00566277,0.02296649,0.06477755,0.13252031,0.21441292,0.36643417,0.85059128,1.95003062,3.4158931,4.42564663,4.19100759,2.74197342,1.16227089,0.32861816,0.08796932,0.03097487,0.00961846,0.00193886,0.00022541,1.335e-05],"conf_yes_cr_yes_del_yes":[0.0,0.0,0.0,0.0,0.0,0.0,0.0,0.0,0.0,0.0,1e-07,4.987e-05,0.00726882,0.30356319,3.46566078,9.5727636,5.69838266,0.92561109,0.03066737,3.332e-05,0.0],"conf_yes_cr_no_del_yes":[0.04102436,0.05954131,0.0838244,0.11444968,0.15149963,0.19433825,0.24142027,0.29018689,0.3371145,0.37807091,0.40967291,0.43468059,0.48100004,0.64976235,1.17297476,2.31540362,3.85200248,4.51844939,3.14789853,1.06385724,0.17468171]}}
