{"nodes":{"cr_yes":[0.0,0.0,0.0,0.0,0.0,0.0,0.0,0.0,0.0,1.1e-07,0.00010198,0.02064878,0.82664535,5.81257891,6.10616269,0.84392398,6.38939326,0.00454573,0.0,0.0,0.0],"imm_yes_cr_yes":[0.0,0.0,0.0,0.0,0.0,0.0,6.616e-05,0.56506166,16.59819211,2.83717512,0.00350573,3e-08,0.0,0.0,0.0,0.0,0.0,0.0,0.0,0.0,0.0],"imm_yes_cr_no":[0.0,0.0,0.0,0.0,0.0,0.0,0.0,1e-08,1.973e-05,0.00652898,0.38956764,4.54584126,10.42320331,4.35726073,0.27954867,0.0020208,2.91e-06,2.83e-06,2.59e-06,1.23e-06,2.3e-07],"del_yes_cr_yes":[0.0,0.0,0.0,0.0,0.0,0.0,0.0,0.0,0.0,2.238e-05,0.04590608,3.91455053,14.18673019,1.85096549,0.00582592,2.1e-07,0.0,0.0,0.0,0.0,0.0],"del_yes_cr_no":[3.545e-05,2.058e-05,1.085e-05,6.92e-06,0.0001052,0.00289122,0.0401579,0.29987256,1.27653064,3.21591678,4.9065087,4.64911664,2.96101998,1.5598294,0.76768361,0.27067466,0.04976011,0.00378492,9.158e-05,7.2e-07,1.7e-07],"conf_yes_cr_yes_del_yes":[0.0,0.0,0.0,0.0,0.0,0.0,0.0,0.0,0.0,0.0,2e-08,3.063e-05,0.01091968,0.70512349,7.5295486,10.53611917,1.21755026,0.00470886,9e-08,0.0,0.0],"conf_yes_cr_no_del_yes":[0.00939067,0.01398236,0.02062329,0.03012574,0.04357215,0.06237915,0.08836319,0.12379898,0.17145619,0.23459231,0.31687006,0.42215721,0.55415682,0.71581193,0.90848521,1.13174526,1.39373287,1.81096105,3.12165224,6.83325206,4.0031748]}}
