{"nodes":{"cr_yes":[0.0,0.0,0.0,0.0,0.0,0.0,0.0,0.0,0.0,0.0,0.0,0.0,0.0,2.2e-07,0.07610206,19.1026564,0.82524173,4e-07,0.0,0.0,0.0],"imm_yes_cr_yes":[0.0,0.0,0.0,0.0,0.0,0.0,1.3e-07,0.03023304,9.44521624,10.43686329,0.09168125,6.85e-06,0.0,0.0,0.0,0.0,0.0,0.0,0.0,0.0,0.0],"imm_yes_cr_no":[0.0,0.0,0.0,0.0,0.0,0.0,0.0,0.0,0.0,8.11e-06,0.00858847,0.88770632,9.33934484,9.10996494,0.63793698,0.01245861,0.00700174,0.00096881,2.194e-05,6e-08,0.0],"del_yes_cr_yes":[0.0,0.0,0.0,0.0,0.0,0.0,0.0,0.0,5.117e-05,0.10755963,6.43122914,12.682363,0.78164844,0.0011494,3e-08,0.0,0.0,0.0,0.0,0.0,0.0],"del_yes_cr_no":[0.00168102,0.00670725,0.02121388,0.05367991,0.10934683,0.17991531,0.23942597,0.26068845,0.26933267,0.47318998,1.32998166,2.96990113,4.4821195,4.78960751,3.4079093,1.23736723,0.16371418,0.00745329,0.00130144,0.0002923,2.503e-05],"conf_yes_cr_yes_del_yes":[0.0,0.0,0.0,0.0,0.0,0.0,0.0,0.0,1e-08,3e-08,4.72e-06,0.00074311,0.04156398,0.80790783,5.15064543,9.54133844,4.16055476,0.29927497,0.0019662,1.33e-06,0.0],"conf_yes_cr_no_del_yes":[6.3e-07,3.9e-07,2.3e-07,1.4e-07,1.4e-07,1.08e-06,1.739e-05,0.00020682,0.00175624,0.01154039,0.06598583,0.33732973,1.35808799,3.70466393,6.13398557,5.56120068,2.40096732,0.40309413,0.02408801,0.00105909,3.076e-05]}}
