{"nodes":{"cr_yes":[0.0,0.0,0.0,0.0,0.0,0.0,0.0,0.0,0.0,0.0,0.0,0.0,0.0,0.0,0.00519828,12.3186342,7.68008211,8.62e-05,0.0,0.0,0.0],"imm_yes_cr_yes":[0.0,0.0,0.0,0.0,0.0,0.0,0.0,0.0,0.0,0.0,0.0,0.00138528,2.36491766,17.32696013,0.31073309,4.64e-06,0.0,0.0,0.0,0.0,0.0],"imm_yes_cr_no":[0.0,0.0,0.0,0.0,0.0,0.0,0.0,0.0,0.0,0.0,0.0,8.57e-06,0.00464993,0.43711818,6.44231777,11.58087831,1.53359529,0.0054327,5e-08,0.0,0.0],"del_yes_cr_yes":[0.0,0.0,0.0,0.0,0.0,0.0,7.5e-07,0.00317167,0.65206355,8.97283945,9.57251808,0.79880318,0.00460274,1.39e-06,0.0,0.0,0.0,0.0,0.0,0.0,0.0],"del_yes_cr_no":[0.95063732,4.21889646,6.72524781,5.24911499,2.41644253,0.734472,0.15709228,0.02440011,0.00277405,0.0002282,1.319e-05,5.1e-07,1e-08,0.0,0.0,0.0,0.0,0.0,0.0,0.0,0.0],"conf_yes_cr_yes_del_yes":[0.0,0.0,0.0,0.0,0.0,0.0,0.0,0.0,0.0,0.0,3e-08,1.762e-05,0.00319897,0.1718099,2.61919898,9.87134945,6.855478,0.48205695,0.00089089,0.0,0.0],"conf_yes_cr_no_del_yes":[0.0,0.0,1e-08,4e-08,2.7e-07,1.41e-06,6.53e-06,2.702e-05,0.00010128,0.00035037,0.00115261,0.00377478,0.01285594,0.04558872,0.16001047,0.52000763,1.47790095,3.48412156,6.31951069,7.37781794,1.20154515]}}
