{"nodes":{"cr_yes":[0.0,0.0,0.0,0.0,0.0,0.0,0.0,0.0,0.0,0.0,0.0,0.0,0.0,0.0,1.6e-07,0.02884692,15.14884527,4.82627312,3.533e-05,0.0,0.0],"imm_yes_cr_yes":[0.0,0.0,0.0,0.0,0.0,0.0,0.00300491,3.85676137,15.7784384,0.36573587,6.024e-05,0.0,0.0,0.0,0.0,0.0,0.0,0.0,0.0,0.0,0.0],"imm_yes_cr_no":[0.0,0.0,0.0,0.0,0.0,0.0,0.0,2e-08,3.675e-05,0.01077925,0.54892392,5.39040213,10.32627286,3.54808431,0.17859766,0.00090367,2.3e-07,0.0,0.0,0.0,0.0],"del_yes_cr_yes":[0.0,0.0,0.0,0.0,0.0,6.61e-06,0.06370318,6.18892224,12.89877444,0.85055428,0.00203988,1.7e-07,0.0,0.0,0.0,0.0,0.0,0.0,0.0,0.0,0.0],"del_yes_cr_no":[0.08936116,0.15440527,0.03986548,0.00615873,0.00208594,0.04707618,0.56122244,2.65896363,5.77125925,6.20813696,3.41695085,0.95557588,0.12966594,0.00777686,0.00017568,1.14e-06,0.0,0.0,0.0,0.0,0.0],"conf_yes_cr_yes_del_yes":[0.0,0.0,0.0,0.0,0.0,0.0,0.0,0.0,0.0,1.44e-06,0.00016787,0.00819026,0.17428831,1.60925978,6.09871956,8.42060899,3.41737742,0.27355468,0.00183238,9e-08,0.0],"conf_yes_cr_no_del_yes":[0.0,0.0,0.0,0.0,1e-08,5e-08,3.8e-07,3.49e-06,3.462e-05,0.00030468,0.00217825,0.01249386,0.05801601,0.22030412,0.68684629,1.74731947,3.54634107,5.44582062,5.58716699,2.66625194,0.06183792]}}
