{"nodes":{"cr_yes":[0.0,0.0,0.0,0.0,0.0,0.0,0.0,0.0,0.0,0.0,0.0,0.0,0.0,2.5e-07,0.15665526,19.77000998,0.07733531,0.0,0.0,0.0,0.0],"imm_yes_cr_yes":[0.0,0.0,0.0,0.0,0.0,0.0,0.0,0.00010309,1.1449284,18.22676812,0.63215146,4.973e-05,0.0,0.0,0.0,0.0,0.0,0.0,0.0,0.0,0.0],"imm_yes_cr_no":[0.0,0.0,0.0,0.0,0.0,0.0,0.0,0.0,1.7e-06,0.00407485,0.6728504,8.93924929,9.6385064,0.74550758,0.003808,2.59e-06,0.0,0.0,0.0,0.0,0.0],"del_yes_cr_yes":[0.0,0.0,0.0,0.0,0.0,0.0,0.0,0.0,1e-07,0.00184295,0.89452874,13.24324795,5.8057718,0.05860131,7.94e-06,0.0,0.0,0.0,0.0,0.0,0.0],"del_yes_cr_no":[0.0,0.0,0.0,0.0,0.0,3e-08,6.42e-06,0.00031984,0.00501536,0.03380278,0.19804049,1.26304621,4.64055594,7.61082324,5.02576882,1.15446875,0.07140557,0.00074683,5.2e-07,0.0,0.0],"conf_yes_cr_yes_del_yes":[0.0,0.0,0.0,0.0,0.0,0.0,0.0,0.0,0.0,0.0,1.38e-06,0.00125778,0.17989949,3.99632765,12.09128765,3.67356026,0.06164924,1.734e-05,0.0,0.0,0.0],"conf_yes_cr_no_del_yes":[0.0,0.0,0.0,0.0,0.0,0.0,0.0,0.0,1e-08,2.1e-07,3.8e-06,5.334e-05,0.00058854,0.00520746,0.03724501,0.21357883,0.95581784,3.16800633,7.02258928,8.06123227,1.07935578]}}
