{"nodes":{"cr_yes":[0.0,0.0,0.0,0.0,0.0,0.0,0.0,0.0,0.0,0.0,0.0,0.0,2.9e-07,0.03082113,11.96750499,8.0033282,0.00234619,0.0,0.0,0.0,0.0],"imm_yes_cr_yes":[0.0,0.0,0.0,0.0,0.0,0.0,0.0,2.7e-06,0.05103595,7.56416075,12.15729433,0.23146135,4.572e-05,0.0,0.0,0.0,0.0,0.0,0.0,0.0,0.0],"imm_yes_cr_no":[0.0,0.0,0.0,0.0,0.0,0.0,0.0,0.0,0.0,6.4e-07,0.00159843,0.3533833,7.07886552,11.45253633,1.11391853,0.0036979,1.5e-07,0.0,0.0,0.0,0.0],"del_yes_cr_yes":[0.0,0.0,0.0,0.0,0.0,1e-08,0.00013316,0.08968242,3.76405029,12.49110796,3.57435486,0.08453336,0.00013872,1e-08,0.0,0.0,0.0,0.0,0.0,0.0,0.0],"del_yes_cr_no":[8e-08,0.00056346,0.0126779,0.27378448,4.17079021,9.61219146,5.09386445,0.79769503,0.04167459,0.00075456,4.61e-06,1e-08,0.0,0.0,0.0,0.0,0.0,0.0,0.0,0.0,0.0],"conf_yes_cr_yes_del_yes":[0.0,0.0,0.0,0.0,0.0,0.0,0.0,0.0,0.0,0.0,1e-08,7.5e-06,0.00159461,0.10224763,1.90288636,9.01087778,8.18431785,0.79979164,0.00227743,0.0,0.0],"conf_yes_cr_no_del_yes":[0.0,0.0,0.0,0.0,0.0,0.0,1e-08,1e-07,1.21e-06,1.115e-05,8.495e-05,0.00054593,0.00301618,0.01451602,0.06138347,0.2289363,0.75116895,2.13977156,5.09773206,9.03427947,5.34510691]}}
