{"nodes":{"cr_yes":[0.00033099,0.00033032,0.00024179,0.00012792,4.81e-05,1.26e-05,2.25e-06,2.9e-07,9.7e-07,1.815e-05,0.00014886,0.0004995,0.00064283,0.00029253,0.00047343,0.13612832,15.28562937,4.56985745,0.00112703,0.00789261,0.00072194],"imm_yes_cr_yes":[0.0,0.0,0.0,0.0,5e-08,3.3e-07,0.00424271,2.19041653,15.39160078,2.40371189,0.01402226,5.96e-06,2.6e-07,3e-08,0.0,0.0,0.0,0.0,0.0,0.0,0.0],"imm_yes_cr_no":[5.9e-06,1.91e-06,8.7e-07,3.08e-06,1.466e-05,7.528e-05,0.00195811,0.04229405,0.3955807,1.620077,2.98291143,2.82916684,3.1807064,4.47819635,2.68704613,0.56904979,0.27431948,0.40238957,0.35445253,0.16626875,0.03896986],"del_yes_cr_yes":[0.0,0.0,0.0,0.0,0.0,0.0,0.0,4.72e-06,0.00789382,0.92066902,9.35994599,8.95127278,0.75956133,0.0046515,1.58e-06,6e-08,0.0,0.0,0.0,0.0,0.0],"del_yes_cr_no":[0.00023945,0.00065366,0.00149387,0.00275321,0.00411961,0.00554606,0.01372638,0.08029846,0.43176135,1.63118416,3.99491311,5.90273907,4.93967516,2.20019354,0.51767059,0.12180226,0.07643446,0.0489614,0.02237051,0.00690073,0.00136698],"conf_yes_cr_yes_del_yes":[0.0,0.0,0.0,0.0,0.0,0.0,0.0,1e-08,2.6e-07,7.5e-06,0.00013686,0.00182174,0.02602088,0.35788822,2.66570402,7.87808286,7.41096855,1.61447778,0.04857732,0.00031394,1.72e-06],"conf_yes_cr_no_del_yes":[0.05137259,0.06656402,0.08578764,0.10995828,0.14014577,0.17758258,0.22366361,0.2799343,0.34806189,0.4297842,0.52682922,0.64079984,0.77302069,0.92435743,1.09511524,1.28589322,1.50543897,1.81741004,2.53178178,4.47011514,5.09214129]}}
