{"nodes":{"cr_yes":[0.0,0.0,0.0,0.0,0.0,0.0,0.0,0.0,0.0,0.0,0.0,0.0,0.0,0.0,0.00371683,9.32844771,10.67142494,0.00041131,0.0,0.0,0.0],"imm_yes_cr_yes":[0.0,0.0,0.0,0.0,0.0,0.0,1e-08,0.00198415,2.07490419,16.53960009,1.38622884,0.00128352,1e-08,0.0,0.0,0.0,0.0,0.0,0.0,0.0,0.0],"imm_yes_cr_no":[0.0,0.0,0.0,0.0,0.0,0.0,0.0,0.0,0.0,0.0,0.0,9e-08,0.00012732,0.0336828,1.59578829,11.02717729,7.17034458,0.17686044,1.999e-05,0.0,0.0],"del_yes_cr_yes":[0.0,0.0,0.0,0.0,0.0,1.091e-05,0.07574266,6.29607396,12.72619438,0.9034047,0.00257392,2.8e-07,0.0,0.0,0.0,0.0,0.0,0.0,0.0,0.0,0.0],"del_yes_cr_no":[1.805e-05,0.00303919,0.00352995,0.00190408,0.0153938,0.18826036,1.0779726,3.22365707,5.44143262,5.41273668,3.2267668,1.14588945,0.23543398,0.02645607,0.00148296,3.588e-05,3e-07,0.0,0.0,0.0,0.0],"conf_yes_cr_yes_del_yes":[0.0,0.0,0.0,0.0,0.0,0.0,0.0,0.0,0.0,5e-08,1.745e-05,0.00214118,0.09015693,1.32592554,6.48464473,9.17624263,2.81964891,0.10509739,0.000126,0.0,0.0],"conf_yes_cr_no_del_yes":[0.0,0.0,0.0,0.0,0.0,8e-08,1.54e-06,1.981e-05,0.00018258,0.00127897,0.00709185,0.03201512,0.11985881,0.37591427,0.98923823,2.16500274,3.84511218,5.25456899,4.90620058,2.26082606,0.09337799]}}
