{"nodes":{"cr_yes":[0.0,0.0,0.0,0.0,0.0,0.0,0.0,0.0,0.0,0.0,0.0,0.0,0.0,1.121e-05,0.03842077,5.99238248,13.97033441,0.00285193,0.0,0.0,0.0],"imm_yes_cr_yes":[0.0,0.0,0.0,0.0,0.0,0.0,0.0,0.0,0.0,0.0,2e-08,0.00425063,4.1431526,15.73324262,0.12335427,6.6e-07,0.0,0.0,0.0,0.0,0.0],"imm_yes_cr_no":[0.0,0.0,0.0,0.0,0.0,0.0,0.0,0.0,0.0,0.0,0.0,0.0,1.303e-05,0.02757951,3.27465216,15.31402342,1.38712807,0.00060462,0.0,0.0,0.0],"del_yes_cr_yes":[0.0,0.0,0.0,0.0,0.00011014,0.10181119,4.41790971,12.30975041,3.0892348,0.08491443,0.00027002,9e-08,0.0,0.0,0.0,0.0,0.0,0.0,0.0,0.0,0.0],"del_yes_cr_no":[0.11775246,10.15953988,7.05985606,0.76822797,0.0570153,0.03690417,0.04771448,0.06050096,0.0743095,0.08870938,0.10323447,0.11740828,0.1307737,0.14291855,0.15349537,0.16223467,0.16895179,0.17354778,0.17600532,0.17638062,0.17479262],"conf_yes_cr_yes_del_yes":[0.0,0.0,0.0,0.0,0.0,0.0,3e-08,2.6e-07,1.58e-06,8.14e-06,5.903e-05,0.00123419,0.02485415,0.28968773,1.81676177,5.74123105,8.0097796,3.77744244,0.34103613,0.00182727,0.00015483],"conf_yes_cr_no_del_yes":[0.20340704,0.22380946,0.25591788,0.307637,0.38619472,0.49652078,0.64006039,0.81402264,1.01106377,1.21940526,1.42338679,1.60445402,1.74258128,1.81812898,1.81413601,1.71904683,1.52987358,1.25579287,0.92217749,0.575063,0.28604906]}}
