{"nodes":{"cr_yes":[0.0,0.0,0.0,0.0,0.0,0.0,0.0,0.0,0.0,0.0,0.0,0.0,0.0,0.0,3.14e-06,0.00788273,6.74930585,13.24173536,0.00507372,0.0,0.0],"imm_yes_cr_yes":[0.0,0.0,0.0,0.0,0.0,0.0,1.49e-06,0.05591468,8.85445186,10.95293544,0.14067818,1.914e-05,2e-08,0.0,0.0,0.0,0.0,0.0,0.0,0.0,0.0],"imm_yes_cr_no":[0.0,0.0,0.0,0.0,0.0,0.0,0.0,4e-08,2.2e-06,3.788e-05,0.00058452,0.03024355,0.6992448,4.89197865,9.5544677,4.45538625,0.36895764,0.00309674,8.3e-07,0.0,0.0],"del_yes_cr_yes":[0.0,0.0,1.81e-06,0.01065086,1.26912336,9.60292157,8.08776278,1.01181052,0.02147554,8.363e-05,3.866e-05,8.253e-05,4.357e-05,5.78e-06,1.9e-07,0.0,0.0,0.0,0.0,0.0,0.0],"del_yes_cr_no":[0.0,0.0,0.0,1.1e-07,2.354e-05,0.00130861,0.02738773,0.26273498,1.30323036,3.59294497,5.7191392,5.3102352,2.83002787,0.82706514,0.12186347,0.00786319,0.00017552,9e-07,0.0,0.0,0.0],"conf_yes_cr_yes_del_yes":[0.0,0.0,0.0,0.0,0.0,0.0,0.0,0.0,0.0,1e-08,3.61e-06,0.00051822,0.02720021,0.53687926,3.86997336,9.18785266,5.76476974,0.61269201,0.00411161,1e-07,0.0],"conf_yes_cr_no_del_yes":[0.0,0.0,0.0,0.0,0.0,4e-08,3.4e-07,2.19e-06,1.427e-05,0.00010334,0.00076987,0.00515786,0.02892844,0.13268783,0.49329241,1.46762335,3.39490761,5.72915407,6.08402842,2.65063865,0.03338421]}}
