{"nodes":{"cr_yes":[0.0,0.0,0.0,0.0,0.0,0.0,0.0,0.0,0.0,0.0,0.0,0.0,0.0,2.2e-07,0.09316211,19.43510894,0.47572944,8e-08,0.0,0.0,0.0],"imm_yes_cr_yes":[0.0,0.0,0.0,0.0,0.0,0.0,0.0,0.0,0.0,0.0,0.00087495,2.62138029,17.20744793,0.17429639,1.23e-06,0.0,0.0,0.0,0.0,0.0,0.0],"imm_yes_cr_no":[0.0,0.0,0.0,0.0,0.0,0.0,0.0,0.0,2.4e-07,0.00076249,0.20006139,4.99323464,12.16299041,2.60818324,0.03800751,0.00024422,0.00049317,2.349e-05,0.0,0.0,0.0],"del_yes_cr_yes":[0.0,0.0,0.0,0.0,0.0,0.0,0.0,6.662e-05,0.11171583,5.90057882,12.74837,1.23814857,0.00512022,7.3e-07,0.0,0.0,0.0,0.0,0.0,0.0,0.0],"del_yes_cr_no":[0.01327212,4.81867062,8.94326282,3.38700296,0.51398217,0.03988053,0.00175793,4.753e-05,4.359e-05,0.00064034,0.00571521,0.03211382,0.117926,0.29039866,0.48744587,0.56217862,0.44559461,0.24091239,0.08745121,0.0207817,0.00311634],"conf_yes_cr_yes_del_yes":[0.0,0.0,0.0,0.0,0.0,0.0,0.0,0.0,0.0,0.0,1.24e-06,0.00071987,0.0865924,2.16560402,10.20415296,7.09855045,0.44742567,0.0009542,1e-08,0.0,0.0],"conf_yes_cr_no_del_yes":[0.0,0.0,0.0,0.0,0.0,0.0,2e-08,1.08e-06,4.209e-05,0.0009225,0.01205088,0.09936881,0.53511468,1.90128428,4.38673175,6.24719526,4.93061456,1.72828767,0.16157117,0.00081604,3e-08]}}
