{"nodes":{"cr_yes":[0.0,0.0,0.0,0.0,0.0,0.0,0.0,0.0,0.0,0.0,0.0,7e-08,0.00443653,3.13158805,16.51627448,0.35167732,1.973e-05,4.6e-06,1e-08,0.0,0.0],"imm_yes_cr_yes":[0.0,0.0,0.0,0.0,0.0,0.0,0.0,0.0,0.0,0.0,0.0002006,0.3455089,12.17017458,7.4372952,0.05081983,1.68e-06,0.0,0.0,0.0,0.0,0.0],"imm_yes_cr_no":[0.0,0.0,0.0,0.0,0.0,0.0,0.0,0.0,0.0,1.02e-06,0.0029628,0.61088616,9.35190504,9.55404035,0.48352578,0.00067964,1e-08,0.0,0.0,0.0,0.0],"del_yes_cr_yes":[0.0,5.54e-06,0.00100914,0.44848355,8.71924295,9.52073199,1.28227621,0.03189311,0.00032701,2.785e-05,3.2e-06,2.4e-07,1e-08,0.0,0.0,0.0,0.0,0.0,0.0,0.0,0.0],"del_yes_cr_no":[33.88428263,3.0222616,0.0391594,0.00040088,3.127e-05,5.31e-06,8.7e-07,1.3e-07,2e-08,0.0,0.0,0.0,0.0,0.0,0.0,0.0,0.0,0.0,0.0,0.0,0.0],"conf_yes_cr_yes_del_yes":[0.01138578,0.01005313,0.00878986,0.00764105,0.00668165,0.00625149,0.00786092,0.01686351,0.04975261,0.15437646,0.4527471,1.16628289,2.46193351,4.01970271,4.81637364,3.97943033,2.07932094,0.61862442,0.10978804,0.02176327,0.00814073],"conf_yes_cr_no_del_yes":[0.45432726,0.47207631,0.49579106,0.52547152,0.56111768,0.60272955,0.65030713,0.70385041,0.76335939,0.82883408,0.90027448,0.97768058,1.06105239,1.1503899,1.24569311,1.34696203,1.45419666,1.56739699,1.68656303,1.81169477,1.94279222]}}
