{"nodes":{"cr_yes":[0.0,0.0,0.0,0.0,0.0,0.0,0.0,0.0,0.0,0.0,0.0,0.0,0.0,0.00096255,11.6142372,8.35227802,0.03644388,7.915e-05,0.0,0.0,0.0],"imm_yes_cr_yes":[0.0,0.0,0.0,0.0,0.0,2.44e-06,0.18680274,16.11029946,3.70336982,0.00352632,2e-08,0.0,0.0,0.0,0.0,0.0,0.0,0.0,0.0,0.0,0.0],"imm_yes_cr_no":[0.0,0.0,0.0,0.0,0.0,2e-08,0.00031282,0.19052177,5.79961735,12.01573756,1.97156847,0.02621719,2.562e-05,0.0,0.0,0.0,0.0,0.0,0.0,0.0,0.0],"del_yes_cr_yes":[0.0,0.0,0.0,0.0,0.0,0.0,0.0,8.07e-06,0.0373171,4.17351045,14.21891488,1.56924589,0.00500407,3.4e-07,0.0,0.0,0.0,0.0,0.0,0.0,0.0],"del_yes_cr_no":[0.0,0.0,3.6e-07,0.00111413,0.57874406,8.55549317,9.50599299,1.33162045,0.0308818,0.00015311,7.3e-07,1e-08,0.0,0.0,0.0,0.0,0.0,0.0,0.0,0.0,0.0],"conf_yes_cr_yes_del_yes":[0.0,0.0,0.0,0.0,0.0,0.0,0.0,0.0,0.0,0.0,0.0,4.85e-06,0.00284797,0.29886828,5.19104974,12.05599824,2.4366945,0.01853633,9e-07,0.0,0.0],"conf_yes_cr_no_del_yes":[0.58489336,0.56891126,0.55120739,0.53182012,0.5108058,0.48824009,0.46421927,0.43886137,0.41230717,0.38472092,0.35629083,0.32722934,0.29777383,0.26819403,0.23888516,0.21180956,0.21000163,0.46949336,2.54575742,9.56793621,1.73417876]}}
