{"nodes":{"cr_yes":[0.0,0.0,0.0,0.0,0.0,0.0,0.0,0.0,5e-08,4.6e-06,8.56e-05,0.00030296,0.00018894,0.02169928,7.04608437,12.90332783,0.03226049,2.54e-06,3.093e-05,1.315e-05,1e-07],"imm_yes_cr_yes":[0.0,0.0,0.0,0.0,0.0,0.00037963,0.40706204,9.46991562,8.29478306,1.67671928,0.15375397,0.00138621,9.9e-07,0.0,0.0,0.0,0.0,0.0,0.0,0.0,0.0],"imm_yes_cr_no":[0.0,0.0,2e-08,6.62e-06,0.00032454,0.00332912,0.02179343,1.14812708,9.01802435,8.57062143,1.19287333,0.0419253,0.00158369,0.00143738,0.00184059,0.0013651,0.00058417,0.00014326,1.983e-05,1.51e-06,6e-08],"del_yes_cr_yes":[0.0,0.0,0.0,0.0,0.0,0.0,0.0,3.64e-06,0.00621911,0.77173438,8.6772334,9.56086058,0.9802412,0.00770529,3.2e-06,1e-08,0.0,0.0,0.0,0.0,0.0],"del_yes_cr_no":[1e-08,2e-08,1.74e-05,0.01054816,0.57802911,5.01110027,9.23196246,4.4802796,0.65661843,0.03181754,0.00075616,8.495e-05,0.0001058,0.00018575,0.00028736,0.00038614,0.00045359,0.00046857,0.00042782,0.00034664,0.00025007],"conf_yes_cr_yes_del_yes":[0.00169579,0.00452204,0.01080074,0.02307488,0.04400187,0.07467267,0.11233467,0.14906123,0.17339751,0.17560639,0.15436615,0.12383771,0.14536379,0.51543416,2.27587139,6.06546383,7.00048729,2.60937007,0.25178677,0.0712972,0.04480506],"conf_yes_cr_no_del_yes":[0.9453065,0.88790593,0.8320078,0.77764031,0.72483201,0.67361177,0.62400907,0.57605466,0.52978309,0.48524095,0.4425121,0.40179097,0.36358505,0.32925688,0.302496,0.2937132,0.33523768,0.5385374,1.29684283,3.83299627,10.56658715]}}
