{"nodes":{"cr_yes":[0.0,0.0,0.0,0.0,0.0,0.0,0.0,0.0,0.0,0.0,0.0,0.0,0.0,1.8e-07,0.06213659,18.8221613,1.11970214,5.8e-07,0.0,0.0,0.0],"imm_yes_cr_yes":[0.0,0.0,0.0,0.0,0.0,0.0,2e-08,0.00765911,5.09814232,14.62297533,0.2574139,0.00750345,0.01024867,5.8e-05,0.0,0.0,0.0,0.0,0.0,0.0,0.0],"imm_yes_cr_no":[0.0,0.0,0.0,0.0,0.0,0.0,0.0,1.1e-07,0.00023122,0.05436278,1.8111709,9.48357139,7.76283964,0.88118614,0.01063025,8.36e-06,0.0,0.0,0.0,0.0,0.0],"del_yes_cr_yes":[0.0,0.0,0.0,0.00011788,0.03960435,3.63170988,13.21816032,3.05469647,0.0596034,0.00010848,2e-08,0.0,0.0,0.0,0.0,0.0,0.0,0.0,0.0,0.0,0.0],"del_yes_cr_no":[0.0,4.2e-07,3.62e-05,0.0090816,0.28340946,2.191097,5.93818007,6.81184622,3.66464105,0.970112,0.12731477,0.00804998,0.00022939,2.63e-06,1e-08,0.0,0.0,0.0,0.0,0.0,0.0],"conf_yes_cr_yes_del_yes":[0.0,0.0,0.0,0.0,0.0,0.0,0.0,0.0,0.0,3.3e-07,7.755e-05,0.00593517,0.1614962,1.63150292,6.22972087,8.54078237,3.25092682,0.18316416,0.0003944,0.0,0.0],"conf_yes_cr_no_del_yes":[0.0,0.0,0.0,0.0,0.0,0.0,1e-08,2.1e-07,4.91e-06,7.386e-05,0.00077888,0.00608032,0.0364251,0.17105674,0.63446276,1.84270284,4.05546546,6.2476857,5.53391222,1.47535152,5.1e-07]}}
