{"nodes":{"cr_yes":[0.0,0.0,0.0,0.0,0.0,0.0,0.0,0.0,0.0,0.0,0.0,0.0,0.0,0.0,5.67e-06,1.09368068,18.88873233,0.02158213,0.0,0.0,0.0],"imm_yes_cr_yes":[0.0,0.0,0.0,0.0,0.0,0.0,0.00336425,9.54739515,10.44361378,0.0096276,1e-08,0.0,0.0,0.0,0.0,0.0,0.0,0.0,0.0,0.0,0.0],"imm_yes_cr_no":[0.0,0.0,0.0,0.0,0.0,0.0,0.0,0.0,1.61e-06,0.003486,0.56858754,8.12574691,10.29006745,1.01048978,0.00562053,9.9e-07,0.0,0.0,0.0,0.0,0.0],"del_yes_cr_yes":[0.0,0.0,0.0,0.0,0.0,0.0,0.0,0.00088976,1.31976289,16.33357313,2.34568864,0.00408632,7e-08,0.0,0.0,0.0,0.0,0.0,0.0,0.0,0.0],"del_yes_cr_no":[0.0,0.0,0.0,0.0,0.0,0.0,4.4e-07,0.00019552,0.01895846,0.47855341,3.58024784,8.41536707,6.155431,1.28984381,0.06483662,0.00056615,4.8e-07,0.0,0.0,0.0,0.0],"conf_yes_cr_yes_del_yes":[0.0,0.0,0.0,0.0,0.0,0.0,0.0,0.0,0.0,0.0,8.6e-07,0.00093133,0.15237736,3.75055069,12.18618954,3.84918271,0.06475088,1.741e-05,0.0,0.0,0.0],"conf_yes_cr_no_del_yes":[0.0,0.0,0.0,0.0,0.0,0.0,0.0,0.0,1e-08,6e-07,3.351e-05,0.00102704,0.018156,0.19027413,1.17873284,4.14548864,7.50516205,5.6999144,1.18825614,0.07518027,0.00355034]}}
