{"nodes":{"cr_yes":[0.0,0.0,0.0,0.0,0.0,0.0,0.0,0.0,0.0,0.0,0.0,0.0,0.0,7.8e-07,0.22360988,19.68913366,0.09125649,0.0,0.0,0.0,0.0],"imm_yes_cr_yes":[0.0,0.0,0.0,0.0,0.0,0.0,0.0,4e-08,0.00046509,1.54580605,17.63992521,0.81766781,0.00013661,0.0,0.0,0.0,0.0,0.0,0.0,0.0,0.0],"imm_yes_cr_no":[0.0,0.0,0.0,0.0,0.0,0.0,0.0,0.0,0.0,1.2e-07,0.00028677,0.07884541,2.77805295,11.90357842,5.09739469,0.14571226,0.00013018,0.0,0.0,0.0,0.0],"del_yes_cr_yes":[0.0,0.0,0.0,0.0,0.0,0.0,0.0,0.0,2.1e-07,0.00327831,1.2667018,14.21952319,4.48399142,0.03050333,2.55e-06,0.0,0.0,0.0,0.0,0.0,0.0],"del_yes_cr_no":[0.0,0.0,0.0,0.0,0.0,1.29e-06,0.00019061,0.00853386,0.14583853,1.09242014,3.87487572,6.71638666,5.63534335,2.16921752,0.34275086,0.0182137,0.00022823,3.4e-07,0.0,0.0,0.0],"conf_yes_cr_yes_del_yes":[0.0,0.0,0.0,0.0,0.0,0.0,0.0,0.0,0.0,0.0,1e-08,1.406e-05,0.00606409,0.47835389,6.36905455,11.41510082,1.72687748,0.00853575,1.6e-07,0.0,0.0],"conf_yes_cr_no_del_yes":[0.0,0.0,0.0,0.0,0.0,0.0,0.0,0.0,1.8e-07,5.13e-06,9.224e-05,0.00114312,0.01019043,0.06710574,0.33034769,1.21067508,3.21937737,5.84244398,6.33013211,2.95591803,0.07313937]}}
