{"nodes":{"cr_yes":[0.0,0.0,0.0,0.0,0.0,0.0,0.0,0.0,0.0,0.0,2.4e-07,0.00084218,0.26100393,6.30614331,9.37345557,1.67465207,2.38678454,0.00111894,2e-08,0.0,0.0],"imm_yes_cr_yes":[0.0,0.0,0.0,0.0,0.0,0.0,0.0,0.0,0.0,1.048e-05,0.17769288,14.41975036,5.40013538,0.0064117,1e-08,0.0,0.0,0.0,0.0,0.0,0.0],"imm_yes_cr_no":[0.0,0.0,0.0,0.0,0.0,0.0,0.0,0.0,3e-08,4.688e-05,0.01208562,0.59394459,5.77811788,10.5131189,3.01029804,0.0962082,0.00018066,1e-08,0.0,0.0,0.0],"del_yes_cr_yes":[0.0,0.0,0.0,0.0,0.00022173,0.32526922,8.94759087,10.02985583,0.69738076,0.00368084,1.54e-06,0.0,0.0,0.0,0.0,0.0,0.0,0.0,0.0,0.0,0.0],"del_yes_cr_no":[0.00043403,0.0060683,0.04335463,0.55218109,3.05883724,6.47589483,6.14423538,2.90145852,0.71964281,0.09525389,0.00662265,0.00023069,3.7e-06,2e-08,0.0,0.0,0.0,0.0,0.0,0.0,0.0],"conf_yes_cr_yes_del_yes":[0.0,0.0,0.0,0.0,0.0,0.0,0.0,0.0,0.0,1.9e-07,2.799e-05,0.00176009,0.04942862,0.63316991,3.59905842,8.28204446,6.3421555,1.08011058,0.01624379,1.24e-06,0.0],"conf_yes_cr_no_del_yes":[0.0,0.0,0.0,0.0,0.0,0.0,6e-08,8.6e-07,9.56e-06,8.039e-05,0.00053696,0.00294769,0.01363896,0.05415971,0.18675108,0.56213778,1.47290308,3.30476387,6.05767814,7.7687742,1.15923692]}}
