{"nodes":{"cr_yes":[0.0,0.0,0.0,0.0,0.0,0.0,0.0,0.0,0.0,2e-08,1.293e-05,0.00230473,0.09407859,0.80067205,1.29896879,2.96731633,3.79356902,9.81903036,1.21780525,0.01023745,1.058e-05],"imm_yes_cr_yes":[0.0,0.0,0.0,0.0,0.0,3.58e-05,0.20614572,10.83022549,8.77088343,0.19437205,0.00233462,3.69e-06,0.0,0.0,0.0,0.0,0.0,0.0,0.0,0.0,0.0],"imm_yes_cr_no":[2.429e-05,9.98e-06,3.46e-06,1.03e-06,3.2e-07,2.1e-07,2.1e-07,1.9e-07,1.054e-05,0.00178896,0.0883129,1.23566917,5.25967476,7.74041965,4.1283056,1.21527605,0.30947854,0.02469144,0.00034515,5e-07,0.0],"del_yes_cr_yes":[0.0,0.0,0.0,0.0,0.0,2e-08,1.4e-05,0.00198702,0.2413262,4.91319409,11.5132016,3.22853424,0.10538817,0.00035536,1e-07,0.0,0.0,0.0,0.0,0.0,0.0],"del_yes_cr_no":[7.88e-06,7.089e-05,0.00116412,0.0111181,0.06495087,0.24695075,0.64003788,1.18277244,1.69083672,2.21324399,3.05935656,3.93993244,3.75081069,2.26878292,0.78381544,0.13756954,0.01050584,0.00055063,0.00048211,0.00066146,0.00076695],"conf_yes_cr_yes_del_yes":[8.877e-05,0.00016013,0.0002631,0.00039261,0.00053015,0.00064498,0.00070334,0.0006832,0.00058681,0.00044174,0.0002885,0.00019023,0.00277883,0.09816375,1.35161695,6.49001867,9.1684817,2.7760136,0.104914,0.00649098,0.00118631],"conf_yes_cr_no_del_yes":[0.2675392,0.32726137,0.39132045,0.45710051,0.52117888,0.57949338,0.62764528,0.66133195,0.6768898,0.67195569,0.6464457,0.60482265,0.56313134,0.56875895,0.7338542,1.22336043,2.05695722,2.81240903,2.87944487,2.21513594,1.30346716]}}
