{"nodes":{"cr_yes":[0.0,0.0,0.0,0.0,0.0,0.0,0.0,0.0,0.0,0.0,0.0,0.0,0.00033998,1.66478868,18.16938234,0.16948957,2.3e-07,0.0,0.0,0.0,0.0],"imm_yes_cr_yes":[0.0,0.0,0.0,0.0,0.0,0.0,1.061e-05,0.41630212,17.78956891,1.79752705,0.00059211,0.0,0.0,0.0,0.0,0.0,0.0,0.0,0.0,0.0,0.0],"imm_yes_cr_no":[0.0,0.0,0.0,0.0,0.0,0.0,4.9e-07,0.00128668,0.24460856,4.77194701,11.38255407,3.47671246,0.12644579,0.00044562,1e-07,0.0,0.0,0.0,0.0,0.0,0.0],"del_yes_cr_yes":[0.0,0.0,0.0,0.0,8e-08,0.0052849,2.15091656,14.79116809,3.0323434,0.02427973,8.04e-06,0.0,0.0,0.0,0.0,0.0,0.0,0.0,0.0,0.0,0.0],"del_yes_cr_no":[0.0,0.0,1.046e-05,0.02037217,1.10542112,6.76248182,8.62107071,3.10955203,0.36951532,0.01535491,0.00022125,1.03e-06,0.0,0.0,0.0,0.0,0.0,0.0,0.0,0.0,0.0],"conf_yes_cr_yes_del_yes":[0.0,0.0,0.0,0.0,0.0,0.0,0.0,0.0,0.0,0.0,3.15e-06,0.00068879,0.04638047,0.98015118,6.15643369,9.83973712,2.89908693,0.08147159,4.788e-05,0.0,0.0],"conf_yes_cr_no_del_yes":[0.0,0.0,0.0,0.0,0.0,0.0,1e-08,3.9e-07,8.3e-06,0.00011607,0.00114552,0.00839322,0.04721418,0.20796406,0.72212405,1.96088974,4.04396396,5.92082192,5.26846699,1.82203445,0.00171588]}}
