{"nodes":{"cr_yes":[0.0,0.0,0.0,0.0,0.0,0.0,0.0,0.0,0.0,0.0,0.0,0.0,3.64e-06,0.16574827,17.92745863,1.91075411,3.615e-05,0.0,0.0,0.0,0.0],"imm_yes_cr_yes":[0.0,0.0,0.0,0.0,0.0,0.0,0.0,0.00042857,1.23977575,17.12213737,1.64049831,0.0011608,0.0,0.0,0.0,0.0,0.0,0.0,0.0,0.0,0.0],"imm_yes_cr_no":[0.0,0.0,0.0,0.0,0.0,0.0,0.0,1.88e-06,0.002593,0.34218688,5.41493031,11.21647135,2.94432584,0.08330901,0.00018251,2e-08,0.0,0.0,0.0,0.0,0.0],"del_yes_cr_yes":[0.0,0.0,0.0,0.0,0.0,0.0,2e-06,0.01039049,1.65622482,12.57439812,5.61107979,0.15168948,0.00021609,1e-08,0.0,0.0,0.0,0.0,0.0,0.0,0.0],"del_yes_cr_no":[0.0,0.0,3.3e-07,0.00160463,0.19510837,2.65608033,7.80719194,6.89561687,2.17192206,0.26374995,0.01250354,0.00022145,1.32e-06,0.0,0.0,0.0,0.0,0.0,0.0,0.0,0.0],"conf_yes_cr_yes_del_yes":[0.0,0.0,0.0,0.0,0.0,0.0,0.0,0.0,0.0,0.0,2.08e-06,0.0004443,0.03059765,0.69547155,4.99731115,9.93683641,4.13793202,0.20506821,0.00033743,0.0,0.0],"conf_yes_cr_no_del_yes":[0.0,0.0,0.0,0.0,0.0,0.0,0.0,2.1e-07,5.1e-06,7.924e-05,0.00085187,0.0067004,0.03999605,0.18517305,0.67038123,1.8841622,3.99383612,5.96671993,5.37613639,1.87884497,0.00222808]}}
