{"nodes":{"cr_yes":[0.0,0.0,0.0,0.0,0.0,0.0,0.0,0.0,0.0,0.0,0.0,5e-08,1.8e-07,1e-07,1.463e-05,1.15215412,18.84557948,0.00625226,0.0,0.0,0.0],"imm_yes_cr_yes":[0.0,0.0,0.0,0.0,0.0,0.0,2.032e-05,0.67128662,18.46069226,0.87190692,9.468e-05,0.0,0.0,0.0,0.0,0.0,0.0,0.0,0.0,0.0,0.0],"imm_yes_cr_no":[0.0,0.0,0.0,0.0,0.0,1.49e-06,0.00037731,0.02335495,0.38621417,1.79686457,2.81745552,6.95227706,7.33482703,0.65979273,0.00650766,0.01035593,0.01144735,0.00408493,0.00042857,1.149e-05,6e-08],"del_yes_cr_yes":[0.0,0.0,0.0,0.0,0.0,0.0,0.0,6.219e-05,0.16740198,8.53049495,10.92882545,0.37690938,0.00030686,0.0,0.0,0.0,0.0,0.0,0.0,0.0,0.0],"del_yes_cr_no":[5e-08,1.3e-07,2.1e-07,4.4e-07,2.36e-05,0.00105415,0.01897279,0.15503865,0.65150742,1.71634679,3.64004932,5.90813346,5.38003464,2.18242676,0.33428531,0.01594948,0.00017733,2.8e-07,0.0,0.0,0.0],"conf_yes_cr_yes_del_yes":[0.0,0.0,0.0,0.0,0.0,0.0,0.0,0.0,0.0,0.0,0.0,7.14e-06,0.00283167,0.25064913,4.358523,11.8910911,3.44436188,0.05649926,3.748e-05,1.4e-07,0.0],"conf_yes_cr_no_del_yes":[0.03837491,0.06560477,0.10481265,0.15629634,0.21729878,0.28128492,0.33840267,0.37750101,0.38955054,0.37234225,0.33972584,0.3533281,0.61503613,1.54352463,3.33380466,4.86266719,4.24399803,1.95031982,0.39788368,0.03638575,0.01009118]}}
