{"nodes":{"cr_yes":[0.0,0.0,0.0,0.0,0.0,0.0,0.0,0.0,0.0,0.0,0.0,0.0,0.0,4.3e-07,0.19139084,19.73511771,0.07749182,1e-08,0.0,0.0,0.0],"imm_yes_cr_yes":[0.0,0.0,0.0,0.0,0.0,0.0,0.0,3.657e-05,0.95397734,18.59942075,0.45055132,1.482e-05,0.0,0.0,0.0,0.0,0.0,0.0,0.0,0.0,0.0],"imm_yes_cr_no":[0.0,0.0,0.0,0.0,0.0,0.0,0.0,0.0,0.0,7e-08,0.00010525,0.0192664,0.46958949,1.51966453,3.24634491,11.24586902,3.47175193,0.03140831,8.7e-07,0.0,0.0],"del_yes_cr_yes":[0.0,0.0,0.0,0.0,0.0,0.0,0.0,1.05e-06,0.02004367,4.28275835,14.78703355,0.91329125,0.00087293,1e-08,0.0,0.0,0.0,0.0,0.0,0.0,0.0],"del_yes_cr_no":[0.0,0.0,0.0,0.0,1.1e-07,4.566e-05,0.00380069,0.09380208,0.87412701,3.5301615,6.63552493,5.9317918,2.46316073,0.44135931,0.02964165,0.00058316,2.17e-06,0.0,0.0,0.0,0.0],"conf_yes_cr_yes_del_yes":[0.0,0.0,0.0,0.0,0.0,0.0,0.0,0.0,0.0,0.0,8e-08,0.00012946,0.03550133,1.59276335,10.44923658,7.57932148,0.34672738,0.00032114,0.0,0.0,0.0],"conf_yes_cr_no_del_yes":[0.0,0.0,0.0,0.0,0.0,0.0,0.0,3.3e-07,1.309e-05,0.00028937,0.00395608,0.0355991,0.21875368,0.93168841,2.72864746,5.29338829,6.24895291,3.75737696,0.76696601,0.018369,1.9e-07]}}
