{"nodes":{"cr_yes":[0.0,0.0,0.0,0.0,0.0,0.0,0.0,0.0,0.0,0.0,0.0,0.0,0.0,3.45e-06,0.14259239,17.8415315,2.01985596,1.75e-05,0.0,0.0,0.0],"imm_yes_cr_yes":[0.0,0.0,0.0,0.0,0.0,0.0,1.6e-07,0.00933607,2.28547292,4.50443109,0.0972367,0.47054528,10.46450299,2.17017899,0.0022966,0.0,0.0,0.0,0.0,0.0,0.0],"imm_yes_cr_no":[0.0,0.0,0.0,0.0,0.0,0.0,0.0,0.0,0.0,0.0,0.0,5.7e-07,0.00065255,0.12481886,3.66858135,12.92719413,3.26233211,0.02042097,2.7e-07,0.0,0.0],"del_yes_cr_yes":[0.0,0.0,1.251e-05,0.03335901,1.94615596,9.15319042,7.53258285,1.28958936,0.04869682,0.00041311,7.5e-07,0.0,0.0,0.0,0.0,0.0,0.0,0.0,0.0,0.0,0.0],"del_yes_cr_no":[3e-08,0.00013521,0.01197548,0.22176045,1.38313189,3.90448304,5.82868559,5.01916439,2.61204647,0.8371752,0.16468589,0.019404,0.00130588,4.651e-05,7.8e-07,1e-08,0.0,0.0,0.0,0.0,0.0],"conf_yes_cr_yes_del_yes":[0.0,0.0,0.0,0.0,0.0,0.0,0.0,0.0,0.0,2.2e-07,3.141e-05,0.00191878,0.05252968,0.65834738,3.67354438,8.31509992,6.25339921,1.03458555,0.01454337,8.9e-07,0.0],"conf_yes_cr_no_del_yes":[0.0,0.0,0.0,0.0,0.0,0.0,3e-08,7.1e-07,9.5e-06,9.166e-05,0.00067618,0.003985,0.01934514,0.07896632,0.27430195,0.81317666,2.0384028,4.19051971,6.51775311,5.93676327,0.26001752]}}
