{"nodes":{"cr_yes":[0.0,0.0,0.0,0.0,0.0,0.0,0.0,0.0,0.0,0.0,0.0,0.0,0.0,6e-08,0.04004445,18.67816022,1.28579552,5.5e-07,0.0,0.0,0.0],"imm_yes_cr_yes":[0.0,0.0,0.0,0.0,0.0,0.0,1.285e-05,0.27223041,15.32411514,4.39909125,0.00855104,1.1e-07,0.0,0.0,0.0,0.0,0.0,0.0,0.0,0.0,0.0],"imm_yes_cr_no":[0.0,0.0,0.0,0.0,0.0,0.0,1.9e-07,0.00046871,0.10159279,2.69077451,10.40497329,6.24381172,0.55610915,0.0062639,6.53e-06,0.0,0.0,0.0,0.0,0.0,0.0],"del_yes_cr_yes":[0.0,0.0,0.0,0.0,0.0,0.0,0.00034435,0.44251265,10.99042878,8.33591272,0.2345608,0.0002415,1e-08,0.0,0.0,0.0,0.0,0.0,0.0,0.0,0.0],"del_yes_cr_no":[0.0,0.0,0.0,1.29e-06,0.00056507,0.03332775,0.528655,3.02619641,6.90940271,6.51882976,2.55667846,0.4056285,0.02423557,0.00047779,2.49e-06,0.0,0.0,0.0,0.0,0.0,0.0],"conf_yes_cr_yes_del_yes":[0.0,0.0,0.0,0.0,0.0,0.0,0.0,0.0,0.0,0.0,1e-08,7.43e-06,0.00143552,0.08753323,1.6369981,8.32675368,8.82679421,1.11975204,0.00472658,1e-08,0.0],"conf_yes_cr_no_del_yes":[0.0,0.0,0.0,0.0,0.0,0.0,0.0,0.0,0.0,1e-08,1.2e-07,2.03e-06,2.893e-05,0.00034899,0.00363353,0.03233263,0.2383906,1.38234095,5.69474124,12.36120424,0.58195508]}}
