{"nodes":{"cr_yes":[0.0,0.0,0.0,0.0,0.0,0.0,0.0,0.0,0.0,0.0,0.0,0.0,0.0,2e-08,0.01394563,14.40920509,5.5807991,5.096e-05,0.0,0.0,0.0],"imm_yes_cr_yes":[0.0,0.0,0.0,0.0,0.0,0.0,0.0,0.00235974,3.04205685,16.42936975,0.53010934,0.00010511,0.0,0.0,0.0,0.0,0.0,0.0,0.0,0.0,0.0],"imm_yes_cr_no":[0.0,0.0,0.0,0.0,0.0,0.0,0.0,0.0,1.4e-05,0.00638758,0.43982742,5.17867162,10.6704112,3.55252916,0.1555538,0.0006059,1e-07,0.0,0.0,0.0,0.0],"del_yes_cr_yes":[0.0,0.0,0.0,0.0,0.0,0.0,6e-08,0.00096798,0.42290114,8.58255529,10.23671904,0.75774558,0.00311119,5.2e-07,0.0,0.0,0.0,0.0,0.0,0.0,0.0],"del_yes_cr_no":[0.0,0.0,0.0,2e-08,1.11e-05,0.00110439,0.0321986,0.36257145,1.85626123,4.75243215,6.39044412,4.57096746,1.70210807,0.31047095,0.02472376,0.0007025,4.98e-06,1e-08,0.0,0.0,0.0],"conf_yes_cr_yes_del_yes":[0.0,0.0,0.0,0.0,0.0,0.0,0.0,0.0,0.0,0.0,1.4e-07,5.846e-05,0.00706097,0.26303333,2.95919309,9.22343083,6.74254499,0.8035436,0.00513534,4e-08,0.0],"conf_yes_cr_no_del_yes":[0.0,0.0,0.0,0.0,0.0,0.0,0.0,0.0,0.0,0.0,4e-08,1.19e-06,2.728e-05,0.0004602,0.00585074,0.05639194,0.40705496,2.10858264,7.00531147,10.41237712,0.01588644]}}
