{"nodes":{"cr_yes":[0.0,0.0,0.0,0.0,0.0,0.0,0.0,0.0,0.0,0.0,0.0,0.0,3e-08,0.01488017,12.59570437,7.39291126,0.00050497,0.0,0.0,0.0,0.0],"imm_yes_cr_yes":[0.0,0.0,0.0,0.0,0.0,0.0,0.0,0.0,0.0,0.0,0.00019839,0.7820158,17.50585165,1.71555704,0.00037791,0.0,0.0,0.0,0.0,0.0,0.0],"imm_yes_cr_no":[0.0,0.0,0.0,0.0,0.0,0.0,0.0,0.0,1e-08,6.712e-05,0.04220109,2.37904967,12.3068327,5.14856344,0.12718482,0.00010195,0.0,0.0,0.0,0.0,0.0],"del_yes_cr_yes":[0.0,0.0,1.617e-05,0.00025899,0.05582856,2.33910573,10.34908775,6.54685127,0.69925779,0.01354706,4.744e-05,3e-08,0.0,0.0,0.0,0.0,0.0,0.0,0.0,0.0,0.0],"del_yes_cr_no":[0.00012847,0.19072371,3.7054539,9.08097005,5.66931449,1.24096745,0.11192459,0.00449896,8.273e-05,6.9e-07,0.0,0.0,0.0,0.0,0.0,0.0,0.0,0.0,0.0,0.0,0.0],"conf_yes_cr_yes_del_yes":[0.0,0.0,0.0,0.0,0.0,0.0,0.0,0.0,0.0,1.1e-07,1.923e-05,0.00138096,0.04315325,0.59947138,3.59468216,8.4457265,6.32267692,0.98492745,0.01196232,5.2e-07,0.0],"conf_yes_cr_no_del_yes":[7e-07,1.75e-06,4.17e-06,9.47e-06,2.058e-05,4.296e-05,8.629e-05,0.00016758,0.00032029,0.00064563,0.00160417,0.00538192,0.02102641,0.07989449,0.27174737,0.80266099,2.017573,4.17126842,6.54055102,6.02882746,0.12433295]}}
