{"nodes":{"cr_yes":[0.0,0.0,0.0,0.0,0.0,0.0,0.0,0.0,0.0,0.0,4e-08,9.3e-07,0.00848918,5.5328507,14.39782664,0.06475492,7.83e-05,1e-07,0.0,0.0,0.0],"imm_yes_cr_yes":[0.0,0.0,0.0,0.0,2e-08,4.9e-07,0.00027257,0.82762921,15.86536679,3.30137827,0.0093531,3.6e-07,0.0,0.0,0.0,0.0,0.0,0.0,0.0,0.0,0.0],"imm_yes_cr_no":[0.0,1e-08,7.6e-07,1.547e-05,7.931e-05,0.00012663,0.0178682,1.702033,11.15963096,6.70164986,0.41965432,0.00293799,4.29e-06,0.0,0.0,0.0,0.0,0.0,0.0,0.0,0.0],"del_yes_cr_yes":[0.0,0.0,0.0,0.0,0.0,0.0,0.0,1.721e-05,0.01738292,1.3659585,10.2173897,7.8162744,0.58342137,0.00355544,1.25e-06,0.0,0.0,0.0,0.0,0.0,0.0],"del_yes_cr_no":[0.0,6.4e-07,0.00045146,0.07842482,2.20556157,8.76677715,7.21959365,1.61084793,0.11784075,0.00363799,0.00017094,0.00014777,0.0001634,0.00014781,0.00010995,6.78e-05,3.487e-05,1.502e-05,5.43e-06,1.65e-06,4.2e-07],"conf_yes_cr_yes_del_yes":[1.02e-06,6.2e-07,3.6e-07,1.9e-07,1e-07,5e-08,2e-08,1e-08,2e-08,7.3e-07,2.157e-05,0.00067229,0.03064974,0.71468367,5.283049,10.03321255,3.66835174,0.25165068,0.01985078,0.00164741,0.00041755],"conf_yes_cr_no_del_yes":[7.91e-06,1.823e-05,4.105e-05,9.038e-05,0.00019463,0.00041024,0.00084676,0.0017122,0.00339288,0.0065905,0.01255151,0.02344094,0.04293656,0.07716037,0.13623998,0.23816144,0.42674757,0.87534477,2.38467955,7.71027315,16.1263283]}}
