{"nodes":{"cr_yes":[0.0,0.0,0.0,0.0,0.0,0.0,0.0,0.0,0.0,0.0,0.0,1e-08,0.00158464,2.03200244,17.40364441,0.56657246,0.00019683,0.0,0.0,0.0,0.0],"imm_yes_cr_yes":[0.0,0.0,0.0,0.0,0.0,0.0,0.0,0.0,0.0,0.0,0.00020277,0.40586488,13.4412308,6.13307902,0.02362303,3e-07,0.0,0.0,0.0,0.0,0.0],"imm_yes_cr_no":[0.0,0.0,0.0,0.0,0.0,0.0,0.0,0.0,0.0,1.6e-07,0.00067229,0.21779676,5.89885181,12.33028503,1.54925016,0.0071441,4.9e-07,0.0,0.0,0.0,0.0],"del_yes_cr_yes":[2e-08,1.76e-06,0.01473783,2.51928142,11.9167099,5.18334447,0.3643466,0.00555107,2.704e-05,6.8e-07,4e-08,0.0,0.0,0.0,0.0,0.0,0.0,0.0,0.0,0.0,0.0],"del_yes_cr_no":[0.85059591,19.22151743,0.3505894,0.00542543,0.00085386,0.000234,6.201e-05,1.574e-05,3.83e-06,9e-07,2e-07,4e-08,1e-08,0.0,0.0,0.0,0.0,0.0,0.0,0.0,0.0],"conf_yes_cr_yes_del_yes":[0.00610627,0.0062926,0.00674664,0.00859508,0.01479928,0.03189099,0.07234732,0.1577469,0.32459773,0.63560793,1.1839136,2.03740696,3.07581407,3.84831309,3.78007592,2.7619685,1.42019936,0.49394517,0.11925568,0.02049742,0.00186683],"conf_yes_cr_no_del_yes":[0.30188091,0.33148079,0.36759598,0.41022648,0.45937228,0.5150334,0.57720983,0.64590156,0.7211086,0.80283095,0.89106862,0.98582158,1.08708986,1.19487345,1.30917235,1.42998655,1.55731607,1.69116089,1.83152102,1.97839647,2.13178722]}}
