{"nodes":{"cr_yes":[0.0,0.0,0.0,0.0,0.0,0.0,0.0,0.0,0.0,0.0,0.0,0.0,0.00010742,0.20855097,10.77652556,8.96971692,0.04909958,3.4e-07,0.0,0.0,0.0],"imm_yes_cr_yes":[0.0,0.0,0.0,0.0,0.0,0.0,1e-08,0.00284348,2.8124288,16.40470429,0.78371007,0.00031416,0.0,0.0,0.0,0.0,0.0,0.0,0.0,0.0,0.0],"imm_yes_cr_no":[0.0,0.0,0.0,0.0,0.0,0.0,0.0,5.48e-06,0.00297971,0.2414953,3.5265847,10.0857569,5.597786,0.5421029,0.00728068,9.12e-06,0.0,0.0,0.0,0.0,0.0],"del_yes_cr_yes":[0.0,0.0,0.0,0.0,0.0,0.0,1e-08,0.00019471,0.14732133,5.43217862,12.4913506,1.91519139,0.01775664,7.51e-06,0.0,0.0,0.0,0.0,0.0,0.0,0.0],"del_yes_cr_no":[0.0,0.0,0.0,6e-08,2.808e-05,0.00215331,0.04735444,0.40142705,1.57116695,3.26544592,4.28667095,4.39588862,3.59571159,1.87853353,0.5014772,0.05611635,0.00201177,1.49e-05,7e-08,0.0,0.0],"conf_yes_cr_yes_del_yes":[0.0,0.0,0.0,0.0,0.0,0.0,0.0,0.0,0.0,0.0,7.8e-07,0.00019522,0.01625271,0.45330582,4.0163155,9.90927174,5.24808454,0.35950312,0.00107135,1e-08,0.0],"conf_yes_cr_no_del_yes":[0.0,0.0,0.0,0.0,0.0,0.0,0.0,0.0,0.0,1e-08,1.5e-07,2.26e-06,2.83e-05,0.00030902,0.00306547,0.02745967,0.21173305,1.30622655,5.71869991,12.69126903,0.09041475]}}
