{"nodes":{"cr_yes":[0.0,0.0,0.0,0.0,0.0,0.0,0.0,0.0,0.0,0.0,0.0,0.0,0.0,0.0,0.00235525,4.20401693,14.18993247,1.60766267,3.347e-05,0.0,0.0],"imm_yes_cr_yes":[0.0,0.0,0.0,0.0,0.0,1e-08,0.00453762,4.29801053,15.35234223,0.34904363,6.678e-05,0.0,0.0,0.0,0.0,0.0,0.0,0.0,0.0,0.0,0.0],"imm_yes_cr_no":[0.0,0.0,0.0,0.0,0.0,4.1e-07,4.491e-05,0.00154436,0.01802981,0.0821806,0.45876524,3.56502462,8.25628938,5.85779426,1.62741757,0.1347519,0.00215336,4.37e-06,0.0,0.0,0.0],"del_yes_cr_yes":[0.0,0.0,0.0,0.0,0.0,0.0,9.696e-05,0.20355194,8.38166177,10.869295,0.54831311,0.00108194,7e-08,0.0,0.0,0.0,0.0,0.0,0.0,0.0,0.0],"del_yes_cr_no":[0.00016379,0.00129279,0.01140314,0.05817239,0.17284161,0.32902463,0.58875805,1.60886818,3.75063778,5.07316576,4.069509,2.31129277,1.18530183,0.55604905,0.19972524,0.05420693,0.01679607,0.00885151,0.00512524,0.00244304,0.00090779],"conf_yes_cr_yes_del_yes":[0.0,0.0,0.0,0.0,0.0,0.0,0.0,0.0,1e-08,1.7e-07,1.44e-06,3.596e-05,0.00432479,0.19961685,2.73722538,9.72430894,6.79626494,0.54071453,0.00150776,3e-08,0.0],"conf_yes_cr_no_del_yes":[0.00031205,0.00046768,0.00067605,0.00094201,0.00126451,0.00163643,0.00205738,0.00260167,0.00368349,0.00692423,0.01760892,0.05090579,0.14632296,0.39684325,0.98513178,2.14434684,3.83851904,5.17125841,4.62028902,2.3009717,0.6227872]}}
