{"nodes":{"cr_yes":[0.0,0.0,0.0,0.0,0.0,0.0,0.0,0.0,0.0,0.0,0.0,0.0,0.0,0.0,2.331e-05,5.50388718,14.50008324,7.06e-06,0.0,0.0,0.0],"imm_yes_cr_yes":[0.0,0.0,0.0,0.0,0.0,0.0,0.0,0.004027,9.02599257,10.96240289,0.01157833,1e-08,0.0,0.0,0.0,0.0,0.0,0.0,0.0,0.0,0.0],"imm_yes_cr_no":[0.0,0.0,0.0,0.0,0.0,0.0,0.0,0.0,5e-08,0.00028434,0.12039942,4.22826501,12.71474538,2.90331314,0.03697888,1.457e-05,0.0,0.0,0.0,0.0,0.0],"del_yes_cr_yes":[0.0,0.0,0.0,0.0,0.0,0.0,1.9e-07,0.00865929,3.19879022,15.53782429,1.25703766,0.00168913,3e-08,0.0,0.0,0.0,0.0,0.0,0.0,0.0,0.0],"del_yes_cr_no":[0.0,0.0,0.0,8e-08,7.699e-05,0.00863642,0.21977571,1.77345993,5.47913937,7.17855155,4.16342004,1.06309939,0.11327911,0.00450684,5.522e-05,1.5e-07,0.0,0.0,0.0,0.0,0.0],"conf_yes_cr_yes_del_yes":[0.0,0.0,0.0,0.0,0.0,0.0,0.0,0.0,0.0,0.0,1.2e-07,0.00017748,0.04404537,1.79379037,10.72042398,7.13934124,0.30594223,0.00028002,0.0,0.0,0.0],"conf_yes_cr_no_del_yes":[0.0,0.0,0.0,0.0,0.0,0.0,0.0,2.4e-07,1e-05,0.00022885,0.00320528,0.02933192,0.18248707,0.78650189,2.34397345,4.70475547,5.98298348,4.29903256,1.46474651,0.20670037,8.743e-05]}}
