{"nodes":{"cr_yes":[0.0,0.0,0.0,0.0,0.0,0.0,0.0,0.0,0.0,0.0,0.0,0.0,0.0,0.0,9.912e-05,1.27823695,18.68920988,0.03645484,0.0,0.0,0.0],"imm_yes_cr_yes":[0.0,0.0,0.0,0.0,0.0,0.0,0.0,1.64e-06,0.0235479,4.46495798,14.64942384,0.86530104,0.00076839,1e-08,0.0,0.0,0.0,0.0,0.0,0.0,0.0],"imm_yes_cr_no":[0.0,0.0,0.0,0.0,0.0,0.0,0.0,0.0,0.0,5e-07,0.00037695,0.05375357,1.54587507,8.7266162,8.52568678,1.1371414,0.0145414,8.93e-06,0.0,0.0,0.0],"del_yes_cr_yes":[0.0,6.08e-06,0.05302033,6.64689401,12.16761258,1.12630545,0.01015016,1.219e-05,0.0,0.0,0.0,0.0,0.0,0.0,0.0,0.0,0.0,0.0,0.0,0.0,0.0],"del_yes_cr_no":[6e-07,6.46e-06,5.338e-05,0.01807091,0.52636023,3.31003714,6.95299589,6.10560245,2.520118,0.51549935,0.05260932,0.00258993,5.696e-05,4.9e-07,0.0,0.0,0.0,0.0,0.0,0.0,0.0],"conf_yes_cr_yes_del_yes":[0.0,0.0,0.0,0.0,0.0,0.0,0.0,0.0,0.0,1.07e-06,0.00011553,0.00530712,0.11039629,1.06199497,4.6070075,8.27851171,5.15196136,0.77584712,0.01285573,2.38e-06,0.0],"conf_yes_cr_no_del_yes":[0.06903246,0.07953418,0.09106684,0.10359967,0.11706081,0.13132761,0.14621653,0.16147512,0.17679262,0.19190361,0.2070569,0.22464622,0.25386441,0.32168191,0.49358181,0.90101232,1.7482571,3.21390863,5.06894317,5.77614831,1.12281356]}}
