{"nodes":{"cr_yes":[0.0,0.0,0.0,0.0,0.0,0.0,0.0,0.0,0.0,0.0,0.0,0.0,0.0,1.2e-07,0.14409748,19.81819262,0.04171058,0.0,0.0,0.0,0.0],"imm_yes_cr_yes":[0.0,0.0,0.0,0.0,0.0,0.0,0.0,0.0,0.0,0.0,2.61e-06,0.11087842,15.05430011,4.83703244,0.00178723,0.0,0.0,0.0,0.0,0.0,0.0],"imm_yes_cr_no":[0.0,0.0,0.0,0.0,0.0,0.0,0.0,0.0,0.0,0.0,0.0,0.0,0.0,1.42e-06,0.00249879,0.56669121,11.17977627,8.2246372,0.0303959,0.0,0.0],"del_yes_cr_yes":[0.0,0.0,5e-08,0.00845932,2.78900412,14.12298333,3.03568384,0.0472298,7.368e-05,0.00010627,0.00033777,0.00011835,4.26e-06,1e-08,0.0,0.0,0.0,0.0,0.0,0.0,0.0],"del_yes_cr_no":[0.00451696,0.09065904,0.55625125,1.72131929,3.30722893,4.3776045,4.22209487,3.0566058,1.68249406,0.70441011,0.22198078,0.05154227,0.00852517,0.00095584,6.763e-05,2.72e-06,5e-08,0.0,0.0,0.0,0.0],"conf_yes_cr_yes_del_yes":[0.0,0.0,0.0,0.0,0.0,0.0,0.0,0.0,0.0,0.0,5.62e-06,0.00238223,0.20454443,3.55156787,11.16869503,4.89798646,0.17862734,0.00019181,0.0,0.0,0.0],"conf_yes_cr_no_del_yes":[0.0,0.0,0.0,0.0,0.0,0.0,3e-08,1.87e-06,6.35e-05,0.00120257,0.0139253,0.10445544,0.52441579,1.78136946,4.04587399,5.89960632,5.07834862,2.19814473,0.34769932,0.00889384,4e-08]}}
