{"nodes":{"cr_yes":[0.0,0.0,0.0,0.0,0.0,0.0,0.0,0.0,0.0,0.0,0.0,0.0,6.39e-06,0.30736598,19.08430835,0.6123182,1.87e-06,0.0,0.0,0.0,0.0],"imm_yes_cr_yes":[0.0,0.0,0.0,0.0,0.0,0.0,1.3e-07,0.05340631,14.30663451,5.6393311,0.00462874,1e-08,0.0,0.0,0.0,0.0,0.0,0.0,0.0,0.0,0.0],"imm_yes_cr_no":[0.0,0.0,0.0,0.0,0.0,0.0,0.0,0.0,5.463e-05,0.07473349,4.55315748,13.54540379,1.82214607,0.00850453,8.2e-07,0.0,0.0,0.0,0.0,0.0,0.0],"del_yes_cr_yes":[0.0,0.0,0.0,0.0,2.265e-05,0.07957665,4.91339054,12.76242093,2.21639133,0.03215755,4.116e-05,0.0,0.0,0.0,0.0,0.0,0.0,0.0,0.0,0.0,0.0],"del_yes_cr_no":[0.03868977,19.46137753,0.52146614,0.00178203,2.941e-05,7.9e-07,1e-08,0.0,0.0,0.0,0.0,0.0,0.0,0.0,0.0,0.0,0.0,0.0,0.0,0.0,0.0],"conf_yes_cr_yes_del_yes":[0.0,0.0,0.0,0.0,0.0,0.0,0.0,0.0,0.0,0.0,1e-08,8.36e-06,0.00188164,0.12837164,2.38967326,10.12628081,6.96000626,0.39734208,0.00043673,0.0,0.0],"conf_yes_cr_no_del_yes":[0.0,0.0,0.0,0.0,0.0,0.0,1e-08,9e-08,1.02e-06,9.63e-06,7.589e-05,0.00050876,0.0029353,0.01469605,0.06415763,0.24439692,0.8079059,2.27933794,5.26324812,8.80308262,5.04728986]}}
