{"nodes":{"cr_yes":[0.0,0.0,0.0,0.0,0.0,0.0,0.0,0.0,0.0,0.0,0.0,0.0,0.0,0.0,3.786e-05,2.24774089,17.75517231,0.00104974,0.0,0.0,0.0],"imm_yes_cr_yes":[0.0,0.0,0.0,0.0,0.0,0.0,1.724e-05,0.89681591,18.75140092,0.35575836,8.37e-06,0.0,0.0,0.0,0.0,0.0,0.0,0.0,0.0,0.0,0.0],"imm_yes_cr_no":[0.0,0.0,0.0,0.0,0.0,0.0,0.0,9e-08,0.00021031,0.05559128,1.94893088,9.94955805,7.34319973,0.69977134,0.00673492,4.21e-06,0.0,0.0,0.0,0.0,0.0],"del_yes_cr_yes":[0.0,0.0,0.0,0.0,0.0,0.0,0.0,5.632e-05,0.28340692,12.61988605,7.04790076,0.05274641,4.34e-06,0.0,0.0,0.0,0.0,0.0,0.0,0.0,0.0],"del_yes_cr_no":[0.0,0.0,0.0,0.0,1.6e-06,0.00065218,0.04394282,0.74198477,3.97029745,7.66908454,5.69269876,1.66290288,0.20586515,0.01568257,0.00087115,1.688e-05,6e-08,0.0,0.0,0.0,0.0],"conf_yes_cr_yes_del_yes":[0.0,0.0,0.0,0.0,0.0,0.0,0.0,0.0,0.0,2e-08,2.863e-05,0.00641846,0.29719609,2.91310018,7.57801047,7.8790127,1.32171026,0.00852374,2.4e-07,0.0,0.0],"conf_yes_cr_no_del_yes":[0.0,0.0,0.0,0.0,0.0,0.0,0.0,0.0,0.0,7e-08,2.47e-06,6.517e-05,0.00114976,0.01372807,0.11235013,0.62900563,2.35278836,5.54788672,7.27712052,3.93466381,0.27048017]}}
