{"nodes":{"cr_yes":[0.0,0.0,0.0,0.0,0.0,0.0,0.0,0.0,0.0,0.0,0.0,0.0,0.0,1e-07,0.01988695,12.54151545,7.44222892,0.00036939,0.0,0.0,0.0],"imm_yes_cr_yes":[0.0,0.0,0.0,0.0,0.0,0.0,0.0,0.0,0.0,0.0,6.9e-07,0.0152222,4.50657914,15.12566183,0.35651373,2.321e-05,0.0,0.0,0.0,0.0,0.0],"imm_yes_cr_no":[0.0,0.0,0.0,0.0,0.0,0.0,0.0,0.0,0.0,8.3e-07,0.00034015,0.03439745,0.90725936,6.13873112,9.68368916,3.06188849,0.17678997,0.00090425,2e-08,0.0,0.0],"del_yes_cr_yes":[0.0,0.0,0.0,0.0,5e-08,0.00063089,0.23150658,5.35523154,11.52400498,2.80998257,0.08237074,0.00027336,9e-08,0.0,0.0,0.0,0.0,0.0,0.0,0.0,0.0],"del_yes_cr_no":[2e-08,0.00011971,0.01202833,0.21763792,1.34842298,3.82183172,5.77535911,5.0633382,2.68971426,0.87862723,0.17495457,0.02057295,0.00134824,4.491e-05,6.6e-07,0.0,0.0,0.0,0.0,0.0,0.0],"conf_yes_cr_yes_del_yes":[0.0,0.0,0.0,0.0,0.0,0.0,0.0,0.0,0.0,7.8e-07,9.348e-05,0.00467446,0.10439419,1.06048883,4.7489172,8.50386237,4.95794093,0.61740011,0.00622819,2.4e-07,0.0],"conf_yes_cr_no_del_yes":[0.0,0.0,0.0,0.0,1e-08,1e-07,1.3e-06,1.186e-05,8.466e-05,0.00049069,0.00238038,0.00988777,0.03577243,0.11408895,0.32315351,0.81476293,1.81994637,3.54145742,5.74177764,6.74343663,1.71349628]}}
