{"nodes":{"cr_yes":[0.0,0.0,0.0,0.0,0.0,0.0,0.0,0.0,0.0,0.0,0.0,0.0,0.0,6.07e-06,0.63124016,19.34345441,0.02930016,0.0,0.0,0.0,0.0],"imm_yes_cr_yes":[0.0,0.0,0.0,0.0,0.0,0.0,0.0,0.00475832,5.76821329,14.12973306,0.10129396,2.17e-06,0.0,0.0,0.0,0.0,0.0,0.0,0.0,0.0,0.0],"imm_yes_cr_no":[0.0,0.0,0.0,0.0,0.0,0.0,0.0,3.2e-07,0.00037159,0.05985095,1.68860975,9.1115803,8.00923526,1.09813307,0.03597592,0.00024291,7.2e-07,0.0,0.0,0.0,0.0],"del_yes_cr_yes":[0.0,0.0,0.0,0.0,0.0,0.0,0.0,0.0,2.021e-05,0.05281207,4.44132756,13.9360266,1.56881957,0.00499452,2.8e-07,0.0,0.0,0.0,0.0,0.0,0.0],"del_yes_cr_no":[8e-08,1.91e-06,2.6e-05,0.00021369,0.00123392,0.00802102,0.06860937,0.44116019,1.67375946,3.70896793,5.18734819,5.02758976,2.99654865,0.81021467,0.07665555,0.00284155,0.00055221,0.00021183,4.132e-05,3.49e-06,1.1e-07],"conf_yes_cr_yes_del_yes":[0.0,0.0,0.0,0.0,0.0,0.0,0.0,0.0,0.0,1e-08,3e-08,2.404e-05,0.00686521,0.42684231,5.37585929,11.3688103,2.78672309,0.03886943,7.08e-06,1e-08,0.0],"conf_yes_cr_no_del_yes":[0.0001716,0.00017694,0.00027919,0.00054355,0.00105717,0.00189687,0.0030687,0.00444175,0.00574295,0.00730645,0.02239085,0.17904052,1.05106711,3.49405749,6.21363248,5.48418539,2.28239578,0.73325704,0.37842702,0.13151815,0.01885921]}}
