{"nodes":{"cr_yes":[0.0,0.0,0.0,0.0,0.0,0.0,0.0,0.0,0.0,0.0,0.0,5.288e-05,0.32955365,15.92105687,3.75149871,0.0018387,0.0,0.0,0.0,0.0,0.0],"imm_yes_cr_yes":[0.0,0.0,0.0,0.0,0.0,0.0,0.0,0.0,0.0,7.776e-05,0.68064583,17.96529965,1.35778595,0.00019161,0.0,0.0,0.0,0.0,0.0,0.0,0.0],"imm_yes_cr_no":[0.0,0.0,0.0,0.0,0.0,0.0,0.0,0.0,0.0,0.0,1.907e-05,0.01087477,0.85152345,8.71632451,9.64595724,0.7771533,0.00214841,5e-08,0.0,0.0,0.0],"del_yes_cr_yes":[0.0,0.0,0.00033822,1.30186073,14.36714714,4.26859713,0.06598329,7.427e-05,1e-08,0.0,0.0,0.0,0.0,0.0,0.0,0.0,0.0,0.0,0.0,0.0,0.0],"del_yes_cr_no":[1.52277102,16.74696615,1.30735143,0.03399166,0.00263461,0.0538624,0.29093637,0.47119363,0.27060698,0.05973978,0.00516202,0.00016836,1.89e-06,1e-08,0.0,0.0,0.0,0.0,0.0,0.0,0.0],"conf_yes_cr_yes_del_yes":[0.0,0.0,0.0,0.0,0.0,0.0,0.0,0.0,0.0,1e-08,6.57e-06,0.00093747,0.04691716,0.84060787,5.16716101,9.5910512,4.11863466,0.23814197,0.00054287,0.0,0.0],"conf_yes_cr_no_del_yes":[0.0,0.0,0.0,0.0,0.0,1e-08,1.7e-07,1.85e-06,2.04e-05,0.00021017,0.0018048,0.0122858,0.06576148,0.27759295,0.92300439,2.38419425,4.60998431,6.13480417,4.58843205,1.00555923,0.00068956]}}
