{"nodes":{"cr_yes":[0.0,0.0,0.0,0.0,0.0,0.0,0.0,0.0,0.0,0.0,0.0,0.0,0.00070484,7.93536499,12.06733292,0.00059805,0.0,0.0,0.0,0.0,0.0],"imm_yes_cr_yes":[0.0,0.0,0.0,0.0,0.0,0.0,4.384e-05,1.63856414,18.22221521,0.14085267,2.129e-05,0.00204661,0.00025701,2e-08,0.0,0.0,0.0,0.0,0.0,0.0,0.0],"imm_yes_cr_no":[0.0,0.0,0.0,0.0,0.0,0.0,1.83e-06,0.02344203,3.91319782,14.52144995,1.54106737,0.00484142,3.8e-07,0.0,0.0,0.0,0.0,0.0,0.0,0.0,0.0],"del_yes_cr_yes":[0.0,0.0,0.0,0.0,0.0,0.0,3e-07,0.0152197,4.54648987,14.75973143,0.68210755,0.00045194,0.0,0.0,0.0,0.0,0.0,0.0,0.0,0.0,0.0],"del_yes_cr_no":[0.0,0.0,1.08e-06,0.00014782,0.00581154,0.08736127,0.60286007,2.16185873,4.39811716,5.41091677,4.22030796,2.16133551,0.74584026,0.17669038,0.02910427,0.00335923,0.00027259,1.554e-05,6.2e-07,2e-08,0.0],"conf_yes_cr_yes_del_yes":[0.0,0.0,0.0,0.0,0.0,0.0,0.0,0.0,0.0,0.0,7.2e-07,0.00048342,0.06659735,1.88280905,9.90280221,7.61409061,0.53569803,0.00151934,6e-08,0.0,0.0],"conf_yes_cr_no_del_yes":[1e-08,1e-08,1e-08,1e-08,2e-08,2e-08,2e-08,2.9e-07,1.179e-05,0.0002839,0.00411131,0.03812838,0.23549883,0.98657829,2.79623964,5.21553602,5.9999425,3.73200801,0.94821208,0.04741324,7.287e-05]}}
