{"nodes":{"cr_yes":[0.0,0.0,0.0,0.0,0.0,0.0,0.0,0.0,0.0,0.0,0.0,0.0,0.0,0.0,0.00080485,3.61993232,16.37714983,0.00611381,0.0,0.0,0.0],"imm_yes_cr_yes":[0.0,0.0,0.0,0.0,0.0,4e-08,0.00374417,2.02462782,15.36625001,2.59674563,0.01263128,1.86e-06,0.0,0.0,0.0,0.0,0.0,0.0,0.0,0.0,0.0],"imm_yes_cr_no":[0.0,0.0,0.0,0.0,1e-08,1.4e-07,2.733e-05,0.00190619,0.04431812,0.42624931,2.51980983,7.88937805,7.47947264,1.58304957,0.05890989,0.00056182,0.00023029,7.738e-05,9.82e-06,4e-07,0.0],"del_yes_cr_yes":[0.0,0.0,0.0,0.0,0.0,0.0,6e-08,0.0002023,0.05707924,1.9463747,9.93101547,7.40596448,0.65813757,0.00522451,2.48e-06,0.0,0.0,0.0,0.0,0.0,0.0],"del_yes_cr_no":[4.08e-06,6.2e-06,8e-06,8.78e-06,8.68e-06,4.665e-05,0.00125227,0.01895505,0.16735778,0.90904317,2.95647507,5.49383635,5.58292133,3.01417729,0.99060569,0.41853968,0.26466357,0.13048853,0.04323046,0.01065827,0.00343187],"conf_yes_cr_yes_del_yes":[1e-08,3e-08,8e-08,1.9e-07,3.8e-07,7e-07,1.11e-06,1.55e-06,1.87e-06,1.94e-06,4.05e-06,0.00051171,0.03545674,0.79769415,5.49458539,9.98301165,3.55371702,0.13884164,0.00017043,1.6e-07,2e-08],"conf_yes_cr_no_del_yes":[0.21651986,0.25331128,0.2952096,0.34264835,0.39602459,0.45567211,0.52182801,0.59459168,0.67387545,0.75934643,0.8503596,0.94588298,1.04441807,1.14392578,1.24181154,1.33537131,1.42570984,1.54348336,1.87077061,2.95564789,2.49170476]}}
