{"nodes":{"cr_yes":[0.0,0.0,0.0,0.0,0.0,0.0,0.0,0.0,0.0,0.0,0.0,1.9e-07,2.119e-05,0.00182246,1.41578962,18.37977078,0.20659638,1.8e-07,0.0,0.0,0.0],"imm_yes_cr_yes":[0.0,0.0,0.0,0.0,0.0,0.0,0.0,0.0,0.0,0.0,0.00011921,0.33048947,13.25266032,6.39806555,0.02266602,2.3e-07,0.0,0.0,0.0,0.0,0.0],"imm_yes_cr_no":[0.0,0.0,0.0,0.0,0.0,0.0,0.0,0.0,0.0,0.0,2e-08,0.00015582,0.08949106,4.25311024,13.7294499,1.9268884,0.00490532,4e-08,0.0,0.0,0.0],"del_yes_cr_yes":[0.0,3.85e-06,0.00238433,0.83210779,10.78115786,7.72112524,0.6575103,0.00968221,2.921e-05,2e-08,0.0,0.0,0.0,0.0,0.0,0.0,0.0,0.0,0.0,0.0,0.0],"del_yes_cr_no":[4.80310999,16.11425588,1.1609953,0.17530096,0.07859649,0.03880016,0.01866958,0.00873904,0.00398628,0.00177442,0.00077161,0.00032806,0.00013646,5.556e-05,2.215e-05,8.65e-06,3.31e-06,1.24e-06,4.5e-07,1.6e-07,6e-08],"conf_yes_cr_yes_del_yes":[0.00036407,0.00116599,0.00325723,0.00803292,0.01767502,0.03509455,0.06388146,0.10970999,0.18916483,0.36101836,0.78094955,1.67921373,3.06598942,4.30201531,4.34389316,2.96558215,1.29657962,0.41188707,0.19070372,0.13522541,0.08555854],"conf_yes_cr_no_del_yes":[0.40118738,0.42079622,0.44693015,0.47958917,0.51877328,0.56448248,0.61671677,0.67547614,0.74076061,0.81257016,0.8909048,0.97576453,1.06714935,1.16505926,1.26949426,1.38045434,1.49793952,1.62194978,1.75248514,1.88954558,2.03313111]}}
