{"nodes":{"cr_yes":[0.0,0.0,0.0,0.0,0.0,0.0,0.0,0.0,0.0,0.0,0.0,0.0,1.28e-06,0.09619289,16.77774194,3.12991889,0.0001458,0.0,0.0,0.0,0.0],"imm_yes_cr_yes":[0.0,0.0,0.0,0.0,0.0,0.0,0.0,0.00025292,2.21389921,17.58465474,0.20519012,3.82e-06,0.0,0.0,0.0,0.0,0.0,0.0,0.0,0.0,0.0],"imm_yes_cr_no":[0.0,0.0,0.0,0.0,0.0,0.0,0.0,0.0,0.0,1.151e-05,0.00674449,0.55287935,6.6039706,10.80131242,2.00947682,0.02958782,1.778e-05,0.0,0.0,0.0,0.0],"del_yes_cr_yes":[0.0,0.0,0.0,0.0,0.0,0.0,4.77e-06,0.02341004,2.9239844,13.95006891,3.0746367,0.03188253,1.344e-05,0.0,0.0,0.0,0.0,0.0,0.0,0.0,0.0],"del_yes_cr_no":[0.0,0.00043826,0.00691689,0.07122293,0.56233449,1.98320308,3.87569078,5.32853718,4.97489901,2.52658223,0.60737046,0.06402925,0.00273356,4.246e-05,2.1e-07,0.0,0.0,0.0,0.0,0.0,0.0],"conf_yes_cr_yes_del_yes":[0.0,0.0,0.0,0.0,0.0,0.0,0.0,0.0,0.0,0.0,1e-08,1.22e-05,0.00272719,0.16915716,2.77951244,10.38129748,6.34833998,0.32266967,0.00028466,0.0,0.0],"conf_yes_cr_no_del_yes":[0.0,0.0,0.0,0.0,0.0,0.0,0.0,0.0,2e-08,4e-07,6.55e-06,8.042e-05,0.0007674,0.00585187,0.03635678,0.18580299,0.77879064,2.6148757,6.55768558,9.76176822,0.12402849]}}
