{"nodes":{"cr_yes":[0.0,0.0,0.0,1.1e-07,7.63e-06,0.00030519,0.00695327,0.08968062,0.64787017,2.5819047,5.56146984,6.30644248,3.64104452,1.02645304,0.13409308,0.00760254,0.00017221,1.4e-06,0.0,0.0,0.0],"imm_yes_cr_yes":[0.0,0.0,0.0,0.0,0.0,0.0,0.0,0.0,0.0,0.0,4.3e-07,0.03341184,10.28365992,9.67251208,0.01441648,6e-08,0.0,0.0,0.0,0.0,0.0],"imm_yes_cr_no":[0.0,0.0,0.0,0.0,0.0,0.0,0.0,0.0,0.0,0.0,0.0,2e-08,0.00017654,0.12622004,6.18801736,13.12061207,0.56882562,0.00014915,0.0,0.0,0.0],"del_yes_cr_yes":[0.0,0.0,0.0,1.611e-05,0.02407208,1.43161106,9.56358191,8.16534607,0.80980894,0.00955132,1.331e-05,0.0,0.0,0.0,0.0,0.0,0.0,0.0,0.0,0.0,0.0],"del_yes_cr_no":[1.64291253,15.50754627,3.26243924,0.29262869,0.07040295,0.02963569,0.01230332,0.00483373,0.00180117,0.00063829,0.00021556,6.949e-05,2.14e-05,6.3e-06,1.78e-06,4.8e-07,1.2e-07,3e-08,1e-08,0.0,0.0],"conf_yes_cr_yes_del_yes":[0.15078052,0.20965755,0.27888121,0.35444102,0.42982808,0.49667127,0.54619452,0.57128621,0.56856598,0.53959041,0.49092923,0.43628325,0.41500567,0.55744249,1.16872213,2.50376879,3.89654195,3.71600785,1.95519275,0.6671268,0.25294678],"conf_yes_cr_no_del_yes":[0.26954309,0.30833331,0.35831371,0.42293838,0.50461831,0.6042301,0.72078854,0.85128311,0.99067835,1.13207817,1.26705406,1.38613721,1.47947449,1.53764838,1.55266083,1.51908094,1.43535662,1.30529011,1.13967745,0.9581118,0.79095073]}}
