{"nodes":{"cr_yes":[0.0,0.0,0.0,0.0,0.0,0.0,1.9e-07,1.302e-05,0.00029231,0.00208798,0.00447156,0.00265797,0.00039716,2.183e-05,0.10045636,12.08132536,7.79137099,0.00873909,1.8e-07,0.00049864,0.02333636],"imm_yes_cr_yes":[0.0,0.0,0.0,0.0,0.0,0.0,6.4e-07,0.00455173,2.75932959,16.06893285,1.17004493,0.00114105,1e-08,0.0,0.0,0.0,0.0,0.0,0.0,0.0,0.0],"imm_yes_cr_no":[0.0,0.0,0.0,0.0,2e-08,1.7e-06,6.731e-05,0.00107107,0.00716107,0.02247858,0.13189631,2.50545823,9.68573917,6.72084983,0.91378202,0.01548088,1.46e-05,0.0,0.0,0.0,0.0],"del_yes_cr_yes":[0.0,0.0,0.0,0.0,0.0,0.0,0.0,1.8e-07,0.00077916,0.16944235,2.74425343,9.17985901,7.39082133,0.51674815,0.00209686,3.3e-07,0.0,0.0,0.0,0.0,0.0],"del_yes_cr_no":[1.83e-06,2.16e-06,1.242e-05,7.398e-05,0.00033404,0.0012287,0.00465941,0.0214859,0.09518441,0.32023211,0.80600541,1.81955688,3.82504638,5.36118539,4.14930542,2.26624163,1.05524022,0.25698745,0.02085809,0.00035961,5.7e-07],"conf_yes_cr_yes_del_yes":[0.0,0.0,0.0,0.0,0.0,0.0,2e-08,1.7e-07,8e-07,2.74e-06,6.59e-06,2.763e-05,0.00367606,0.20605269,2.95269697,9.96836395,6.38362276,0.4877216,0.00182875,5e-08,0.0],"conf_yes_cr_no_del_yes":[0.07490876,0.06126091,0.04866381,0.03803834,0.03040966,0.02697492,0.02901179,0.03745873,0.05213748,0.0711387,0.09416503,0.15206667,0.4235501,1.38512789,3.3960051,5.39697509,5.18559491,2.76009824,0.70284354,0.07198945,0.00607212]}}
