{"nodes":{"cr_yes":[0.0,0.0,0.0,0.0,0.0,0.0,0.0,0.0,0.0,0.0,0.0,0.0,0.0,3.5e-06,0.09489707,14.40479467,5.50147941,0.00282615,0.0,0.0,0.0],"imm_yes_cr_yes":[0.0,0.0,0.0,0.0,0.0,0.0,1.8e-07,0.05219098,13.43263604,6.51089636,0.00827722,3e-08,0.0,0.0,0.0,0.0,0.0,0.0,0.0,0.0,0.0],"imm_yes_cr_no":[0.0,0.0,0.0,0.0,2e-08,6e-08,1e-07,9e-08,3.6e-07,7.738e-05,0.02428645,1.69331088,11.49935968,6.53925022,0.24712268,0.00059269,1.9e-07,0.0,0.0,0.0,0.0],"del_yes_cr_yes":[0.0,0.0,0.0,0.0,0.0,0.0,0.0,0.0,3.315e-05,0.10047011,6.88756799,12.45795202,0.55752013,0.0004574,0.0,0.0,0.0,0.0,0.0,0.0,0.0],"del_yes_cr_no":[7.83e-06,1.211e-05,1.595e-05,1.788e-05,1.702e-05,1.37e-05,1.027e-05,7.139e-05,0.00194569,0.02832569,0.21881309,0.96051813,2.64839893,5.00083903,6.04158842,3.7512012,0.93115887,0.09503233,0.07808518,0.14778684,0.20029033],"conf_yes_cr_yes_del_yes":[0.0,0.0,0.0,0.0,0.0,0.0,0.0,0.0,0.0,0.0,7e-08,1.074e-05,0.00459254,0.39144923,5.75062146,11.71092178,2.13177278,0.01461939,1.258e-05,2.2e-07,0.0],"conf_yes_cr_no_del_yes":[5.85e-06,1.726e-05,9.52e-05,0.00048777,0.00212337,0.00785466,0.02483968,0.06747203,0.15785855,0.31843327,0.55439785,0.84313509,1.18445101,1.69973855,2.47495682,3.19535613,3.44524056,2.98419838,1.91040259,0.95409008,0.35769804]}}
