{"nodes":{"cr_yes":[0.0,0.0,0.0,0.0,0.0,0.0,0.0,0.0,0.0,0.0,0.0,0.0,0.00037906,1.87517787,17.99151316,0.13693054,1.7e-07,0.0,0.0,0.0,0.0],"imm_yes_cr_yes":[0.0,0.0,0.0,0.0,0.0,0.0,0.0,0.0,0.0,5.69e-06,0.32654894,18.71650837,0.9609122,2.561e-05,0.0,0.0,0.0,0.0,0.0,0.0,0.0],"imm_yes_cr_no":[0.0,0.0,0.0,0.0,0.0,0.0,0.0,0.0,0.0,0.0,0.0,0.0,0.0,2.53e-06,0.0076093,1.67172775,16.07604315,2.24827889,0.00033917,0.0,0.0],"del_yes_cr_yes":[0.0,0.0,0.0,0.0,0.0,4.023e-05,0.14298827,7.93998081,11.38559338,0.53454171,0.00085636,4e-08,0.0,0.0,0.0,0.0,0.0,0.0,0.0,0.0,0.0],"del_yes_cr_no":[0.00542573,0.04483678,0.01215446,0.00116639,0.00722907,0.09072643,0.59451222,2.17499782,4.62334935,5.80899263,4.30527002,1.8435274,0.43754713,0.05381183,0.00309463,7.126e-05,5.2e-07,0.0,0.0,0.0,0.0],"conf_yes_cr_yes_del_yes":[0.0,0.0,0.0,0.0,0.0,0.0,0.0,0.0,0.0,0.0,1.62e-06,0.0008716,0.09770355,2.2990159,10.29167992,6.88739089,0.42640369,0.00093362,1e-08,0.0,0.0],"conf_yes_cr_no_del_yes":[0.0,0.0,0.0,0.0,0.0,0.0,0.0,2e-08,1e-06,2.841e-05,0.00053409,0.00689897,0.06192708,0.38376387,1.60551184,4.32988527,6.87880746,5.36239342,1.34547824,0.02877113,0.0]}}
