{"nodes":{"cr_yes":[0.0,0.0,0.0,0.0,0.0,0.0,0.0,0.0,0.0,0.0,0.0,0.0,0.0,0.0,1.3e-07,0.0096399,14.71735813,3.54581353,1.73117041,1.871e-05,0.0],"imm_yes_cr_yes":[0.0,0.0,0.0,0.0,0.0,0.0,8e-08,0.02647551,10.30843498,9.63865445,0.03043546,3.2e-07,0.0,0.0,0.0,0.0,0.0,0.0,0.0,0.0,0.0],"imm_yes_cr_no":[0.0,0.0,0.0,0.0,0.0,1e-07,2.97e-06,3.74e-05,0.00026749,0.01619422,0.68523104,5.92237504,10.09977897,3.13143074,0.14789951,0.00078305,2.8e-07,0.0,0.0,0.0,0.0],"del_yes_cr_yes":[0.0,0.0,0.0,0.0,0.0,0.0,0.0,0.0,1e-08,0.00016198,0.16254165,6.86998814,12.20950437,0.7607059,0.00109873,2e-08,0.0,0.0,0.0,0.0,0.0],"del_yes_cr_no":[3.8e-07,2.99e-06,1.568e-05,5.701e-05,0.00014723,0.00027513,0.00043578,0.00370563,0.07536315,0.72737148,3.18994126,6.54138641,6.25660853,2.67797577,0.47313352,0.03325373,0.00465156,0.00574998,0.00658223,0.00560418,0.00347871],"conf_yes_cr_yes_del_yes":[0.0,0.0,0.0,0.0,0.0,0.0,0.0,0.0,0.0,0.0,1e-08,3.595e-05,0.01609847,1.0857844,9.77711084,8.70591501,0.41865734,0.0003966,2.18e-06,0.0,0.0],"conf_yes_cr_no_del_yes":[7.7e-07,2.29e-06,6.58e-06,1.83e-05,4.933e-05,0.00012905,0.0003277,0.00080821,0.00193635,0.00450715,0.01019123,0.02237761,0.0476873,0.09853752,0.19719993,0.38196428,0.71915812,1.3542562,2.79835122,6.8954306,14.94212285]}}
