{"nodes":{"cr_yes":[0.0,0.0,0.0,0.0,0.0,0.0,0.0,0.0,0.0,0.0,0.0,0.0,0.0,0.0,2.634e-05,0.75957,19.18708698,0.05731748,0.0,0.0,0.0],"imm_yes_cr_yes":[0.0,0.0,0.0,0.0,0.0,0.00019439,0.97316276,16.96706594,2.05762735,0.00475188,0.00113489,6.318e-05,4.1e-07,0.0,0.0,0.0,0.0,0.0,0.0,0.0,0.0],"imm_yes_cr_no":[4.3e-07,4e-06,2.231e-05,7.568e-05,0.00015813,0.00020622,0.00029261,0.00350978,0.0322529,0.17892733,1.85383419,7.61989392,7.45089069,2.54649968,0.31002776,0.00738438,2.082e-05,1.1e-07,5e-08,1e-08,0.0],"del_yes_cr_yes":[0.0,0.0,0.0,0.0,0.0,1e-08,0.00062124,0.551862,11.26781326,7.95186011,0.23156788,0.00027628,1e-08,0.0,0.0,0.0,0.0,0.0,0.0,0.0,0.0],"del_yes_cr_no":[0.0017631,0.00179215,0.00190265,0.0117272,0.10164823,0.48157528,1.47045295,3.35242642,5.14942827,4.61673882,2.45101348,1.09185361,0.65423821,0.38802716,0.16321786,0.04502282,0.00840246,0.00234113,0.00296342,0.00482115,0.00705198],"conf_yes_cr_yes_del_yes":[3.452e-05,4.845e-05,6.255e-05,7.406e-05,8.01e-05,7.876e-05,7.005e-05,5.599e-05,3.992e-05,2.517e-05,1.391e-05,1.853e-05,0.00231196,0.13423007,2.24579904,9.45412756,7.5279262,0.63699795,0.00189138,0.00012708,9.62e-06],"conf_yes_cr_no_del_yes":[0.0117103,0.02087061,0.03578494,0.05905036,0.09379775,0.14343146,0.21114267,0.29920857,0.40817753,0.53614172,0.67840188,0.82812634,0.98002616,1.14295021,1.36812905,1.76902943,2.42653796,3.10387593,3.15305984,2.23920242,1.00240164]}}
