{"nodes":{"cr_yes":[0.0,0.0,0.0,0.0,0.0,0.0,0.0,0.0,0.0,0.0,0.0,0.0,0.0,0.0,0.00119775,12.33329475,7.66949625,1.206e-05,0.0,0.0,0.0],"imm_yes_cr_yes":[0.0,0.0,0.0,0.0,0.0,0.0,0.0,1.6e-07,0.05172639,14.1811004,5.76720646,0.00396739,0.0,0.0,0.0,0.0,0.0,0.0,0.0,0.0,0.0],"imm_yes_cr_no":[0.0,0.0,0.0,0.0,0.0,0.0,0.0,0.0,0.0,3.93e-06,0.00433161,0.52189237,7.25487819,10.82509334,1.38794692,0.00985272,1.72e-06,0.0,0.0,0.0,0.0],"del_yes_cr_yes":[0.0,0.0,0.0,0.0,0.0,0.0,7.1e-07,0.02089718,4.80641039,14.468757,0.70738874,0.00054677,1e-08,0.0,0.0,0.0,0.0,0.0,0.0,0.0,0.0],"del_yes_cr_no":[0.0,0.0,0.0,1e-08,2.053e-05,0.00358225,0.1256412,1.29494614,4.84526435,7.38568633,4.82854556,1.35643227,0.15690506,0.00687397,0.00010263,4.9e-07,0.0,0.0,0.0,0.0,0.0],"conf_yes_cr_yes_del_yes":[0.0,0.0,0.0,0.0,0.0,0.0,0.0,0.0,0.0,0.0,0.0,3.73e-06,0.00264042,0.31232087,5.6432696,12.16314019,1.87536376,0.00726217,6e-08,0.0,0.0],"conf_yes_cr_no_del_yes":[0.0,0.0,0.0,0.0,0.0,0.0,0.0,5e-08,1.87e-06,4.087e-05,0.00056328,0.00522684,0.03412313,0.16140693,0.56438844,1.48406872,3.00076863,4.78432881,5.830666,4.10531698,0.0662005]}}
