{"nodes":{"cr_yes":[0.08325149,0.41577136,1.40990606,3.20375943,4.80156435,4.6577043,2.85976283,1.082411,0.24479423,0.03187814,0.00228751,8.616e-05,2.91e-05,0.00041378,0.00110091,0.02760759,0.15143047,0.05169292,0.89133089,0.12883519,1.769e-05],"imm_yes_cr_yes":[0.0,0.0,0.0,0.0,0.0,8.2e-07,0.01713895,3.37461948,14.61009778,1.994699,0.00744391,6.6e-07,1.3e-07,7e-08,1e-08,0.0,0.0,0.0,0.0,0.0,0.0],"imm_yes_cr_no":[3.005e-05,5.144e-05,6.527e-05,6.143e-05,4.277e-05,2.192e-05,1.19e-05,0.00052478,0.02390182,0.45042959,3.45707596,8.78706932,6.20260704,1.04670853,0.03510623,0.00027213,2.694e-05,6.05e-06,2.15e-06,4.8e-07,4e-08],"del_yes_cr_yes":[0.0,0.0,0.0,0.0,0.0,0.0,0.0,1.445e-05,0.02036997,1.75412899,11.60890191,6.35119174,0.26859064,0.00080202,1.08e-06,0.0,0.0,0.0,0.0,0.0,0.0],"del_yes_cr_no":[2.94e-06,7.724e-05,0.00111535,0.00942716,0.05031928,0.17883978,0.43906543,0.77238595,1.10546245,1.84956076,3.67544294,5.31216645,4.33052557,1.81806793,0.37799825,0.05208212,0.01307968,0.00454927,0.00310879,0.00549432,0.01046123],"conf_yes_cr_yes_del_yes":[0.0,1e-08,3e-08,7e-08,1.7e-07,4e-07,9.9e-07,2.57e-06,6.4e-06,1.417e-05,2.934e-05,0.0005319,0.03491292,0.80281967,5.57133448,10.02073399,3.44781688,0.12541362,0.00034707,2.692e-05,1.843e-05],"conf_yes_cr_no_del_yes":[0.00141071,0.00238342,0.00398033,0.00657091,0.01072363,0.01730098,0.02759274,0.04349866,0.06777198,0.10433398,0.15866424,0.23826077,0.35314902,0.51640941,0.74475381,1.05964951,1.49214062,2.1072874,3.11119156,5.17966438,9.51593618]}}
