{"nodes":{"cr_yes":[0.0,0.0,0.0,0.0,0.0,0.0,0.0,0.0,0.0,0.0,0.0,0.0,0.0,0.0,0.00050973,6.21764854,13.78561092,0.00023161,0.0,0.0,0.0],"imm_yes_cr_yes":[0.0,0.0,0.0,0.0,0.0,0.0,0.00043456,1.90817943,17.45526324,0.64000284,0.00012073,0.0,0.0,0.0,0.0,0.0,0.0,0.0,0.0,0.0,0.0],"imm_yes_cr_no":[0.0,0.0,0.0,0.0,0.0,0.0,1e-08,6.35e-05,0.02568724,1.22510633,8.38366625,8.90605265,1.43283532,0.030524,6.55e-05,1e-08,0.0,0.0,0.0,0.0,0.0],"del_yes_cr_yes":[0.0,0.0,0.0,0.0,0.0,0.0,0.00040064,0.46044959,10.9210477,8.37041155,0.25139822,0.00029308,1e-08,0.0,0.0,0.0,0.0,0.0,0.0,0.0,0.0],"del_yes_cr_no":[0.0,0.0,3e-08,0.00010791,0.01840589,0.47785177,3.18321684,7.17182181,6.35307009,2.3848355,0.38741237,0.02655785,0.00071411,6.61e-06,2e-08,0.0,0.0,0.0,0.0,0.0,0.0],"conf_yes_cr_yes_del_yes":[0.0,0.0,0.0,0.0,0.0,0.0,0.0,0.0,0.0,0.0,6.8e-07,0.00022865,0.02212795,0.63307796,5.12860708,10.26169749,3.8113811,0.14672819,0.00015171,0.0,0.0],"conf_yes_cr_no_del_yes":[0.0,0.0,0.0,0.0,0.0,0.0,0.0,5e-08,3.7e-07,2.44e-06,1.371e-05,6.695e-05,0.00029934,0.00143669,0.00900236,0.06641967,0.4403657,2.20338619,7.12202734,10.15026759,0.02142479]}}
