{"nodes":{"cr_yes":[0.0,0.0,0.0,0.0,0.0,0.0,0.0,0.0,5e-08,9.21e-06,0.00072964,0.02570346,0.39623493,2.59785363,6.93926188,7.10563387,2.56423467,0.29052639,0.01080993,0.04453314,0.05693999],"imm_yes_cr_yes":[0.0,0.0,0.0,0.0,0.0,0.0,0.0,0.0,0.0,6e-08,0.00029127,0.29175821,10.55554714,9.03349976,0.1228914,1.297e-05,0.0,0.0,0.0,0.0,0.0],"imm_yes_cr_no":[0.0,0.0,0.0,0.0,0.0,0.0,0.0,0.0,0.0,0.0,1.4e-07,0.00038789,0.1236891,4.2518489,13.14010588,2.47450301,0.01346538,5e-07,0.0,0.0,0.0],"del_yes_cr_yes":[0.0001111,0.07470297,1.99125529,7.15326972,7.51932955,2.96047401,0.29715045,0.00769288,7.001e-05,3.7e-07,0.0,0.0,0.0,0.0,0.0,0.0,0.0,0.0,0.0,0.0,0.0],"del_yes_cr_no":[10.21518336,5.85844339,3.67696996,2.26453145,1.35051843,0.78264848,0.44230081,0.24439947,0.13230218,0.07026885,0.03665918,0.01880225,0.0094873,0.00471208,0.00230462,0.00111029,0.00052702,0.00024652,0.00011364,5.163e-05,2.312e-05],"conf_yes_cr_yes_del_yes":[0.79310206,0.78817988,0.77153154,0.74625876,0.7160729,0.68521766,0.65929717,0.64732741,0.66450758,0.7346597,0.89065399,1.16482803,1.55030937,1.93488339,2.09369592,1.85546235,1.33171017,0.85826707,0.63641827,0.59099896,0.57433926],"conf_yes_cr_no_del_yes":[0.45470285,0.47567863,0.50209148,0.53394141,0.57122841,0.61395249,0.66211365,0.71571188,0.77474718,0.83921956,0.90912902,0.98447556,1.06525916,1.15147985,1.24313761,1.34023244,1.44276436,1.55073334,1.66413941,1.78298255,1.90726276]}}
