{"nodes":{"cr_yes":[0.0,0.0,0.0,0.0,0.0,0.0,0.0,0.0,0.0,0.0,0.0,0.0,0.0,0.0,0.00373285,17.56308119,2.43718653,2.4e-07,0.0,0.0,0.0],"imm_yes_cr_yes":[0.0,0.0,0.0,0.0,0.0,0.0,0.0,0.00177446,5.09780671,14.83518614,0.06923293,5.5e-07,0.0,0.0,0.0,0.0,0.0,0.0,0.0,0.0,0.0],"imm_yes_cr_no":[0.0,0.0,0.0,0.0,0.0,0.0,0.0,0.0,0.0,0.0,1.039e-05,0.00771431,0.70836005,8.07626351,10.14788591,1.05844091,0.00532128,4.43e-06,0.0,0.0,0.0],"del_yes_cr_yes":[0.0,0.0,0.0,0.0,0.0,0.0,0.0,0.00011863,0.32461825,11.77169093,7.80655215,0.10099944,2.14e-05,0.0,0.0,0.0,0.0,0.0,0.0,0.0,0.0],"del_yes_cr_no":[0.0,0.0,0.0,0.0,3e-08,6.4e-07,9.35e-06,0.00025404,0.00702473,0.1031338,0.7685912,2.97870454,6.03730458,6.25413946,3.12412601,0.67658683,0.05301958,0.00110255,3.45e-06,0.0,0.0],"conf_yes_cr_yes_del_yes":[0.0,0.0,0.0,0.0,0.0,0.0,0.0,0.0,0.0,0.0,3.5e-07,0.00023312,0.03445269,1.15018407,8.0251054,9.52114461,1.26475069,0.00812949,3.8e-07,0.0,0.0],"conf_yes_cr_no_del_yes":[1.04e-06,3.77e-06,1.211e-05,3.466e-05,8.903e-05,0.00020624,0.00043229,0.00082334,0.00148872,0.00362621,0.01951001,0.12534074,0.60040946,1.967906,4.2941955,5.96219958,4.81436199,1.90861425,0.28536689,0.01931977,0.00011942]}}
