{"nodes":{"cr_yes":[0.0,0.0,0.0,0.0,0.0,0.0,0.0,0.0,0.0,0.0,0.0,0.0,0.0,7e-08,0.02196985,14.63790184,5.34402983,9.921e-05,0.0,0.0,0.0],"imm_yes_cr_yes":[0.0,0.0,0.0,0.0,0.0,0.0,4.2e-07,0.03576974,8.526527,11.32791419,0.11378083,8.62e-06,0.0,0.0,0.0,0.0,0.0,0.0,0.0,0.0,0.0],"imm_yes_cr_no":[0.0,0.0,0.0,0.0,0.0,0.0,0.0,1e-08,1.208e-05,0.00335045,0.23801702,3.63739177,10.61498328,5.17537724,0.33301597,0.00185257,4.2e-07,0.0,0.0,0.0,0.0],"del_yes_cr_yes":[0.0,0.0,0.0,0.0,0.0,0.0,2e-08,0.00053031,0.30952218,7.82607802,10.96125685,0.90270538,0.00390738,6.5e-07,0.0,0.0,0.0,0.0,0.0,0.0,0.0],"del_yes_cr_no":[0.0,0.0,2e-08,1.718e-05,0.0015046,0.03365847,0.27618005,1.04615682,2.33959141,4.13553677,5.6680084,4.50678677,1.70827088,0.2722463,0.01577353,0.0002686,9.8e-07,0.0,0.0,0.0,0.0],"conf_yes_cr_yes_del_yes":[0.0,0.0,0.0,0.0,0.0,0.0,0.0,0.0,0.0,0.0,3.6e-07,0.00013874,0.0155052,0.51173009,4.73901263,10.54006893,4.05905314,0.13840227,8.944e-05,0.0,0.0],"conf_yes_cr_no_del_yes":[0.00047152,0.00107992,0.00236322,0.00494434,0.00989338,0.01893244,0.03463628,0.06053106,0.10092571,0.16025441,0.24171783,0.34516121,0.46452336,0.58623437,0.69486273,0.8182846,1.2246301,2.81390348,6.2025404,6.17262759,0.09143723]}}
