{"nodes":{"cr_yes":[0.0,0.0,0.0,0.0,0.0,0.0,0.0,0.0,0.0,0.0,0.0,0.0,0.0,0.0,0.00019821,2.58811052,17.41081809,0.00487399,0.0,0.0,0.0],"imm_yes_cr_yes":[0.0,0.0,0.0,0.0,0.0,0.0,4.57e-06,0.00456957,0.33891102,15.15576013,4.49549076,0.00926464,1.1e-07,0.0,0.0,0.0,0.0,0.0,0.0,0.0,0.0],"imm_yes_cr_no":[0.0,0.0,0.0,0.0,0.0,0.0,0.0,0.0,0.0,7e-08,6.712e-05,0.01316727,0.57518793,5.54653955,10.61691597,3.16115176,0.09087364,9.749e-05,0.0,0.0,0.0],"del_yes_cr_yes":[0.0,0.0,0.0,0.0,0.0,1.656e-05,0.12487724,8.46462727,11.00941291,0.40458712,0.00047969,2e-08,0.0,0.0,0.0,0.0,0.0,0.0,0.0,0.0,0.0],"del_yes_cr_no":[0.0097036,13.79668291,5.48475279,0.66058145,0.04009335,0.00202208,0.00215904,0.00409335,0.00451006,0.0029057,0.00108961,0.00023103,2.616e-05,1.44e-06,3e-08,0.0,0.0,0.0,0.0,0.0,0.0],"conf_yes_cr_yes_del_yes":[0.0,0.0,0.0,0.0,0.0,0.0,0.0,0.0,0.0,1e-08,5.78e-06,0.00092576,0.05010571,0.9325007,5.66730798,9.72470539,3.48689025,0.14140094,0.00015829,0.0,0.0],"conf_yes_cr_no_del_yes":[0.0,0.0,0.0,0.0,0.0,0.0,2e-08,5.5e-07,9.02e-06,0.00010826,0.00098439,0.00697013,0.03916399,0.17646529,0.63804085,1.82747948,4.00277306,6.18941785,5.56579817,1.55658825,0.00040298]}}
