{"nodes":{"cr_yes":[0.0,0.0,0.0,0.0,0.0,0.0,0.0,0.0,0.0,0.0,0.0,0.0,0.0,3.4e-07,0.05731449,4.15709037,13.54752068,2.2420589,1.602e-05,0.0,0.0],"imm_yes_cr_yes":[0.0,0.0,0.0,0.0,0.0,0.0,0.0,0.00720327,7.495767,12.45252733,0.04850275,4.5e-07,0.0,0.0,0.0,0.0,0.0,0.0,0.0,0.0,0.0],"imm_yes_cr_no":[0.0,0.0,0.0,0.0,0.0,0.0,2e-08,1.017e-05,0.00113401,0.03132871,0.90914533,9.3775297,9.05584443,0.62672328,0.00219986,4.456e-05,3.344e-05,6.95e-06,3.5e-07,0.0,0.0],"del_yes_cr_yes":[0.0,0.0,0.0,0.0,0.0,0.0,0.0,1.494e-05,0.0186142,1.62427662,11.4091143,6.65245546,0.29867494,0.00085023,1.1e-07,0.0,0.0,0.0,0.0,0.0,0.0],"del_yes_cr_no":[2.11e-06,8.7e-07,3.9e-07,2.02e-06,2.662e-05,0.00021041,0.00136901,0.01835843,0.23736861,1.52064451,4.58113797,6.5711133,4.52049241,1.52989854,0.28756825,0.08254909,0.12962651,0.19175148,0.18884933,0.11965111,0.04676171],"conf_yes_cr_yes_del_yes":[0.0,0.0,0.0,0.0,0.0,0.0,0.0,0.0,2.2e-07,5.77e-06,8.319e-05,0.0010973,0.04536114,1.20341394,7.94144203,9.33017968,1.45690225,0.02547305,4.188e-05,3.4e-07,0.0],"conf_yes_cr_no_del_yes":[3.077e-05,9.351e-05,0.00025257,0.00060821,0.00130806,0.00251438,0.00431847,0.00662291,0.00912082,0.01197627,0.02190045,0.09862896,0.55491567,2.1436461,4.88989061,6.16143977,4.06665482,1.48320606,0.43923686,0.103199,0.00890385]}}
