{"nodes":{"cr_yes":[0.0,0.0,0.0,0.0,0.0,0.0,0.0,0.0,0.0,0.0,0.0,9.48e-06,0.6065158,8.11172282,11.21253436,0.07321834,0.0,0.0,0.0,0.0,0.0],"imm_yes_cr_yes":[0.0,0.0,0.0,0.0,0.0,0.0,0.0,0.0,0.0,0.00066816,2.89111612,16.99815044,0.1140656,4.8e-07,0.0,0.0,0.0,0.0,0.0,0.0,0.0],"imm_yes_cr_no":[0.0,0.0,0.0,0.0,0.0,0.0,1.3e-07,0.0046979,1.87306021,14.9398374,3.16745746,0.01894494,2.76e-06,0.0,0.0,0.0,0.0,0.0,0.0,0.0,0.0],"del_yes_cr_yes":[0.0,0.0,0.0,0.0,0.0,0.0,1.2e-06,0.02518803,4.84695526,14.30979868,0.82113215,0.00092546,2e-08,0.0,0.0,0.0,0.0,0.0,0.0,0.0,0.0],"del_yes_cr_no":[0.0,0.94571953,0.0161251,0.00961412,1.72123565,11.09095179,5.83398874,0.3825059,0.00385356,6.41e-06,0.0,0.0,0.0,0.0,0.0,0.0,0.0,0.0,0.0,0.0,0.0],"conf_yes_cr_yes_del_yes":[0.0,0.0,0.0,0.0,0.0,0.0,0.0,0.0,0.0,0.0,2.6e-07,0.00019688,0.03222558,1.14620543,8.18207108,9.47919379,1.15785135,0.00625622,2.1e-07,0.0,0.0],"conf_yes_cr_no_del_yes":[0.0,0.0,0.0,0.0,0.0,0.0,0.0,1e-08,9.2e-07,3.245e-05,0.00068119,0.00907935,0.07993173,0.47215606,1.85564115,4.66528917,6.86733463,4.91671049,1.11579543,0.0213482,0.0]}}
