{"nodes":{"cr_yes":[9.58e-05,0.00012658,0.00011304,6.706e-05,2.591e-05,6.37e-06,9.7e-07,9e-08,0.0,0.0,0.0,0.0,0.0,6.5e-06,0.03193035,4.83916514,13.98610785,0.34201516,0.1038064,0.69086537,0.01943223],"imm_yes_cr_yes":[0.0,0.0,0.0,0.0,0.0,0.0,7.663e-05,0.62013824,16.64859523,2.73155261,0.00363805,4e-08,0.0,0.0,0.0,0.0,0.0,0.0,0.0,0.0,0.0],"imm_yes_cr_no":[0.00025941,0.00014199,6.394e-05,2.35e-05,7e-06,2.14e-06,6.62e-06,4.249e-05,0.00021168,0.00293467,0.03756452,0.40708621,3.49714562,9.46164518,5.86980504,0.70022645,0.02510243,0.00181784,4.364e-05,1.4e-07,0.0],"del_yes_cr_yes":[0.0,0.0,0.0,0.0,0.0,0.0,1.3e-07,0.00110816,0.39381036,7.86823254,10.69493297,1.03929372,0.00662075,2.18e-06,0.0,0.0,0.0,0.0,0.0,0.0,0.0],"del_yes_cr_no":[0.08524396,0.12280657,0.15060372,0.15770499,0.14119074,0.10825338,0.07328609,0.06513499,0.17991467,0.62543518,1.51199857,2.51889016,3.06314296,2.82236041,2.10616702,1.62159478,1.54328415,1.43121998,1.04674024,0.56397408,0.21535229],"conf_yes_cr_yes_del_yes":[0.0,0.0,0.0,0.0,1e-08,2e-08,4e-08,6e-08,9e-08,1.6e-07,7.9e-07,3.937e-05,0.00337795,0.1333169,1.93402294,8.39475116,8.2902115,1.23064737,0.01748411,0.00014746,1.73e-06],"conf_yes_cr_no_del_yes":[0.1057323,0.14118106,0.18404798,0.23412508,0.29043429,0.35106755,0.41311672,0.47275804,0.52557953,0.56728398,0.59497823,0.60946685,0.62000762,0.65688572,0.80211431,1.22520518,2.10270501,3.23431931,3.69538112,2.68941195,1.08213024]}}
