{"nodes":{"cr_yes":[0.0,0.0,0.0,0.0,0.0,0.0,0.0,0.0,0.0,0.0,0.0,0.0,0.0,0.02194687,19.87853458,0.10351935,0.0,0.0,0.0,0.0,0.0],"imm_yes_cr_yes":[0.0,0.0,0.0,0.0,0.0,0.0,0.01058208,13.35781817,6.63284862,0.00275193,0.0,0.0,0.0,0.0,0.0,0.0,0.0,0.0,0.0,0.0,0.0],"imm_yes_cr_no":[0.0,0.0,0.0,0.0,0.0,1.1e-07,0.00711102,2.7461802,15.29831717,1.94561019,0.00678149,6.2e-07,0.0,0.0,0.0,0.0,0.0,0.0,0.0,0.0,0.0],"del_yes_cr_yes":[0.0,0.0,0.0,0.0,0.0,0.0,1e-08,0.00165805,1.8062506,16.46972962,1.72421918,0.00214332,3e-08,0.0,0.0,0.0,0.0,0.0,0.0,0.0,0.0],"del_yes_cr_no":[0.0,0.0,1.26e-06,0.03822198,4.06890093,12.7917751,3.02028337,0.08447135,0.00034659,2.2e-07,0.0,0.0,0.0,0.0,0.0,0.0,0.0,0.0,0.0,0.0,0.0],"conf_yes_cr_yes_del_yes":[0.0,0.0,0.0,0.0,0.0,0.0,0.0,0.0,0.0,0.0,9.5e-07,0.00098372,0.15511121,3.73535322,12.11551278,3.92648284,0.07053447,2.16e-05,0.0,0.0,0.0],"conf_yes_cr_no_del_yes":[0.0,0.0,0.0,0.0,0.0,0.0,0.0,0.0,1.7e-07,4.72e-06,8.681e-05,0.00112025,0.01041529,0.07082708,0.35370928,1.28603873,3.31776348,5.75944917,6.04965278,3.01373477,0.28239652]}}
