{"nodes":{"cr_yes":[0.0,0.0,0.0,0.0,0.0,0.0,0.0,0.0,0.0,0.0,1e-08,1.03e-06,3.67e-05,0.0003531,0.00082366,0.0175491,11.77027496,8.21465117,0.00031068,1e-08,7.5e-07],"imm_yes_cr_yes":[0.0,0.0,0.0,0.0,0.0,0.00026088,1.09263862,16.82360212,2.08438285,0.00311624,8e-08,0.0,0.0,0.0,0.0,0.0,0.0,0.0,0.0,0.0,0.0],"imm_yes_cr_no":[7e-08,7e-08,6e-08,6e-08,4.02e-06,0.00024726,0.00585019,0.05759813,0.24835471,0.49282867,0.63387535,1.02432006,1.08990842,1.94747773,4.93179525,5.94679926,3.00252633,0.58283412,0.03817444,0.00088651,0.00104024],"del_yes_cr_yes":[0.0,0.0,0.0,0.0,0.0,1e-08,0.00033005,0.2957056,8.38643356,10.62707976,0.69219014,0.00226136,3.3e-07,0.0,0.0,0.0,0.0,0.0,0.0,0.0,0.0],"del_yes_cr_no":[0.00116843,0.0012513,0.00115954,0.00092994,0.00068411,0.00211426,0.03065747,0.25948272,1.1899646,3.16099685,5.08483045,5.04301741,3.0750594,1.17734528,0.36027846,0.17566265,0.15094072,0.13322645,0.09478418,0.05098309,0.02009544],"conf_yes_cr_yes_del_yes":[7.191e-05,0.00018748,0.00043868,0.00091992,0.00172494,0.00288332,0.0042794,0.00561119,0.00645927,0.00647787,0.00561367,0.00451525,0.02158367,0.43078099,3.53308346,9.22921775,6.08094367,0.66112221,0.00795604,0.00015824,1.569e-05],"conf_yes_cr_no_del_yes":[0.28670714,0.32750683,0.3728174,0.42285432,0.47777025,0.53763134,0.602389,0.67184655,0.74562072,0.82309776,0.90338456,0.98525638,1.06710532,1.14690204,1.22221693,1.29053923,1.35131648,1.41745925,1.56911467,2.12374358,3.60414922]}}
