{"nodes":{"cr_yes":[0.0,0.0,0.0,0.0,0.0,0.0,0.0,0.0,0.0,0.0,0.0,0.0,0.0,0.00010793,1.3132318,18.62690096,0.0637601,1e-08,0.0,0.0,0.0],"imm_yes_cr_yes":[0.0,0.0,0.0,0.0,0.0,0.0,0.0,0.0,0.0,0.0,0.0,0.00048481,1.37013176,17.96476908,0.66858865,2.65e-05,0.0,0.0,0.0,0.0,0.0],"imm_yes_cr_no":[0.0,0.0,0.0,0.0,0.0,0.0,0.0,0.0,0.0,0.0,0.0,0.0,5.4e-06,0.01142314,1.75386921,14.56448775,3.66078844,0.01340684,2.001e-05,0.0,0.0],"del_yes_cr_yes":[0.0,0.0,2e-08,1.42e-06,0.00422052,0.62588375,7.1241947,9.94179268,2.21674399,0.09045828,0.00070442,1.01e-06,0.0,0.0,0.0,0.0,0.0,0.0,0.0,0.0,0.0],"del_yes_cr_no":[0.69549637,4.72255687,2.73828762,1.27649381,1.20677258,1.25358222,1.25092948,1.19775563,1.1053061,0.98676297,0.85490722,0.72067814,0.59244025,0.47582892,0.37399502,0.28807042,0.21770978,0.16160861,0.11794011,0.08468826,0.05987719],"conf_yes_cr_yes_del_yes":[2.35e-06,6.87e-06,1.965e-05,5.399e-05,0.0001401,0.00033897,0.00075763,0.00155358,0.00290615,0.00493316,0.00760817,0.01241598,0.05250583,0.43175172,2.3399217,6.44123833,7.64101272,2.88815102,0.17777199,0.00086488,9.437e-05],"conf_yes_cr_no_del_yes":[0.20876601,0.2436474,0.29093828,0.35679821,0.44681471,0.56451826,0.71030489,0.88076645,1.0684284,1.26189531,1.44640389,1.6047837,1.7188254,1.77105671,1.74692591,1.63739293,1.44192818,1.17191883,0.85448286,0.53669056,0.29019381]}}
