{"nodes":{"cr_yes":[0.0,0.0,0.0,0.0,0.0,0.0,0.0,0.0,0.0,0.0,0.0,0.0,0.0,1.1e-06,0.57338991,19.42436305,0.00624674,0.0,0.0,0.0,0.0],"imm_yes_cr_yes":[0.0,0.0,0.0,0.0,0.0,3e-08,0.04383478,15.24556336,4.71215549,0.00244714,0.0,0.0,0.0,0.0,0.0,0.0,0.0,0.0,0.0,0.0,0.0],"imm_yes_cr_no":[0.0,0.0,0.0,0.0,0.0,1.09e-06,0.0216084,3.93978996,14.43319447,1.60307712,0.00632891,8.5e-07,0.0,0.0,0.0,0.0,0.0,0.0,0.0,0.0,0.0],"del_yes_cr_yes":[0.0,0.0,0.0,0.0,0.0,0.0,1.32e-06,6.982e-05,0.06830624,5.20701258,13.43577103,1.28851045,0.00432895,4.1e-07,0.0,0.0,0.0,0.0,0.0,0.0,0.0],"del_yes_cr_no":[0.0,0.0,2.65e-06,0.04877991,4.88227123,12.85831392,2.17581238,0.03872726,9.339e-05,3e-08,0.0,0.0,0.0,0.0,0.0,0.0,0.0,0.0,1e-08,1e-08,2e-08],"conf_yes_cr_yes_del_yes":[0.0,0.0,0.0,0.0,0.0,0.0,0.0,0.0,0.0,0.0,1e-08,1.57e-05,0.00748547,0.59970041,7.34809086,10.83281103,1.21106406,0.00482936,3.89e-06,1e-08,0.0],"conf_yes_cr_no_del_yes":[0.00994779,0.01511118,0.02273662,0.03387849,0.0499792,0.07297894,0.10543879,0.1506681,0.21283869,0.2970568,0.40934861,0.55649777,0.74565738,0.98365222,1.27590806,1.62504121,2.02958846,2.48593248,3.00822749,3.68630038,4.46437203]}}
