{"nodes":{"cr_yes":[0.0,0.0,0.0,0.0,0.0,0.0,0.0,0.0,0.0,0.0,0.0,0.0,0.0,3e-07,0.0725501,18.79124995,1.14019969,7.6e-07,0.0,0.0,0.0],"imm_yes_cr_yes":[0.0,0.0,0.0,0.0,0.0,0.0,3.113e-05,0.43932657,16.41392467,3.14663934,0.00407906,3e-08,0.0,0.0,0.0,0.0,0.0,0.0,0.0,0.0,0.0],"imm_yes_cr_no":[1e-08,3.7e-07,6.27e-06,5.773e-05,0.00029775,0.00087628,0.00148615,0.001521,0.01010662,0.29356007,2.43889646,6.93316946,7.92604361,2.28675332,0.10124281,0.00747066,0.00229614,0.00021148,4.62e-06,2e-08,0.0],"del_yes_cr_yes":[0.0,0.0,0.0,0.0,0.0,0.0,6e-08,0.00065536,0.28713868,6.92065268,11.39098498,1.39264929,0.01191402,5.73e-06,0.0,0.0,0.0,0.0,0.0,0.0,0.0],"del_yes_cr_no":[2e-08,1e-08,1e-08,9.4e-07,0.00011327,0.00375717,0.04961707,0.35471908,1.58533629,4.18499645,6.0540727,4.79785431,2.21625995,0.63508404,0.1081934,0.0094485,0.00051084,0.00041121,0.0008512,0.00154747,0.00245377],"conf_yes_cr_yes_del_yes":[0.0,0.0,0.0,0.0,0.0,0.0,0.0,0.0,0.0,1e-08,5.1e-07,9.019e-05,0.0128039,0.51853307,5.24350702,10.95380846,3.21448134,0.06066179,0.00011278,1.73e-06,0.0],"conf_yes_cr_no_del_yes":[1.176e-05,9.02e-06,6.81e-06,5.12e-06,4.27e-06,7.04e-06,2.976e-05,0.00015058,0.00068349,0.00270479,0.00946404,0.03030288,0.09388927,0.29316809,0.88588649,2.31100055,4.57659906,6.01268839,4.3553844,1.32633979,0.2113422]}}
