{"nodes":{"cr_yes":[0.0,0.0,0.0,0.0,0.0,0.0,0.0,0.0,0.0,0.0,5.1e-07,0.00016785,0.00424888,0.38618249,18.31196495,1.30140408,3.204e-05,0.0,0.0,0.0,0.0],"imm_yes_cr_yes":[0.0,0.0,0.0,0.0,0.0,0.0,0.0,0.0,0.0,5e-08,0.0010607,0.68120847,12.97239704,6.28635248,0.062872,0.00011004,1e-08,0.0,0.0,0.0,0.0],"imm_yes_cr_no":[0.0,0.0,0.0,0.0,0.0,0.0,0.0,0.0,0.0,5.8e-07,0.0023387,0.58753851,9.68878948,9.34472341,0.38026628,0.00034384,0.0,0.0,0.0,0.0,0.0],"del_yes_cr_yes":[2e-08,6.433e-05,0.00858958,1.15606531,10.03230275,7.80472145,0.97489764,0.02712159,0.00023641,1.7e-06,2e-08,0.0,0.0,0.0,0.0,0.0,0.0,0.0,0.0,0.0,0.0],"del_yes_cr_no":[5.85035249,15.61905051,1.00928246,0.29592669,0.10334399,0.03482972,0.01131621,0.00355249,0.00107945,0.00031788,9.081e-05,2.518e-05,6.78e-06,1.77e-06,4.5e-07,1.1e-07,3e-08,1e-08,0.0,0.0,0.0],"conf_yes_cr_yes_del_yes":[1.201e-05,5.735e-05,0.00022732,0.0007646,0.00222555,0.00573711,0.01357197,0.03117102,0.07452107,0.19195176,0.50531381,1.22278146,2.47811211,3.9414157,4.66715528,3.88200034,2.10296018,0.6841969,0.14377901,0.04120094,0.02970262],"conf_yes_cr_no_del_yes":[0.37621544,0.4001167,0.43025232,0.46662231,0.50922666,0.55806538,0.61313846,0.67444591,0.74198772,0.8157639,0.89577444,0.98201934,1.07449861,1.17321224,1.27816024,1.3893426,1.50675933,1.63041042,1.76029587,1.89641569,2.03876987]}}
