{"nodes":{"cr_yes":[0.0,0.0,0.0,0.0,0.0,0.0,0.0,0.0,0.0,0.0,0.0,0.0,0.0,0.0,0.00550866,14.7820099,5.21646958,1.265e-05,0.0,0.0,0.0],"imm_yes_cr_yes":[0.0,0.0,0.0,0.0,0.0,0.0,4.35e-06,0.43018565,18.74828499,0.82547473,5.108e-05,0.0,0.0,0.0,0.0,0.0,0.0,0.0,0.0,0.0,0.0],"imm_yes_cr_no":[0.0,0.0,0.0,0.0,0.0,0.0,0.0,0.0,0.0,0.0,0.0,5e-08,0.00013383,0.0523137,2.64924792,13.34086281,3.9375266,0.0239156,3e-07,0.0,0.0],"del_yes_cr_yes":[0.0,0.0,0.0,0.0,0.0,3.6e-07,0.00329939,0.9002788,11.11138098,7.67202284,0.31628887,0.00072947,8e-08,0.0,0.0,0.0,0.0,0.0,0.0,0.0,0.0],"del_yes_cr_no":[0.0,0.0,0.0,0.0,0.0,1.78e-06,0.00073751,0.05304113,0.93101782,4.85549427,8.33272872,4.8520275,0.92616142,0.05208495,0.00070411,1.6e-06,0.0,0.0,0.0,0.0,0.0],"conf_yes_cr_yes_del_yes":[0.0,0.0,0.0,0.0,0.0,0.0,0.0,0.0,0.0,0.0,3.2e-07,0.00024245,0.03870062,1.31723489,8.74379927,8.99821622,0.9023636,0.00344338,6e-08,0.0,0.0],"conf_yes_cr_no_del_yes":[0.0,0.0,0.0,0.0,1e-08,9e-08,6.5e-07,3.99e-06,2.999e-05,0.00033592,0.00368253,0.03018281,0.17622506,0.73253477,2.15861842,4.409042,5.91942986,4.68428646,1.72921403,0.16033905,0.00015033]}}
