{"nodes":{"cr_yes":[0.0,0.0,0.0,0.0,0.0,0.0,0.0,0.0,0.0,0.0,0.0,0.0,0.0,0.00614934,18.66181142,1.33603987,1.8e-07,0.0,0.0,0.0,0.0],"imm_yes_cr_yes":[0.0,0.0,0.0,0.0,0.0,0.0,0.0,0.0,0.0,0.0,0.00227746,5.13073409,14.83532844,0.03566077,3e-08,0.0,0.0,0.0,0.0,0.0,0.0],"imm_yes_cr_no":[0.0,0.0,0.0,0.0,0.0,0.0,0.0,0.0,1.636e-05,0.04872293,4.42398084,14.04595892,1.4812954,0.00402618,1.7e-07,0.0,0.0,0.0,0.0,0.0,0.0],"del_yes_cr_yes":[0.0,0.0,0.0,0.0,9.6e-07,0.01556533,2.94964327,14.31989113,2.69370746,0.02513014,6.241e-05,9e-08,0.0,0.0,0.0,0.0,0.0,0.0,0.0,0.0,0.0],"del_yes_cr_no":[0.0,19.55847452,0.44507461,0.00045159,8e-08,0.0,0.0,0.0,0.0,0.0,0.0,0.0,0.0,0.0,0.0,0.0,0.0,0.0,0.0,0.0,0.0],"conf_yes_cr_yes_del_yes":[0.0,0.0,0.0,0.0,0.0,0.0,0.0,0.0,0.0,0.0,0.0,3.35e-06,0.0009996,0.08260694,1.8204244,9.30347256,8.14145536,0.65386545,0.00117314,0.0,0.0],"conf_yes_cr_no_del_yes":[0.0,0.0,0.0,0.0,0.0,2e-08,1.3e-07,8.8e-07,5.19e-06,2.745e-05,0.00013589,0.00065078,0.00305229,0.01383152,0.05883968,0.22794264,0.78186257,2.2993027,5.48552813,9.17419322,3.91725537]}}
