{"nodes":{"cr_yes":[0.0,0.0,0.0,0.0,0.0,0.0,0.0,0.0,0.0,0.0,0.0,0.0,0.0,0.0,0.0,1.9e-07,0.00098254,1.22110751,18.74468643,0.03722413,0.0],"imm_yes_cr_yes":[0.0,0.0,0.0,0.0,0.0,0.0,9.3e-07,0.0786807,11.98005074,7.04680521,0.35823164,0.53353883,0.00669233,4.2e-07,0.0,0.0,0.0,0.0,0.0,0.0,0.0],"imm_yes_cr_no":[0.0,0.0,0.0,0.0,0.0,0.0,0.0,1e-08,2.47e-06,0.00021239,0.00511148,0.03649361,0.07757638,0.08245842,1.22580212,8.61681473,9.22147128,0.73720755,0.00085035,0.0,0.0],"del_yes_cr_yes":[0.0,0.0,0.0,7.1e-07,0.00558033,1.00578459,9.88378879,8.33734896,0.76316699,0.00831978,1.064e-05,0.0,0.0,0.0,0.0,0.0,0.0,0.0,0.0,0.0,0.0],"del_yes_cr_no":[0.05682421,0.17849812,0.23986831,0.29546053,0.38125734,0.45359257,0.46418263,0.56544597,1.4600781,3.70343635,5.5001252,4.43128172,1.87473788,0.39080721,0.03565099,0.00115654,9.24e-06,1e-08,0.0,0.0,0.0],"conf_yes_cr_yes_del_yes":[0.0,0.0,0.0,0.0,0.0,0.0,0.0,0.0,0.0,1e-08,2.92e-06,0.00049088,0.02883314,0.60688048,4.39779455,9.67450712,4.9523182,0.34225339,0.0009201,0.0,0.0],"conf_yes_cr_no_del_yes":[0.0,0.0,0.0,0.0,2e-08,1.2e-07,6.7e-07,4.74e-06,4.342e-05,0.00038981,0.00286765,0.01670979,0.07773765,0.29198361,0.88879257,2.17355491,4.14888161,5.77823209,4.99474681,1.62331244,0.01348574]}}
