{"nodes":{"cr_yes":[0.0,0.0,0.0,1.4e-07,4.03e-06,6.449e-05,0.00056916,0.0027094,0.00675909,0.00851839,0.00517918,0.00143388,0.00017254,0.00637164,0.83105106,7.60013827,5.36238184,6.06000927,0.01531808,0.00246244,0.20171578],"imm_yes_cr_yes":[0.0,0.0,0.0,0.0,0.0,2.1e-07,0.00057268,0.99992373,15.54213004,3.44806432,0.01330893,8.9e-07,1e-08,0.0,0.0,0.0,0.0,0.0,0.0,0.0,0.0],"imm_yes_cr_no":[0.0,0.0,1e-08,7.9e-07,2.924e-05,0.00048999,0.00395809,0.01603418,0.034106,0.07947955,0.63669094,3.03128746,6.89859142,6.92930909,2.20492712,0.16688737,0.00220638,3.16e-06,0.0,0.0,0.0],"del_yes_cr_yes":[0.0,0.0,0.0,0.0,0.0,1e-08,2.2e-07,0.00077709,0.20821863,4.87385122,11.77841538,3.06393786,0.07864314,0.00015722,2e-08,0.0,0.0,0.0,0.0,0.0,0.0],"del_yes_cr_no":[1.604e-05,4.221e-05,8.68e-05,0.00014138,0.00018942,0.00037062,0.0044766,0.05993898,0.43594737,1.73309953,3.96745321,5.47913161,4.724184,2.56518515,0.84576139,0.15823684,0.0201831,0.00575826,0.00272145,0.00096704,0.00023565],"conf_yes_cr_yes_del_yes":[0.0,0.0,0.0,2e-08,1.2e-07,6.2e-07,2.62e-06,9.14e-06,2.621e-05,6.144e-05,0.00011898,0.00050308,0.02106634,0.4960644,4.00365148,9.6130212,5.38654396,0.47563184,0.00726137,3.796e-05,1e-08],"conf_yes_cr_no_del_yes":[0.03041792,0.04123529,0.05555615,0.0743806,0.09894189,0.13074017,0.17157213,0.22355199,0.28911746,0.37101427,0.4722535,0.59604116,0.74569026,0.92454908,1.13604273,1.3842206,1.67694586,2.04314688,2.61175021,3.84400379,6.19607565]}}
