{"nodes":{"cr_yes":[37.09743165,1.40676658,0.04698311,0.00137232,3.479e-05,7.6e-07,1e-08,0.0,0.0,0.0,0.0,0.0,0.0,0.0,0.0,0.0,0.0,0.0,4e-08,8.75e-06,0.00023723],"imm_yes_cr_yes":[0.0,0.0,0.0,0.0,0.0,0.0,0.0,0.0,0.0,1e-08,0.00042898,0.54391864,13.73902396,5.69662699,0.02400182,4.2e-07,0.0,0.0,0.0,0.0,0.0],"imm_yes_cr_no":[0.0,0.0,0.0,0.0,0.0,0.0,0.0,0.0,0.0,0.0,5.4e-07,0.00093788,0.20079595,5.02368497,12.4558604,2.2940252,0.02866792,2.794e-05,0.0,0.0,0.0],"del_yes_cr_yes":[0.00014304,0.00391287,0.23017387,5.1815354,10.81821386,3.51061725,0.2432355,0.00430404,3.244e-05,3.266e-05,8.227e-05,0.00018108,0.00035072,0.00060354,0.00093078,0.00129615,0.00164041,0.00189754,0.00201611,0.00197606,0.00179345],"del_yes_cr_no":[0.54169524,0.47702782,0.54367419,0.62253205,0.70079852,0.77669117,0.84915297,0.91731489,0.98047351,1.03808279,1.0897434,1.13519036,1.17427947,1.20697344,1.23332795,1.25347817,1.26762584,1.27602725,1.27898209,1.27682331,1.26990799],"conf_yes_cr_yes_del_yes":[0.38070197,0.34731171,0.31320668,0.28240437,0.25995426,0.25156314,0.26298316,0.30007213,0.3716003,0.49710693,0.71745323,1.09109302,1.64487008,2.27992307,2.7345816,2.7412467,2.28779638,1.63719229,1.04195738,0.59130162,0.32006354],"conf_yes_cr_no_del_yes":[0.33025831,0.35524009,0.3870255,0.42561453,0.47100719,0.52320348,0.58220339,0.64800693,0.72061409,0.80002489,0.8862393,0.97925735,1.07907901,1.18570431,1.29913323,1.41936578,1.54640195,1.68024175,1.82088518,1.96833223,2.12258291]}}
