{"nodes":{"cr_yes":[0.0,0.0,0.0,0.0,0.0,0.0,0.0,0.0,0.0,0.0,0.0,0.0,0.0,0.00022805,2.37173891,17.61529392,0.01673992,0.0,0.0,0.0,0.0],"imm_yes_cr_yes":[0.0,0.0,0.0,0.0,0.0,0.0,0.0,0.0,8e-08,3.44e-06,0.08694022,12.15700458,7.74434112,0.01571132,5e-08,0.0,0.0,0.0,0.0,0.0,0.0],"imm_yes_cr_no":[0.0,0.0,0.0,0.0,0.0,0.0,0.0,4e-08,0.00016064,0.05851822,2.32393757,11.09453451,6.18448893,0.34104243,0.00131827,1.9e-07,0.0,0.0,0.0,0.0,0.0],"del_yes_cr_yes":[0.0,0.00206173,7.94039239,10.31510904,0.20117515,0.00183162,0.27255183,1.08764971,0.18155715,0.00167127,9.1e-07,0.0,0.0,0.0,0.0,0.0,0.0,0.0,0.0,0.0,0.0],"del_yes_cr_no":[0.00115588,18.79525019,1.19136368,0.01671205,9.666e-05,2.8e-07,0.0,0.0,0.0,0.0,0.0,0.0,0.0,0.0,0.0,0.0,0.0,0.0,0.0,0.0,0.0],"conf_yes_cr_yes_del_yes":[0.0,0.0,0.0,0.0,0.0,0.0,0.0,0.0,0.0,2.3e-07,3.143e-05,0.00181485,0.04791258,0.59229383,3.35115868,7.98008044,6.66472239,1.33879165,0.02719092,3.81e-06,0.0],"conf_yes_cr_no_del_yes":[0.0,0.0,0.0,0.0,1e-08,1e-07,8.7e-07,6.63e-06,4.553e-05,0.00027612,0.00145302,0.0066112,0.02613703,0.0904358,0.27546719,0.74011805,1.74568038,3.55238298,5.95013057,7.04499622,1.1405182]}}
