{"nodes":{"cr_yes":[0.0,0.0,0.0,0.0,0.0,0.0,0.0,0.0,0.0,0.0,0.0,2.7e-07,0.00982193,4.28162506,15.48539719,0.22715261,3.74e-06,0.0,0.0,0.0,0.0],"imm_yes_cr_yes":[0.0,0.0,0.0,0.0,0.0,0.0,0.0,0.0,1e-08,0.00263172,2.92032772,16.64438867,0.43661886,3.382e-05,0.0,0.0,0.0,0.0,0.0,0.0,0.0],"imm_yes_cr_no":[0.0,0.0,0.0,0.0,0.0,0.0,0.0,0.0,0.0,6e-08,0.0001035,0.02825884,1.28583729,9.23355768,8.7100773,0.74332547,0.00284055,1.2e-07,0.0,0.0,0.0],"del_yes_cr_yes":[0.0,0.0,0.0,0.0,0.0,1.53e-06,0.02710723,4.3716815,14.19709431,1.40317606,0.00493958,5.9e-07,0.0,0.0,0.0,0.0,0.0,0.0,0.0,0.0,0.0],"del_yes_cr_no":[0.0,4.971e-05,0.01089788,0.30299563,2.19207899,5.78805707,6.69733562,3.76018483,1.07891854,0.16075574,0.012261,0.000458,7.75e-06,5e-08,0.0,0.0,0.0,0.0,0.0,0.0,0.0],"conf_yes_cr_yes_del_yes":[0.0,0.0,0.0,0.0,0.0,0.0,0.0,0.0,0.0,9e-08,3.222e-05,0.00371808,0.1425769,1.8419357,7.57134525,8.49545924,1.90366422,0.04524227,2.683e-05,0.0,0.0],"conf_yes_cr_no_del_yes":[0.0,0.0,0.0,0.0,0.0,1e-08,1.8e-07,3.4e-06,4.709e-05,0.00047359,0.00356086,0.02067204,0.09498111,0.35054858,1.04283329,2.47283657,4.517886,5.88008297,4.50824554,1.11035631,0.00294652]}}
