{"nodes":{"cr_yes":[0.0,0.0,0.0,0.0,0.0,0.0,0.0,0.0,0.0,0.0,0.0,0.0,1.3e-07,3.359e-05,0.00091972,0.01464239,19.74155757,0.24684739,0.0,0.0,0.0],"imm_yes_cr_yes":[0.0,0.0,0.0,0.0,0.0,0.00033166,1.28827428,17.26043145,1.45391992,0.00104346,3e-08,0.0,0.0,0.0,0.0,0.0,0.0,0.0,0.0,0.0,0.0],"imm_yes_cr_no":[0.0,0.0,0.0,0.0,5e-08,7.6e-07,5.21e-06,1.752e-05,2.918e-05,0.00020738,0.04814711,1.80448236,9.9790013,7.536342,0.63179785,0.00396901,9.3e-07,0.0,2e-08,6e-08,1e-07],"del_yes_cr_yes":[0.0,0.0,0.0,0.0,0.0,0.0,0.0,1e-08,0.00070544,0.66256347,13.08829407,6.1884157,0.0640117,1.042e-05,0.0,0.0,0.0,0.0,0.0,0.0,0.0],"del_yes_cr_no":[0.0012763,0.00166102,0.0018252,0.00176482,0.00211908,0.00558707,0.01783771,0.04412412,0.14847625,0.99219576,4.08950632,7.35514248,5.50224141,1.62108247,0.18999006,0.02323866,0.0057027,0.00081724,4.928e-05,9.9e-07,0.0],"conf_yes_cr_yes_del_yes":[0.0,0.0,0.0,0.0,0.0,0.0,0.0,0.0,0.0,0.0,1e-08,2.924e-05,0.01121475,0.74911697,7.90941392,10.31507061,1.01629136,0.0028639,3e-08,0.0,0.0],"conf_yes_cr_no_del_yes":[0.08255276,0.10438735,0.13115279,0.16368252,0.2028558,0.24956233,0.3046497,0.36884997,0.44268178,0.52632547,0.6194706,0.72113969,0.82950002,0.94169404,1.05379478,1.16176209,1.27262237,1.49891365,2.5338839,5.6655448,2.34050155]}}
