{"nodes":{"cr_yes":[0.0,0.0,0.0,0.0,0.0,0.0,0.0,3e-08,4.1e-07,2.85e-06,1.043e-05,1.992e-05,9.017e-05,0.00857227,0.31591285,3.37477333,9.48909255,6.08474195,0.71833248,0.01124984,0.00240341],"imm_yes_cr_yes":[0.0,0.0,0.0,0.0,0.0,0.0,0.0,0.0,0.0,0.0,0.0001245,0.29702792,12.31169083,7.35635576,0.03880105,7.4e-07,0.0,0.0,0.0,0.0,0.0],"imm_yes_cr_no":[0.0,0.0,0.0,0.0,0.0,0.0,0.0,0.0,0.0,0.0,8e-08,0.00022218,0.07410275,3.02299605,12.85037945,4.00917155,0.04711689,1.184e-05,1e-08,0.0,0.0],"del_yes_cr_yes":[0.00742149,0.25403383,1.5819122,3.67202489,8.92122608,4.99650623,0.49573695,0.01555729,0.00065527,0.00060768,0.00126259,0.00232461,0.00377238,0.00544826,0.00706183,0.00827401,0.00881754,0.00859288,0.00769327,0.00635361,0.0048573],"del_yes_cr_no":[10.48701261,7.65811587,2.38413119,1.49050056,1.05097929,0.73140808,0.49947084,0.33524675,0.22150746,0.14424988,0.09267834,0.05879365,0.03685222,0.02283601,0.01399593,0.00848745,0.00509433,0.00302726,0.0017814,0.00103826,0.00059944],"conf_yes_cr_yes_del_yes":[0.27592253,0.30473876,0.32788849,0.34281235,0.34786692,0.343342,0.3333521,0.32918522,0.35425955,0.44846603,0.6643338,1.04333655,1.56981867,2.12936015,2.52483393,2.57827823,2.25996478,1.72317551,1.19036211,0.79215641,0.51701592],"conf_yes_cr_no_del_yes":[0.29545558,0.3222033,0.35603227,0.39694249,0.44493397,0.50000669,0.56216067,0.6313959,0.70771238,0.79111011,0.88158909,0.97914932,1.0837908,1.19551353,1.31431752,1.44020275,1.57316924,1.71321697,1.86034596,2.0145562,2.17584769]}}
