{"nodes":{"cr_yes":[0.0,0.0,0.0,0.0,0.0,0.0,0.0,0.0,0.0,0.0,0.0,0.0,0.0,0.0,0.00023619,2.5460513,17.45184301,0.0058703,0.0,0.0,0.0],"imm_yes_cr_yes":[0.0,0.0,0.0,0.0,0.0,0.0,1.9e-07,0.01036842,3.70452424,15.33550813,0.95269116,0.00090865,1e-08,0.0,0.0,0.0,0.0,0.0,0.0,0.0,0.0],"imm_yes_cr_no":[0.0,0.0,0.0,0.0,0.0,0.0,0.0,1.5e-07,0.00017958,0.03467875,1.1723433,7.52883441,9.23000311,1.97748994,0.06029205,0.00017947,3e-08,0.0,0.0,0.0,0.0],"del_yes_cr_yes":[0.0,0.0,0.0,0.0,0.0,0.0,0.0,1.608e-05,0.03035718,2.58680397,13.05435175,4.25018682,0.08221275,7.223e-05,0.0,0.0,0.0,0.0,0.0,0.0,0.0],"del_yes_cr_no":[0.0,0.0,0.0,0.0,5.2e-07,0.00025206,0.02021051,0.41228073,2.74011956,6.81981841,6.80192817,2.75147853,0.43347427,0.02404561,0.00039106,1.36e-06,0.0,0.0,0.0,0.0,0.0],"conf_yes_cr_yes_del_yes":[0.0,0.0,0.0,0.0,0.0,0.0,0.0,0.0,0.0,0.0,1e-08,4.68e-06,0.00104041,0.07159653,1.48183888,8.16121597,9.11325602,1.17038734,0.00466095,1e-08,0.0],"conf_yes_cr_no_del_yes":[0.0,0.0,0.0,0.0,0.0,0.0,0.0,0.0,3e-08,2.1e-07,1.15e-06,5.72e-06,3.219e-05,0.00027494,0.00304055,0.0309309,0.2504713,1.51220878,6.14550229,12.05765336,0.00775875]}}
