{"nodes":{"cr_yes":[0.0,0.0,0.0,0.0,0.0,0.0,0.0,0.0,0.0,0.0,0.0,0.0,2e-08,2.31e-06,4.438e-05,0.34585807,19.35562168,0.30230536,1.232e-05,0.00013392,4.548e-05],"imm_yes_cr_yes":[0.0,0.0,0.0,0.0,0.0,0.0,6.2e-07,0.05605295,11.06100774,8.84895114,0.03798717,1.19e-06,0.0,0.0,0.0,0.0,0.0,0.0,0.0,0.0,0.0],"imm_yes_cr_no":[1e-08,1.3e-07,1.49e-06,1.03e-05,4.297e-05,0.00010892,0.00017536,0.00079567,0.01889237,0.20104803,1.02432034,4.22548329,8.17471871,4.96484178,1.25704286,0.10350356,0.02432992,0.00737497,0.00067162,0.00029743,0.00068216],"del_yes_cr_yes":[0.0,0.0,0.0,0.0,0.0,0.0,0.0,0.0,0.0,2.994e-05,0.05123802,3.96932355,14.05640206,1.92018743,0.00681949,3e-07,0.0,0.0,0.0,0.0,0.0],"del_yes_cr_no":[0.0,0.0,0.0,0.0,6.4e-07,6.269e-05,0.00234303,0.0406499,0.36437782,1.76077306,4.60748207,6.44134333,4.69887965,1.73786512,0.31946404,0.02941798,0.00131901,2.195e-05,1.2e-07,1.5e-07,4.5e-07],"conf_yes_cr_yes_del_yes":[0.0,0.0,0.0,0.0,0.0,0.0,3e-08,1.8e-07,8.8e-07,3.17e-06,8.07e-06,1.703e-05,0.00107532,0.07177421,1.04654205,5.7070549,10.07546703,3.01778728,0.0841951,7.557e-05,0.0],"conf_yes_cr_no_del_yes":[0.00222204,0.00370438,0.00609936,0.00991791,0.01592445,0.02524266,0.03949331,0.06096627,0.09282358,0.13931982,0.20601018,0.29989253,0.42939896,0.60412456,0.83422979,1.1302959,1.51178152,2.07577413,3.29016574,6.05186245,6.35172456]}}
