{"nodes":{"cr_yes":[7.50161501,7.82895695,5.32358618,2.32988305,0.64652508,0.11171552,0.01176371,0.00073574,2.651e-05,5.3e-07,1e-08,0.0,0.0,0.0,0.0,0.0,0.0,0.0,0.0,0.0,0.0],"imm_yes_cr_yes":[0.0,0.0,0.0,0.0,0.0,0.0,0.0,0.0,0.0,0.0,2.19e-06,0.02054747,3.90135951,15.75711126,0.32497227,8.09e-06,0.0,0.0,0.0,0.0,0.0],"imm_yes_cr_no":[0.0,0.0,0.0,0.0,0.0,0.0,0.0,0.0,0.0,0.0,1.74e-06,0.00291916,0.79494737,11.95328125,7.09583924,0.15674244,0.00026959,1e-08,0.0,0.0,0.0],"del_yes_cr_yes":[0.0,1e-08,6e-07,4.56e-06,0.00556165,1.04373536,9.88949854,8.24041367,0.81386713,0.01089912,2.016e-05,1e-08,0.0,0.0,0.0,0.0,0.0,0.0,0.0,0.0,0.0],"del_yes_cr_no":[27.66595084,5.03003515,0.83923231,0.22519394,0.05859799,0.01405403,0.00311878,0.00064304,0.00012356,2.217e-05,3.72e-06,5.8e-07,9e-08,1e-08,0.0,0.0,0.0,0.0,0.0,0.0,0.0],"conf_yes_cr_yes_del_yes":[0.15865989,0.16159861,0.15950941,0.15236571,0.14068626,0.12566359,0.10945731,0.09583946,0.09125097,0.10580469,0.15313476,0.24973897,0.42888604,0.83069633,1.88744985,3.94096974,5.48606172,4.03824787,1.39561172,0.32279554,0.09780456],"conf_yes_cr_no_del_yes":[0.36800077,0.39741585,0.43810715,0.49311889,0.5644353,0.65259751,0.75645652,0.87306189,0.99768646,1.12398684,1.24429989,1.35007504,1.43244246,1.48291726,1.49423938,1.46134956,1.38250107,1.26050739,1.10412576,0.92957665,0.76219907]}}
