{"nodes":{"cr_yes":[0.0,0.0,0.0,0.0,0.0,0.0,0.0,0.0,0.0,0.0,0.0,0.0,0.0,7.8e-07,0.22819883,19.6897701,0.08603109,0.0,0.0,0.0,0.0],"imm_yes_cr_yes":[0.0,0.0,0.0,0.0,0.0,0.0,0.0,1e-08,0.00232551,2.33782921,16.69222853,0.97120595,0.00041159,0.0,0.0,0.0,0.0,0.0,0.0,0.0,0.0],"imm_yes_cr_no":[0.0,0.0,0.0,0.0,0.0,0.0,0.0,0.0,0.0,0.0,1e-08,3.91e-06,0.0001783,0.01102988,0.71232623,6.47435323,8.95557202,3.82492894,0.02560826,1e-08,0.0],"del_yes_cr_yes":[0.0,0.0,0.0,0.0,0.0,0.0,0.0,6.2e-07,0.00671787,1.74777744,14.29899165,3.91896329,0.03154471,5.23e-06,0.0,0.0,0.0,0.0,0.0,0.0,0.0],"del_yes_cr_no":[0.0,0.0,0.0,0.0,0.0,5e-08,8.05e-06,0.0004707,0.01191161,0.14801569,0.98980101,3.64876726,6.94807542,6.02448538,2.01797001,0.20953504,0.00494285,1.773e-05,0.0,0.0,0.0],"conf_yes_cr_yes_del_yes":[0.0,0.0,0.0,0.0,0.0,0.0,0.0,0.0,0.0,0.0,4.8e-07,0.00033891,0.04993369,1.55021544,9.25459903,8.41716274,0.72941758,0.0023329,3e-08,0.0,0.0],"conf_yes_cr_no_del_yes":[2.7e-07,2e-07,1.4e-07,1e-07,6e-08,4e-08,3e-08,2.2e-07,1.016e-05,0.00026238,0.00401305,0.0388253,0.24727747,1.05512251,3.00118435,5.50600218,6.04098895,3.39468502,0.69540543,0.02021934,7.45e-06]}}
