{"nodes":{"cr_yes":[0.0,0.0,0.0,0.0,0.0,0.0,0.0,0.0,0.0,0.0,0.0,0.0,0.000148,0.06492943,0.1230263,19.80411608,0.01178099,0.0,0.0,0.0,0.0],"imm_yes_cr_yes":[0.0,0.0,0.0,0.0,0.0,0.0,0.0,4.9e-07,0.03514958,2.43282347,7.76208148,9.69617966,0.07776349,2.64e-06,0.0,0.0,0.0,0.0,0.0,0.0,0.0],"imm_yes_cr_no":[0.0,0.0,0.0,0.0,0.0,0.0,0.0,0.0,2.65e-06,0.02075532,3.49005941,14.93778583,1.55244946,0.00294808,6e-08,0.0,0.0,0.0,0.0,0.0,0.0],"del_yes_cr_yes":[0.0,0.0,0.0,0.0,0.0,0.0,0.00021506,0.52296651,13.38869299,6.03281901,0.05929482,1.241e-05,0.0,0.0,0.0,0.0,0.0,0.0,0.0,0.0,0.0],"del_yes_cr_no":[0.0,0.00042858,1.75932608,14.14345516,3.98701564,0.11325475,0.00052012,4.8e-07,0.0,0.0,0.0,0.0,0.0,0.0,0.0,0.0,0.0,0.0,0.0,0.0,0.0],"conf_yes_cr_yes_del_yes":[0.0,0.0,0.0,0.0,0.0,0.0,0.0,0.0,0.0,0.0,0.0,4.28e-06,0.00123766,0.09836235,2.05779224,9.75682006,7.59185675,0.49733765,0.0005898,0.0,0.0],"conf_yes_cr_no_del_yes":[0.0,0.0,0.0,0.0,0.0,0.0,0.0,0.0,1.4e-07,3.02e-06,4.371e-05,0.0004645,0.00378429,0.02431401,0.12521644,0.51882517,1.70745534,4.28050583,7.3252028,6.01146266,0.01344577]}}
