{"nodes":{"cr_yes":[0.0,0.0,0.0,0.0,0.0,0.0,0.0,0.0,0.0,0.0,1e-08,0.00048257,0.51734464,13.31237072,6.14188315,0.03191879,9.1e-07,0.0,0.0,0.0,0.0],"imm_yes_cr_yes":[0.0,0.0,0.0,0.0,0.0,0.0,0.0,0.0,0.0,0.0,0.0,0.00011186,0.47169757,16.27219162,3.25810943,0.00189032,0.0,0.0,0.0,0.0,0.0],"imm_yes_cr_no":[0.0,0.0,0.0,0.0,0.0,0.0,0.0,0.0,0.0,0.0,0.0,3.68e-06,0.00902399,1.47971762,13.50419859,4.97005399,0.04100027,2.66e-06,0.0,0.0,0.0],"del_yes_cr_yes":[0.0,0.0,2e-08,0.00017287,0.0455265,1.32855465,8.69112649,8.66330713,1.24700794,0.02820236,0.00010279,6e-08,0.0,0.0,0.0,0.0,0.0,0.0,0.0,0.0,0.0],"del_yes_cr_no":[2.42417874,7.97096261,1.95876558,1.56026381,1.46271463,1.30415588,1.10939176,0.90535802,0.71201153,0.54161288,0.39972353,0.2869583,0.20082339,0.13726352,0.09177751,0.06011157,0.03861376,0.02435249,0.01509247,0.00919906,0.00551825],"conf_yes_cr_yes_del_yes":[1.391e-05,3.865e-05,9.911e-05,0.00023466,0.000513,0.00103482,0.00192361,0.0032885,0.00515658,0.00740209,0.00983817,0.01459293,0.05692637,0.41865396,2.13647659,5.8834752,7.55518823,3.53425943,0.36804296,0.00669687,0.00030425],"conf_yes_cr_no_del_yes":[0.18150061,0.19561698,0.22172302,0.26819223,0.34320228,0.45271947,0.59900596,0.77964985,0.98711799,1.20883158,1.42776461,1.62356506,1.77419884,1.85811665,1.85694344,1.75869089,1.56149243,1.27786128,0.9394711,0.60245955,0.35325457]}}
