{"nodes":{"cr_yes":[0.0,0.0,0.0,0.0,0.0,0.0,0.0,0.0,0.0,0.0,0.0,0.0,6.91e-06,0.68532905,19.27121924,0.04744559,0.0,0.0,0.0,0.0,0.0],"imm_yes_cr_yes":[0.0,0.0,0.0,0.0,0.0,0.0,0.0,0.00020948,1.11982875,17.68506987,1.19851794,0.00037476,0.0,0.0,0.0,0.0,0.0,0.0,0.0,0.0,0.0],"imm_yes_cr_no":[0.0,0.0,0.0,0.0,0.0,0.0,0.0,0.0,2.079e-05,0.00474114,0.0433136,1.43405304,13.9874305,4.50352142,0.03091827,2.03e-06,0.0,0.0,0.0,0.0,0.0],"del_yes_cr_yes":[0.0,0.0,0.0,0.0,0.0,0.0,0.0,1e-08,0.00054613,0.51828281,11.90466247,7.46447188,0.11600557,3.192e-05,0.0,0.0,0.0,0.0,0.0,0.0,0.0],"del_yes_cr_no":[3.81e-06,0.0001731,0.00064424,0.00050444,0.03974919,2.96286893,11.91877908,4.8109076,0.26799873,0.00237022,3.37e-06,0.0,0.0,0.0,0.0,0.0,0.0,0.0,0.0,0.0,0.0],"conf_yes_cr_yes_del_yes":[0.0,0.0,0.0,0.0,0.0,0.0,0.0,0.0,0.0,0.0,2.5e-07,0.00017913,0.02868977,1.03109351,7.7137987,9.81326031,1.40704766,0.00993094,5.3e-07,0.0,0.0],"conf_yes_cr_no_del_yes":[0.0,0.0,0.0,0.0,0.0,3e-08,1.8e-07,8.8e-07,6.93e-06,0.0001282,0.00212332,0.02329341,0.16836097,0.8113472,2.59043016,5.29251025,6.39087441,3.87273643,0.82513058,0.02702185,7.197e-05]}}
