{"nodes":{"cr_yes":[0.0,0.0,0.0,0.0,0.0,0.0,0.0,0.0,0.0,0.0,0.0,0.0,5.118e-05,3.14084306,16.86122514,0.00188141,0.0,0.0,0.0,0.0,0.0],"imm_yes_cr_yes":[0.0,0.0,0.0,0.0,0.0,0.0,0.0,0.0,0.0,1.76e-06,0.07205188,12.06919087,7.84947266,0.01328361,2e-08,0.0,0.0,0.0,0.0,0.0,0.0],"imm_yes_cr_no":[0.0,0.0,0.0,0.0,0.0,0.0,1.681e-05,0.05959264,4.79230996,13.51468644,1.62891762,0.00847572,1.61e-06,0.0,0.0,0.0,0.0,0.0,0.0,0.0,0.0],"del_yes_cr_yes":[0.0,0.0,0.0,0.0,0.0,0.00017127,0.14910722,5.2967924,12.22100126,2.29937073,0.03750894,4.898e-05,0.0,0.0,0.0,0.0,0.0,0.0,0.0,0.0,0.0],"del_yes_cr_no":[3.298e-05,0.00693259,0.15096578,6.91398312,11.39742852,1.47868021,0.05155918,0.00407309,0.00034274,1.843e-05,6.3e-07,1e-08,0.0,0.0,0.0,0.0,0.0,0.0,0.0,0.0,0.0],"conf_yes_cr_yes_del_yes":[0.0,0.0,0.0,0.0,0.0,0.0,0.0,0.0,0.0,0.0,3e-08,2.723e-05,0.00583047,0.31931746,4.21305886,11.21384254,4.15210911,0.09978828,2.683e-05,0.0,0.0],"conf_yes_cr_no_del_yes":[0.0,0.0,0.0,0.0,2e-08,1.1e-07,5.5e-07,2.45e-06,9.94e-06,3.816e-05,0.0001533,0.00072332,0.00392994,0.021305,0.10302525,0.42117059,1.40965751,3.70450113,6.98275256,7.20838225,0.29669742]}}
