{"nodes":{"cr_yes":[0.0,0.0,0.0,0.0,0.0,0.0,0.0,0.0,0.0,0.0,0.0,0.0,2.73e-06,0.19241965,18.7615492,1.03200214,0.01802628,8.1e-07,0.0,0.0,0.0],"imm_yes_cr_yes":[0.0,0.0,0.0,0.0,0.0,0.0,0.0,0.0,0.0,3e-08,0.00303894,2.44288526,16.82212976,0.73584273,0.00010408,0.0,0.0,0.0,0.0,0.0,0.0],"imm_yes_cr_no":[0.0,0.0,0.0,0.0,0.0,0.0,8.1e-07,0.00186649,0.31015312,5.24933336,10.78794154,2.93388407,0.48460132,0.21790586,0.0181476,0.00016654,1e-07,0.0,0.0,0.0,0.0],"del_yes_cr_yes":[0.0,0.0,1.39e-06,0.01191715,1.81744157,11.463423,6.26973408,0.43685039,0.00462545,7.77e-06,0.0,0.0,0.0,0.0,0.0,0.0,0.0,0.0,0.0,0.0,0.0],"del_yes_cr_no":[0.00167687,16.63314758,3.22184804,0.14457142,0.00287553,3.768e-05,1.81e-06,2.23e-06,5.43e-06,1.149e-05,2.113e-05,3.43e-05,4.98e-05,6.536e-05,7.824e-05,8.604e-05,8.747e-05,8.261e-05,7.281e-05,6.01e-05,4.661e-05],"conf_yes_cr_yes_del_yes":[0.0,0.0,0.0,0.0,0.0,0.0,0.0,0.0,0.0,1.4e-07,2.342e-05,0.00162923,0.04932154,0.66218442,3.81917642,8.56200594,6.03575289,0.86471454,0.00919195,3.1e-07,0.0],"conf_yes_cr_no_del_yes":[0.00445105,0.00453645,0.0046043,0.00465223,0.00467784,0.00467867,0.00465255,0.00460056,0.0045536,0.00474042,0.00638957,0.01473113,0.04795298,0.15828628,0.46845944,1.20322949,2.62785681,4.6966959,6.24285946,4.48917885,0.00887751]}}
