{"nodes":{"cr_yes":[0.0,0.0,0.0,0.0,0.0,0.0,2e-08,7.88e-06,0.00030954,0.00127487,0.00050296,1.636e-05,4e-08,0.0,6.59e-05,1.11549783,18.8330734,0.053252,0.0,0.0,0.0],"imm_yes_cr_yes":[0.0,0.0,0.0,0.0,0.0,0.0,0.0,0.0,0.0,0.0,2.033e-05,0.21824472,14.87219578,4.90936031,0.00417965,0.0,0.0,0.0,0.0,0.0,0.0],"imm_yes_cr_no":[0.0,0.0,0.0,0.0,0.0,0.0,0.0,0.0,0.0,6.9e-07,0.00180344,0.39508188,7.5098235,11.13229031,0.96224563,0.00275527,9e-08,0.0,0.0,0.0,0.0],"del_yes_cr_yes":[0.0,0.0,0.0,0.0,0.0,0.0,0.0,2.306e-05,0.04762402,3.69603473,13.68608294,2.5529452,0.02128509,5.77e-06,0.0,0.0,0.0,0.0,0.0,0.0,0.0],"del_yes_cr_no":[0.0,6e-08,0.00084882,0.26150537,4.14716156,9.53533758,5.16534309,0.84460111,0.04787113,0.00126037,6.499e-05,6.26e-06,4.2e-07,2e-08,0.0,0.0,0.0,0.0,0.0,0.0,0.0],"conf_yes_cr_yes_del_yes":[0.0,0.0,0.0,0.0,0.0,0.0,0.0,0.0,0.0,0.0,1e-08,1.287e-05,0.00307106,0.19527664,3.14080781,10.8276424,5.62469927,0.21238368,0.00010705,0.0,0.0],"conf_yes_cr_no_del_yes":[0.0,0.0,0.0,0.0,0.0,1e-08,1e-07,9.3e-07,6.93e-06,4.362e-05,0.00023831,0.00116251,0.00517384,0.02127896,0.08106144,0.28378873,0.89751718,2.49062085,5.73198825,9.34620951,2.28981928]}}
