{"nodes":{"cr_yes":[0.0,0.0,0.0,0.0,0.0,0.0,0.0,0.0,0.0,0.0,0.0,0.0,8.1e-07,0.08129007,16.90579812,3.0168292,8.259e-05,0.0,0.0,0.0,0.0],"imm_yes_cr_yes":[0.0,0.0,0.0,0.0,0.0,0.0,0.0,5e-08,0.00172006,0.98738241,13.81618406,5.15293287,0.04577445,6.9e-06,0.0,0.0,0.0,0.0,0.0,0.0,0.0],"imm_yes_cr_no":[0.0,0.0,0.0,0.0,4.7e-07,0.00064515,0.09607446,2.15457514,8.88978001,7.49041657,1.32507733,0.04712832,0.00030167,1.62e-06,6e-08,0.0,0.0,0.0,0.0,0.0,0.0],"del_yes_cr_yes":[0.0,3.279e-05,0.72332092,8.32983714,8.96581586,1.81913504,0.04890524,0.06844826,0.04492299,0.00354808,3.444e-05,4e-08,0.0,0.0,0.0,0.0,0.0,0.0,0.0,0.0,0.0],"del_yes_cr_no":[2.87799585,7.85086675,7.11224735,2.90878827,0.61557696,0.0724163,0.00490878,0.00019398,4.43e-06,6e-08,0.0,0.0,0.0,0.0,0.0,0.0,0.0,0.0,0.0,0.0,0.0],"conf_yes_cr_yes_del_yes":[0.0,0.0,0.0,0.0,0.0,0.0,0.0,0.0,0.0,2.1e-07,2.862e-05,0.00168792,0.04565676,0.5776526,3.32966113,8.01343261,6.68678709,1.32289325,0.02619678,3.84e-06,0.0],"conf_yes_cr_no_del_yes":[0.0,0.0,0.0,0.0,0.0,1e-08,1.2e-07,1.64e-06,1.583e-05,0.00011784,0.00070774,0.00354547,0.01517379,0.05643523,0.18446253,0.53274506,1.35717332,3.00944198,5.587621,7.6780332,3.1570521]}}
