{"nodes":{"cr_yes":[0.0,0.0,0.0,0.0,0.0,0.0,0.0,0.0,0.0,0.0,0.0,0.0,0.0,0.0,0.00039042,2.52143028,17.46592636,0.01625374,0.0,0.0,0.0],"imm_yes_cr_yes":[0.0,0.0,0.0,0.0,0.0,0.0,0.0,0.00014662,0.4534592,13.79906538,5.71696837,0.03435873,2.5e-06,0.0,0.0,0.0,0.0,0.0,0.0,0.0,0.0],"imm_yes_cr_no":[0.0,0.0,0.0,0.0,0.0,0.0,0.0,0.0,3.9e-07,0.00104847,0.24051949,5.41076003,12.02488909,2.29939092,0.02738132,1.109e-05,0.0,0.0,0.0,0.0,0.0],"del_yes_cr_yes":[0.0,0.0,0.0,7.7e-07,0.01313608,2.34464978,13.26595472,4.273972,0.10605895,0.00022846,4e-08,0.0,0.0,0.0,0.0,0.0,0.0,0.0,0.0,0.0,0.0],"del_yes_cr_no":[0.97915912,8.06619801,8.3108405,2.72673719,0.38338277,0.02631099,0.00093415,1.745e-05,1.7e-07,0.0,0.0,0.0,0.0,0.0,0.0,0.0,0.0,0.0,0.0,0.0,0.0],"conf_yes_cr_yes_del_yes":[0.0,0.0,0.0,0.0,0.0,0.0,0.0,0.0,0.0,1.4e-07,2.201e-05,0.00147153,0.04355575,0.58417729,3.45851959,8.25064315,6.51488452,1.13370223,0.0170234,1.18e-06,0.0],"conf_yes_cr_no_del_yes":[0.0,0.0,1e-08,3e-08,1.3e-07,5e-07,1.9e-06,8.47e-06,4.848e-05,0.0002982,0.00166255,0.00794776,0.03244553,0.11403772,0.34765039,0.92113279,2.10633395,4.06017676,6.20277001,6.17587957,0.06721212]}}
