{"nodes":{"cr_yes":[0.08999452,0.53310309,1.94100868,4.31060909,5.77555516,4.60132282,2.1396844,0.5674673,0.08341922,0.00656367,0.00026485,5.2e-06,5e-08,0.0,0.0,0.0,0.0,0.0,0.0,0.0,0.0],"imm_yes_cr_yes":[0.0,0.0,0.0,0.0,0.0,0.0,0.0,0.0,0.0,0.0,5.54e-06,0.06922023,7.62843203,11.46872657,0.83722888,0.00038755,0.0,0.0,0.0,0.0,0.0],"imm_yes_cr_no":[0.0,0.0,0.0,0.0,0.0,0.0,0.0,0.0,0.0,0.0,4e-08,0.0007847,0.56556272,12.82224522,6.57684373,0.03856369,7.1e-07,0.0,0.0,0.0,0.0],"del_yes_cr_yes":[0.0,1e-08,2.66e-06,9.693e-05,0.00220352,0.53287264,7.91703585,10.03328169,1.48843978,0.02998099,8.57e-05,7.9e-07,2e-07,3e-08,0.0,0.0,0.0,0.0,0.0,0.0,0.0],"del_yes_cr_no":[2.19715642,0.48789929,0.11021581,0.14830706,0.21087575,0.28811962,0.3798969,0.48544398,0.60328184,0.73128951,0.8668215,1.00685283,1.14813792,1.28737046,1.42133383,1.54703349,1.66180589,1.76340052,1.85003433,1.9204193,1.97376555],"conf_yes_cr_yes_del_yes":[0.0020138,0.00136352,0.00090231,0.00058264,0.00036655,0.00022536,0.00014557,0.00017377,0.00065399,0.00319724,0.01374316,0.04986066,0.15521081,0.43938572,1.19794452,2.89872493,5.04052488,5.19716752,3.0644029,1.56931719,0.73820133],"conf_yes_cr_no_del_yes":[0.45019132,0.46818967,0.49659242,0.53885075,0.59731698,0.67286288,0.76463536,0.86994956,0.98431941,1.10162558,1.21442086,1.31437299,1.39284485,1.44161215,1.45371848,1.42446782,1.35255444,1.24133027,1.10020965,0.94621151,0.805639]}}
