{"nodes":{"cr_yes":[0.0,0.0,0.0,0.0,0.0,1.4e-07,8.51e-06,0.00026786,0.00437026,0.03657639,0.15442709,0.32103234,0.31796776,0.14369364,0.02801568,0.00220906,0.00025213,0.00726626,1.26501253,14.59001629,6.26576973],"imm_yes_cr_yes":[0.0,0.0,0.0,0.0,0.0,0.0,0.0,0.0,1e-08,0.00020165,0.14807245,6.00520346,12.6925384,1.15483317,0.00315152,1.4e-07,0.0,0.0,0.0,0.0,0.0],"imm_yes_cr_no":[0.0,0.0,0.0,0.0,0.0,0.0,0.0,0.0,0.0,0.0,2.8e-07,0.00082664,0.23525608,6.20663426,12.36363235,1.19525132,0.00239985,2e-08,0.0,0.0,0.0],"del_yes_cr_yes":[7.341e-05,0.00958027,0.11312235,4.61139899,11.95676308,3.16992523,0.14171163,0.00136756,3.56e-06,7e-08,1e-08,3e-08,9e-08,2.6e-07,7.2e-07,1.79e-06,4.09e-06,8.66e-06,1.706e-05,3.144e-05,5.438e-05],"del_yes_cr_no":[5.10897235,2.42757897,1.99737109,1.86212111,1.70608052,1.5321801,1.35291366,1.17742218,1.01182671,0.85986438,0.72346344,0.60323332,0.49886591,0.40945291,0.33372848,0.27024874,0.21751945,0.17408264,0.13857178,0.10974339,0.08649165],"conf_yes_cr_yes_del_yes":[0.11158742,0.15032934,0.19332734,0.23739031,0.27834569,0.31189771,0.33562854,0.35343257,0.38504258,0.48351983,0.75106473,1.30625785,2.14448517,2.96783921,3.26765662,2.78049681,1.82903996,0.99863569,0.56209895,0.41994642,0.38354358],"conf_yes_cr_no_del_yes":[0.34345205,0.3714198,0.40549395,0.44567451,0.49196147,0.54435484,0.60285461,0.66746079,0.73817337,0.81499236,0.89791775,0.98694955,1.08208776,1.18333236,1.29068338,1.4041408,1.52370462,1.64937485,1.78115149,1.91903453,2.06302398]}}
