{"nodes":{"cr_yes":[24.92351536,6.29878611,1.10115868,0.13124294,0.01048572,0.00055069,1.858e-05,3.9e-07,1e-08,0.0,0.0,0.0,0.0,0.0,0.0,0.0,0.0,0.0,0.0,0.0,0.0],"imm_yes_cr_yes":[0.0,0.0,0.0,0.0,0.0,0.0,0.0,0.0,1e-08,4.4e-07,1.078e-05,0.04136455,3.01959992,15.53382102,1.40869027,0.00051381,0.0,0.0,0.0,0.0,0.0],"imm_yes_cr_no":[0.0,0.0,0.0,0.0,0.0,0.0,0.0,0.0,0.0,0.0,6e-08,0.00066993,0.37501102,9.92745496,9.5087118,0.19212265,3.038e-05,0.0,0.0,0.0,0.0],"del_yes_cr_yes":[0.0,2.05e-06,0.00065176,0.01800419,0.27666087,4.57266776,10.62784473,4.15154908,0.34964439,0.00694412,3.181e-05,3e-08,0.0,0.0,0.0,0.0,0.0,0.0,0.0,0.0,0.0],"del_yes_cr_no":[0.65463576,1.57870448,1.12273401,1.22681281,1.35856183,1.44432715,1.48111279,1.47158288,1.42175577,1.33967198,1.23417965,1.11395596,0.98681381,0.85928715,0.73645495,0.62194756,0.51807704,0.42603904,0.34614371,0.27804526,0.22095019],"conf_yes_cr_yes_del_yes":[0.62741322,0.62822583,0.60991868,0.57336143,0.52133732,0.45856575,0.39162557,0.32873389,0.27912116,0.25150308,0.25140389,0.27999101,0.35162077,0.58554651,1.37343112,3.0576564,4.45654968,3.41417845,1.21478696,0.41698278,0.49150782],"conf_yes_cr_no_del_yes":[0.25480092,0.29869974,0.35320798,0.42181083,0.50703841,0.60989982,0.72949893,0.86283158,1.00476448,1.14819562,1.28439631,1.40353475,1.49538121,1.55019476,1.55979165,1.51879515,1.42606708,1.28632086,1.11191614,0.92483504,0.75883993]}}
