{"nodes":{"cr_yes":[0.0,0.0,0.0,0.0,0.0,0.0,0.0,0.0,0.0,0.0,0.0,0.0,0.0,1e-08,0.04424617,19.87103911,0.08871551,0.0,0.0,0.0,0.0],"imm_yes_cr_yes":[0.0,0.0,0.0,0.0,0.0,0.0,2e-08,0.01702309,10.63455384,9.33569256,0.01673123,6e-08,0.0,0.0,0.0,0.0,0.0,0.0,0.0,0.0,0.0],"imm_yes_cr_no":[0.0,0.0,0.0,0.0,0.0,0.0,0.0,0.0,3e-08,0.00015455,0.06459293,2.70503012,11.66753159,4.93251097,0.58997325,0.04408837,0.00011897,0.0,0.0,0.0,0.0],"del_yes_cr_yes":[0.0,0.0,0.0,7.2e-06,0.06473917,5.13362673,12.82905405,1.9511174,0.02542331,3.292e-05,0.0,0.0,0.0,0.0,0.0,0.0,0.0,0.0,0.0,0.0,0.0],"del_yes_cr_no":[0.0,0.0,0.0,4e-08,0.00014483,0.03017321,0.83963335,5.05079423,8.53197951,4.64036636,0.85692409,0.05296928,0.00101083,5.07e-06,1e-08,0.0,0.0,0.0,0.0,0.0,0.0],"conf_yes_cr_yes_del_yes":[0.0,0.0,0.0,0.0,0.0,0.0,0.0,0.0,0.0,0.0,4.8e-07,0.00054208,0.09872885,2.87532131,11.81481702,5.08689827,0.12763385,5.894e-05,0.0,0.0,0.0],"conf_yes_cr_no_del_yes":[0.0,0.0,0.0,0.0,0.0,0.0,0.0,2.3e-07,9.25e-06,0.00020875,0.00292238,0.02703337,0.17170908,0.76180429,2.34997829,4.8810331,6.32843145,4.35789057,1.09262696,0.03035307,5e-08]}}
