{"nodes":{"cr_yes":[0.3136157,0.01268679,0.0007674,2.645e-05,4.3e-07,0.0,0.0,0.0,0.0,0.0,0.0,0.00034256,0.68312788,16.1618476,2.98625882,0.00205572,7.304e-05,6.25e-06,0.0,0.0,0.0],"imm_yes_cr_yes":[0.0,0.0,0.0,0.0,0.0,0.0,0.0,0.0,0.0,0.0,0.00010361,0.39291552,15.00311204,4.59132297,0.016544,2.66e-06,0.0,0.0,0.0,0.0,0.0],"imm_yes_cr_no":[0.0,0.0,0.0,0.0,0.0,0.0,0.0,1e-08,1.169e-05,0.03139741,3.22184474,13.67239678,3.00773807,0.07052948,8.259e-05,3e-08,1e-08,0.0,0.0,0.0,0.0],"del_yes_cr_yes":[0.0,0.0,1e-08,9.4e-07,0.00247157,0.95248893,10.88579533,7.66923429,0.49060541,0.0034016,2.72e-06,0.0,0.0,0.0,0.0,0.0,0.0,0.0,0.0,0.0,0.0],"del_yes_cr_no":[8.23055059,5.59998231,3.92956995,2.59254855,1.62034815,0.9658263,0.55197547,0.30377384,0.16155994,0.0832819,0.04171336,0.02034302,0.0096771,0.00449706,0.00204427,0.00091006,0.00039715,0.00017005,7.149e-05,2.953e-05,1.199e-05],"conf_yes_cr_yes_del_yes":[0.01745231,0.0246333,0.03351399,0.04436636,0.05812495,0.0772083,0.10642318,0.15321543,0.22606363,0.33001107,0.46021718,0.6003364,0.75048115,1.03681824,1.84920448,3.47029471,4.8571066,4.03802077,1.63035002,0.24341595,0.0109379],"conf_yes_cr_no_del_yes":[0.34984273,0.38527563,0.43249166,0.49393515,0.57093725,0.66345084,0.76989285,0.88709421,1.0103573,1.13362092,1.24973284,1.35082983,1.42882525,1.47600421,1.48572619,1.45323524,1.37657773,1.25762761,1.10321919,0.92638748,0.74771607]}}
