{"nodes":{"cr_yes":[0.0,0.0,0.0,0.0,0.0,0.0,0.0,0.0,0.0,0.0,0.0,0.0,0.0,1e-08,3.3e-07,4.2e-07,1e-08,6e-07,0.00114592,0.48790629,39.02989441],"imm_yes_cr_yes":[0.0,0.0,0.0,0.0,0.0,0.0,0.0,0.0,0.0,7e-08,0.00206759,1.25392531,15.54293618,3.19832837,0.00674322,6e-08,0.0,0.0,0.0,0.0,0.0],"imm_yes_cr_no":[0.0,0.0,0.0,0.0,0.0,0.0,0.0,0.0,0.0,1.102e-05,0.01460811,1.48160182,11.78184615,6.53644893,0.18931805,0.00016673,0.0,0.0,0.0,0.0,0.0],"del_yes_cr_yes":[0.00021752,0.01697337,0.30042693,2.95596335,12.25986157,4.19293288,0.23584374,0.0285446,0.00992397,0.002703,0.00057005,0.00010542,2.488e-05,9.93e-06,4.81e-06,2.19e-06,8.9e-07,3.2e-07,1e-07,3e-08,1e-08],"del_yes_cr_no":[38.78266592,0.59160079,0.01833468,0.00234478,0.00033566,4.538e-05,5.77e-06,6.9e-07,8e-08,1e-08,0.0,0.0,0.0,0.0,0.0,0.0,0.0,0.0,0.0,0.0,0.0],"conf_yes_cr_yes_del_yes":[0.07349058,0.08023054,0.08554345,0.08884889,0.09072632,0.0948108,0.1111397,0.16051312,0.27897049,0.52083488,0.9510802,1.60241227,2.38531955,3.02301434,3.15924288,2.65769353,1.80415862,1.09164599,0.76638655,0.69203892,0.64528895],"conf_yes_cr_no_del_yes":[0.40009929,0.42360127,0.4530155,0.48834196,0.52958067,0.57673162,0.62979481,0.68877024,0.75365792,0.82445783,0.90116999,0.98379439,1.07233103,1.16677992,1.26714104,1.37341441,1.48560001,1.60369786,1.72770795,1.85763029,1.99346486]}}
