{"nodes":{"cr_yes":[0.0,0.0,0.0,0.0,0.0,0.0,0.0,0.0,0.0,0.0,0.0,0.0,0.0,1.732e-05,1.01695339,18.96614986,0.02088022,0.0,0.0,0.0,0.0],"imm_yes_cr_yes":[0.0,0.0,0.0,0.0,0.0,0.0,5.1e-07,0.03086035,7.4052552,12.37873992,0.18911751,2.731e-05,0.0,0.0,0.0,0.0,0.0,0.0,0.0,0.0,0.0],"imm_yes_cr_no":[0.0,0.0,0.0,0.0,0.0,8.6e-07,0.00094931,0.08810716,1.59720547,9.72264856,7.73448566,0.84189436,0.01865443,5.497e-05,1e-08,0.0,0.0,0.0,0.0,0.0,0.0],"del_yes_cr_yes":[0.0,0.0,0.0,0.0,0.0,0.0,0.0,0.0,0.0,3.11e-06,0.01460722,2.42861226,14.77606207,2.77419424,0.01052153,3.6e-07,0.0,0.0,0.0,0.0,0.0],"del_yes_cr_no":[2.7e-07,1.241e-05,0.00012538,0.00088636,0.0636277,1.18342774,5.34586351,7.90798895,4.42258166,0.98669947,0.08941804,0.00331132,5.688e-05,1.2e-06,4e-08,0.0,0.0,0.0,0.0,0.0,0.0],"conf_yes_cr_yes_del_yes":[0.0,0.0,0.0,0.0,0.0,0.0,0.0,0.0,0.0,0.0,1e-08,1.819e-05,0.00761552,0.57289309,7.00379921,11.00290682,1.41051428,0.00625349,1.8e-07,0.0,0.0],"conf_yes_cr_no_del_yes":[0.00416256,0.00649276,0.01002117,0.01530201,0.02311103,0.03451502,0.05095248,0.07432068,0.10705891,0.1522094,0.21342642,0.29488903,0.40105673,0.53619422,0.70366196,0.90623082,1.1632477,1.67182005,3.5991314,8.58065149,2.91525253]}}
