{"nodes":{"cr_yes":[0.0,0.0,0.0,0.0,0.0,0.0,0.0,0.0,0.0,0.0,0.0,0.0,0.0,1.47e-06,0.28007809,19.63001655,0.09390468,0.0,0.0,0.0,0.0],"imm_yes_cr_yes":[0.0,0.0,0.0,0.0,0.0,0.0,0.0,6.839e-05,1.2327601,18.40600609,0.36515606,1.015e-05,0.0,0.0,0.0,0.0,0.0,0.0,0.0,0.0,0.0],"imm_yes_cr_no":[0.0,0.0,0.0,0.0,0.0,0.0,0.0,0.0,0.0,1.7e-07,0.00044044,0.12224329,3.8068489,12.52059004,3.50053372,0.05332514,1.912e-05,0.0,0.0,0.0,0.0],"del_yes_cr_yes":[0.0,0.0,0.0,0.0,0.0,0.0,0.0,1e-08,0.0003104,0.29888878,9.27218714,10.08751512,0.34483318,0.00026618,0.0,0.0,0.0,0.0,0.0,0.0,0.0],"del_yes_cr_no":[0.0,0.0,0.0,0.0,0.0,9.3e-07,0.00012652,0.00553866,0.09707068,0.77567542,3.04647255,6.08591803,6.17708815,3.06792582,0.68672492,0.0598677,0.00158326,8.16e-06,0.0,0.0,0.0],"conf_yes_cr_yes_del_yes":[0.0,0.0,0.0,0.0,0.0,0.0,0.0,0.0,0.0,0.0,3e-08,4.484e-05,0.01381402,0.79293949,7.76393458,10.27925086,1.14980091,0.00421602,6e-08,0.0,0.0],"conf_yes_cr_no_del_yes":[0.0,0.0,0.0,0.0,0.0,0.0,0.0,4e-08,1.58e-06,3.658e-05,0.00053304,0.00523525,0.03621545,0.18145137,0.6684888,1.81909095,3.64132172,5.29242384,5.34308434,2.99727315,0.03768937]}}
