{"nodes":{"cr_yes":[0.0,0.0,0.0,0.0,0.0,0.0,0.0,0.0,0.0,0.0,0.0,6.3e-07,2.557e-05,0.00022149,0.0003515,0.02265431,15.31402468,4.66621016,0.00010266,0.00040965,3e-07],"imm_yes_cr_yes":[0.0,0.0,0.0,0.0,0.0,0.0,0.00105188,3.5140129,16.29720984,0.19171842,7.77e-06,0.0,0.0,0.0,0.0,0.0,0.0,0.0,0.0,0.0,0.0],"imm_yes_cr_no":[2.1e-07,3.42e-06,3.313e-05,0.00019258,0.00068146,0.0014799,0.00198616,0.00181551,0.00219784,0.00437204,0.03769479,1.32419368,8.6786508,8.71043965,1.14987999,0.06813319,0.0203963,0.0018193,3.088e-05,7e-08,0.0],"del_yes_cr_yes":[0.0,0.0,0.0,0.0,0.0,0.0,0.0,6e-08,0.00080282,0.46573711,11.6624093,7.77216685,0.1028664,1.826e-05,0.0,0.0,0.0,0.0,0.0,0.0,0.0],"del_yes_cr_no":[1.588e-05,1.31e-05,9.37e-06,5.8e-06,3.7e-06,6.196e-05,0.00292726,0.06020178,0.55558892,2.46224575,5.47791963,6.24274796,3.68232382,1.19166061,0.26877511,0.05258065,0.00653705,0.00036853,1.818e-05,3.42e-06,5.3e-07],"conf_yes_cr_yes_del_yes":[0.0,0.0,0.0,0.0,0.0,0.0,0.0,0.0,0.0,0.0,2e-08,3.409e-05,0.01268326,0.80495341,7.96248413,9.93529073,1.26271718,0.02580033,3.766e-05,0.0,0.0],"conf_yes_cr_no_del_yes":[1.52487926,1.45596726,1.38505163,1.31239146,1.23827087,1.16299875,1.0869084,1.0103567,0.93372301,0.85740751,0.7818292,0.70742351,0.63464032,0.56394747,0.49588059,0.43155627,0.37738985,0.37910097,0.68585295,2.02661049,3.42850791]}}
