{"nodes":{"cr_yes":[0.0,0.0,0.0,0.0,0.0,0.0,0.0,0.0,0.0,0.0,0.0,0.0,0.0,0.0,0.00092525,8.48470121,11.51821537,0.00015897,0.0,0.0,0.0],"imm_yes_cr_yes":[0.0,0.0,0.0,0.0,0.0,0.0,0.0,6.65e-06,0.16438754,15.44097594,4.39455301,0.00407765,1e-08,0.0,0.0,0.0,0.0,0.0,0.0,0.0,0.0],"imm_yes_cr_no":[0.0,0.0,0.0,0.0,0.0,0.0,0.0,0.0,0.0,1.409e-05,0.01267869,1.10133431,9.84482428,8.47926862,0.56402638,0.00185429,1.3e-07,0.0,0.0,0.0,0.0],"del_yes_cr_yes":[0.0,0.0,0.0,0.0,0.0,4e-08,0.00212498,1.22767074,14.22361041,4.50444224,0.04611979,3.259e-05,0.0,0.0,0.0,0.0,0.0,0.0,0.0,0.0,0.0],"del_yes_cr_no":[0.00033367,13.98796286,5.6823541,0.32699172,0.00646729,5.762e-05,2.6e-07,1e-08,4e-08,5e-08,2e-08,0.0,0.0,0.0,0.0,0.0,0.0,0.0,0.0,0.0,0.0],"conf_yes_cr_yes_del_yes":[0.0,0.0,0.0,0.0,0.0,0.0,0.0,0.0,0.0,0.0,1.1e-07,0.00010339,0.02079076,0.89594533,7.59920706,10.13595334,1.34501361,0.00698704,1.6e-07,0.0,0.0],"conf_yes_cr_no_del_yes":[0.0,0.0,0.0,0.0,0.0,1e-08,3e-07,6.6e-06,0.00013232,0.0019243,0.01896486,0.1267379,0.58161567,1.84130891,3.97535624,5.65306245,4.93803288,2.33712178,0.49033182,0.0390877,0.00063414]}}
