{"nodes":{"cr_yes":[0.0,0.0,0.0,0.0,0.0,0.0,0.0,0.0,0.0,0.0,0.0,0.0,0.0,0.00012094,1.544783,18.41035701,0.04873985,0.0,0.0,0.0,0.0],"imm_yes_cr_yes":[0.0,0.0,0.0,0.0,0.0,0.0,0.0,3.954e-05,0.70805445,18.2236148,1.07213395,0.00015807,0.0,0.0,0.0,0.0,0.0,0.0,0.0,0.0,0.0],"imm_yes_cr_no":[0.0,0.0,0.0,0.0,0.0,0.0,0.0,0.0,0.0,0.0,0.0,0.0,3e-08,0.0002391,0.16564025,7.48751978,12.14961996,0.20097993,1.75e-06,0.0,0.0],"del_yes_cr_yes":[0.0,0.0,0.0,0.0,0.0,6.8e-07,0.00379052,0.79510508,9.79702903,8.7968724,0.6082269,0.00297537,8.2e-07,0.0,0.0,0.0,0.0,0.0,0.0,0.0,0.0],"del_yes_cr_no":[3e-08,1.89e-06,2.21e-06,7.1e-07,2.05e-06,0.0001531,0.00476106,0.06827319,0.49946975,1.99138415,4.50688048,5.91115523,4.5075735,1.9709662,0.47845041,0.06105824,0.00376835,9.933e-05,9.3e-07,0.0,0.0],"conf_yes_cr_yes_del_yes":[0.0,0.0,0.0,0.0,0.0,0.0,0.0,0.0,0.0,0.0,6.7e-07,0.00042934,0.05807995,1.67721538,9.42287752,8.16026641,0.68297211,0.00215938,3e-08,0.0,0.0],"conf_yes_cr_no_del_yes":[3e-08,1.3e-07,5.3e-07,1.86e-06,5.76e-06,1.568e-05,3.789e-05,8.182e-05,0.0001677,0.00048091,0.00297183,0.02180957,0.12762202,0.55778152,1.78947889,4.07321659,6.12400868,5.27502958,1.9092289,0.12187002,0.00038185]}}
