{"nodes":{"cr_yes":[0.0,0.0,0.0,0.0,0.0,0.0,0.0,0.0,0.0,0.0,0.0,0.0,0.0,0.0,7.254e-05,1.4925464,18.49939714,0.01198472,0.0,0.0,0.0],"imm_yes_cr_yes":[0.0,0.0,0.0,0.0,0.0,0.0,0.0,0.0,0.0,2.072e-05,0.24892681,15.24437991,4.50632701,0.00434635,1e-08,0.0,0.0,0.0,0.0,0.0,0.0],"imm_yes_cr_no":[0.0,0.0,0.0,0.0,0.0,0.0,0.0,0.0,0.0,0.0,0.0,1.426e-05,0.00745706,0.63224966,7.80331481,10.64237315,0.91699347,0.00159838,0.0,0.0,0.0],"del_yes_cr_yes":[0.0,0.0,0.0,4.6e-07,0.00360581,0.74866616,8.91616931,9.27340976,1.04810956,0.01401798,2.176e-05,0.0,0.0,0.0,0.0,0.0,0.0,0.0,0.0,0.0,0.0],"del_yes_cr_no":[2.42805583,4.55235438,5.36371642,4.41123513,2.66983851,1.22197873,0.42814937,0.11505743,0.02356723,0.00362925,0.00041126,3.327e-05,1.84e-06,7e-08,0.0,0.0,0.0,0.0,0.0,0.0,0.0],"conf_yes_cr_yes_del_yes":[0.0,0.0,0.0,0.0,0.0,0.0,0.0,0.0,0.0,1e-08,3.55e-06,0.00058461,0.03331178,0.67425762,4.65905434,9.69013193,4.64800719,0.2979197,0.00073007,0.0,0.0],"conf_yes_cr_no_del_yes":[0.0,0.0,0.0,0.0,0.0,3e-08,4.4e-07,5.44e-06,5.951e-05,0.00052486,0.00364957,0.02015083,0.08957192,0.32378714,0.95365258,2.26504973,4.20962303,5.7186904,4.83825075,1.5775293,0.00691052]}}
