{"nodes":{"cr_yes":[0.0,0.0,0.0,0.0,0.0,0.0,0.0,0.0,0.0,0.0,0.0,0.0,0.0,1e-08,0.00443136,8.28539275,11.71304907,0.00112762,0.0,0.0,0.0],"imm_yes_cr_yes":[0.0,0.0,0.0,0.0,0.0,0.0,0.0,0.0,0.0,1e-08,0.00114992,1.55905994,17.25274666,1.19077223,0.00027204,0.0,0.0,0.0,0.0,0.0,0.0],"imm_yes_cr_no":[0.0,0.0,0.0,0.0,0.0,0.0,0.0,0.0,5.3e-07,0.00048049,0.06716407,1.65009178,7.38296904,5.89241263,2.68422434,2.16514512,0.16123253,0.00028028,0.0,0.0,0.0],"del_yes_cr_yes":[0.0,0.0,0.0,0.0,1.3e-07,0.00305404,0.97930358,11.15142785,7.48592591,0.38267302,0.00161575,5.3e-07,0.0,0.0,0.0,0.0,0.0,0.0,0.0,0.0,0.0],"del_yes_cr_no":[0.14592966,1.17657943,3.59331104,5.54652015,5.06159147,2.98064188,1.18265851,0.3216464,0.05991262,0.00752398,0.00061789,3.164e-05,9.4e-07,1e-08,0.0,0.0,0.0,0.0,0.0,0.0,0.0],"conf_yes_cr_yes_del_yes":[0.0,0.0,0.0,0.0,0.0,0.0,0.0,0.0,0.0,7.1e-07,9.203e-05,0.00485515,0.11164692,1.14036545,5.0109958,8.5770501,4.63839258,0.51618834,0.00441359,1.3e-07,0.0],"conf_yes_cr_no_del_yes":[0.0,0.0,0.0,0.0,0.0,0.0,4e-08,6.3e-07,7.7e-06,7.006e-05,0.00049755,0.00286578,0.01376275,0.05619623,0.19753468,0.60086212,1.57542287,3.49344685,6.21435744,7.48179734,0.73435754]}}
