{"nodes":{"cr_yes":[0.0,0.0,0.0,0.0,0.0,0.0,0.0,0.0,0.0,0.0,2.2e-07,6.78e-06,5.308e-05,9.37e-05,3.168e-05,0.00516338,5.48657814,14.505035,0.00703881,0.0,0.0],"imm_yes_cr_yes":[0.0,0.0,0.0,0.0,0.0,3e-08,0.01072709,5.36322977,14.24158755,0.38834921,0.00010716,0.0,0.0,0.0,0.0,0.0,0.0,0.0,0.0,0.0,0.0],"imm_yes_cr_no":[4e-08,1.38e-06,2.742e-05,0.00030311,0.00190882,0.00696151,0.01482337,0.01843485,0.01342482,0.00698546,0.0321163,1.11293545,7.66754483,8.29009561,1.71608035,0.79927786,0.29493925,0.02762811,0.00051101,1.29e-06,0.0],"del_yes_cr_yes":[0.0,0.0,0.0,0.0,0.0,0.0,0.0,4e-08,0.00147452,0.93871202,13.82468212,5.19465468,0.0444713,6.12e-06,0.0,0.0,0.0,0.0,0.0,0.0,0.0],"del_yes_cr_no":[0.01891955,0.02031804,0.01869613,0.01472756,0.00990881,0.00582184,0.00769112,0.07279789,0.51700298,1.98404136,4.30149054,5.56718651,4.48619262,2.23997752,0.64615444,0.09570642,0.00620351,0.00016785,8.404e-05,0.00018916,0.0003654],"conf_yes_cr_yes_del_yes":[0.0,0.0,0.0,0.0,0.0,0.0,0.0,0.0,0.0,2e-08,3.3e-07,4.998e-05,0.00774526,0.34061157,3.89996357,10.33402658,5.09820354,0.32092719,0.00237709,9.536e-05,6.2e-07],"conf_yes_cr_no_del_yes":[0.00247605,0.00395109,0.00623463,0.00972714,0.01500256,0.02286937,0.03444528,0.05124367,0.07526615,0.10908906,0.15592244,0.21960693,0.30449804,0.41517752,0.5560732,0.73314915,0.97946315,1.5441383,3.62702759,8.67517682,4.92940136]}}
