{"nodes":{"cr_yes":[0.0,0.0,0.0,0.0,0.0,0.0,0.0,0.0,0.0,0.0,0.0,0.0,0.0,0.00057954,9.03935038,10.96397236,9.853e-05,0.0,0.0,0.0,0.0],"imm_yes_cr_yes":[0.0,0.0,0.0,0.0,0.0,0.0,0.0,0.00043071,2.51377203,17.27312582,0.21666708,5.15e-06,0.0,0.0,0.0,0.0,0.0,0.0,0.0,0.0,0.0],"imm_yes_cr_no":[0.0,0.0,0.0,0.0,0.0,0.0,0.0,0.0,2.679e-05,0.02429568,1.74778936,11.35659829,6.58459636,0.2900109,0.00068338,5e-08,0.0,0.0,0.0,0.0,0.0],"del_yes_cr_yes":[0.0,0.0,0.0,0.0,0.0,0.0,0.0,0.0,7.6e-07,0.00691997,1.74451811,14.44558086,3.7828278,0.02415113,2.17e-06,0.0,0.0,0.0,0.0,0.0,0.0],"del_yes_cr_no":[0.0,0.0,0.0,5e-08,8.4e-05,0.01292584,0.36993671,2.81420195,6.97799693,6.4273863,2.60801902,0.66616078,0.11768194,0.00936185,0.00024389,1.55e-06,0.0,0.0,0.0,0.0,0.0],"conf_yes_cr_yes_del_yes":[0.0,0.0,0.0,0.0,0.0,0.0,0.0,0.0,0.0,0.0,3.3e-06,0.00249618,0.28952681,5.09942882,11.89613007,2.68468893,0.03172091,5.78e-06,0.0,0.0,0.0],"conf_yes_cr_no_del_yes":[0.0,0.0,0.0,0.0,0.0,0.0,0.0,1e-08,8e-08,1.44e-06,4.667e-05,0.00120561,0.01944611,0.19217416,1.1513478,4.01371042,7.39783587,5.89594145,1.30149626,0.03025342,0.00108299]}}
