{"nodes":{"cr_yes":[0.0,0.0,0.0,0.0,0.0,0.0,0.0,0.0,0.0,0.0,0.0,0.0,0.0,1.07e-06,0.18941083,19.59065258,0.22393631,1e-08,0.0,0.0,0.0],"imm_yes_cr_yes":[0.0,0.0,0.0,0.0,0.0,0.0,2e-08,0.0095474,6.219711,13.63011778,0.14461695,7.64e-06,0.0,0.0,0.0,0.0,0.0,0.0,0.0,0.0,0.0],"imm_yes_cr_no":[0.0,0.0,0.0,0.0,0.0,0.0,0.0,1.19e-05,0.00910428,0.7217975,7.28659377,10.10208086,1.84669896,0.0376522,6.132e-05,0.0,0.0,0.0,0.0,0.0,0.0],"del_yes_cr_yes":[0.0,0.0,0.0,0.0,0.0,0.00013018,0.25248797,8.84980936,10.34961238,0.55049175,0.00146898,1.8e-07,0.0,0.0,0.0,0.0,0.0,0.0,0.0,0.0,0.0],"del_yes_cr_no":[0.0,0.0,6.411e-05,0.02696125,0.8301804,4.79411153,8.04984367,4.92828895,1.23536054,0.13295308,0.00612171,0.00011474,7.9e-07,0.0,0.0,0.0,0.0,0.0,0.0,0.0,0.0],"conf_yes_cr_yes_del_yes":[0.0,0.0,0.0,0.0,0.0,0.0,0.0,0.0,0.0,0.0,4.5e-07,0.0001244,0.01115951,0.33788401,3.34176022,9.59156987,6.18847625,0.53119083,0.00183525,1e-08,0.0],"conf_yes_cr_no_del_yes":[0.0,0.0,0.0,0.0,0.0,0.0,1e-08,3.4e-07,8.39e-06,0.00013058,0.00139579,0.01083467,0.06328951,0.28375857,0.98084776,2.57769007,4.93839388,6.26499274,4.17728887,0.70536558,8.09e-06]}}
