{"nodes":{"cr_yes":[0.0,0.0,0.0,0.0,0.0,0.0,0.0,0.0,0.0,0.0,0.0,0.0,0.00014246,0.20678425,9.79877001,9.89851131,0.09979022,2.55e-06,0.0,0.0,0.0],"imm_yes_cr_yes":[0.0,0.0,0.0,0.0,0.0,0.0,0.0,0.0,0.0,0.0,6.378e-05,0.26862878,13.4281342,6.29157048,0.01560349,7e-08,0.0,0.0,0.0,0.0,0.0],"imm_yes_cr_no":[0.0,0.0,0.0,0.0,0.0,0.0,0.0,0.0,0.0,0.0,0.0,2.4e-07,0.00034942,0.08411607,3.04572892,12.97194654,3.87408469,0.02777454,3.9e-07,0.0,0.0],"del_yes_cr_yes":[0.0,0.0,0.0,0.0,3.501e-05,0.03565138,2.02544627,10.60431902,6.73907316,0.59212352,0.00734057,1.187e-05,0.0,0.0,0.0,0.0,0.0,0.0,0.0,0.0,0.0],"del_yes_cr_no":[1e-08,5e-08,8.118e-05,0.01006109,0.22208967,1.5369438,4.4486076,6.32018074,4.82135149,2.06650543,0.50404824,0.068896,0.00504916,0.00018341,2.91e-06,2e-08,0.0,0.0,0.0,0.0,0.0],"conf_yes_cr_yes_del_yes":[0.0,0.0,0.0,0.0,0.0,0.0,0.0,0.0,0.0,8e-08,1.443e-05,0.00104095,0.03324433,0.48174828,3.09099282,8.03554582,6.97957111,1.35827216,0.02356874,2.07e-06,0.0],"conf_yes_cr_no_del_yes":[0.0,0.0,0.0,0.0,1e-08,4e-08,2.2e-07,1.39e-06,1.069e-05,8.439e-05,0.00058092,0.00334383,0.01613713,0.06606238,0.23160326,0.69758382,1.79317642,3.83987785,6.42200045,6.84231224,0.1824515]}}
