{"nodes":{"cr_yes":[0.0,0.0,0.0,0.0,0.0,0.0,0.0,0.0,0.0,0.0,0.0,0.0,0.0,0.0,5.31e-05,2.07293094,17.92908852,0.00192823,0.0,0.0,0.0],"imm_yes_cr_yes":[0.0,0.0,0.0,0.0,0.0,1e-08,0.01166509,8.78404055,11.16326163,0.04503281,7.2e-07,0.0,0.0,0.0,0.0,0.0,0.0,0.0,0.0,0.0,0.0],"imm_yes_cr_no":[0.0,0.0,0.0,0.0,0.0,0.0,2.656e-05,0.02315899,1.48336506,9.7936043,7.88887809,0.80536519,0.0095919,1.07e-05,0.0,0.0,0.0,0.0,0.0,0.0,0.0],"del_yes_cr_yes":[0.0,0.0,0.0,0.0,0.0,5.19e-06,0.0612905,6.41352499,12.80596409,0.72189969,0.00131626,7e-08,0.0,0.0,0.0,0.0,0.0,0.0,0.0,0.0,0.0],"del_yes_cr_no":[0.0,0.0,1e-08,6.867e-05,0.02356989,0.79392038,5.05342446,8.56145349,4.63564347,0.87567607,0.05887809,0.00135654,9.7e-06,2e-08,0.0,0.0,0.0,0.0,0.0,0.0,0.0],"conf_yes_cr_yes_del_yes":[0.0,0.0,0.0,0.0,0.0,0.0,0.0,0.0,0.0,0.0,8e-08,3.45e-05,0.00470014,0.20176863,2.65039508,9.45720143,7.05055901,0.63733924,0.00200269,0.0,0.0],"conf_yes_cr_no_del_yes":[0.0,0.0,0.0,0.0,0.0,0.0,0.0,0.0,0.0,1e-08,3e-07,8.65e-06,0.00016897,0.00234505,0.02367532,0.17520493,0.93828514,3.47040728,7.85050572,7.48965469,0.10748949]}}
