{"nodes":{"cr_yes":[0.0,0.0,0.0,0.0,0.0,0.0,0.0,0.0,0.0,0.0,0.0,0.0,0.0,5.6e-07,0.08567087,18.03736874,1.88088781,7.281e-05,0.0,0.0,0.0],"imm_yes_cr_yes":[0.0,0.0,0.0,0.0,0.0,0.0,0.0,0.0,1.994e-05,0.00107834,0.6766857,16.37389393,2.94964715,0.00267573,1e-08,0.0,0.0,0.0,0.0,0.0,0.0],"imm_yes_cr_no":[0.0,0.0,0.0,0.0,0.0,0.0,0.0,2e-08,2.786e-05,0.00716816,0.36268127,4.02188505,9.9752386,5.16498436,0.46678058,0.005231,3.89e-06,0.0,0.0,0.0,0.0],"del_yes_cr_yes":[0.0,0.0,0.0,0.0,0.0,1e-08,0.0006881,0.55564353,10.98351961,8.18706245,0.27666829,0.00041878,2e-08,0.0,0.0,0.0,0.0,0.0,0.0,0.0,0.0],"del_yes_cr_no":[0.0,0.0,5e-07,0.00012811,0.00612662,0.09642837,0.6656414,2.36788465,4.76248724,5.6915324,4.11607207,1.78551023,0.44776017,0.06043839,0.00389207,9.79e-05,6.8e-07,0.0,0.0,0.0,0.0],"conf_yes_cr_yes_del_yes":[0.0,0.0,0.0,0.0,0.0,0.0,0.0,0.0,0.0,0.0,3.1e-07,9.815e-05,0.00985065,0.32507395,3.39389756,9.84234601,5.99908928,0.43266063,0.00098426,0.0,0.0],"conf_yes_cr_no_del_yes":[0.0,0.0,0.0,0.0,0.0,0.0,0.0,8e-08,1.03e-06,9.91e-06,7.892e-05,0.00054099,0.00326567,0.01744645,0.08194871,0.33385922,1.15446324,3.25814814,6.87428636,8.26681688,0.02627036]}}
