{"nodes":{"cr_yes":[0.02105515,0.02241543,0.01429139,0.00533731,0.00113793,0.00013443,8.5e-06,2.8e-07,0.0,0.0,0.0,0.0,0.0,3.89e-06,0.06527959,9.47022241,9.04546521,0.22291252,1.14126042,0.00500391,0.0],"imm_yes_cr_yes":[0.0,0.0,0.0,0.0,0.0,0.0,1.46e-06,0.09647669,12.3800815,7.49987842,0.02756231,4.2e-07,0.0,0.0,0.0,0.0,0.0,0.0,0.0,0.0,0.0],"imm_yes_cr_no":[0.0,0.0,0.0,0.0,0.0,0.0,4e-08,1.82e-06,2.936e-05,0.00017731,0.00616225,0.26899546,1.41459663,1.20987629,3.75226026,8.21748875,4.56634169,0.54938792,0.01257638,0.00370892,0.00479544],"del_yes_cr_yes":[0.0,0.0,0.0,0.0,0.0,0.0,0.0,0.0,7.94e-06,0.03048381,3.60066688,14.47784088,1.88880665,0.00619433,3e-07,0.0,0.0,0.0,0.0,0.0,0.0],"del_yes_cr_no":[1.212e-05,2.12e-05,3.157e-05,4.017e-05,4.872e-05,0.00015215,0.0013899,0.01033204,0.05093836,0.1738023,0.50581892,1.60651387,4.1911689,6.13308023,4.3298457,1.51296055,0.58758975,0.49834445,0.30241641,0.09329834,0.0124024],"conf_yes_cr_yes_del_yes":[0.0,0.0,0.0,0.0,0.0,0.0,0.0,0.0,0.0,0.0,2e-08,3.43e-05,0.01127878,0.69463198,7.34243608,10.61786678,1.33188572,0.00586694,1.5e-07,3e-08,1e-08],"conf_yes_cr_no_del_yes":[0.1716278,0.21249843,0.24992815,0.27890262,0.29493053,0.295235,0.27973008,0.25137356,0.21559062,0.17901542,0.15137759,0.17261347,0.41726592,1.29358018,2.99309282,4.48949235,4.23989278,2.57433608,1.04494004,0.26449729,0.03978795]}}
