{"nodes":{"cr_yes":[0.0,0.0,0.0,0.0,0.0,0.0,0.0,0.0,0.0,0.0,6e-08,5.61e-06,5.041e-05,0.10926148,14.83608488,5.05727385,0.00132451,0.0,0.0,0.0,0.0],"imm_yes_cr_yes":[0.0,0.0,0.0,0.0,0.0,0.0,0.0,0.0,0.0,0.0,6.907e-05,0.20313787,10.83925348,8.89072928,0.07080884,2.25e-06,0.0,0.0,0.0,0.0,0.0],"imm_yes_cr_no":[0.0,0.0,0.0,0.0,0.0,0.0,0.0,0.0,0.0,2.3e-07,0.00097851,0.3051734,7.18564104,11.55528538,0.95458907,0.00233312,6e-08,0.0,0.0,0.0,0.0],"del_yes_cr_yes":[1e-08,2.42e-06,0.00434383,1.45705579,11.19450129,6.7324065,0.6044095,0.01122606,5.497e-05,4.2e-07,1e-08,0.0,0.0,0.0,0.0,0.0,0.0,0.0,0.0,0.0,0.0],"del_yes_cr_no":[20.13684329,9.77065176,0.16353759,0.0013434,3.698e-05,7.41e-06,1.61e-06,3.3e-07,6e-08,1e-08,0.0,0.0,0.0,0.0,0.0,0.0,0.0,0.0,0.0,0.0,0.0],"conf_yes_cr_yes_del_yes":[0.00638297,0.00711399,0.00827192,0.00975898,0.01139801,0.0129836,0.01472364,0.0201055,0.0479468,0.16265156,0.50832137,1.27166775,2.48489728,3.76436084,4.36325322,3.77127155,2.32614653,0.95409868,0.23252939,0.02832587,0.00196565],"conf_yes_cr_no_del_yes":[0.41785205,0.43966757,0.46738096,0.5009922,0.5405013,0.58590826,0.63721308,0.69441575,0.75751629,0.82651468,0.90141092,0.98220503,1.06889699,1.16148681,1.25997449,1.36436003,1.47464342,1.59082467,1.71290378,1.84088075,1.97475557]}}
