{"nodes":{"cr_yes":[0.0,0.0,0.0,0.0,0.0,0.0,0.0,0.0,0.0,0.0,0.0,0.0,0.0,0.0,5.028e-05,5.86227705,14.14165555,1.792e-05,0.0,0.0,0.0],"imm_yes_cr_yes":[0.0,0.0,0.0,0.0,0.0,0.0,0.0,1.51e-06,0.16510948,17.02190182,2.81612911,0.00085887,0.0,0.0,0.0,0.0,0.0,0.0,0.0,0.0,0.0],"imm_yes_cr_no":[0.0,0.0,0.0,0.0,0.0,0.0,0.0,0.0,0.0,3e-08,0.00016118,0.07923246,3.51139032,13.12680246,3.25378729,0.03262187,5.2e-06,0.0,0.0,0.0,0.0],"del_yes_cr_yes":[0.0,0.0,0.0,0.0,0.0,0.0,0.0,0.00056397,1.06139561,16.15456953,2.78178616,0.00568542,1.1e-07,0.0,0.0,0.0,0.0,0.0,0.0,0.0,0.0],"del_yes_cr_no":[0.0,0.0,0.0,1e-08,2.306e-05,0.00449246,0.15871326,1.5575341,5.37246043,7.40509428,4.32239329,1.07184743,0.10749532,0.0039048,4.227e-05,1e-07,0.0,0.0,0.0,0.0,0.0],"conf_yes_cr_yes_del_yes":[0.0,0.0,0.0,0.0,0.0,0.0,0.0,0.0,0.0,0.0,0.0,1.065e-05,0.00587315,0.53058045,7.14707488,11.12895775,1.18849972,0.00300418,2e-08,0.0,0.0],"conf_yes_cr_no_del_yes":[0.0,0.0,0.0,0.0,0.0,0.0,0.0,1.2e-07,5.37e-06,0.00013141,0.00197042,0.01935063,0.12973048,0.60613872,1.97428586,4.37514605,6.2042328,4.94253149,1.65062114,0.09984591,2.08e-05]}}
