{"nodes":{"cr_yes":[0.00466425,0.00778716,0.00840119,0.00573853,0.00242405,0.00061628,9.139e-05,7.62e-06,3.4e-07,2e-08,1.228e-05,0.00403217,0.28401666,3.85923982,8.75913821,2.73824026,2.2249625,2.10634512,0.00061506,0.0,0.0],"imm_yes_cr_yes":[0.0,0.0,0.0,6.04e-06,0.00507427,0.06439728,0.01935658,3.18515903,16.58263987,0.14317148,0.00080583,0.00228832,0.00102513,7.602e-05,9.5e-07,0.0,0.0,0.0,0.0,0.0,0.0],"imm_yes_cr_no":[0.0,1e-08,1.27e-06,5.672e-05,0.00119726,0.01244924,0.06546957,0.17677833,0.25753437,0.39381464,1.65661931,6.56937402,8.66219842,2.13614215,0.07213425,0.00023107,1.2e-07,4e-08,1e-08,0.0,0.0],"del_yes_cr_yes":[0.0,0.0,0.0,0.0,0.0,0.0,0.0,4.6e-07,0.00779709,2.24934044,15.13787389,2.59859129,0.01039645,1.17e-06,0.0,0.0,0.0,0.0,0.0,0.0,0.0],"del_yes_cr_no":[0.00020221,0.00035285,0.0004909,0.00054763,0.00051752,0.00139279,0.01725501,0.1429316,0.75216988,2.74138986,5.97163022,6.50225489,3.17895946,0.64234488,0.04953476,0.00188573,0.00021008,2.958e-05,1.99e-06,5e-08,0.0],"conf_yes_cr_yes_del_yes":[0.0,0.0,0.0,1e-08,1e-07,5.2e-07,2.22e-06,7.3e-06,1.847e-05,3.557e-05,5.14e-05,6.662e-05,0.00492775,0.39083386,5.57714176,11.63070848,2.37804959,0.02212785,2.879e-05,5e-07,0.0],"conf_yes_cr_no_del_yes":[4.53e-06,1.128e-05,2.734e-05,6.455e-05,0.00014859,0.00033361,0.00073088,0.00156327,0.00326596,0.00666806,0.01331247,0.02600643,0.04974997,0.09327218,0.17159701,0.31154239,0.57748124,1.24786497,3.61880498,9.64502924,8.47304819]}}
