{"nodes":{"cr_yes":[0.0,0.0,0.0,0.0,0.0,0.0,0.0,0.0,0.0,0.0,0.0,0.0,0.0,1e-08,0.00609056,10.30988525,9.68761602,0.00040896,0.0,0.0,0.0],"imm_yes_cr_yes":[0.0,0.0,0.0,0.0,0.0,0.0,3.4e-06,0.0862532,10.07345195,9.74237305,0.10190754,1.167e-05,0.0,0.0,0.0,0.0,0.0,0.0,0.0,0.0,0.0],"imm_yes_cr_no":[0.0,0.0,0.0,0.0,0.0,0.0,0.0,0.0,0.0,0.0,0.0,0.0,4e-08,7.326e-05,0.02526274,1.54511655,12.17748371,6.21513513,0.04092935,2e-08,0.0],"del_yes_cr_yes":[0.0,0.0,0.0,0.0,0.0,0.0,1.115e-05,0.03487783,3.23953438,13.57607624,3.11381091,0.03966629,2.4e-05,0.0,0.0,0.0,0.0,0.0,0.0,0.0,0.0],"del_yes_cr_no":[0.0,1.2e-07,1.844e-05,0.00078704,0.01386902,0.1239943,0.63309273,1.98301249,3.97512242,5.20950433,4.48139572,2.49949354,0.87718015,0.1839939,0.0213005,0.00120781,2.809e-05,2e-07,0.0,0.0,0.0],"conf_yes_cr_yes_del_yes":[0.0,0.0,0.0,0.0,0.0,0.0,0.0,0.0,0.0,1e-08,3.8e-06,0.00065403,0.03823067,0.77320337,5.15371412,9.83516745,4.01053028,0.19222284,0.00027424,0.0,0.0],"conf_yes_cr_no_del_yes":[0.0,0.0,0.0,0.0,0.0,0.0,1e-08,3.5e-07,7.57e-06,0.00010841,0.00109203,0.00814731,0.0466234,0.20894502,0.73856904,2.04067018,4.26319098,6.21645097,5.18938562,1.29080956,7.1e-07]}}
