{"nodes":{"cr_yes":[0.0,0.0,0.0,0.0,0.0,0.0,0.0,0.0,0.0,0.0,0.0,0.0,0.0,0.0,0.00325613,18.14245408,1.85829052,6e-08,0.0,0.0,0.0],"imm_yes_cr_yes":[0.0,0.0,0.0,0.0,0.0,0.0,7e-08,0.00768115,8.58941223,11.38060766,0.0262996,1.1e-07,0.0,0.0,0.0,0.0,0.0,0.0,0.0,0.0,0.0],"imm_yes_cr_no":[0.0,0.0,0.0,0.0,0.0,0.0,0.0,7.59e-06,0.01112974,1.12970572,9.96861297,8.27820789,0.61301906,0.00331694,8.9e-07,0.0,0.0,0.0,0.0,0.0,0.0],"del_yes_cr_yes":[0.0,0.0,0.0,0.0,0.0,0.0,0.0,2.2e-07,0.00632157,2.30504488,15.52729038,2.15982884,0.00551472,1.8e-07,0.0,0.0,0.0,0.0,0.0,0.0,0.0],"del_yes_cr_no":[0.0,0.0,0.0,1.197e-05,0.00239488,0.08034489,0.69293604,1.95685526,2.18251769,2.02165781,4.13672902,5.43209149,2.88838372,0.57170577,0.03768467,0.00068506,2.51e-06,0.0,0.0,0.0,0.0],"conf_yes_cr_yes_del_yes":[0.0,0.0,0.0,0.0,0.0,0.0,0.0,0.0,0.0,0.0,5e-08,8.722e-05,0.02682466,1.35094859,9.97925016,8.21258729,0.43381897,0.00048386,0.0,0.0,0.0],"conf_yes_cr_no_del_yes":[0.0,0.0,0.0,0.0,5e-08,7.9e-07,9.04e-06,8.098e-05,0.00058138,0.00338919,0.01618621,0.06362126,0.20588131,0.54644262,1.18271712,2.09280189,3.14544504,4.33554919,5.13327908,3.244479,0.06707329]}}
