{"nodes":{"cr_yes":[0.0,0.0,0.0,0.0,0.0,0.0,0.0,1e-08,1.27e-06,0.00014052,0.00681193,0.1428169,1.266165,4.58206552,6.43413558,3.30354646,1.94572895,2.07628196,0.04845882,0.00087817,0.39393945],"imm_yes_cr_yes":[0.0,0.0,0.0,0.0,0.0,0.0,0.0,0.0,0.0,1.698e-05,0.03611309,3.45499371,14.35788544,2.14699214,0.00799118,8.16e-06,8e-08,0.0,0.0,0.0,0.0],"imm_yes_cr_no":[0.0,0.0,0.0,0.0,0.0,0.0,0.0,0.0,0.0,0.0,4.2e-07,0.00024026,0.06286941,2.53468051,12.27823087,5.03410801,0.09384658,2.474e-05,0.0,0.0,0.0],"del_yes_cr_yes":[0.00076254,0.05859685,0.42606126,6.3676585,10.76849665,2.28786335,0.09400707,0.0009324,3.25e-06,1.8e-07,3e-08,0.0,0.0,0.0,0.0,0.0,0.0,0.0,0.0,0.0,0.0],"del_yes_cr_no":[3.02613846,1.85860312,1.65351462,1.60880298,1.54786053,1.46577262,1.36847834,1.26168421,1.15024958,1.03812922,0.92840958,0.82338887,0.7246784,0.63331114,0.54984844,0.4744793,0.4071089,0.34743501,0.29501208,0.24930338,0.20972251],"conf_yes_cr_yes_del_yes":[0.68813848,0.68246822,0.67358986,0.66625393,0.66471832,0.67204507,0.69052685,0.7238949,0.78118324,0.88085873,1.05081286,1.31403953,1.65162958,1.96392497,2.08943971,1.91112374,1.46584872,0.93258566,0.5044681,0.26322562,0.15458787],"conf_yes_cr_no_del_yes":[0.36897197,0.39768674,0.43197366,0.47183274,0.51726397,0.56826735,0.62484288,0.68699056,0.75471039,0.82800237,0.90686651,0.99130279,1.08131123,1.17689182,1.27804456,1.38476945,1.49706649,1.61493568,1.73837703,1.86739052,2.00197617]}}
