{"nodes":{"cr_yes":[0.0,0.0,0.0,0.0,0.0,0.0,0.0,0.0,0.0,0.0,0.0,0.0,0.0,2.1e-06,0.0907141,16.10912495,3.80404089,0.00011876,0.0,0.0,0.0],"imm_yes_cr_yes":[0.0,0.0,0.0,0.0,0.0,0.0,0.0,1.623e-05,0.10461915,8.21949815,11.33965423,0.30971031,0.01161657,0.0187467,0.00013947,0.0,0.0,0.0,0.0,0.0,0.0],"imm_yes_cr_no":[0.0,0.0,0.0,0.0,0.0,0.0,0.0,0.0,5e-08,1.554e-05,0.00090637,0.00998305,0.02355731,0.25963649,4.48503215,12.10603785,3.09041182,0.02841917,1e-06,0.0,0.0],"del_yes_cr_yes":[0.0,0.0,6.86e-06,0.04971687,3.40922346,11.83807074,4.44187988,0.2621911,0.00290553,6.36e-06,0.0,0.0,0.0,0.0,0.0,0.0,0.0,0.0,0.0,0.0,0.0],"del_yes_cr_no":[1.96e-06,0.00195643,0.072425,0.67057222,2.55221147,4.982014,5.60342813,3.86846922,1.69037161,0.47077354,0.08245013,0.00877545,0.00053528,1.708e-05,2.5e-07,0.0,0.0,0.0,0.0,0.0,0.0],"conf_yes_cr_yes_del_yes":[0.0,0.0,0.0,0.0,0.0,0.0,0.0,0.0,0.0,2.9e-07,3.929e-05,0.00225563,0.05860239,0.70207161,3.76965424,8.28107859,6.13797665,1.03599821,0.01632229,1.61e-06,0.0],"conf_yes_cr_no_del_yes":[4.5e-07,1.21e-06,3.05e-06,7.31e-06,1.661e-05,3.596e-05,7.461e-05,0.00015114,0.00032013,0.00082416,0.00280709,0.01098719,0.04169875,0.14211754,0.4245987,1.10052426,2.4386137,4.46916432,6.23945569,5.11653117,0.03213599]}}
