{"nodes":{"cr_yes":[0.0,0.0,0.0,0.0,0.0,0.0,0.0,0.0,0.0,0.0,0.0,0.0,0.0,5.9e-07,0.21125106,19.72058616,0.07216299,0.0,0.0,0.0,0.0],"imm_yes_cr_yes":[0.0,0.0,0.0,0.0,0.0,6e-08,0.0402533,13.14393414,6.80918046,0.01063278,6e-08,0.0,0.0,0.0,0.0,0.0,0.0,0.0,0.0,0.0,0.0],"imm_yes_cr_no":[0.0,0.0,0.0,0.0,0.0,0.0,3.44e-06,0.0062658,0.73713738,8.05197834,9.79848575,1.38897783,0.02112472,2.753e-05,0.0,0.0,0.0,0.0,0.0,0.0,0.0],"del_yes_cr_yes":[0.0,0.0,0.0,0.0,0.0,3.39e-06,0.05461438,6.47289859,12.82723897,0.64827193,0.0009735,4e-08,0.0,0.0,0.0,0.0,0.0,0.0,0.0,0.0,0.0],"del_yes_cr_no":[0.0,0.0,0.0,1.1e-07,0.00030169,0.05066274,1.18698164,6.03357871,8.46578096,3.7112656,0.53089305,0.02421362,0.00032164,1.05e-06,0.0,0.0,0.0,0.0,0.0,0.0,0.0],"conf_yes_cr_yes_del_yes":[0.0,0.0,0.0,0.0,0.0,0.0,0.0,0.0,0.0,0.0,2.27e-06,0.0006668,0.0540018,1.22622058,7.30122554,9.51759241,1.87780156,0.02648505,4.77e-06,0.0,0.0],"conf_yes_cr_no_del_yes":[0.0,0.0,0.0,0.0,0.0,0.0,0.0,1e-08,1.5e-07,1.44e-06,1.161e-05,7.982e-05,0.00049999,0.00309836,0.01974836,0.12235937,0.66044662,2.75774554,7.54605622,8.8641847,0.05953723]}}
