{"nodes":{"cr_yes":[0.0,0.0,0.0,0.0,0.0,0.0,0.0,0.0,0.0,0.0,0.0,0.0,0.0,0.0,0.0,0.0,1.83e-06,0.59006352,19.41342354,0.00051191,0.0],"imm_yes_cr_yes":[0.0,0.0,0.0,0.0,0.0,0.0,0.0,0.0,4.302e-05,0.4957806,17.40815018,2.09931909,0.00070791,0.0,0.0,0.0,0.0,0.0,0.0,0.0,0.0],"imm_yes_cr_no":[0.0,0.0,0.0,0.0,0.0,0.0,0.0,0.0,7e-07,0.00089947,0.14622602,3.37576443,11.26448188,4.97266474,0.23886591,0.00497992,0.0001177,3e-08,0.0,0.0,0.0],"del_yes_cr_yes":[0.0,0.0,0.0,0.0,2.6e-07,0.00542704,1.57548788,13.35899913,4.96667291,0.09731136,0.00010221,1e-08,0.0,0.0,0.0,0.0,0.0,0.0,0.0,0.0,0.0],"del_yes_cr_no":[0.000138,0.02565933,0.46053615,2.4033589,5.348174,6.07387574,3.86819259,1.45024319,0.32633415,0.0439419,0.00345988,0.00015241,3.51e-06,4e-08,0.0,0.0,0.0,0.0,0.0,0.0,0.0],"conf_yes_cr_yes_del_yes":[0.0,0.0,0.0,0.0,0.0,0.0,0.0,0.0,0.0,0.0,5e-08,3.703e-05,0.00704014,0.35217694,4.35843084,11.14765054,4.04306822,0.09557302,2.402e-05,0.0,0.0],"conf_yes_cr_no_del_yes":[0.0,0.0,0.0,0.0,0.0,0.0,0.0,7e-08,8.1e-07,7.82e-06,6.341e-05,0.00043464,0.00254921,0.01292588,0.05710604,0.2207126,0.74486542,2.16721306,5.23354891,9.26515547,4.59883488]}}
