{"nodes":{"cr_yes":[0.0,0.0,0.0,0.0,0.0,0.0,0.0,0.0,0.0,0.0,0.0,0.0,0.0,0.0,0.00333028,9.24813873,10.75218849,0.0003433,0.0,0.0,0.0],"imm_yes_cr_yes":[0.0,0.0,0.0,0.0,0.0,0.0,1.966e-05,0.30333848,15.14818663,4.54184913,0.0106067,1.9e-07,0.0,0.0,0.0,0.0,0.0,0.0,0.0,0.0,0.0],"imm_yes_cr_no":[0.0,0.0,0.0,0.0,0.0,0.0,4e-08,0.00010094,0.02920941,1.1731725,7.64365211,9.00874002,2.05775253,0.09073292,0.00063988,4.6e-07,0.0,0.0,0.0,0.0,0.0],"del_yes_cr_yes":[0.0,0.0,0.0,0.0,0.0,0.0,0.0001147,0.19630373,7.81801263,11.2733217,0.71426518,0.00198267,2e-07,0.0,0.0,0.0,0.0,0.0,0.0,0.0,0.0],"del_yes_cr_no":[0.0,0.0,1e-08,3.548e-05,0.00650968,0.20095848,1.72681232,5.39754171,7.10497105,4.23908198,1.17254357,0.14745685,0.00792603,0.00016256,1.05e-06,0.0,0.0,0.0,0.0,0.0,0.0],"conf_yes_cr_yes_del_yes":[0.0,0.0,0.0,0.0,0.0,0.0,0.0,0.0,0.0,0.0,4.4e-07,0.0001437,0.01431262,0.44492127,4.15065934,10.17880556,4.94721967,0.26750498,0.00043323,0.0,0.0],"conf_yes_cr_no_del_yes":[0.0,0.0,0.0,0.0,0.0,0.0,0.0,0.0,0.0,0.0,6e-08,1.16e-06,2.085e-05,0.00030426,0.00355991,0.03347429,0.25109389,1.45438044,5.92374119,12.3099062,0.05503712]}}
