{"nodes":{"cr_yes":[0.0,0.0,0.0,0.0,0.0,0.0,0.0,0.0,0.0,0.0,0.0,0.0,0.0,0.0,2.57e-06,0.09400347,16.37930093,3.530631,6.282e-05,0.0,0.0],"imm_yes_cr_yes":[0.0,0.0,0.0,0.0,0.0,2e-06,0.09468686,11.44682769,8.4048824,0.05759762,4.24e-06,0.0,0.0,0.0,0.0,0.0,0.0,0.0,0.0,0.0,0.0],"imm_yes_cr_no":[0.0,0.0,0.0,0.0,0.0,1.4e-07,3.647e-05,0.0027737,0.06755679,0.58554397,2.17838468,5.0327616,6.39036298,3.7709354,1.62792269,0.32925595,0.01826129,0.00020483,3e-07,0.0,0.0],"del_yes_cr_yes":[0.0,0.0,0.0,0.0,0.0,1e-08,5.96e-05,0.0824844,4.40496138,12.96651084,2.51707858,0.03288063,2.537e-05,0.0,0.0,0.0,0.0,0.0,0.0,0.0,0.0],"del_yes_cr_no":[0.0,0.0,0.0,1.9e-07,2.015e-05,0.0007584,0.01275179,0.11167187,0.56821698,1.80854407,3.74912781,5.13546224,4.64492949,2.73374275,1.00275569,0.21043943,0.02281133,0.00160067,0.00051785,0.00046755,0.00036507],"conf_yes_cr_yes_del_yes":[0.0,0.0,0.0,0.0,0.0,0.0,0.0,0.0,0.0,0.0,2.22e-06,0.00051584,0.03776164,0.86935775,5.90940986,10.05296857,3.04995298,0.08389562,0.00012957,5.66e-06,2.13e-06],"conf_yes_cr_no_del_yes":[0.92750201,0.94909904,0.96860762,0.98570164,1.00003871,1.01126227,1.01900446,1.02288977,1.02253978,1.01757925,1.00764416,0.99239329,0.97152683,0.94482195,0.91221972,0.87415749,0.83344388,0.80640148,0.87665927,1.33555887,1.97740056]}}
