{"nodes":{"cr_yes":[0.0,0.0,0.0,0.0,0.0,0.0,0.0,0.0,0.0,0.0,0.0,0.0,0.0,0.0075579,19.78140175,0.21504114,0.0,0.0,0.0,0.0,0.0],"imm_yes_cr_yes":[0.0,0.0,0.0,0.0,0.0,0.0,0.00060038,5.8113448,14.17182777,0.02022782,2e-08,0.0,0.0,0.0,0.0,0.0,0.0,0.0,0.0,0.0,0.0],"imm_yes_cr_no":[0.0,0.0,0.0,0.0,0.0,0.0,0.0,0.0,2e-08,0.00070553,0.5718138,12.37831481,6.97417845,0.07897792,1.027e-05,0.0,0.0,0.0,0.0,0.0,0.0],"del_yes_cr_yes":[0.0,0.0,0.0,0.0,0.0,0.0,0.0,0.00056073,1.02710209,16.02940383,2.94034301,0.006591,1.4e-07,0.0,0.0,0.0,0.0,0.0,0.0,0.0,0.0],"del_yes_cr_no":[0.0,0.0,2.592e-05,0.1970589,7.4964134,10.83971098,1.44346394,0.02723834,8.926e-05,5e-08,0.0,0.0,0.0,0.0,0.0,0.0,0.0,0.0,0.0,0.0,0.0],"conf_yes_cr_yes_del_yes":[0.0,0.0,0.0,0.0,0.0,0.0,0.0,0.0,0.0,0.0,2e-08,2.541e-05,0.0076484,0.52044806,6.71997086,11.34816759,1.4033897,0.00435073,3e-08,0.0,0.0],"conf_yes_cr_no_del_yes":[0.0,0.0,0.0,0.0,0.0,0.0,0.0,3e-08,1.48e-06,3.995e-05,0.00066709,0.00738123,0.05654819,0.30717803,1.1885822,3.21687818,5.78122508,6.15142716,2.9817305,0.31233932,4.7e-06]}}
