{"nodes":{"cr_yes":[2.223e-05,0.00057975,0.00924588,0.09050297,0.54351511,1.99324329,4.4229943,5.85533989,4.53448003,2.00116661,0.48646987,0.06235017,0.00398246,0.00011782,1.47e-06,1e-08,0.0,0.0,0.0,0.0,1.5e-07],"imm_yes_cr_yes":[0.0,0.0,0.0,0.0,0.0,0.0,0.0,0.0,6e-08,1.619e-05,0.00066094,0.36926358,13.45846016,6.1546856,0.02091407,1.9e-07,0.0,0.0,0.0,0.0,0.0],"imm_yes_cr_no":[0.0,0.0,0.0,0.0,0.0,0.0,0.0,0.0,0.0,2.84e-06,0.00594356,0.91047842,10.54754921,8.22115263,0.3185276,0.00034655,0.0,0.0,0.0,0.0,0.0],"del_yes_cr_yes":[1.239e-05,0.01744819,1.01979615,6.99606323,9.22647813,2.561397,0.17911581,0.00366681,2.889e-05,3.8e-07,1e-08,0.0,0.0,0.0,0.0,0.0,0.0,0.0,0.0,0.0,0.0],"del_yes_cr_no":[1.35140508,1.5553633,1.35930327,1.38131741,1.38204046,1.36117841,1.32229357,1.26899674,1.20473942,1.13269042,1.05566275,0.97607906,0.89596594,0.81696836,0.74037766,0.6671674,0.59803325,0.53343362,0.47362917,0.41871958,0.36867691],"conf_yes_cr_yes_del_yes":[0.01669318,0.02104913,0.03162236,0.05124491,0.08285754,0.12862512,0.18899657,0.26302811,0.35300195,0.47696988,0.68638838,1.06724306,1.68601122,2.47178782,3.12985184,3.2602168,2.70184391,1.76424227,0.96387979,0.51751377,0.29855954],"conf_yes_cr_no_del_yes":[0.3348897,0.36491516,0.40085245,0.44270157,0.49046253,0.54413532,0.60371995,0.66921641,0.74062471,0.81794484,0.90117681,0.99032061,1.08537625,1.18634372,1.29322302,1.40601416,1.52471714,1.64933195,1.77985859,1.91629707,2.05864738]}}
