{"nodes":{"cr_yes":[0.0,0.0,0.0,0.0,0.0,0.0,0.0,0.0,0.0,0.0,0.0,0.0,0.0,1e-08,0.01194037,16.25663415,3.73541756,8.72e-06,0.0,0.0,0.0],"imm_yes_cr_yes":[0.0,0.0,0.0,0.0,0.0,0.0,0.0,4.51e-06,0.17889311,15.34601675,4.47411217,0.00497424,2e-08,0.0,0.0,0.0,0.0,0.0,0.0,0.0,0.0],"imm_yes_cr_no":[0.0,0.0,0.0,0.0,0.0,0.0,0.0,0.0,0.0,0.0,6.1e-07,0.00097402,0.28645142,7.26072688,11.68956836,0.76538816,0.00089135,0.0,0.0,0.0,0.0],"del_yes_cr_yes":[0.0,0.0,0.0,0.0,0.0,0.0,1.45e-06,0.00584345,1.0233226,10.76234655,7.82238227,0.38897553,0.00112881,1.4e-07,0.0,0.0,0.0,0.0,0.0,0.0,0.0],"del_yes_cr_no":[6.8e-07,1.04339439,2.35804785,0.75473052,0.22523615,0.44893896,1.39719683,2.79527208,3.69968975,3.400348,2.24747126,1.09504559,0.40008803,0.11082977,0.02341842,0.00378091,0.00046536,4.34e-05,3.04e-06,1.6e-07,1e-08],"conf_yes_cr_yes_del_yes":[0.0,0.0,0.0,0.0,0.0,0.0,0.0,0.0,0.0,0.0,1e-08,1.282e-05,0.00299244,0.18756304,3.01426192,10.63471236,5.90506915,0.25920666,0.0001824,0.0,0.0],"conf_yes_cr_no_del_yes":[0.0,0.0,0.0,0.0,0.0,0.0,0.0,1e-08,3.3e-07,5.52e-06,6.664e-05,0.00060777,0.00435343,0.02516294,0.11933691,0.46719164,1.49808491,3.81157922,7.04228393,7.02165794,0.02733921]}}
