{"nodes":{"cr_yes":[5.2e-05,4.06e-06,2.4e-07,1e-08,0.0,0.0,0.0,0.0,0.0,0.0,0.0,0.0,1.36e-05,0.00698306,0.50753773,5.0554739,7.95745274,0.52758226,3.26163081,2.68677422,0.00104434],"imm_yes_cr_yes":[0.0,0.0,0.0,0.0,1e-08,0.00175423,2.33386463,16.83723243,0.83076111,0.00038839,0.0,0.0,0.0,0.0,0.0,0.0,0.0,0.0,0.0,0.0,0.0],"imm_yes_cr_no":[0.00096978,0.0005846,0.0002669,9.187e-05,2.366e-05,4.55e-06,4.89e-06,0.00024842,0.01884185,0.54227441,3.95097452,7.4735424,4.78619709,2.32479694,0.79616251,0.10510397,0.00435016,4.706e-05,1e-07,0.0,0.0],"del_yes_cr_yes":[0.0,0.0,0.0,0.0,0.0,7.35e-06,0.03754513,3.80668113,13.74126442,2.39594778,0.02254411,1.088e-05,0.0,0.0,0.0,0.0,0.0,0.0,0.0,0.0,0.0],"del_yes_cr_no":[3.42e-06,3.38e-06,1.544e-05,9.451e-05,0.00305451,0.06666796,0.58270672,2.37994223,5.09241876,6.04205217,4.01431818,1.46298512,0.2862955,0.03358531,0.00494221,0.00280235,0.00401229,0.00605506,0.00804575,0.00930911,0.00938512],"conf_yes_cr_yes_del_yes":[0.0,0.0,0.0,0.0,0.0,0.0,1e-08,2e-07,3.44e-06,4.031e-05,0.00033407,0.0023313,0.03033287,0.50796888,3.80699705,9.27034216,5.75587425,0.62112615,0.00852272,0.00012682,1.08e-06],"conf_yes_cr_no_del_yes":[0.00214397,0.00340499,0.00535332,0.008332,0.01283776,0.01958033,0.02955977,0.04416414,0.06528886,0.09547574,0.13806455,0.19734205,0.27866496,0.38854501,0.53489854,0.72949117,1.00677256,1.53338784,3.0491999,7.441323,8.84248471]}}
