{"nodes":{"cr_yes":[0.0,0.0,0.0,0.0,0.0,0.0,0.0,0.0,0.0,0.0,0.0,2e-07,3.17e-06,1.265e-05,3.145e-05,0.78286621,19.18340184,0.03768527,0.0,0.0,0.0],"imm_yes_cr_yes":[0.0,0.0,0.0,0.0,0.0,6.22e-05,0.21656699,13.32015725,6.43089049,0.03632107,2.79e-06,0.0,0.0,0.0,0.0,0.0,0.0,0.0,0.0,0.0,0.0],"imm_yes_cr_no":[9.31e-06,4.247e-05,0.00012987,0.00026923,0.00038053,0.00036711,0.00024393,0.00019151,0.00120825,0.05650367,1.46206865,7.98202481,8.73024137,1.71474478,0.05137792,0.00320639,0.00090616,8.72e-05,2.31e-06,1e-08,0.0],"del_yes_cr_yes":[0.0,0.0,0.0,0.0,1e-08,8.84e-06,0.00100641,0.24242981,8.28785062,10.82682674,0.6441222,0.00175597,2e-07,0.0,0.0,0.0,0.0,0.0,0.0,0.0,0.0],"del_yes_cr_no":[0.0,1e-08,1.4e-07,1.199e-05,0.00042544,0.00690986,0.05875617,0.29294836,0.97732112,2.45380963,4.53619212,5.43046494,3.8676795,1.69365956,0.53626307,0.12952632,0.01876962,0.00123469,2.811e-05,1.5e-07,0.0],"conf_yes_cr_yes_del_yes":[0.0,0.0,0.0,0.0,0.0,1e-08,6e-08,3.1e-07,1.35e-06,4.64e-06,1.348e-05,0.00029274,0.02190321,0.58076464,4.71871238,10.12872473,4.32925706,0.22371347,0.0006127,2e-08,0.0],"conf_yes_cr_no_del_yes":[6.7e-07,1.85e-06,4.97e-06,1.296e-05,3.281e-05,8.077e-05,0.00019351,0.00045152,0.00102668,0.00227594,0.00492032,0.01037522,0.02133874,0.0428052,0.08385393,0.16208216,0.32619397,0.80729739,2.83776762,10.6322254,10.142119]}}
