{"nodes":{"cr_yes":[3e-08,3.39e-06,0.00017713,0.00491686,0.0730385,0.58060509,2.45407716,5.44309669,6.20570241,3.53226657,0.96505721,0.12016054,0.00637054,0.00013153,9.4e-07,7.53e-06,0.00366965,0.1618849,0.42351927,0.02931028,9.2e-06],"imm_yes_cr_yes":[0.0,0.0,0.0,0.0,0.0,0.0,0.0,0.0,0.0,1e-08,0.00043641,0.48949815,12.85994098,6.61114907,0.0429746,1.57e-06,0.0,0.0,0.0,0.0,0.0],"imm_yes_cr_no":[0.0,0.0,0.0,0.0,0.0,0.0,0.0,0.0,0.0,8.82e-06,0.01286579,1.5602077,12.90277275,5.45147262,0.07665583,1.729e-05,0.0,0.0,0.0,0.0,0.0],"del_yes_cr_yes":[3.29e-05,0.00260911,0.22462978,6.31748865,11.08246656,2.27864173,0.09245464,0.00424605,0.00113262,0.00026349,4.53e-05,5.81e-06,5.6e-07,4e-08,0.0,0.0,0.0,0.0,0.0,0.0,0.0],"del_yes_cr_no":[37.15449418,1.23938576,0.13787356,0.03671738,0.0096146,0.00241005,0.00057998,0.0001343,2.997e-05,6.45e-06,1.34e-06,2.7e-07,5e-08,1e-08,0.0,0.0,0.0,0.0,0.0,0.0,0.0],"conf_yes_cr_yes_del_yes":[0.26546689,0.22463916,0.19171771,0.17011948,0.16354453,0.17612007,0.21369434,0.287645,0.42288303,0.66804438,1.09037381,1.72095624,2.44929543,2.97439707,2.96654914,2.38299472,1.5745053,0.95952056,0.63961536,0.45325555,0.28279291],"conf_yes_cr_no_del_yes":[0.36193239,0.39006514,0.4239783,0.46367187,0.50914584,0.56040022,0.617435,0.6802502,0.7488458,0.8232218,0.90337822,0.98931504,1.08103227,1.17852991,1.28180795,1.3908664,1.50570526,1.62632452,1.7527242,1.88490428,2.02286476]}}
