{"nodes":{"cr_yes":[0.0,0.0,0.0,0.0,0.0,0.0,0.0,0.0,0.0,0.0,0.0,0.0,0.0,0.0,2e-08,0.00932078,19.15507839,0.83960162,0.0,0.0,0.0],"imm_yes_cr_yes":[0.0,0.0,0.0,0.0,0.0,0.0,0.0,9e-08,0.02697078,10.50845772,9.44506485,0.02350722,1.4e-07,0.0,0.0,0.0,0.0,0.0,0.0,0.0,0.0],"imm_yes_cr_no":[0.0,0.0,0.0,0.0,0.0,0.0,0.0,0.0,0.0,0.0,0.0,0.0,1.233e-05,0.00908476,0.93748735,10.68463906,8.21589747,0.15687206,7.77e-06,0.0,0.0],"del_yes_cr_yes":[0.0,0.0,0.0,0.0,0.0,0.0,5.573e-05,0.06185807,3.37035774,12.56699742,3.8995307,0.10500383,0.00019729,2e-08,0.0,0.0,0.0,0.0,0.0,0.0,0.0],"del_yes_cr_no":[0.0,0.0,1.7e-06,0.00059931,0.0310596,0.43736946,2.30457874,5.4396429,6.37214893,3.90660583,1.27456809,0.21803121,0.01865164,0.00073189,1.145e-05,6e-08,0.0,0.0,0.0,0.0,0.0],"conf_yes_cr_yes_del_yes":[0.0,0.0,0.0,0.0,0.0,0.0,0.0,0.0,0.0,0.0,6e-08,4.02e-05,0.00709763,0.33890586,4.14168947,10.9615234,4.42247465,0.13221422,5.53e-05,0.0,0.0],"conf_yes_cr_no_del_yes":[0.0,0.0,0.0,0.0,0.0,0.0,0.0,1e-08,1.3e-07,1.73e-06,1.92e-05,0.00017535,0.00132314,0.00832905,0.04418678,0.19880212,0.75754336,2.40736198,6.07804246,10.3056561,0.40511878]}}
