{"nodes":{"cr_yes":[0.0,0.0,0.0,0.0,0.0,0.0,0.0,0.0,0.0,0.0,0.0,0.0,3e-05,1.50041692,18.49861652,0.00493736,0.0,0.0,0.0,0.0,0.0],"imm_yes_cr_yes":[0.0,0.0,0.0,0.0,0.0,0.0,7.382e-05,1.09164391,18.12194873,0.7900582,0.00027613,0.0,0.0,0.0,0.0,0.0,0.0,0.0,0.0,0.0,0.0],"imm_yes_cr_no":[0.0,0.0,0.0,0.0,0.0,0.0,0.00022229,0.31941256,9.75973266,9.56346385,0.36064676,0.00052261,7e-08,0.0,0.0,0.0,0.0,0.0,0.0,0.0,0.0],"del_yes_cr_yes":[0.0,0.0,0.0,0.0,0.0,0.0,0.0,0.00037081,0.64142553,14.01995298,5.30471642,0.03752983,5.23e-06,0.0,0.0,0.0,0.0,0.0,0.0,0.0,0.0],"del_yes_cr_no":[3.9e-07,6.828e-05,0.00126689,0.00753789,0.18260655,2.26603885,9.46527292,6.85019579,1.16141518,0.06792717,0.00134534,8.27e-06,1.1e-06,3.95e-06,1.109e-05,2.457e-05,4.353e-05,6.235e-05,7.289e-05,7.01e-05,5.58e-05],"conf_yes_cr_yes_del_yes":[0.0,0.0,0.0,0.0,0.0,0.0,0.0,0.0,0.0,0.0,0.0,4.6e-06,0.00237355,0.2446186,4.53600287,12.12776179,3.06023212,0.03300348,3.79e-06,0.0,0.0],"conf_yes_cr_no_del_yes":[0.01287801,0.01345725,0.01334398,0.01252961,0.01111729,0.00931675,0.00745086,0.00607156,0.0064681,0.0122747,0.03578024,0.13260038,0.52369341,1.68967452,3.80161121,5.57725769,5.0363693,2.5115586,0.5593634,0.03745579,0.00033433]}}
