{"nodes":{"cr_yes":[0.0,0.0,0.0,0.0,0.0,0.0,0.0,0.0,0.0,0.0,0.0,0.0,1.1e-07,0.09465788,19.62250306,0.28683972,3e-08,0.0,0.0,0.0,0.0],"imm_yes_cr_yes":[0.0,0.0,0.0,0.0,0.0,0.0,0.0,0.0,0.0,1.7e-07,0.01695172,7.11022558,12.80631419,0.07050859,5.5e-07,0.0,0.0,0.0,0.0,0.0,0.0],"imm_yes_cr_no":[0.0,0.0,0.0,0.0,0.0,0.0,0.0,0.0,0.0,1.883e-05,0.0166165,1.35845118,10.75486503,7.51548093,0.35786473,0.00070357,2e-08,0.0,0.0,0.0,0.0],"del_yes_cr_yes":[0.0,0.0,0.0,0.0,0.0,0.0,0.0,5.526e-05,0.05651981,3.35338797,13.15818582,3.38659423,0.04922834,2.936e-05,0.0,0.0,0.0,0.0,0.0,0.0,0.0],"del_yes_cr_no":[0.0,0.0,0.0,2e-07,0.00035743,0.04720361,1.00396623,5.20481842,8.26213465,4.52584245,0.8952329,0.06297466,0.0014606,9.63e-06,1e-08,0.0,0.0,0.0,0.0,0.0,0.0],"conf_yes_cr_yes_del_yes":[0.0,0.0,0.0,0.0,0.0,0.0,0.0,0.0,0.0,0.0,7e-08,0.00012063,0.03275382,1.4869497,10.13990805,7.93031196,0.41347632,0.00048024,0.0,0.0,0.0],"conf_yes_cr_no_del_yes":[0.0,0.0,0.0,0.0,0.0,0.0,0.0,1e-08,3.7e-07,1.213e-05,0.00024629,0.00328853,0.03019759,0.19532852,0.89299915,2.82342465,5.81010707,6.78805362,3.24146907,0.2188738,0.0]}}
