{"nodes":{"cr_yes":[0.0,0.0,0.0,0.0,0.0,0.0,0.0,0.0,0.0,0.0,0.0,0.0,0.0,8.2e-07,0.0906411,18.1376113,1.77574145,6.13e-06,0.0,0.0,0.0],"imm_yes_cr_yes":[0.0,0.0,0.0,0.0,0.0,2e-08,0.01312012,8.1499597,11.76953723,0.07138151,2.23e-06,0.0,0.0,0.0,0.0,0.0,0.0,0.0,0.0,0.0,0.0],"imm_yes_cr_no":[0.0,0.0,0.0,0.0,0.0,0.0,3.2e-07,0.00085496,0.17408493,3.86176583,11.20672258,4.5123105,0.24554681,0.00268828,2.655e-05,4e-08,0.0,0.0,0.0,0.0,0.0],"del_yes_cr_yes":[0.0,0.0,0.0,0.0,0.0,0.0,0.00037252,0.45161202,10.95866197,8.35112934,0.24196231,0.00026263,1e-08,0.0,0.0,0.0,0.0,0.0,0.0,0.0,0.0],"del_yes_cr_no":[0.0,0.0,0.0,0.0,2.14e-06,0.001017,0.06965516,1.09009267,5.0576269,8.03384356,4.67130267,1.00214873,0.0762922,0.00199529,2.424e-05,2.5e-07,0.0,0.0,0.0,0.0,0.0],"conf_yes_cr_yes_del_yes":[0.0,0.0,0.0,0.0,0.0,0.0,0.0,0.0,0.0,0.0,2e-08,1.048e-05,0.00193372,0.11128554,1.93193241,8.89980794,8.2118295,0.84470983,0.00249137,0.0,0.0],"conf_yes_cr_no_del_yes":[0.0,0.0,0.0,0.0,0.0,0.0,0.0,2e-08,6e-08,2.1e-07,6.9e-07,3.43e-06,4.087e-05,0.00059032,0.00690607,0.06161881,0.41377751,2.0266608,6.61772906,10.68735545,0.37863502]}}
