{"nodes":{"cr_yes":[0.0,0.0,0.0,0.0,0.0,0.0,0.0,0.0,0.0,0.0,1e-08,0.01329279,13.94342105,6.04682679,0.00046016,0.0,0.0,0.0,0.0,0.0,0.0],"imm_yes_cr_yes":[0.0,0.0,0.0,0.0,0.0,0.0,0.0,0.0,0.0,0.0,1.554e-05,0.30506125,17.61711494,2.08158819,0.00022088,0.0,0.0,0.0,0.0,0.0,0.0],"imm_yes_cr_no":[0.0,0.0,0.0,0.0,0.0,0.0,1e-08,0.00066668,0.52392943,11.02894157,8.21754345,0.23269284,0.0002268,2e-08,0.0,0.0,0.0,0.0,0.0,0.0,0.0],"del_yes_cr_yes":[0.0,0.0,0.0,0.0,0.0,0.0,0.0,6.66e-05,0.07398377,4.00873826,13.12984366,2.75725476,0.0340943,1.945e-05,0.0,0.0,0.0,0.0,0.0,0.0,0.0],"del_yes_cr_no":[0.00170512,0.4479827,7.34216772,10.30920465,1.83738777,0.06580083,0.00060299,1.58e-06,0.0,0.0,0.0,0.0,0.0,0.0,0.0,0.0,0.0,0.0,0.0,0.0,0.0],"conf_yes_cr_yes_del_yes":[0.0,0.0,0.0,0.0,0.0,0.0,0.0,0.0,0.0,0.0,0.0,4.97e-06,0.00141335,0.10946589,2.20903516,9.97748427,7.2715012,0.43464832,0.00044763,0.0,0.0],"conf_yes_cr_no_del_yes":[0.0,0.0,0.0,0.0,0.0,0.0,0.0,0.0,1.1e-07,2.04e-06,2.914e-05,0.00031198,0.00258528,0.01701513,0.09044257,0.39060418,1.35928202,3.68762935,7.12475358,7.29680749,0.06907582]}}
