{"nodes":{"cr_yes":[0.0,0.0,0.0,0.0,0.0,0.0,0.0,0.0,0.0,0.0,0.0,1.6e-07,6.58e-06,4.458e-05,0.12165223,17.6236298,2.25849386,0.00017287,7.4e-07,0.0,0.0],"imm_yes_cr_yes":[0.0,0.0,0.0,0.0,0.0,0.0,8.3e-06,0.21165478,14.49012371,5.28843475,0.01377902,2.5e-07,0.0,0.0,0.0,0.0,0.0,0.0,0.0,0.0,0.0],"imm_yes_cr_no":[1.5e-07,2.14e-06,1.776e-05,8.94e-05,0.00027832,0.00054159,0.00066283,0.00053296,0.00042955,0.00373559,0.16757609,2.35971855,8.65245687,7.47162172,1.30969002,0.03653948,0.00010784,2e-08,0.0,0.0,0.0],"del_yes_cr_yes":[0.0,0.0,0.0,0.0,0.0,0.0,5e-08,0.0005919,0.26228864,6.58442761,11.61255269,1.53021197,0.01392101,6.93e-06,0.0,0.0,0.0,0.0,0.0,0.0,0.0],"del_yes_cr_no":[5.485e-05,2.857e-05,2.089e-05,0.00061043,0.01451962,0.14226093,0.68103537,1.84452816,3.27706848,4.23792188,3.97229667,2.68738617,1.55546483,0.91251666,0.46172327,0.16630419,0.04072754,0.00758314,0.00154324,0.0003904,8.584e-05],"conf_yes_cr_yes_del_yes":[0.0,0.0,0.0,0.0,1e-08,7e-08,3.6e-07,1.59e-06,5.55e-06,1.53e-05,3.306e-05,9.798e-05,0.00610353,0.25945991,3.24121039,10.16736314,5.96098925,0.36795866,0.00076198,1e-08,0.0],"conf_yes_cr_no_del_yes":[0.42040868,0.45106628,0.47491392,0.49023468,0.49563186,0.49019114,0.47362095,0.44635223,0.40959119,0.3653816,0.31708201,0.27236907,0.25677154,0.3554306,0.78220635,1.83868267,3.43323843,4.34834278,3.12200722,0.93012807,0.08110775]}}
