{"nodes":{"cr_yes":[0.0,0.0,0.0,0.0,0.0,0.0,0.0,0.0,0.0,0.0,0.0,0.0,0.0,1.6e-07,0.03804053,16.41338835,3.55254208,2.968e-05,0.0,0.0,0.0],"imm_yes_cr_yes":[0.0,0.0,0.0,0.0,0.0,0.0,0.0,1e-08,0.00198759,1.87471106,16.54509607,1.58076457,0.00144148,1e-08,0.0,0.0,0.0,0.0,0.0,0.0,0.0],"imm_yes_cr_no":[0.0,0.0,0.0,0.0,0.0,0.0,0.0,0.0,1.259e-05,0.00564924,0.39473555,4.83655278,10.64098535,3.91260412,0.20490479,0.00814016,0.00041589,3.2e-07,0.0,0.0,0.0],"del_yes_cr_yes":[0.0,0.0,0.0,0.0,3.585e-05,0.03878599,2.26662417,11.26442705,6.04503837,0.386189,0.0028981,2.27e-06,0.0,0.0,0.0,0.0,0.0,0.0,0.0,0.0,0.0],"del_yes_cr_no":[2.4820262,9.07506957,6.54261619,2.45181047,0.58587552,0.09575541,0.01094062,0.0008709,4.729e-05,1.69e-06,4e-08,0.0,0.0,0.0,0.0,0.0,0.0,0.0,0.0,0.0,0.0],"conf_yes_cr_yes_del_yes":[0.0,0.0,0.0,0.0,0.0,0.0,0.0,0.0,0.0,9e-08,2.218e-05,0.00196008,0.06810287,0.94199492,4.98592814,9.0586545,4.53747367,0.40728641,0.00257786,9e-08,0.0],"conf_yes_cr_no_del_yes":[0.0,0.0,0.0,0.0,0.0,1e-08,1.3e-07,1.4e-06,1.334e-05,0.00011746,0.00092535,0.00621742,0.03456796,0.15687396,0.57562365,1.68053401,3.77147961,6.03803002,5.78101863,1.9396779,0.03783988]}}
