{"nodes":{"cr_yes":[5.31e-06,0.00019587,0.00414247,0.05050963,0.35536449,1.43714611,3.31207311,4.29011032,3.06276471,1.17407216,0.23362315,0.02311061,0.00108517,0.00097067,0.01183507,0.01472232,0.00128061,4.25e-06,4.29e-06,0.0132729,12.03542045],"imm_yes_cr_yes":[0.0,0.0,0.0,0.0,0.0,0.0,0.0,0.0,0.0,2e-08,0.00072405,0.70737308,14.35732549,4.92119542,0.01738243,3.2e-07,0.0,0.0,0.0,0.0,0.0],"imm_yes_cr_no":[0.0,0.0,0.0,0.0,0.0,0.0,0.0,0.0,0.0,6.87e-06,0.0083518,0.96126196,10.14153959,8.4798287,0.41235047,0.00066139,1e-08,0.0,0.0,0.0,0.0],"del_yes_cr_yes":[0.00090225,0.01825583,0.16806737,2.80059757,11.58195278,5.05135647,0.37035262,0.0065503,0.00087777,0.00110984,0.00120534,0.00110662,0.00086895,0.00058926,0.00034785,0.00017993,8.199e-05,3.306e-05,1.183e-05,3.77e-06,1.07e-06],"del_yes_cr_no":[22.00898751,8.50462951,0.33707065,0.09232025,0.03887643,0.0160646,0.00646443,0.00253718,0.00097251,0.00036441,0.00013359,4.794e-05,1.685e-05,5.8e-06,1.96e-06,6.5e-07,2.1e-07,7e-08,2e-08,1e-08,0.0],"conf_yes_cr_yes_del_yes":[0.41501788,0.41612683,0.40964578,0.39870501,0.38832595,0.38545903,0.39919504,0.44193909,0.53300429,0.70466852,1.00264746,1.46085089,2.03795855,2.55676636,2.7470418,2.43812436,1.74716352,1.01146526,0.48925621,0.19916214,0.05797158],"conf_yes_cr_no_del_yes":[0.35644559,0.379953,0.41007872,0.44682274,0.49018507,0.5401657,0.59676464,0.65998188,0.72981743,0.80627128,0.88934344,0.9790339,1.07534266,1.17826973,1.28781511,1.40397879,1.52676077,1.65616106,1.79217965,1.93481655,2.08407176]}}
