{"nodes":{"cr_yes":[0.0,0.0,0.0,0.0,0.0,0.0,0.0,0.0,0.0,0.0,0.0,0.0,0.0,1.5e-07,0.05088175,18.16926761,1.78384778,3.5e-06,0.0,0.0,0.0],"imm_yes_cr_yes":[0.0,0.0,0.0,0.0,0.0,0.0,2.7e-07,0.07488712,15.0540371,4.87150363,0.00357268,1e-08,0.0,0.0,0.0,0.0,0.0,0.0,0.0,0.0,0.0],"imm_yes_cr_no":[0.0,0.0,0.0,0.0,0.0,0.0,0.0,0.0,1.287e-05,0.01510004,1.35672051,10.75344101,7.48615407,0.39148815,0.00108406,8e-08,0.0,0.0,0.0,0.0,0.0],"del_yes_cr_yes":[0.0,0.0,0.0,0.0,0.0,0.0,0.0,2.4e-07,0.00768684,2.71545431,15.64305928,1.63509782,0.00270226,5e-08,0.0,0.0,0.0,0.0,0.0,0.0,0.0],"del_yes_cr_no":[0.0,0.0,0.0,0.0,0.0,0.0,1.49e-06,0.00026724,0.0140923,0.26272945,1.92492574,5.82541517,7.33427653,3.77175702,0.79439459,0.0734981,0.0026249,1.826e-05,1e-08,0.0,0.0],"conf_yes_cr_yes_del_yes":[0.0,0.0,0.0,0.0,0.0,0.0,0.0,0.0,0.0,0.0,6.3e-07,0.00059638,0.09636796,2.66480568,11.33598701,5.70466689,0.20140064,0.00017563,0.0,0.0,0.0],"conf_yes_cr_no_del_yes":[0.0,0.0,0.0,0.0,0.0,0.0,0.0,0.0,0.0,0.0,3e-08,4.7e-07,6.16e-06,6.719e-05,0.00074299,0.00901146,0.10193521,0.88827253,5.087892,13.78296203,0.26622143]}}
