{"nodes":{"cr_yes":[0.0,0.0,0.0,0.0,0.0,0.0,0.0,0.0,0.0,0.0,0.0,3.05e-06,0.00229448,5.53682431,14.45304763,0.01183133,0.0,0.0,0.0,0.0,0.0],"imm_yes_cr_yes":[0.0,0.0,0.0,0.0,0.0,0.0,0.0,0.0,0.0,0.0,0.00011334,0.32871922,13.35171029,6.30251219,0.02094558,1.9e-07,0.0,0.0,0.0,0.0,0.0],"imm_yes_cr_no":[0.0,0.0,0.0,0.0,0.0,0.0,0.0,0.0,2e-08,6.873e-05,0.02751939,1.47680574,10.68576166,7.49232765,0.32099498,0.00052261,2e-08,0.0,0.0,0.0,0.0],"del_yes_cr_yes":[1e-08,1.19e-06,0.05566736,4.5450788,12.04924144,3.20725936,0.14529505,0.00145386,3.61e-06,0.0,0.0,0.0,0.0,0.0,0.0,0.0,1e-08,1e-08,2e-08,4e-08,7e-08],"del_yes_cr_no":[16.74897758,11.26208214,0.24318927,0.07012767,0.03118783,0.01347717,0.00565227,0.0023067,0.00091789,0.0003567,0.00013555,5.042e-05,1.837e-05,6.56e-06,2.3e-06,7.9e-07,2.7e-07,9e-08,3e-08,1e-08,0.0],"conf_yes_cr_yes_del_yes":[0.00434565,0.01032991,0.02212751,0.04298396,0.07625928,0.12461932,0.18986769,0.2762779,0.40588322,0.65454386,1.17571045,2.09625525,3.23141843,3.93753713,3.58980541,2.36041121,1.12498671,0.44354764,0.17425097,0.05846137,0.01310148],"conf_yes_cr_no_del_yes":[0.23087379,0.26189672,0.30035442,0.34624688,0.39957411,0.46033612,0.52853289,0.60416443,0.68723074,0.77773181,0.87566766,0.98103828,1.09384366,1.21408381,1.34175874,1.47686843,1.61941289,1.76939212,1.92680611,2.09165488,2.26393842]}}
