{"nodes":{"cr_yes":[0.0,0.0,0.0,0.0,0.0,0.0,0.0,0.0,0.0,0.0,0.0,0.0,0.0,0.0,0.01140403,19.0830586,0.90953814,3e-08,0.0,0.0,0.0],"imm_yes_cr_yes":[0.0,0.0,0.0,0.0,0.0,0.0,0.0,9.76e-06,0.40465372,18.17472307,1.42440392,0.00021033,0.0,0.0,0.0,0.0,0.0,0.0,0.0,0.0,0.0],"imm_yes_cr_no":[0.0,0.0,0.0,0.0,0.0,0.0,0.0,0.0,0.0,0.0,1.09e-06,0.0016117,0.28549478,5.92261456,12.11562517,1.67120134,0.00745191,2.5e-07,0.0,0.0,0.0],"del_yes_cr_yes":[0.0,0.0,0.0,0.0,0.0,0.0,0.0,0.0,5.615e-05,0.08847359,5.3048158,13.32137312,1.28570973,0.00357225,1.6e-07,0.0,0.0,0.0,0.0,0.0,0.0],"del_yes_cr_no":[0.0,0.0,0.0,0.0,4.27e-06,0.00062888,0.0237221,0.31681378,1.80509755,4.88330436,6.61988386,4.55232939,1.54568087,0.24111159,0.01512024,0.00030262,1.29e-06,0.0,0.0,0.0,0.0],"conf_yes_cr_yes_del_yes":[0.0,0.0,0.0,0.0,0.0,0.0,0.0,0.0,0.0,0.0,1.97e-06,0.00166149,0.21886908,4.44317414,12.09315712,3.2031244,0.04400375,8.86e-06,0.0,0.0,0.0],"conf_yes_cr_no_del_yes":[0.0,0.0,0.0,0.0,0.0,0.0,0.0,2e-08,9e-07,2.407e-05,0.00040804,0.00466518,0.03753109,0.21743091,0.911207,2.71365454,5.45502254,6.59626535,3.65980342,0.40798709,1.31e-06]}}
