{"nodes":{"cr_yes":[0.0,0.0,0.0,0.0,0.0,0.0,0.0,0.0,0.0,0.0,0.0,0.0,1.69e-06,0.05453003,11.96552224,7.9773649,0.00658194,0.0,0.0,0.0,0.0],"imm_yes_cr_yes":[0.0,0.0,0.0,0.0,0.0,0.00128679,2.03942729,16.55428056,1.40720309,0.00180302,4e-08,0.0,0.0,0.0,0.0,0.0,0.0,0.0,0.0,0.0,0.0],"imm_yes_cr_no":[0.0,0.0,0.0,2e-08,1.89e-06,0.00431574,0.51523112,6.25792335,10.46007912,2.65924833,0.10654146,0.00065878,8.1e-07,1.3e-07,4e-08,1e-08,0.0,0.0,0.0,0.0,0.0],"del_yes_cr_yes":[0.0,0.0,0.0,0.0,2.94e-06,0.01260864,1.64949256,11.49331503,6.43901512,0.4071748,0.0023909,8.1e-07,0.0,0.0,0.0,0.0,0.0,0.0,0.0,0.0,0.0],"del_yes_cr_no":[0.0,0.0,0.00011844,0.16500866,4.69718449,10.90211338,3.92866507,0.30488528,0.00598334,3.151e-05,3e-07,5.3e-07,9e-07,1.29e-06,1.58e-06,1.67e-06,1.54e-06,1.24e-06,8.8e-07,5.5e-07,3.1e-07],"conf_yes_cr_yes_del_yes":[1e-08,0.0,0.0,0.0,0.0,0.0,0.0,0.0,0.0,0.0,1.48e-06,0.00037736,0.02984025,0.74169569,5.4696546,10.1979739,3.4557131,0.108676,6.841e-05,0.0,0.0],"conf_yes_cr_no_del_yes":[0.43839168,0.48347836,0.53150576,0.58234195,0.63577148,0.69148037,0.74903999,0.80789032,0.86732318,0.92646664,0.98427262,1.03951135,1.09077941,1.13653403,1.17518777,1.20544102,1.22804379,1.25601773,1.36305511,1.80791509,2.445498]}}
