{"nodes":{"cr_yes":[0.0,0.0,0.0,0.0,0.0,0.0,0.0,0.0,0.0,0.0,0.0,0.0,0.0,2.5e-07,0.12926775,19.71481326,0.15991953,0.0,0.0,0.0,0.0],"imm_yes_cr_yes":[0.0,0.0,0.0,0.0,0.0,0.0,0.00089378,4.76074721,15.1824684,0.05989103,3.8e-07,0.0,0.0,0.0,0.0,0.0,0.0,0.0,0.0,0.0,0.0],"imm_yes_cr_no":[0.0,0.0,0.0,0.0,0.0,0.0,0.0,3e-07,0.00177139,0.48541094,8.39690121,10.26786023,0.84824113,0.00381499,6e-07,0.0,0.0,0.0,0.0,0.0,0.0],"del_yes_cr_yes":[0.0,0.0,0.0,0.0,0.0,0.0,0.0,3.9e-06,0.03942268,5.37687614,13.8539716,0.73304062,0.00068584,1e-08,0.0,0.0,0.0,0.0,0.0,0.0,0.0],"del_yes_cr_no":[0.0,0.0,0.0,0.0,7e-08,1.846e-05,0.00147304,0.0725943,1.21282812,5.85221552,8.53248091,3.81620727,0.49920879,0.01685752,0.00011669,1.1e-07,0.0,0.0,0.0,0.0,0.0],"conf_yes_cr_yes_del_yes":[0.0,0.0,0.0,0.0,0.0,0.0,0.0,0.0,0.0,0.0,2.8e-07,0.000335,0.06704324,2.23910961,11.15248881,6.30893207,0.23589507,0.00019673,0.0,0.0,0.0],"conf_yes_cr_no_del_yes":[0.0,0.0,0.0,0.0,0.0,0.0,0.0,0.0,1e-08,3.2e-07,1.12e-05,0.00024766,0.00361523,0.03579618,0.243044,1.12327112,3.42429806,6.41859013,6.38150227,2.34681673,0.0536158]}}
