{"nodes":{"cr_yes":[0.0,0.0,0.0,0.0,0.0,0.0,0.0,0.0,0.0,0.0,0.0,2.3e-07,0.02883477,11.25199804,8.71799913,0.00516863,0.0,0.0,0.0,0.0,0.0],"imm_yes_cr_yes":[0.0,0.0,0.0,0.0,0.0,0.0,0.0,0.0,0.0,2.6e-07,0.01062644,4.18112111,15.41857976,0.39363728,3.594e-05,0.0,0.0,0.0,0.0,0.0,0.0],"imm_yes_cr_no":[0.0,0.0,0.0,0.0,0.0,0.0,0.0,0.0,4.41e-06,0.00479955,0.54030449,7.09951843,10.73924335,1.60317216,0.01695146,6.96e-06,0.0,0.0,0.0,0.0,0.0],"del_yes_cr_yes":[0.0,0.0,0.00047898,0.86017678,11.63934711,7.08854487,0.41220879,0.00324028,3.99e-06,0.0,0.0,0.0,0.0,0.0,0.0,0.0,0.0,0.0,0.0,0.0,0.0],"del_yes_cr_no":[4.28602824,17.19405544,0.65749933,0.00840864,0.00072835,0.00025667,3.606e-05,2.13e-06,6e-08,0.0,0.0,0.0,0.0,0.0,0.0,0.0,0.0,0.0,0.0,0.0,0.0],"conf_yes_cr_yes_del_yes":[0.0,0.0,0.0,0.0,0.0,0.0,0.0,0.0,0.0,1.7e-07,2.78e-05,0.00186585,0.05457905,0.70962329,3.96963791,8.62309458,5.84880686,0.78894868,0.00741643,1.7e-07,0.0],"conf_yes_cr_no_del_yes":[0.0,0.0,0.0,1e-08,7e-08,3.3e-07,1.4e-06,5.5e-06,2.264e-05,0.00010743,0.0005638,0.002894,0.01340616,0.0544316,0.19237816,0.59049828,1.56326375,3.49752306,6.26602521,7.55775057,0.53025765]}}
