{"nodes":{"cr_yes":[0.0,0.0,0.0,0.0,0.0,0.0,0.0,0.0,0.0,0.0,0.0,0.0,0.0,0.0,0.00106081,14.41342523,5.58951309,1.67e-06,0.0,0.0,0.0],"imm_yes_cr_yes":[0.0,0.0,0.0,0.0,0.0,0.0,1e-08,0.02812595,15.11591904,4.85852816,0.00142764,0.0,0.0,0.0,0.0,0.0,0.0,0.0,0.0,0.0,0.0],"imm_yes_cr_no":[0.0,0.0,0.0,0.0,0.0,0.0,0.0,0.0,0.0,3e-07,0.00070729,0.17189141,4.57796792,12.46444297,2.75777346,0.03120985,7.6e-06,0.0,0.0,0.0,0.0],"del_yes_cr_yes":[0.0,0.0,0.0,0.0,0.0,0.0,0.0,0.00028015,0.66663172,14.92580676,4.39331984,0.0179615,8.3e-07,0.0,0.0,0.0,0.0,0.0,0.0,0.0,0.0],"del_yes_cr_no":[0.0,0.0,0.0,1e-08,1.347e-05,0.00241911,0.0896457,1.00027004,4.14983525,7.18549101,5.47008136,1.83388007,0.25834928,0.01378281,0.00023179,9e-07,0.0,0.0,0.0,0.0,0.0],"conf_yes_cr_yes_del_yes":[0.0,0.0,0.0,0.0,0.0,0.0,0.0,0.0,0.0,0.0,1e-08,2.252e-05,0.00973524,0.70754313,7.87235184,10.4280135,0.9840042,0.00233035,1e-08,0.0,0.0],"conf_yes_cr_no_del_yes":[0.0,0.0,0.0,0.0,0.0,0.0,0.0,0.0,3e-08,7.1e-07,1.155e-05,0.00013008,0.00108927,0.00718336,0.03935441,0.18627019,0.76593659,2.62174835,6.71022066,9.6385337,0.06704382]}}
