{"nodes":{"cr_yes":[0.0,0.0,0.0,0.0,0.0,0.0,0.0,0.0,0.0,0.0,0.0,0.0,9.345e-05,0.54667383,18.80734936,0.64988002,4.14e-06,0.0,0.0,0.0,0.0],"imm_yes_cr_yes":[0.0,0.0,0.0,0.0,0.0,0.0,0.0,0.0,0.0,2e-08,0.00057962,0.54204358,12.83751046,6.57514938,0.04871529,2.46e-06,0.0,0.0,0.0,0.0,0.0],"imm_yes_cr_no":[0.0,0.0,0.0,0.0,0.0,0.0,0.0,0.0,0.0,3.1e-07,0.00114688,0.32115037,7.14569744,11.51229276,1.02080339,0.00290955,1e-07,0.0,0.0,0.0,0.0],"del_yes_cr_yes":[0.0,0.00025485,0.28848523,5.89268546,10.39715102,3.18048525,0.23955814,0.00534093,3.972e-05,1.8e-07,0.0,0.0,0.0,0.0,0.0,0.0,0.0,0.0,0.0,0.0,0.0],"del_yes_cr_no":[33.34032924,2.74743474,0.44617749,0.10807388,0.02523252,0.0055156,0.00113347,0.00021979,4.032e-05,7.01e-06,1.15e-06,1.8e-07,3e-08,0.0,0.0,0.0,0.0,0.0,0.0,0.0,0.0],"conf_yes_cr_yes_del_yes":[0.00036207,0.00033064,0.00041846,0.00073918,0.00151557,0.00326499,0.00753555,0.01988758,0.06162205,0.20342571,0.61280288,1.5163181,2.92486495,4.26150744,4.53986507,3.38312751,1.6742762,0.55783652,0.17008052,0.05772004,0.01336161],"conf_yes_cr_no_del_yes":[0.23585165,0.26547977,0.30268792,0.34747611,0.39984433,0.45979259,0.52732089,0.60242922,0.68511759,0.77538599,0.87323443,0.97866291,1.09167142,1.21225997,1.34042856,1.47617718,1.61950584,1.77041453,1.92890326,2.09497203,2.26862083]}}
