{"nodes":{"cr_yes":[0.0,0.0,0.0,0.0,0.0,0.0,0.0,0.0,0.0,0.0,0.0,0.0,0.00501454,16.90065148,3.09832901,5.77e-06,0.0,0.0,0.0,0.0,0.0],"imm_yes_cr_yes":[0.0,0.0,0.0,0.0,0.0,0.0,0.0,0.0,0.00098498,2.73502957,16.98230785,0.28566714,1.126e-05,0.0,0.0,0.0,0.0,0.0,0.0,0.0,0.0],"imm_yes_cr_no":[0.0,0.0,0.0,0.0,0.0,0.0,0.0,0.00015562,0.20814106,7.89633873,11.25028388,0.64773956,0.00134188,7e-08,0.0,0.0,0.0,0.0,0.0,0.0,0.0],"del_yes_cr_yes":[0.0,0.0,0.0,0.0,0.0,0.0,0.0,0.0,5.5e-07,0.00724321,2.06441575,15.173152,2.74993407,0.0092549,3.2e-07,0.0,0.0,0.0,0.0,0.0,0.0],"del_yes_cr_no":[0.0,0.0,0.0017933,1.04488923,10.5015551,7.66627029,0.77462131,0.01480999,6.153e-05,6e-08,0.0,0.0,0.0,0.0,0.0,0.0,0.0,0.0,0.0,0.0,0.0],"conf_yes_cr_yes_del_yes":[0.0,0.0,0.0,0.0,0.0,0.0,0.0,0.0,0.0,0.0,0.0,4.47e-06,0.00303957,0.34324867,5.8922275,12.01209328,1.74698651,0.00640075,5e-08,0.0,0.0],"conf_yes_cr_no_del_yes":[0.0,0.0,0.0,0.0,0.0,0.0,0.0,7e-08,3.27e-06,8.576e-05,0.00138162,0.01460135,0.10543961,0.53038907,1.85401357,4.37149554,6.46342822,5.11752867,1.49582074,0.04981333,0.0]}}
