{"nodes":{"cr_yes":[0.0,0.0,0.0,0.0,0.0,0.0,0.0,0.0,0.0,0.0,0.0,0.0,0.0,0.0,0.00394813,18.23321127,1.76684132,8e-08,0.0,0.0,0.0],"imm_yes_cr_yes":[0.0,0.0,0.0,0.0,0.0,0.0,0.0,2.6e-07,0.06582217,14.86164944,5.07357789,0.00295103,0.0,0.0,0.0,0.0,0.0,0.0,0.0,0.0,0.0],"imm_yes_cr_no":[0.0,0.0,0.0,0.0,0.0,0.0,0.0,0.0,0.0,0.0,3.38e-06,0.00102823,0.03440362,0.34836524,5.70171747,12.40016744,1.51466527,0.00365013,2e-08,0.0,0.0],"del_yes_cr_yes":[0.0,0.0,0.0,0.0,0.0,0.0,6e-08,0.00249829,1.3501767,14.69846397,3.92746719,0.02539141,3.17e-06,0.0,0.0,0.0,0.0,0.0,0.0,0.0,0.0],"del_yes_cr_no":[0.0,0.0,0.0,0.0,1e-08,9.79e-06,0.00122997,0.04333227,0.54442417,2.80633593,6.39353359,6.59539555,3.01391377,0.56701023,0.03810078,0.00071237,2.38e-06,0.0,0.0,0.0,0.0],"conf_yes_cr_yes_del_yes":[0.0,0.0,0.0,0.0,0.0,0.0,0.0,0.0,0.0,0.0,1.5e-07,0.00016767,0.03440061,1.34247919,9.10523376,8.69624873,0.8212847,0.00418582,1.8e-07,0.0,0.0],"conf_yes_cr_no_del_yes":[0.0,0.0,0.0,0.0,0.0,0.0,0.0,2.3e-07,8.97e-06,0.00019422,0.00262508,0.02357152,0.14624526,0.63960643,1.97475674,4.21786078,5.92060349,4.91674975,1.94276592,0.21895535,0.00011407]}}
