{"nodes":{"cr_yes":[0.0,0.0,0.0,0.0,0.0,0.0,0.0,0.0,0.0,0.0,0.0,0.0,0.0,2.105e-05,0.00831903,0.24206686,19.42684579,0.32674806,1e-08,0.0,0.0],"imm_yes_cr_yes":[0.0,0.0,0.0,0.0,0.0,0.0,0.0,0.0,0.0,1.3e-07,0.0066433,3.29295848,16.12178696,0.5825303,8.162e-05,0.0,0.0,0.0,0.0,0.0,0.0],"imm_yes_cr_no":[0.0,0.0,0.0,0.0,0.0,0.0,0.0,0.0,2.8e-07,0.0002882,0.04772619,1.45206427,8.40620621,8.7129495,1.35712606,0.02626258,0.00134133,3.616e-05,2e-08,0.0,0.0],"del_yes_cr_yes":[0.0,9.1e-07,0.136114,9.36927672,9.89293089,0.60178283,0.00388322,4.04e-06,4.06e-06,3.72e-06,4e-07,0.0,0.0,0.0,0.0,0.0,0.0,0.0,0.0,0.0,0.0],"del_yes_cr_no":[0.45972482,0.58109329,0.36611369,0.20694135,0.13947058,0.10478084,0.08967606,0.25364564,1.20331,3.46280573,5.52318018,4.87800837,2.3307976,0.56815621,0.06342963,0.0026974,3.175e-05,6e-08,0.0,0.0,0.0],"conf_yes_cr_yes_del_yes":[0.0,0.0,0.0,0.0,0.0,0.0,0.0,0.0,0.0,0.0,1.83e-06,0.00032654,0.0206399,0.47373788,3.80428274,9.48927523,5.71613237,0.4976475,0.0019568,1e-08,0.0],"conf_yes_cr_no_del_yes":[0.00196868,0.00291179,0.00419803,0.0058984,0.00807309,0.01075662,0.01393938,0.01754767,0.02143645,0.02551347,0.03080913,0.04533311,0.10646907,0.33791762,1.02149373,2.5105622,4.65285625,5.92457012,4.2610106,0.99388799,0.01566346]}}
