{"nodes":{"cr_yes":[0.0,0.0,0.0,0.0,0.0,0.0,0.0,0.0,0.0,0.0,0.0,0.0,0.0,0.0,1.321e-05,0.09106633,10.8613357,9.0430201,0.00856546,0.0,0.0],"imm_yes_cr_yes":[0.0,0.0,0.0,0.0,0.0,0.0,0.0,0.0,4.45e-06,0.02661405,3.81651396,14.74605149,1.41234037,0.00247643,4e-08,0.0,0.0,0.0,0.0,0.0,0.0],"imm_yes_cr_no":[0.0,0.0,0.0,0.0,0.0,0.0,0.0,0.0,0.0,0.0,3e-08,4.179e-05,0.01137486,0.64672397,6.91884778,10.87797684,1.54164558,0.00738981,1.3e-07,0.0,0.0],"del_yes_cr_yes":[0.0,0.0,0.0,0.0,3.66e-06,0.01049678,1.18789089,9.78734816,8.19168913,0.8165642,0.00999416,1.381e-05,0.0,0.0,0.0,0.0,0.0,0.0,0.0,0.0,0.0],"del_yes_cr_no":[1e-08,1.8e-07,0.00014732,0.01342934,0.25208747,1.59724531,4.4243292,6.20056448,4.7771808,2.11101085,0.54168414,0.07961264,0.00643742,0.00026656,5.04e-06,4e-08,0.0,0.0,0.0,0.0,0.0],"conf_yes_cr_yes_del_yes":[0.0,0.0,0.0,0.0,0.0,0.0,0.0,0.0,0.0,9e-08,1.488e-05,0.0010052,0.0308108,0.43908864,2.84508021,7.71101787,7.28906861,1.65014344,0.03776497,6.08e-06,0.0],"conf_yes_cr_no_del_yes":[0.0,0.0,0.0,0.0,0.0,0.0,8e-08,1.32e-06,1.546e-05,0.00013342,0.00089823,0.00490615,0.02234716,0.08647393,0.28731619,0.82163167,2.0047179,4.05832696,6.34154409,6.12594051,0.49949546]}}
