{"nodes":{"cr_yes":[0.0,0.0,0.0,0.0,0.0,0.0,0.0,0.0,0.0,0.0,0.0,0.0,0.0,0.0,0.0,0.00535419,11.11612387,8.88245616,6.657e-05,0.0,0.0],"imm_yes_cr_yes":[0.0,0.0,0.0,0.0,0.0,0.0,0.00028803,2.41982449,17.36581544,0.21806652,6.32e-06,0.0,0.0,0.0,0.0,0.0,0.0,0.0,0.0,0.0,0.0],"imm_yes_cr_no":[0.0,0.0,0.0,0.0,0.0,0.0,0.0,1.4e-07,5.97e-06,0.00053251,0.07942269,1.96223179,8.73795955,7.97668531,1.22693479,0.02020844,1.961e-05,0.0,0.0,0.0,0.0],"del_yes_cr_yes":[0.0,0.0,0.0,0.0,0.0,0.0,0.0,6e-08,0.00145568,0.80355139,12.68463166,6.41691662,0.0974111,3.429e-05,0.0,0.0,0.0,0.0,0.0,0.0,0.0],"del_yes_cr_no":[0.0,0.0,0.0,1.8e-07,2.691e-05,0.00131643,0.02549841,0.2239098,0.97701382,2.29618643,3.34730097,3.9814136,4.32383877,3.25286042,1.31200675,0.24413522,0.01806256,0.00042824,2.29e-06,0.0,0.0],"conf_yes_cr_yes_del_yes":[0.0,0.0,0.0,0.0,0.0,0.0,0.0,0.0,0.0,0.0,0.0,5.26e-06,0.0026595,0.25993192,4.56964159,11.95001065,3.18019198,0.04155383,6.07e-06,0.0,0.0],"conf_yes_cr_no_del_yes":[3e-08,9e-08,2.5e-07,7.2e-07,1.97e-06,5.31e-06,1.394e-05,3.585e-05,9.051e-05,0.0002247,0.00054907,0.00132099,0.00312644,0.00726823,0.01663812,0.03911547,0.11807135,0.61677315,3.84892961,14.38130161,1.94106683]}}
