{"nodes":{"cr_yes":[0.0,0.0,0.0,0.0,0.0,0.0,0.0,0.0,0.0,0.0,0.0,0.0,0.00030186,4.81400709,15.18730336,0.00238849,0.0,0.0,0.0,0.0,0.0],"imm_yes_cr_yes":[0.0,0.0,0.0,0.0,0.0,0.0,0.0,2.62e-06,7.236e-05,4.97e-06,0.0069577,6.49746527,13.45951246,0.03998534,7e-08,0.0,0.0,0.0,0.0,0.0,0.0],"imm_yes_cr_no":[0.0,0.0,0.0,0.0,0.0,0.0,0.0,0.0,5.5e-07,0.00341141,1.25039282,14.09773058,4.61858688,0.03387536,3.2e-06,0.0,0.0,0.0,0.0,0.0,0.0],"del_yes_cr_yes":[0.0,0.0,0.0,0.0,6.316e-05,0.08498973,4.14415084,12.55933664,3.14227003,0.07303418,0.00015619,3e-08,0.0,0.0,0.0,0.0,0.0,0.0,0.0,0.0,0.0],"del_yes_cr_no":[0.0,8.8e-07,0.11617497,8.32492217,10.54342229,1.00595949,0.01348712,3.386e-05,2e-08,0.0,0.0,0.0,0.0,0.0,0.0,0.0,0.0,0.0,0.0,0.0,0.0],"conf_yes_cr_yes_del_yes":[0.0,0.0,0.0,0.0,0.0,0.0,0.0,0.0,0.0,0.0,1e-08,5.82e-06,0.00157635,0.11720216,2.2858898,10.03742268,7.14400682,0.41748239,0.00041477,0.0,0.0],"conf_yes_cr_no_del_yes":[0.0,0.0,0.0,0.0,0.0,0.0,0.0,8e-08,1.09e-06,1.136e-05,9.435e-05,0.00064457,0.00370527,0.01821344,0.07735783,0.28515813,0.90936019,2.46942381,5.4699404,8.68164953,4.17688144]}}
