{"nodes":{"cr_yes":[0.0,0.0,0.0,0.0,0.0,0.0,0.0,0.0,0.0,0.0,0.0,0.0,0.0,0.0,0.00019417,2.53617465,17.46304683,0.00458515,0.0,0.0,0.0],"imm_yes_cr_yes":[0.0,0.0,0.0,0.0,0.0,0.0,0.0,1.88e-06,0.05807648,9.01209761,10.82054359,0.11327244,8.79e-06,0.0,0.0,0.0,0.0,0.0,0.0,0.0,0.0],"imm_yes_cr_no":[0.0,0.0,0.0,0.0,0.0,0.0,0.0,0.0,2.12e-06,0.00125856,0.12718231,2.48284143,9.6456259,6.96408207,0.77382595,0.00917655,5.91e-06,0.0,0.0,0.0,0.0],"del_yes_cr_yes":[0.0,0.0,0.0,0.0,0.0,0.0,2.7e-07,0.00225281,0.64121183,9.53748937,9.21665227,0.60401388,0.00237995,4.1e-07,0.0,0.0,0.0,0.0,0.0,0.0,0.0],"del_yes_cr_no":[0.0,0.0,0.0,9e-08,4.032e-05,0.00299943,0.06556794,0.57167091,2.36415497,5.11765763,6.09372741,4.03948978,1.45691647,0.26854998,0.02251808,0.00070208,5.7e-06,1e-08,0.0,0.0,0.0],"conf_yes_cr_yes_del_yes":[0.0,0.0,0.0,0.0,0.0,0.0,0.0,0.0,0.0,1e-08,4.8e-06,0.0008758,0.05150461,0.99511696,5.99668105,9.72416315,3.12814404,0.10741493,9.545e-05,0.0,0.0],"conf_yes_cr_no_del_yes":[0.0,0.0,0.0,0.0,0.0,0.0,0.0,1.9e-07,4.37e-06,6.471e-05,0.00067487,0.00523514,0.03130165,0.14739608,0.55126343,1.62691151,3.68314459,5.97164747,5.8739123,2.11105342,0.00278213]}}
