{"nodes":{"cr_yes":[0.0,0.0,0.0,0.0,0.0,0.0,0.0,0.0,0.0,0.0,0.0,0.0,0.0,2e-08,0.01210398,13.83716256,6.15466772,6.652e-05,0.0,0.0,0.0],"imm_yes_cr_yes":[0.0,0.0,0.0,0.0,0.0,0.0,3.3e-07,0.02207438,6.13737948,13.52801209,0.31645427,8.024e-05,0.0,0.0,0.0,0.0,0.0,0.0,0.0,0.0,0.0],"imm_yes_cr_no":[0.0,0.0,0.0,0.0,0.0,0.0,0.0,8e-08,0.00011598,0.02442845,0.91303266,6.69750838,9.71689552,2.55298388,0.09865491,0.00038087,7e-08,0.0,0.0,0.0,0.0],"del_yes_cr_yes":[0.0,0.0,0.0,0.0,0.0,0.0,1e-08,0.00017245,0.14998031,5.74389737,12.46100673,1.63718873,0.01175177,3.44e-06,0.0,0.0,0.0,0.0,0.0,0.0,0.0],"del_yes_cr_no":[0.0,0.0,0.0,2.1e-07,7.858e-05,0.00533016,0.10831852,0.86665294,3.19627082,5.94708233,5.84271895,3.06723482,0.84585789,0.11688955,0.00738698,0.00017793,1.12e-06,0.0,0.0,0.0,0.0],"conf_yes_cr_yes_del_yes":[0.0,0.0,0.0,0.0,0.0,0.0,0.0,0.0,0.0,0.0,3e-08,1.638e-05,0.00258115,0.1315886,2.07946429,8.95385873,7.99201004,0.84162953,0.00285204,1e-08,0.0],"conf_yes_cr_no_del_yes":[0.00237806,0.00477473,0.00927672,0.01744568,0.03175911,0.05596051,0.09540426,0.15726944,0.25042853,0.38466316,0.56885909,0.80785598,1.09788368,1.42118289,1.74216128,2.01283587,2.20953275,2.4344473,2.98086411,3.4251943,0.59002475]}}
