{"nodes":{"cr_yes":[0.0,0.0,0.0,0.0,0.0,0.0,0.0,0.0,0.0,0.0,0.0,0.0,0.00013684,0.6466075,17.94062678,1.41654831,8.137e-05,0.0,0.0,0.0,0.0],"imm_yes_cr_yes":[0.0,0.0,0.0,0.0,0.0,0.0,0.0,0.0,0.0,0.0,1.96e-06,0.04289368,8.31462121,11.58072889,0.06575456,5e-07,0.0,0.0,0.0,0.0,0.0],"imm_yes_cr_no":[0.0,0.0,0.0,0.0,0.0,0.0,0.0,1.9e-07,0.00010527,0.01219529,0.64167479,6.94059526,10.50137213,1.87815148,0.02988103,2.536e-05,0.0,0.0,0.0,0.0,0.0],"del_yes_cr_yes":[0.0,0.0,0.0,0.0,0.0,1.81e-06,0.00928122,1.38776776,11.27905847,6.95256685,0.37359999,0.00172413,5.8e-07,0.0,0.0,0.0,0.0,0.0,0.0,0.0,0.0],"del_yes_cr_no":[0.03166104,0.17118001,2.99321657,8.73507309,6.32817413,1.58957907,0.16335676,0.00743543,0.00015379,1.42e-06,1e-08,0.0,0.0,0.0,0.0,0.0,0.0,0.0,0.0,0.0,0.0],"conf_yes_cr_yes_del_yes":[0.0,0.0,0.0,0.0,0.0,0.0,0.0,0.0,0.0,3.5e-07,3.124e-05,0.00143755,0.0355826,0.45963318,2.87803745,7.7353836,7.25124007,1.60576951,0.03687364,1.162e-05,0.0],"conf_yes_cr_no_del_yes":[0.0,0.0,0.0,2e-08,1.9e-07,1.27e-06,6.94e-06,3.254e-05,0.00013499,0.00051222,0.00183591,0.00635857,0.0213978,0.06916942,0.21048555,0.59005792,1.49052027,3.29655916,6.04392736,7.81454741,0.91690651]}}
