{"nodes":{"cr_yes":[0.0,0.0,0.0,0.0,0.0,0.0,0.0,0.0,0.0,0.0,5e-08,1.38e-06,8.57e-06,0.03394632,7.06805392,12.81507308,0.08691699,4.9e-07,0.0,0.0,0.0],"imm_yes_cr_yes":[0.0,0.0,0.0,0.0,0.0,0.0,0.0,0.0,0.0,0.0,0.00021956,0.43007417,13.68146092,5.87154656,0.02069937,2.3e-07,0.0,0.0,0.0,0.0,0.0],"imm_yes_cr_no":[0.0,0.0,0.0,0.0,0.0,0.0,0.0,0.0,0.0,0.0,1e-08,2.859e-05,0.01843162,1.41896511,11.40803878,6.98232586,0.17615508,5.575e-05,0.0,0.0,0.0],"del_yes_cr_yes":[0.0,3.08e-06,0.00493375,1.65800133,11.77313385,6.10559398,0.45552301,0.00678827,2.351e-05,3e-08,0.0,0.0,0.0,0.0,0.0,0.0,0.0,0.0,0.0,0.0,0.0],"del_yes_cr_no":[11.86343409,9.14266998,2.42230668,1.15217216,0.63643396,0.34683412,0.18404056,0.09512976,0.04795665,0.02360574,0.01135725,0.0053456,0.0024632,0.0011118,0.00049177,0.00021323,9.065e-05,3.779e-05,1.545e-05,6.19e-06,2.43e-06],"conf_yes_cr_yes_del_yes":[1.75e-06,1.41e-05,8.486e-05,0.00040088,0.00154598,0.00502762,0.01428614,0.03749563,0.0977489,0.2603607,0.66674219,1.49751814,2.76049442,4.00611673,4.41890883,3.54485803,1.93365047,0.64288335,0.10862248,0.00713555,0.00020985],"conf_yes_cr_no_del_yes":[0.36279687,0.38672081,0.41709274,0.45391267,0.4971806,0.54689652,0.60306044,0.66567236,0.73473227,0.81024018,0.89219609,0.9806,1.0754519,1.1767518,1.28449969,1.39869559,1.51933948,1.64643137,1.77997125,1.91995913,2.06639501]}}
