{"nodes":{"cr_yes":[0.0,0.0,0.0,0.0,0.0,0.0,0.0,0.0,0.0,0.0,0.0,0.0,7.2e-07,0.02525846,7.83931737,12.10555537,0.03386884,3e-08,0.0,0.0,0.0],"imm_yes_cr_yes":[0.0,0.0,0.0,0.0,0.0,0.0,0.0,4e-08,9.622e-05,0.45226323,17.11012317,2.44033554,0.00118259,0.0,0.0,0.0,0.0,0.0,0.0,0.0,0.0],"imm_yes_cr_no":[0.0,0.0,0.0,0.0,0.0,0.0,0.0,0.0,0.0,0.0,0.0,2.66e-06,0.00249367,0.33410572,6.03398572,11.95694886,1.66630549,0.00938327,0.00077523,1.8e-07,0.0],"del_yes_cr_yes":[0.0,0.0,0.0,0.0,0.0,0.0,0.0,1.1e-06,0.00778381,1.65864862,13.65354175,4.62616025,0.05784556,1.97e-05,0.0,0.0,0.0,0.0,0.0,0.0,0.0],"del_yes_cr_no":[5.307e-05,0.00015637,0.00030205,0.00038255,0.00033241,0.00021198,0.00010463,5.485e-05,0.00132679,0.04396859,0.57711589,3.15105172,7.21355105,6.62149583,2.18113692,0.20882839,0.0039473,6.94e-06,0.0,0.0,0.0],"conf_yes_cr_yes_del_yes":[0.0,0.0,0.0,0.0,0.0,0.0,0.0,0.0,0.0,0.0,2.6e-07,0.00016229,0.02404069,0.85760444,6.87054149,10.26270401,1.96590617,0.02303819,3.26e-06,0.0,0.0],"conf_yes_cr_no_del_yes":[0.0,0.0,0.0,0.0,0.0,0.0,0.0,7e-08,1.62e-06,4.226e-05,0.00077537,0.00938435,0.07626852,0.42312621,1.60138096,4.03203371,6.34398176,5.46676478,1.92688478,0.12335164,9.54e-06]}}
