{"nodes":{"cr_yes":[0.0,0.0,0.0,0.0,0.0,0.0,0.0,0.0,0.0,0.0,0.0,0.0,0.0,0.0,2.05e-05,0.40485273,19.25410825,0.34501928,4e-08,0.0,0.0],"imm_yes_cr_yes":[0.0,0.0,0.0,0.0,0.0,0.0,0.0,0.00114828,1.69538789,16.7704752,1.53563922,0.00135019,1e-08,0.0,0.0,0.0,0.0,0.0,0.0,0.0,0.0],"imm_yes_cr_no":[0.0,0.0,0.0,0.0,0.0,0.0,9e-08,0.00011504,0.01984835,0.63764929,4.60949231,8.79914185,5.06934392,0.83930414,0.02897727,0.00012849,4e-08,0.0,0.0,0.0,0.0],"del_yes_cr_yes":[0.0,0.0,0.0,0.0,0.0,0.0,0.0,0.0001249,0.10415659,4.49407058,12.79376759,2.57814747,0.03371165,2.202e-05,0.0,0.0,0.0,0.0,0.0,0.0,0.0],"del_yes_cr_no":[0.0,0.0,0.0,0.0,1.2e-07,2.117e-05,0.00101986,0.0182803,0.15158761,0.69671293,2.08403777,4.34791552,5.90969375,4.61926408,1.83446973,0.32074348,0.0199479,0.00030601,5.7e-07,0.0,0.0],"conf_yes_cr_yes_del_yes":[0.0,0.0,0.0,0.0,0.0,0.0,0.0,0.0,0.0,1e-08,4.61e-06,0.00106328,0.07072097,1.3778424,7.39086849,9.22731733,1.90359679,0.03257663,1.029e-05,0.0,0.0],"conf_yes_cr_no_del_yes":[0.0,0.0,0.0,0.0,0.0,0.0,0.0,0.0,0.0,0.0,5e-08,1.24e-06,2.199e-05,0.00030447,0.00337146,0.03017555,0.21749226,1.23005902,5.06689678,12.00311141,2.90513312]}}
