{"nodes":{"cr_yes":[0.0,0.0,0.0,0.0,0.0,0.0,0.0,0.0,0.0,0.0,0.0,0.0,5e-08,0.05643413,19.28511034,0.66151127,0.00094431,6.9e-07,0.0,0.0,0.0],"imm_yes_cr_yes":[0.0,0.0,0.0,0.0,0.0,0.0,0.0,0.0,0.0,0.0,0.00488488,6.99561317,12.98238964,0.02111309,1e-08,0.0,0.0,0.0,0.0,0.0,0.0],"imm_yes_cr_no":[0.0,0.0,0.0,0.0,0.0,0.0,0.0,0.0,8.91e-06,0.00781904,0.47448579,2.26492415,1.28200981,6.16408309,8.86287655,0.94402989,0.00376341,1.5e-07,0.0,0.0,0.0],"del_yes_cr_yes":[0.0,0.0,0.0,5.5e-07,0.00196936,0.03065155,0.02088875,3.03663757,14.93895694,1.96742729,0.00746807,7.2e-07,0.0,0.0,0.0,0.0,0.0,0.0,0.0,0.0,0.0],"del_yes_cr_no":[0.00032448,0.03686929,0.49618019,2.07789668,3.82781501,3.64107573,2.00695621,1.33238855,2.48956098,2.7443548,1.16044423,0.1804436,0.00969315,0.00015948,6.6e-07,0.0,0.0,0.0,0.0,0.0,0.0],"conf_yes_cr_yes_del_yes":[0.0,0.0,0.0,0.0,0.0,0.0,0.0,0.0,0.0,0.0,3.9e-07,0.00030067,0.04715457,1.53193214,9.34867433,8.39506585,0.67904241,0.00183041,2e-08,0.0,0.0],"conf_yes_cr_no_del_yes":[0.0,0.0,0.0,0.0,0.0,0.0,2e-08,1.48e-06,4.88e-05,0.00092526,0.01089135,0.08393952,0.43678532,1.55057874,3.71344392,5.77202283,5.3746519,2.57367314,0.4706524,0.01638521,1.82e-06]}}
