{"nodes":{"cr_yes":[0.0,0.0,0.0,0.0,0.0,0.0,0.0,0.0,0.0,0.0,0.0,0.0,0.0,0.0,0.00075685,2.97421214,17.01076971,0.0182621,0.0,0.0,0.0],"imm_yes_cr_yes":[0.0,0.0,0.0,0.0,0.0,0.0,4.105e-05,0.41455218,15.57907164,4.00127807,0.00905769,1.8e-07,0.0,0.0,0.0,0.0,0.0,0.0,0.0,0.0,0.0],"imm_yes_cr_no":[0.0,0.0,0.0,6e-08,3.31e-06,8.432e-05,0.00110136,0.00761759,0.02842735,0.05765966,0.07204725,0.38350074,3.51171222,9.03031866,5.55055398,1.03474301,0.27590913,0.04818853,0.00211772,1.589e-05,1e-08],"del_yes_cr_yes":[0.0,0.0,0.0,0.0,0.0,0.0,8e-08,0.00029726,0.23078289,7.21074729,11.54764079,1.01021847,0.00431337,6.6e-07,0.0,0.0,0.0,0.0,0.0,0.0,0.0],"del_yes_cr_no":[0.00074839,0.00053309,0.00034367,0.00021118,0.00050204,0.00622976,0.05170489,0.26655281,0.93304702,2.27645156,3.73080747,3.88379011,2.49961737,1.18155008,0.86561413,1.0573358,1.16983327,1.01471654,0.67283881,0.33269946,0.11849507],"conf_yes_cr_yes_del_yes":[0.0,0.0,0.0,0.0,0.0,0.0,0.0,0.0,0.0,0.0,5e-08,1.652e-05,0.00291982,0.15948382,2.50377076,9.78561119,7.04550104,0.50573081,0.00096561,1.19e-06,1e-08],"conf_yes_cr_no_del_yes":[0.01553901,0.02556654,0.04075523,0.06295534,0.09423871,0.13668775,0.19207292,0.2614643,0.34490768,0.44140347,0.54952912,0.66920399,0.80576353,0.97920273,1.24046783,1.67754958,2.34901943,3.09724628,3.42705438,2.83929466,1.52369569]}}
