{"nodes":{"cr_yes":[0.0,0.0,0.0,0.0,0.0,0.0,0.0,0.0,0.0,0.0,0.0,0.0,0.0,7.3e-07,0.51612333,19.33123991,0.15663682,1e-08,0.0,0.0,0.0],"imm_yes_cr_yes":[0.0,0.0,0.0,0.0,0.0,2e-08,0.03237883,14.42546168,5.54219443,0.00396584,1e-08,0.0,0.0,0.0,0.0,0.0,0.0,0.0,0.0,0.0,0.0],"imm_yes_cr_no":[0.0,0.0,0.0,0.0,0.0,8e-08,0.00183119,0.79958268,11.32267546,7.59566437,0.2836482,0.00059473,3.8e-06,2.8e-07,1e-08,0.0,0.0,0.0,0.0,0.0,0.0],"del_yes_cr_yes":[0.0,0.0,0.0,0.0,0.0,0.0,0.0,5.71e-06,0.04918439,5.88050065,13.43377185,0.63997818,0.00056001,1e-08,0.0,0.0,0.0,0.0,0.0,0.0,0.0],"del_yes_cr_no":[0.0,0.0,5.7e-07,0.00714913,1.24540743,9.8640162,7.88791612,0.97589184,0.02349319,0.00012614,1.8e-07,0.0,0.0,0.0,0.0,0.0,0.0,0.0,0.0,0.0,0.0],"conf_yes_cr_yes_del_yes":[0.0,0.0,0.0,0.0,0.0,0.0,0.0,1e-08,4e-08,1.3e-07,2.7e-07,1.159e-05,0.00339084,0.26708732,4.38676331,11.75417248,3.53151606,0.06104169,1.706e-05,0.0,0.0],"conf_yes_cr_no_del_yes":[2.2e-07,7.1e-07,2.25e-06,6.86e-06,2.019e-05,5.732e-05,0.00015721,0.00041679,0.0010689,0.00265317,0.00637603,0.01483817,0.03344012,0.0729693,0.15414151,0.31557755,0.63158018,1.27856416,2.82681253,7.02687717,15.27688115]}}
