{"nodes":{"cr_yes":[0.0,0.0,0.0,0.0,0.0,0.0,0.0,0.0,0.0,0.0,1.24e-06,0.00013527,0.00342226,0.01811547,0.04011225,5.6292398,14.17303014,0.13994401,3.5e-07,0.0,0.0],"imm_yes_cr_yes":[0.0,0.0,0.0,0.0,0.0,0.0,0.00016664,0.64116141,15.47330078,3.87683411,0.01253734,5.2e-07,0.0,0.0,0.0,0.0,0.0,0.0,0.0,0.0,0.0],"imm_yes_cr_no":[4e-08,2e-08,1e-08,1e-07,1.17e-06,7.88e-06,3.335e-05,0.00027658,0.00832565,0.12875367,0.87095606,3.63057739,8.70426232,5.92267269,0.72600674,0.01202771,9.793e-05,1.51e-06,0.0,0.0,0.0],"del_yes_cr_yes":[0.0,0.0,0.0,0.0,0.0,0.0,6.7e-07,0.00205965,0.521325,8.3977038,10.11904306,0.95729956,0.00656644,2.62e-06,0.0,0.0,0.0,0.0,0.0,0.0,0.0],"del_yes_cr_no":[0.00014412,0.00013929,0.00013578,0.00065076,0.00811273,0.06284948,0.29264283,0.86585957,1.71445108,2.45576587,2.95961569,3.47050706,3.64445751,2.77757152,1.32283584,0.35395582,0.04782063,0.00461626,0.00462522,0.00918202,0.01626757],"conf_yes_cr_yes_del_yes":[0.0,0.0,0.0,0.0,0.0,0.0,0.0,0.0,0.0,3e-08,3.9e-07,1.093e-05,0.00172568,0.11410334,2.12333505,9.54270276,7.63672039,0.58431736,0.00108393,9.4e-07,1e-08],"conf_yes_cr_no_del_yes":[0.84218616,0.79818973,0.74454366,0.68292292,0.61533899,0.54403518,0.47136158,0.39964079,0.33104504,0.26753984,0.21110384,0.16513214,0.14041267,0.1742997,0.37080446,0.92637701,1.99895758,3.29980098,3.8550556,2.9231277,1.32643661]}}
