{"nodes":{"cr_yes":[0.0,0.0,0.0,0.0,0.0,0.0,0.0,0.0,0.0,0.0,0.0,4.9e-07,0.00745102,2.64292835,16.29979323,1.05351106,0.00031664,0.0,0.0,0.0,0.0],"imm_yes_cr_yes":[0.0,0.0,0.0,0.0,0.0,6.692e-05,0.51669051,15.5981307,3.87740693,0.01170526,4.8e-07,0.0,0.0,0.0,0.0,0.0,0.0,0.0,0.0,0.0,0.0],"imm_yes_cr_no":[0.0,0.0,1.9e-07,2.467e-05,0.00051926,0.00388732,0.16616859,2.68956653,9.73953757,6.54951725,0.8309267,0.02369521,0.00015729,2e-07,0.0,0.0,0.0,0.0,0.0,0.0,0.0],"del_yes_cr_yes":[0.0,0.0,0.0,0.0,2.9e-07,0.00150059,0.33525751,5.18196412,9.35697664,4.81409648,0.31308408,0.00112092,1.6e-07,0.0,0.0,0.0,0.0,0.0,0.0,0.0,0.0],"del_yes_cr_no":[0.0,2.3e-07,0.00016416,0.07126758,2.04803796,8.54800706,7.49543203,1.71958135,0.11880067,0.00268826,2.14e-05,1e-07,0.0,0.0,0.0,0.0,0.0,0.0,0.0,0.0,1e-08],"conf_yes_cr_yes_del_yes":[1.377e-05,1.169e-05,9.33e-06,6.97e-06,4.86e-06,3.16e-06,1.91e-06,1.09e-06,6.2e-07,4.3e-07,2.93e-06,0.0003579,0.02682409,0.67245932,5.09352864,10.04101889,3.924012,0.23963395,0.00603979,7.601e-05,6.8e-07],"conf_yes_cr_no_del_yes":[1.71e-06,4.41e-06,1.101e-05,2.68e-05,6.355e-05,0.00014701,0.00033209,0.00073318,0.00158317,0.00334578,0.00692381,0.0140359,0.02787983,0.05427906,0.10378638,0.19732972,0.3939702,0.9507034,3.02934211,9.81652038,10.80596429]}}
