{"nodes":{"cr_yes":[0.0,0.0,0.0,0.0,0.0,0.0,0.0,0.0,0.0,0.0,0.0,0.0,0.0,0.0036674,18.14546016,1.85487297,2.7e-07,0.0,0.0,0.0,0.0],"imm_yes_cr_yes":[0.0,0.0,0.0,0.0,0.0,0.0,0.0,0.00023299,2.07390088,17.68909596,0.24076511,5.85e-06,0.0,0.0,0.0,0.0,0.0,0.0,0.0,0.0,0.0],"imm_yes_cr_no":[0.0,0.0,0.0,0.0,0.0,0.0,0.0,0.0,0.0,1.225e-05,0.03690653,3.92673183,14.5382748,1.49943696,0.00263839,3e-08,0.0,0.0,0.0,0.0,0.0],"del_yes_cr_yes":[0.0,0.0,0.0,0.0,0.0,0.0,0.0,0.00028268,0.57783674,13.93159391,5.45749301,0.03679092,3.54e-06,0.0,0.0,0.0,0.0,0.0,0.0,0.0,0.0],"del_yes_cr_no":[0.0,8e-08,0.0001847,0.02630352,0.61357869,3.69446054,7.43878892,5.87434984,2.01270986,0.31858624,0.02413522,0.0008873,1.576e-05,1.3e-07,0.0,0.0,0.0,0.0,0.0,0.0,0.0],"conf_yes_cr_yes_del_yes":[0.0,0.0,0.0,0.0,0.0,0.0,0.0,0.0,0.0,0.0,1.32e-06,0.00079982,0.09732158,2.38748176,10.60467762,6.57476335,0.33844992,0.00050542,0.0,0.0,0.0],"conf_yes_cr_no_del_yes":[0.0,0.0,0.0,0.0,0.0,0.0,0.0,2.7e-07,9.48e-06,0.00019226,0.00249147,0.02189606,0.13571822,0.60539152,1.94073828,4.33811018,6.27533266,5.02834213,1.58239205,0.07338594,5.3e-07]}}
