{"nodes":{"cr_yes":[0.0,0.0,0.0,0.0,0.0,0.0,0.0,0.0,0.0,0.0,0.0,0.0,0.0,3.3e-07,0.08912874,19.18252709,0.73234439,2.5e-07,0.0,0.0,0.0],"imm_yes_cr_yes":[0.0,0.0,0.0,0.0,0.0,0.0,7.21e-06,0.2268133,15.55238153,4.21902991,0.0057688,4e-08,0.0,0.0,0.0,0.0,0.0,0.0,0.0,0.0,0.0],"imm_yes_cr_no":[0.0,0.0,0.0,0.0,0.0,0.0,0.0,0.0,0.0,8.78e-06,0.00749765,0.71599033,8.08207898,10.07387035,1.11737489,0.00717862,1.21e-06,0.0,0.0,0.0,0.0],"del_yes_cr_yes":[0.0,0.0,0.0,0.0,0.0,0.0,0.0,0.0,2e-08,0.00041676,0.33700277,9.65949369,9.72950332,0.27744579,0.00013846,0.0,0.0,0.0,0.0,0.0,0.0],"del_yes_cr_no":[0.0,0.0,0.0,0.0,0.0,0.0,2e-08,6.56e-06,0.00065363,0.02369319,0.35003106,2.23375443,6.23097861,7.33640278,3.32491874,0.48671972,0.0167672,7.485e-05,1e-08,0.0,0.0],"conf_yes_cr_yes_del_yes":[0.0,0.0,0.0,0.0,0.0,0.0,0.0,0.0,0.0,0.0,5.6e-07,0.00060657,0.10594633,2.97056647,11.82088869,4.98124786,0.12468598,5.835e-05,0.0,0.0,0.0],"conf_yes_cr_no_del_yes":[0.0,0.0,0.0,0.0,0.0,0.0,0.0,0.0,1e-08,6.4e-07,3.011e-05,0.00080369,0.0129075,0.12817371,0.7874929,2.90165133,5.93396318,5.79793026,2.46160413,1.95907178,0.04074311]}}
