{"nodes":{"cr_yes":[0.0,0.0,0.0,0.0,0.0,0.0,0.0,0.0,0.0,0.0,0.0,0.0,0.00017571,1.11508455,18.5616691,0.32701176,5.968e-05,0.0,0.0,0.0,0.0],"imm_yes_cr_yes":[0.0,0.0,0.0,0.0,0.0,0.0,4.537e-05,0.10073803,0.14856496,0.00029148,9.473e-05,0.53762938,16.83018359,2.38552036,0.00093288,0.0,0.0,0.0,0.0,0.0,0.0],"imm_yes_cr_no":[0.0,0.0,0.0,0.0,0.0,0.0,0.0,6.943e-05,0.05476483,2.86815529,12.31471906,4.62430044,0.1417066,0.00028512,2e-08,0.0,0.0,0.0,0.0,0.0,0.0],"del_yes_cr_yes":[0.0,0.0,0.0,5e-08,6.505e-05,0.00041615,0.00045626,0.61120129,13.10711058,6.20708809,0.07763871,2.462e-05,0.0,0.0,0.0,0.0,0.0,0.0,0.0,0.0,0.0],"del_yes_cr_no":[0.16956091,5.45259673,9.25156027,4.26300379,0.85577417,0.09053119,0.00554379,0.00020563,4.7e-06,7e-08,0.0,0.0,0.0,0.0,0.0,0.0,0.0,0.0,0.0,0.0,0.0],"conf_yes_cr_yes_del_yes":[0.0,0.0,0.0,0.0,0.0,0.0,0.0,0.0,0.0,0.0,2e-08,1.458e-05,0.00304151,0.17875098,2.8255964,10.33091004,6.33080728,0.3345518,0.0003282,0.0,0.0],"conf_yes_cr_no_del_yes":[0.0,0.0,0.0,1e-08,5e-08,3.3e-07,1.73e-06,7.94e-06,3.25e-05,0.00012096,0.00042056,0.00142402,0.0049436,0.01811402,0.06843821,0.25153194,0.84836936,2.49537843,5.98861739,9.86866646,0.91586655]}}
