{"nodes":{"cr_yes":[0.0,0.0,0.0,0.0,0.0,0.0,0.0,0.0,0.0,0.0,2e-08,2.14e-06,7.49e-05,0.00064527,0.00158016,0.10841959,8.33891765,11.51795289,0.03311257,0.00329539,4.8e-07],"imm_yes_cr_yes":[0.0,0.0,0.0,0.0,0.0,6e-08,0.00370337,1.84569785,13.64344407,4.17627649,0.33126187,0.00361379,3.29e-06,0.0,0.0,0.0,0.0,0.0,0.0,0.0,0.0],"imm_yes_cr_no":[7e-08,1.4e-07,2.9e-07,4.5e-07,5e-07,8e-07,8.971e-05,0.00587901,0.13236636,1.14985063,4.27578191,7.03435264,4.61835381,1.0105019,0.12664556,0.19380442,0.3083993,0.35574347,0.378905,0.3256273,0.17539513],"del_yes_cr_yes":[0.0,0.0,0.0,0.0,0.0,0.0,5e-08,6.13e-06,0.00988256,1.11997661,10.22123818,8.12065112,0.52958959,0.00265139,5.17e-06,1e-08,0.0,0.0,0.0,0.0,0.0],"del_yes_cr_no":[0.00115699,0.00130169,0.001296,0.00140013,0.00451157,0.02787797,0.12921003,0.4196132,1.08432693,2.49886566,4.62806862,5.62467361,3.90997011,1.41108484,0.23853386,0.01847126,0.00241594,0.00117184,0.00048251,0.00013485,2.337e-05],"conf_yes_cr_yes_del_yes":[8.5e-07,4.8e-07,2.5e-07,1.3e-07,6e-08,3e-08,1e-08,1e-08,7e-08,3.4e-06,0.00013077,0.00321358,0.05462654,0.60191883,3.39194144,7.79955868,6.18859289,1.7224923,0.23298633,0.00852512,1.893e-05],"conf_yes_cr_no_del_yes":[0.06061916,0.07700922,0.09734213,0.12241171,0.15312219,0.19048675,0.23561845,0.28971103,0.35400671,0.42974869,0.51811769,0.62015563,0.73668726,0.86827263,1.01535143,1.17971281,1.37479591,1.68361,2.49002786,4.78664283,5.50172058]}}
