{"nodes":{"cr_yes":[1e-08,6.5e-07,2.259e-05,0.00050262,0.00715869,0.06522294,0.37874662,1.39207126,3.20472936,4.55518368,3.92345419,1.99958772,0.58529662,0.09481472,0.00815049,0.01466161,0.61869332,1.94238821,0.25843722,0.00063437,1.90848781],"imm_yes_cr_yes":[0.0,0.0,0.0,0.0,0.0,0.0,0.0,0.0,0.0,2e-08,0.00051557,0.464869,11.88062481,7.57027294,0.08770804,1.042e-05,0.0,0.0,0.0,0.0,0.0],"imm_yes_cr_no":[0.0,0.0,0.0,0.0,0.0,0.0,0.0,0.0,0.0,0.0,2e-08,8.53e-05,0.04675336,2.66247489,13.3018453,3.9599416,0.03289867,1.67e-06,0.0,0.0,0.0],"del_yes_cr_yes":[1.603e-05,0.00194854,0.56877443,6.84761178,9.71847476,2.69017488,0.17399252,0.00299873,1.688e-05,1.1e-07,1e-08,1e-08,1e-08,2e-08,2e-08,2e-08,2e-08,2e-08,2e-08,1e-08,1e-08],"del_yes_cr_no":[5.65096837,5.81702371,2.89520588,2.15071274,1.66714939,1.27218133,0.9544744,0.70519197,0.51377879,0.36954212,0.26265216,0.18461695,0.12841825,0.08844923,0.06035108,0.0408114,0.02736149,0.01819261,0.01199953,0.00785322,0.00510075],"conf_yes_cr_yes_del_yes":[0.23151424,0.19959418,0.17134252,0.14983592,0.13930038,0.14535784,0.17545632,0.24015015,0.35672985,0.55671259,0.89163301,1.41312374,2.09887823,2.75830473,3.05542522,2.74967537,1.9745225,1.18374898,0.73593707,0.60803755,0.56895508],"conf_yes_cr_no_del_yes":[0.35673327,0.38493512,0.41899039,0.45889906,0.50466115,0.55627666,0.61374558,0.67706791,0.74624365,0.8212728,0.90215537,0.98889135,1.08148075,1.17992356,1.28421978,1.39436941,1.51037246,1.63222892,1.75993879,1.89350208,2.03291877]}}
