{"nodes":{"cr_yes":[0.0,0.0,0.0,0.0,0.0,0.0,0.0,0.0,0.0,0.0,0.0,0.0,0.0,0.0,0.00027424,3.41074729,16.59062958,0.00234969,0.0,0.0,0.0],"imm_yes_cr_yes":[0.0,0.0,0.0,0.0,0.0,5e-08,0.03438899,12.26814632,7.68573749,0.01572782,1.3e-07,0.0,0.0,0.0,0.0,0.0,0.0,0.0,0.0,0.0,0.0],"imm_yes_cr_no":[0.0,0.0,0.0,0.0,0.0,0.0,0.0,1e-08,1.299e-05,0.00524816,0.3525658,4.41531278,10.52464797,4.43216847,0.27234343,0.00170063,5.6e-07,0.0,0.0,0.0,0.0],"del_yes_cr_yes":[0.0,0.0,0.0,0.0,0.0,0.00019959,0.41118203,11.37400146,8.01970694,0.19872015,0.00019061,1e-08,0.0,0.0,0.0,0.0,0.0,0.0,0.0,0.0,0.0],"del_yes_cr_no":[0.0,0.0,0.0,2e-08,4.81e-06,0.00032265,0.00996211,0.16047606,1.20995449,4.20626272,6.88809606,5.33360753,1.89347786,0.28563307,0.01594245,0.00026015,8.3e-07,0.0,0.0,0.0,0.0],"conf_yes_cr_yes_del_yes":[0.0,0.0,0.0,0.0,0.0,0.0,0.0,0.0,0.0,0.0,3e-08,1.931e-05,0.00317706,0.16079077,2.41688671,9.48031331,7.32069246,0.62061906,0.00150209,0.0,0.0],"conf_yes_cr_no_del_yes":[0.0,0.0,0.0,0.0,0.0,0.0,0.0,0.0,0.0,1e-08,2.6e-07,4.07e-06,4.993e-05,0.00051908,0.00478006,0.03916048,0.27432329,1.52938042,6.01192556,12.03695289,0.21380948]}}
