{"nodes":{"cr_yes":[0.0,0.0,0.0,0.0,0.0,0.0,0.0,0.0,0.0,0.0,0.0,0.0,0.0,0.0,0.00502435,18.98187356,1.01710288,1e-08,0.0,0.0,0.0],"imm_yes_cr_yes":[0.0,0.0,0.0,0.0,0.0,0.0,1.28e-06,0.03462855,3.06317732,16.70724754,0.19894186,4.25e-06,0.0,0.0,0.0,0.0,0.0,0.0,0.0,0.0,0.0],"imm_yes_cr_no":[0.0,0.0,0.0,0.0,0.0,0.0,0.0,0.0,3.85e-06,0.0067824,0.87833899,9.63170921,8.89463418,0.59055056,0.00198143,1.8e-07,0.0,0.0,0.0,0.0,0.0],"del_yes_cr_yes":[0.0,0.0,0.0,0.0,0.0,0.0,0.0,1.016e-05,0.0697307,6.76821889,12.67815339,0.48756343,0.00032422,0.0,0.0,0.0,0.0,0.0,0.0,0.0,0.0],"del_yes_cr_no":[0.0,2e-08,0.00029759,0.06186311,1.30670505,5.85555173,7.95851239,3.95980141,0.79293502,0.06605219,0.00225264,2.952e-05,1.3e-07,0.0,0.0,0.0,0.0,0.0,0.0,0.0,0.0],"conf_yes_cr_yes_del_yes":[0.0,0.0,0.0,0.0,0.0,0.0,0.0,0.0,0.0,0.0,4e-08,5.622e-05,0.01538924,0.81612802,7.68928533,10.25511539,1.22285043,0.00517604,1e-07,0.0,0.0],"conf_yes_cr_no_del_yes":[0.0,0.0,0.0,0.0,0.0,0.0,2e-08,5.9e-07,1.33e-05,0.00019365,0.00195905,0.01440238,0.07925951,0.33201137,1.06324049,2.57793955,4.59669827,5.66810245,4.24967243,1.40679832,0.02741886]}}
