{"nodes":{"cr_yes":[0.0,0.0,0.0,0.0,0.0,0.0,0.0,0.0,0.0,0.0,0.0,1e-07,4.599e-05,0.00257185,2.18216868,17.68808979,0.13112431,9e-08,0.0,0.0,0.0],"imm_yes_cr_yes":[0.0,0.0,0.0,0.0,0.0,0.0,0.0,0.0,0.0,2e-08,0.00051229,0.41038702,10.96274832,8.49571049,0.13461983,2.283e-05,0.0,0.0,0.0,0.0,0.0],"imm_yes_cr_no":[0.0,0.0,0.0,0.0,0.0,0.0,0.0,0.0,0.0,0.0,1e-08,3.992e-05,0.02921368,2.13242036,13.15528343,4.64375724,0.04328393,2.23e-06,0.0,0.0,0.0],"del_yes_cr_yes":[3e-08,5.46e-06,0.00110114,0.95786859,10.58019421,7.68239603,0.76698561,0.01525068,0.00017214,2.312e-05,3.42e-06,3.5e-07,2e-08,0.0,0.0,0.0,0.0,0.0,0.0,0.0,0.0],"del_yes_cr_no":[1.47327589,7.97025903,1.35793255,0.78081358,0.77774226,0.78398173,0.77699105,0.75825839,0.72999335,0.69436632,0.65340112,0.60891469,0.56248504,0.51544062,0.46886507,0.42361238,0.38032852,0.33947658,0.30136303,0.26616364,0.23394781],"conf_yes_cr_yes_del_yes":[0.00053823,0.0014786,0.00368494,0.0083141,0.01707828,0.03220981,0.05649627,0.09520466,0.1670826,0.3358934,0.74887401,1.59335339,2.86185125,4.05809011,4.33971505,3.32342077,1.68997242,0.51671245,0.10437149,0.03868558,0.02248498],"conf_yes_cr_no_del_yes":[0.41087921,0.4303244,0.45616423,0.4883987,0.5270278,0.57205155,0.62346993,0.68128295,0.74549061,0.81609291,0.89308984,0.97648142,1.06626763,1.16244848,1.26502398,1.37399411,1.48935887,1.61111828,1.73927233,1.87382101,2.01476433]}}
