{"nodes":{"cr_yes":[0.0,0.0,0.0,0.0,0.0,0.0,0.0,0.0,0.0,0.0,0.0,0.0,0.0,0.0,0.0001611,1.20418907,18.68661526,0.11303537,1e-08,0.0,0.0],"imm_yes_cr_yes":[0.0,0.0,0.0,0.0,0.0,0.0,0.00302612,4.18865799,15.5284031,0.28388134,3.225e-05,0.0,0.0,0.0,0.0,0.0,0.0,0.0,0.0,0.0,0.0],"imm_yes_cr_no":[0.01030891,0.00393854,0.00126372,0.00033773,7.466e-05,4.675e-05,0.00199122,0.0464412,0.45042077,1.8751249,3.3788753,2.59365151,0.81289352,0.10382757,0.10763234,0.71640899,2.41115551,3.84861678,2.76983773,0.83028102,0.0920532],"del_yes_cr_yes":[0.0,0.0,0.0,0.0,0.0,2e-06,0.00787948,1.03923584,9.20620387,8.88646719,0.85791007,0.00629955,2.81e-06,0.0,0.0,0.0,0.0,0.0,0.0,0.0,0.0],"del_yes_cr_no":[0.01946956,0.01595353,0.01145096,0.0071976,0.00434258,0.01168532,0.10266513,0.53084562,1.56946184,2.96071792,4.0220011,4.28710432,3.52518746,2.03278115,0.74090333,0.15469998,0.01648793,0.00076304,1.444e-05,2.15e-06,1.24e-06],"conf_yes_cr_yes_del_yes":[0.0,0.0,0.0,1e-08,4e-08,1.9e-07,7.5e-07,2.42e-06,6.28e-06,1.313e-05,2.216e-05,0.00012074,0.00861829,0.2754298,2.92658057,9.20380842,6.81666099,0.76735726,0.00537948,2.8e-07,0.0],"conf_yes_cr_no_del_yes":[0.01893594,0.0263184,0.03586804,0.0482395,0.06460763,0.08711022,0.11940384,0.16713394,0.23791838,0.34030443,0.48148281,0.66553338,0.89973435,1.2226727,1.74535387,2.59640909,3.59069634,3.87546723,2.67827865,0.97443025,0.27513955]}}
