{"nodes":{"cr_yes":[0.0,0.0,0.0,0.0,0.0,0.0,0.0,0.0,0.0,0.0,0.0,0.0,0.0,0.0,0.00211632,6.87972992,13.12100971,0.00114484,0.0,0.0,0.0],"imm_yes_cr_yes":[0.0,0.0,0.0,0.0,0.0,0.0,4.2e-06,0.14180206,13.20525212,6.63304048,0.02390133,6e-07,0.0,0.0,0.0,0.0,0.0,0.0,0.0,0.0,0.0],"imm_yes_cr_no":[0.0,0.0,0.0,0.0,0.0,0.0,0.0,8e-08,0.0001137,0.02429219,0.91323016,6.70671521,9.71642855,2.54494254,0.09790172,0.00037659,8e-08,0.0,0.0,0.0,0.0],"del_yes_cr_yes":[0.0,0.0,0.0,0.0,0.0,0.0,3e-08,0.00062994,0.35631621,8.37365953,10.5198523,0.75082964,0.00271279,3.6e-07,0.0,0.0,0.0,0.0,0.0,0.0,0.0],"del_yes_cr_no":[0.0,0.0,0.0,0.0,2.7e-07,8.891e-05,0.00583638,0.11637726,0.8986806,3.1458592,5.60334516,5.58405586,3.3045948,1.13279582,0.19777747,0.01427323,0.00031454,1.28e-06,0.0,0.0,0.0],"conf_yes_cr_yes_del_yes":[0.0,0.0,0.0,0.0,0.0,0.0,0.0,0.0,0.0,0.0,3.7e-07,0.00014593,0.01630937,0.53482622,4.88015888,10.56643844,3.88429721,0.12175832,6.606e-05,0.0,0.0],"conf_yes_cr_no_del_yes":[0.0,0.0,0.0,0.0,0.0,0.0,0.0,0.0,1e-08,3e-08,3.4e-07,7e-06,0.00013692,0.00201129,0.02166841,0.1710246,0.97098748,3.74201365,8.39726727,6.69755358,0.00266043]}}
