{"nodes":{"cr_yes":[0.0,0.0,0.0,0.0,0.0,0.0,0.0,2e-08,3.1e-07,1.66e-06,2.54e-06,1.03e-06,0.00034607,0.30100772,9.65740142,10.02022616,0.02501385,1e-08,0.0,0.0,0.0],"imm_yes_cr_yes":[0.0,0.0,0.0,0.0,0.0,5.72e-06,0.16657028,13.0125382,6.78744353,0.03744056,2.53e-06,0.0,0.0,0.0,0.0,0.0,0.0,0.0,0.0,0.0,0.0],"imm_yes_cr_no":[1.21e-06,3.66e-06,5.18e-06,3.6e-06,1.62e-06,0.00102322,0.18288653,3.43530764,9.38335669,5.30945006,1.43401998,0.24428972,0.01346434,0.00018738,5.7e-07,0.0,0.0,0.0,0.0,0.0,0.0],"del_yes_cr_yes":[0.0,0.0,0.0,0.0,0.0,1.5e-07,0.00019304,0.07760589,4.33143275,13.18356607,2.3853331,0.02585535,1.446e-05,0.0,0.0,0.0,0.0,0.0,0.0,0.0,0.0],"del_yes_cr_no":[2.19e-06,2.39e-06,2.4e-06,0.00487485,0.53777918,5.38218352,9.45277793,4.08718022,0.51813794,0.02079269,0.00026743,1.15e-06,0.0,0.0,0.0,0.0,0.0,0.0,0.0,0.0,0.0],"conf_yes_cr_yes_del_yes":[0.0,0.0,0.0,0.0,0.0,1e-08,1.2e-07,1.92e-06,2.134e-05,0.00017158,0.00100227,0.00467721,0.04016287,0.60496526,4.23758858,9.41738776,5.1663053,0.50585246,0.0246578,0.00120366,5.3e-06],"conf_yes_cr_no_del_yes":[1.07e-06,2.77e-06,7.01e-06,1.722e-05,4.123e-05,9.627e-05,0.00021949,0.00048916,0.00106652,0.00227658,0.0047603,0.00975425,0.01959345,0.03862032,0.07510478,0.1478314,0.32086179,0.88630944,3.06969402,9.84122948,11.17204954]}}
