{"nodes":{"cr_yes":[0.0,0.0,0.0,0.0,0.0,0.0,0.0,0.0,0.0,0.0,0.0,0.0,1.811e-05,0.20441116,15.37566029,4.41836569,0.00554554,1e-08,0.0,0.0,0.0],"imm_yes_cr_yes":[0.0,0.0,0.0,0.0,1e-08,1.13e-06,0.0062712,1.3581308,11.38937289,7.0362273,0.2137395,0.00025796,1e-08,0.0,0.0,0.0,0.0,0.0,0.0,0.0,0.0],"imm_yes_cr_no":[0.0,0.0,1e-08,8.8e-07,2.641e-05,0.00019249,0.00571602,0.57723051,6.42198341,10.02548815,2.8152286,0.15655533,0.00157662,2.36e-06,0.0,0.0,0.0,0.0,0.0,0.0,0.0],"del_yes_cr_yes":[0.0,0.0,0.0,0.0,0.0,0.0,0.0,1.92e-06,0.00262261,0.34785393,5.47674916,11.1745802,2.91552186,0.08644313,0.00022796,4e-08,0.0,0.0,0.0,0.0,0.0],"del_yes_cr_no":[0.0,1e-08,1.844e-05,0.00651294,0.44064599,4.43479282,9.08582034,5.04282589,0.92343325,0.06592318,0.00324924,0.00059285,0.00015383,2.82e-05,3.51e-06,2.9e-07,2e-08,0.0,0.0,0.0,0.0],"conf_yes_cr_yes_del_yes":[0.0,0.0,0.0,0.0,0.0,0.0,0.0,0.0,0.0,0.0,1.03e-06,0.00025146,0.02002956,0.52754302,4.38484355,10.03320995,4.7691029,0.26849392,0.00052501,3.9e-07,3e-08],"conf_yes_cr_no_del_yes":[0.04107633,0.054781,0.07263331,0.09573065,0.12540264,0.16323818,0.21110606,0.27116363,0.34584539,0.43782132,0.54991097,0.68493633,0.84549302,1.03361878,1.25036214,1.49546291,1.76880194,2.08318549,2.52829179,3.45264033,5.0260735]}}
