{"nodes":{"cr_yes":[0.0,0.0,0.0,0.0,0.0,0.0,0.0,0.0,0.0,0.0,0.0,0.0,0.0,0.0,0.0,0.03466805,19.93080725,0.0385255,0.0,0.0,0.0],"imm_yes_cr_yes":[0.0,0.0,0.0,0.0,0.0,3.23e-06,0.36965202,18.4675593,1.16662702,0.00015924,0.0,0.0,0.0,0.0,0.0,0.0,0.0,0.0,0.0,0.0,0.0],"imm_yes_cr_no":[0.0,0.0,0.0,0.0,0.0,0.0,1e-08,2.339e-05,0.00500597,0.17946498,1.5563128,6.7154553,9.44191709,2.05622217,0.04950842,9.065e-05,1e-08,0.0,0.0,0.0,0.0],"del_yes_cr_yes":[0.0,0.0,0.0,0.0,0.0,0.0,2.16e-06,0.00542306,0.39970093,5.55205632,12.64510351,1.39534016,0.00637366,1e-06,0.0,0.0,0.0,0.0,0.0,0.0,0.0],"del_yes_cr_no":[6e-08,3.72e-06,8.639e-05,0.00089881,0.00468647,0.01327386,0.03080768,0.33064588,2.70849088,7.41102102,6.96792828,2.27714544,0.24811321,0.00954488,0.00098676,0.0003032,5.778e-05,6.15e-06,3.5e-07,1e-08,0.0],"conf_yes_cr_yes_del_yes":[0.0,0.0,0.0,0.0,0.0,0.0,0.0,0.0,0.0,0.0,2e-08,1.495e-05,0.00411825,0.32404206,5.03798518,11.80039998,2.80305378,0.03437407,1.25e-05,0.0,0.0],"conf_yes_cr_no_del_yes":[2.7e-07,7e-07,1.78e-06,4.4e-06,1.062e-05,2.493e-05,5.699e-05,0.00012689,0.00027512,0.0005807,0.00119272,0.0023826,0.00462685,0.00873666,0.01614901,0.03121113,0.09027317,0.54968751,3.76648971,14.63198733,1.80036373]}}
