{"nodes":{"cr_yes":[0.0,0.0,0.0,0.0,0.0,0.0,0.0,0.0,0.0,0.0,0.0,0.0,0.0,6e-08,0.00656672,5.35794866,14.6130667,0.02641866,0.0,0.0,0.0],"imm_yes_cr_yes":[0.0,0.0,0.0,0.0,0.0,0.0,0.0,0.0,0.0,0.00015637,0.41740537,14.02374505,5.54438373,0.01831003,2.5e-07,0.0,0.0,0.0,0.0,0.0,0.0],"imm_yes_cr_no":[0.0,0.0,0.0,0.0,0.0,0.0,0.0,0.0,0.0,0.0,6.4e-06,0.00257421,0.21531767,3.67368368,11.26599151,4.69226197,0.1540311,0.00013427,0.0,0.0,0.0],"del_yes_cr_yes":[0.0,0.0,0.0,0.0,0.0,0.0,6.3e-07,0.00537555,1.2330648,12.1303808,6.44219456,0.19270017,0.00028428,1e-08,0.0,0.0,0.0,0.0,0.0,0.0,0.0],"del_yes_cr_no":[0.0,1e-08,0.0,6.07e-06,0.00240443,0.11550288,1.30440162,4.87712796,7.27884777,4.78230073,1.43662427,0.19522074,0.01131382,0.0002488,1.7e-06,0.0,0.0,0.0,0.0,0.0,0.0],"conf_yes_cr_yes_del_yes":[0.0,0.0,0.0,0.0,0.0,0.0,0.0,0.0,0.0,1e-08,5.41e-06,0.00080305,0.0416637,0.77354346,4.9402088,9.59419689,4.37539447,0.27743411,0.0007509,0.0,0.0],"conf_yes_cr_no_del_yes":[0.0,0.0,0.0,0.0,2e-08,3.1e-07,3.03e-06,2.323e-05,0.00014742,0.0008025,0.00383798,0.01628795,0.06127936,0.20281978,0.58362615,1.43616433,2.9453769,4.81001334,5.70183179,3.9003965,0.68278039]}}
