{"nodes":{"cr_yes":[0.0,0.0,0.0,0.0,0.0,0.0,0.0,0.0,0.0,0.0,0.0,1e-08,5e-08,1.23e-06,0.03724752,9.6287971,10.32510605,0.01284884,0.0,0.0,0.0],"imm_yes_cr_yes":[0.0,0.0,0.0,0.0,0.0,0.0,0.0,0.0,0.0,0.0,9.115e-05,0.21673373,10.57117923,9.12401814,0.09197369,4.87e-06,0.0,0.0,0.0,0.0,0.0],"imm_yes_cr_no":[0.0,0.0,0.0,0.0,0.0,0.0,0.0,0.0,0.0,0.0,1e-08,4.22e-05,0.02773871,1.95609218,12.68380353,5.26747737,0.06883991,6.89e-06,0.0,0.0,0.0],"del_yes_cr_yes":[0.0,9.3e-07,0.00452039,1.77581649,11.88416964,5.90587522,0.42737349,0.00622307,2.115e-05,1.3e-07,1.1e-07,8e-08,5e-08,3e-08,1e-08,0.0,0.0,0.0,0.0,0.0,0.0],"del_yes_cr_no":[20.49375762,6.50240346,1.47737791,0.71949601,0.43889223,0.26713264,0.15766819,0.08998676,0.04973542,0.02668339,0.01392881,0.00708839,0.00352243,0.0017114,0.00081379,0.00037902,0.000173,7.743e-05,3.399e-05,1.464e-05,6.18e-06],"conf_yes_cr_yes_del_yes":[0.00493923,0.01007035,0.01886969,0.03263706,0.05230787,0.07810251,0.110079,0.15211522,0.22478613,0.39150863,0.78093699,1.54171018,2.66142613,3.74477244,4.0967067,3.31772455,1.86308477,0.67222557,0.1694079,0.06430778,0.03750342],"conf_yes_cr_no_del_yes":[0.39956793,0.42204349,0.45060612,0.48525581,0.52599258,0.57281641,0.62572732,0.68472529,0.74981033,0.82098245,0.89824163,0.98158788,1.0710212,1.16654159,1.26814905,1.37584358,1.48962518,1.60949384,1.73544958,1.86749239,2.00562226]}}
