{"nodes":{"cr_yes":[0.0,0.0,0.0,0.0,0.0,0.0,0.0,0.0,0.0,0.0,0.0,4.73e-06,0.0043494,0.53388772,7.3733199,9.31916679,2.72235419,0.05091719,8.8e-07,0.0,0.0],"imm_yes_cr_yes":[0.0,0.0,0.0,3e-08,1.51e-06,0.02882822,2.04329967,13.90813264,4.02219227,0.00154647,0.0,0.0,0.0,0.0,0.0,0.0,0.0,0.0,0.0,0.0,0.0],"imm_yes_cr_no":[1e-08,1e-08,0.0,0.0,0.0,2e-08,8.95e-06,0.00106746,0.03064296,0.41473502,4.42812069,10.47631631,4.14434952,0.49098585,0.0176916,8.239e-05,4e-08,0.0,0.0,0.0,0.0],"del_yes_cr_yes":[0.0,0.0,0.0,0.0,0.0,0.0,9.26e-06,0.03841751,3.38389402,12.71762152,3.82275358,0.04116807,0.00013678,7e-08,0.0,0.0,0.0,0.0,0.0,0.0,0.0],"del_yes_cr_no":[1.375e-05,1.188e-05,7.96e-06,4.14e-06,2.78e-06,0.00031683,0.02010863,0.37226992,2.41712655,6.20862428,6.77206489,3.24219011,0.71413016,0.12757665,0.06654389,0.04026415,0.01699654,0.00478114,0.00087121,9.889e-05,6.63e-06],"conf_yes_cr_yes_del_yes":[0.0,0.0,0.0,0.0,0.0,0.0,0.0,5e-08,4.6e-07,2.66e-06,1.048e-05,6.842e-05,0.0163482,1.03048584,9.2698389,9.10575423,0.58030097,0.00118504,5.51e-06,4e-08,0.0],"conf_yes_cr_no_del_yes":[0.07051219,0.09230365,0.12000973,0.15493542,0.19856374,0.25253663,0.31861286,0.39859456,0.49421308,0.60696415,0.73788361,0.88725794,1.054271,1.2366027,1.43002434,1.62815755,1.82344564,2.01609678,2.25864955,2.72687148,3.0655006]}}
