{"nodes":{"cr_yes":[0.0,0.0,0.0,0.0,0.0,0.0,0.0,0.0,0.0,0.0,0.0,1e-08,0.02934379,18.98071619,0.99393998,8.4e-07,0.0,0.0,0.0,0.0,0.0],"imm_yes_cr_yes":[0.0,0.0,0.0,0.0,0.0,0.0,0.0,0.0,0.0,2.083e-05,0.30542364,16.47761371,3.21935765,0.00158496,0.0,0.0,0.0,0.0,0.0,0.0,0.0],"imm_yes_cr_no":[0.0,0.0,0.0,0.0,0.0,0.0,0.0,0.0,3.04e-06,0.01266882,1.9969367,13.86279776,4.09105558,0.0405307,8.2e-06,0.0,0.0,0.0,0.0,0.0,0.0],"del_yes_cr_yes":[0.0,0.0,0.0,0.0,0.0,0.0,0.0,0.0,6.92e-06,0.03106074,3.80795591,14.54861524,1.61250157,0.00386031,1.1e-07,0.0,0.0,0.0,0.0,0.0,0.0],"del_yes_cr_no":[0.0,0.0,5.827e-05,0.18876871,6.168513,11.17120479,2.38756401,0.08724255,0.00064844,1.03e-06,0.0,0.0,0.0,0.0,0.0,0.0,0.0,0.0,0.0,0.0,0.0],"conf_yes_cr_yes_del_yes":[0.0,0.0,0.0,0.0,0.0,0.0,0.0,0.0,0.0,0.0,7e-08,0.00011248,0.03035199,1.39803287,9.88283917,8.21966729,0.47235389,0.00064303,0.0,0.0,0.0],"conf_yes_cr_no_del_yes":[0.0,0.0,0.0,0.0,0.0,0.0,2e-08,6.5e-07,1.266e-05,0.0001673,0.00158924,0.01130572,0.06190764,0.26486589,0.88659539,2.28612978,4.37031739,5.76556354,4.6224457,1.71332028,0.03955923]}}
