{"nodes":{"cr_yes":[0.0,0.0,0.0,0.0,0.0,0.0,0.0,0.0,0.0,0.0,0.0,0.0,0.0,1e-08,0.02339539,18.80830272,1.17230241,2.7e-07,0.0,0.0,0.0],"imm_yes_cr_yes":[0.0,0.0,0.0,0.0,0.0,0.0,0.0,0.0,0.0,0.0,9e-08,0.02473223,12.00362894,7.97224891,0.00339062,0.0,0.0,0.0,0.0,0.0,0.0],"imm_yes_cr_no":[0.0,0.0,0.0,0.0,0.0,0.0,0.0,0.0,3.65e-06,0.01603997,2.42533191,14.37843292,3.1642093,0.0199809,2.15e-06,0.0,0.0,0.0,0.0,0.0,0.0],"del_yes_cr_yes":[0.0,0.0,0.0,0.0,0.0,0.0,9.62e-06,0.01239547,1.11680855,9.36863542,8.58172378,0.91337434,0.01104001,1.36e-05,0.0,0.0,0.0,0.0,0.0,0.0,0.0],"del_yes_cr_no":[9.07e-06,0.11390725,4.6535019,10.93972199,3.94082933,0.34649191,0.00945276,9.08e-05,3.3e-07,0.0,0.0,0.0,0.0,0.0,0.0,0.0,0.0,0.0,0.0,0.0,0.0],"conf_yes_cr_yes_del_yes":[0.0,0.0,0.0,0.0,0.0,0.0,0.0,0.0,0.0,0.0,3e-08,1.895e-05,0.00378195,0.21131975,3.13730382,10.56785504,5.81319845,0.27025529,0.00026751,0.0,0.0],"conf_yes_cr_no_del_yes":[0.0,0.0,0.0,0.0,0.0,0.0,0.0,4e-08,4.4e-07,3.66e-06,2.686e-05,0.00017979,0.00111022,0.00628881,0.03223423,0.14732631,0.59118604,2.03566719,5.72215775,11.15833728,0.61896434]}}
