{"nodes":{"cr_yes":[0.0,0.0,0.0,0.0,0.0,0.0,0.0,0.0,0.0,0.0,0.0,0.0,0.0,3e-08,0.00759801,12.42038206,7.57542897,0.00059172,0.0,0.0,0.0],"imm_yes_cr_yes":[0.0,0.0,0.0,0.0,0.0,5.38e-06,0.25544108,16.1586422,3.58535231,0.0045598,4e-08,0.0,0.0,0.0,0.0,0.0,0.0,0.0,0.0,0.0,0.0],"imm_yes_cr_no":[0.0,0.0,0.0,0.0,0.0,0.0,3e-08,6.937e-05,0.01785985,0.72514104,5.67636868,9.3029018,3.48604933,0.68409376,0.10671249,0.00476307,4.132e-05,5e-08,0.0,0.0,0.0],"del_yes_cr_yes":[0.0,0.0,0.0,0.0,5.87e-06,0.00742167,0.41604526,2.54116909,12.6939532,4.2929407,0.05243165,3.33e-05,6e-08,0.0,0.0,0.0,0.0,0.0,0.0,0.0,0.0],"del_yes_cr_no":[1.305e-05,0.00019622,0.00129967,0.00439737,0.01107617,0.10996165,0.98962602,3.5032129,5.61958531,4.94478369,2.93026249,1.33308134,0.44566021,0.09711312,0.01270186,0.00098158,5.185e-05,2.69e-06,1.3e-07,0.0,0.0],"conf_yes_cr_yes_del_yes":[0.0,0.0,0.0,0.0,0.0,0.0,0.0,0.0,1e-08,1.9e-07,4.37e-06,0.00032432,0.02199395,0.54339348,4.33561086,9.81793927,4.93503385,0.34662155,0.00268187,0.0003867,2.073e-05],"conf_yes_cr_no_del_yes":[0.1741294,0.15407317,0.13439878,0.11549564,0.09773442,0.08147073,0.06705432,0.05483776,0.04517784,0.03847652,0.03566366,0.04114791,0.07546785,0.21381864,0.6567521,1.73624925,3.55679787,5.2041471,4.89335302,2.4883518,0.45293543]}}
