{"nodes":{"cr_yes":[0.0,0.0,0.0,0.0,0.0,0.0,0.0,0.0,0.0,7e-08,1.37e-06,7.95e-06,1.297e-05,5.28e-06,1.74e-06,0.03303385,18.94448857,1.02644784,1.16e-06,0.0,0.0],"imm_yes_cr_yes":[0.0,0.0,0.0,0.0,0.0,9.8e-07,0.00945574,7.88046559,12.03569288,0.07838234,3.26e-06,0.0,0.0,0.0,0.0,0.0,0.0,0.0,0.0,0.0,0.0],"imm_yes_cr_no":[0.0,0.0,0.0,0.0,0.0,2e-08,1.44e-06,0.00016032,0.00539675,0.05872828,0.38829937,2.7319194,5.5448325,4.14576177,4.84473692,2.09651035,0.18509027,0.002519,4.61e-06,1.056e-05,5.847e-05],"del_yes_cr_yes":[0.0,0.0,0.0,0.0,0.0,0.0,0.0,4e-08,0.00202498,1.28403822,15.07152224,3.63057143,0.01584303,8.6e-07,0.0,0.0,0.0,0.0,0.0,0.0,0.0],"del_yes_cr_no":[1.63e-06,2.74e-06,3.92e-06,4.52e-06,4.51e-06,3.992e-05,0.00135968,0.02413579,0.24770594,1.4705835,4.56513009,6.86868165,4.86044655,1.64737274,0.2898177,0.027182,0.00110486,5.857e-05,9.453e-05,0.00015973,0.00022206],"conf_yes_cr_yes_del_yes":[0.0,0.0,0.0,0.0,0.0,0.0,1e-08,7e-08,3.9e-07,1.65e-06,6.47e-06,5.175e-05,0.00128537,0.08636858,2.00726728,9.74388527,7.56915214,0.59401795,0.00196361,2.6e-07,0.0],"conf_yes_cr_no_del_yes":[0.40504146,0.45871507,0.51697083,0.57962985,0.64634572,0.71657133,0.7895248,0.86415617,0.93911721,1.01273731,1.08300964,1.14759224,1.20383031,1.24880723,1.27943791,1.29266844,1.28623033,1.26274157,1.24951063,1.35690132,1.73396428]}}
