{"nodes":{"cr_yes":[0.0,0.0,0.0,0.0,0.0,0.0,0.0,0.0,0.0,0.0,0.0,0.0,0.0,0.0,7.165e-05,1.29909664,18.68388152,0.02095099,0.0,0.0,0.0],"imm_yes_cr_yes":[0.0,0.0,0.0,0.0,0.0,9e-08,0.03079294,10.28322996,9.64564098,0.04433563,1.2e-06,0.0,0.0,0.0,0.0,0.0,0.0,0.0,0.0,0.0,0.0],"imm_yes_cr_no":[0.0,0.0,0.0,0.0,0.0,0.0,0.0,9e-08,0.00015204,0.03290456,1.15472328,7.41567081,9.13777605,2.16749087,0.09469019,0.00059264,2.6e-07,0.0,0.0,0.0,0.0],"del_yes_cr_yes":[0.0,0.0,0.0,0.0,0.0,0.0,0.00044322,0.49557525,11.23105853,8.05592156,0.22077485,0.00022737,1e-08,0.0,0.0,0.0,0.0,0.0,0.0,0.0,0.0],"del_yes_cr_no":[0.0,0.0,0.0,0.0,5.2e-07,7.772e-05,0.00360725,0.068114,0.59757453,2.5971622,5.74255158,6.44632579,3.55636336,0.8978463,0.0913402,0.00301516,2.216e-05,2e-08,0.0,0.0,0.0],"conf_yes_cr_yes_del_yes":[0.0,0.0,0.0,0.0,0.0,0.0,0.0,0.0,0.0,0.0,3.4e-07,0.00012914,0.0144008,0.4781683,4.51258825,10.45487056,4.36820086,0.17548056,0.00016198,0.0,0.0],"conf_yes_cr_no_del_yes":[0.0,0.0,0.0,0.0,0.0,0.0,0.0,0.0,0.0,4e-08,9.9e-07,1.881e-05,0.00025609,0.00259216,0.01998725,0.11961421,0.56517052,2.13631515,6.26455225,10.83140721,0.12817222]}}
