{"nodes":{"cr_yes":[24.57318006,6.31779722,1.21037251,0.17051979,0.01739383,0.00126149,6.368e-05,2.18e-06,5e-08,0.0,0.0,0.0,0.0,0.0,0.0,0.0,0.0,0.0,0.0,0.0,3e-08],"imm_yes_cr_yes":[0.0,0.0,0.0,0.0,0.0,0.0,0.0,0.0,0.0,0.0,0.00014,0.32193109,12.63606935,7.011927,0.03393279,5.7e-07,0.0,0.0,0.0,0.0,0.0],"imm_yes_cr_no":[0.0,0.0,0.0,0.0,0.0,0.0,0.0,0.0,0.0,5.05e-06,0.01070384,1.46233667,12.58208536,5.84571893,0.1031153,3.566e-05,0.0,0.0,0.0,0.0,0.0],"del_yes_cr_yes":[2.72e-06,0.00118832,0.14052238,4.44974586,11.68171321,3.54580688,0.17267909,0.00170995,3.364e-05,7.668e-05,0.00016913,0.00032474,0.00054918,0.00082616,0.00111499,0.0013599,0.00150843,0.00153006,0.00142607,0.0012264,0.00097674],"del_yes_cr_no":[38.09409055,0.94855574,0.00797995,0.00035502,5.488e-05,8.49e-06,1.24e-06,1.7e-07,2e-08,0.0,0.0,0.0,0.0,0.0,0.0,0.0,0.0,0.0,0.0,0.0,0.0],"conf_yes_cr_yes_del_yes":[0.10722345,0.09392247,0.09216532,0.10630015,0.14082316,0.1992852,0.28373543,0.39675951,0.5496478,0.77721384,1.14258668,1.69293945,2.35333547,2.8555687,2.868421,2.31260648,1.51630971,0.92911305,0.69629182,0.64375666,0.59921435],"conf_yes_cr_no_del_yes":[0.39205678,0.41751643,0.44870154,0.4856121,0.52824811,0.57660958,0.6306965,0.69050887,0.7560467,0.82730998,0.90429871,0.98701289,1.07545253,1.16961761,1.26950816,1.37512415,1.4864656,1.6035325,1.72632485,1.85484265,1.98908591]}}
