{"nodes":{"cr_yes":[0.0,0.0,0.0,0.0,0.0,0.0,0.0,0.0,0.0,0.0,0.0,0.0,3e-08,0.01026324,9.66256206,10.32851808,0.00265739,0.0,0.0,0.0,0.0],"imm_yes_cr_yes":[0.0,0.0,0.0,0.0,1e-08,0.00056324,0.55379156,11.61332851,7.64462454,0.19150344,0.0001895,1e-08,0.0,0.0,0.0,0.0,0.0,0.0,0.0,0.0,0.0],"imm_yes_cr_no":[0.0,0.0,0.0,0.0,0.0,0.0,2.02e-06,0.00337587,0.43988342,6.14369666,10.83000913,2.51497795,0.07184739,0.00020831,4e-08,0.0,0.0,0.0,0.0,0.0,0.0],"del_yes_cr_yes":[0.0,1.1e-07,0.03320999,3.25107407,4.59749903,0.41779122,1.49745066,6.70129222,3.3000073,0.20407306,0.00160171,1.44e-06,0.0,0.0,0.0,0.0,0.0,0.0,0.0,0.0,0.0],"del_yes_cr_no":[0.0,5.33e-06,0.03931569,2.09682901,8.87409791,7.18616301,1.66779578,0.13551463,0.00422739,5.182e-05,2.4e-07,0.0,0.0,0.0,0.0,0.0,0.0,0.0,0.0,0.0,0.0],"conf_yes_cr_yes_del_yes":[0.0,0.0,0.0,0.0,0.0,0.0,0.0,0.0,0.0,5.8e-07,8.138e-05,0.00457558,0.11023732,1.15887156,5.13787631,8.66258771,4.47214508,0.45432277,0.00330244,7e-08,0.0],"conf_yes_cr_no_del_yes":[0.0,0.0,0.0,0.0,0.0,0.0,3e-08,6.9e-07,9.6e-06,9.538e-05,0.00071961,0.00431163,0.02117729,0.08709323,0.30351949,0.8983235,2.23284138,4.49810551,6.67584224,5.28106825,0.00178592]}}
