{"nodes":{"cr_yes":[0.0,0.0,0.0,0.0,0.0,0.0,0.0,0.0,0.0,0.0,0.0,0.0,7.69e-06,1.0918686,18.90205154,0.01007297,0.0,0.0,0.0,0.0,0.0],"imm_yes_cr_yes":[0.0,0.0,0.0,0.0,0.0,0.0,0.0,0.0,0.0,0.0,0.0,0.00057323,2.8101447,17.12689349,0.06638933,4e-08,0.0,0.0,0.0,0.0,0.0],"imm_yes_cr_no":[0.0,0.0,0.0,0.0,0.0,0.0,0.0,7.9e-07,0.00528376,1.20828786,12.41246399,6.23774815,0.14011048,0.00010577,0.0,0.0,0.0,0.0,0.0,0.0,0.0],"del_yes_cr_yes":[0.0,0.0,0.0,0.0,0.00022412,0.03729378,0.08774071,0.01230014,1.71799751,14.26139707,3.85200299,0.03503538,9.08e-06,0.0,0.0,0.0,0.0,0.0,0.0,0.0,0.0],"del_yes_cr_no":[0.0,0.39906318,11.42668081,7.61729985,0.5533293,0.00760254,2.51e-05,2e-08,0.0,0.0,0.0,0.0,0.0,0.0,0.0,0.0,0.0,0.0,0.0,0.0,0.0],"conf_yes_cr_yes_del_yes":[0.0,0.0,0.0,0.0,0.0,0.0,0.0,0.0,0.0,0.0,1e-08,1.018e-05,0.00266206,0.18211602,3.08555286,10.91816769,5.61698702,0.19842124,8.374e-05,0.0,0.0],"conf_yes_cr_no_del_yes":[3.345e-05,8.081e-05,0.00018739,0.00041796,0.0008981,0.00186162,0.00372626,0.00720739,0.01347623,0.02435875,0.04255,0.0718022,0.11716212,0.18622518,0.29628188,0.5043119,0.99916806,2.28167896,5.15194702,8.87252469,2.85623512]}}
