{"nodes":{"cr_yes":[1.91977189,0.01889258,0.00012834,5.9e-07,0.0,0.0,0.0,0.0,8.6e-07,0.0003347,0.03388692,0.86776172,5.48006991,8.70560383,3.6172345,0.31668707,0.00351108,2.75e-06,0.0,0.0,0.0],"imm_yes_cr_yes":[0.0,0.0,0.0,0.0,0.0,0.0,0.0,0.0,0.0,0.0,1e-07,0.01045096,5.90660378,14.00657295,0.08037257,4.5e-07,0.0,0.0,0.0,0.0,0.0],"imm_yes_cr_no":[0.0,0.0,0.0,0.0,0.0,0.0,0.0,0.0,0.0,0.0,1.9e-07,0.00158003,0.63861713,11.77303324,7.49606733,0.09469427,8.61e-06,0.0,0.0,0.0,0.0],"del_yes_cr_yes":[0.0,0.0,0.0,5.774e-05,0.03036709,1.03150875,7.15727348,9.93633262,1.80611681,0.04221668,0.00012758,5e-08,0.0,0.0,0.0,0.0,0.0,0.0,0.0,0.0,0.0],"del_yes_cr_no":[1.43286472,0.73765811,0.34132125,0.44011399,0.56404188,0.69370178,0.82280197,0.94522045,1.05540911,1.14879598,1.22203902,1.27313199,1.30138031,1.30727525,1.29229879,1.2586907,1.20920521,1.14687915,1.07482683,0.9960707,0.91341191],"conf_yes_cr_yes_del_yes":[2.682e-05,1.679e-05,1.079e-05,1.037e-05,2.992e-05,0.00014045,0.00062605,0.00244151,0.0082809,0.02446073,0.06310412,0.14327105,0.29292793,0.57288697,1.17484664,2.48305996,4.3926244,5.16838447,3.56966097,1.74599804,0.72241068],"conf_yes_cr_no_del_yes":[0.3220821,0.36310915,0.41714221,0.48604235,0.57041629,0.66948778,0.78104836,0.9014874,1.02590133,1.14828231,1.26178607,1.35907911,1.43276511,1.47589073,1.4825306,1.44845167,1.37185681,1.25420772,1.10112708,0.92338009,0.73793517]}}
