{"nodes":{"cr_yes":[0.0,0.0,0.0,0.0,0.0,0.0,0.0,0.0,0.0,0.0,0.0,0.0,0.0,1.868e-05,0.03953708,0.11695859,9.5320681,10.31532367,9.468e-05,0.0,0.0],"imm_yes_cr_yes":[0.0,0.0,0.0,0.0,0.0,0.0,0.0,0.0,0.0,0.0,7.247e-05,0.42470792,16.345263,3.23220612,0.00175128,0.0,0.0,0.0,0.0,0.0,0.0],"imm_yes_cr_no":[0.0,0.0,0.0,0.0,0.0,0.0,0.0,0.0,0.0,1e-08,7.5e-07,1.317e-05,4.83e-05,0.00031797,0.05392667,2.08182629,12.12452064,5.69173407,0.0516128,1.3e-07,0.0],"del_yes_cr_yes":[0.0,0.0,0.0,2.4e-07,0.00314985,0.73660965,8.84012791,9.29019351,1.11674587,0.01713201,4.169e-05,8e-08,0.0,0.0,0.0,0.0,0.0,0.0,0.0,0.0,0.0],"del_yes_cr_no":[12.01720735,8.30754716,3.02099328,0.75958398,0.14460097,0.02163522,0.00284533,0.00530734,0.04305684,0.18424706,0.42361814,0.53808656,0.37637002,0.13985138,0.02558329,0.00201573,5.447e-05,3.4e-07,0.0,0.0,0.0],"conf_yes_cr_yes_del_yes":[0.0,0.0,0.0,0.0,0.0,0.0,0.0,0.0,0.0,2e-08,8.91e-06,0.00125188,0.06043198,1.02223162,5.77949822,9.5294508,3.45543516,0.15545568,0.00023651,0.0,0.0],"conf_yes_cr_no_del_yes":[0.0,0.0,0.0,0.0,0.0,0.0,1e-08,3.7e-07,7.24e-06,9.684e-05,0.0009375,0.00686181,0.03912061,0.17681364,0.63700953,1.81245821,3.94542356,6.09717432,5.57908039,1.70846054,0.00111251]}}
