{"nodes":{"cr_yes":[0.0,0.0,0.0,0.0,0.0,0.0,0.0,0.0,0.0,0.0,0.0,0.0,0.0,2.386e-05,0.23977661,19.29667462,0.46751381,1.191e-05,0.0,0.0,0.0],"imm_yes_cr_yes":[0.0,0.0,0.0,0.0,0.0,0.0,4e-08,0.02293781,10.56343161,9.39467146,0.02295972,1.5e-07,0.0,0.0,0.0,0.0,0.0,0.0,0.0,0.0,0.0],"imm_yes_cr_no":[0.0,0.0,0.0,0.0,0.0,0.0,0.0,0.0,1.5e-07,0.00034889,0.0882889,2.80223161,11.40467019,5.45473817,0.25224836,0.00146825,6.27e-06,0.0,0.0,0.0,0.0],"del_yes_cr_yes":[0.0,0.0,0.0,0.0,0.0,0.0,0.0,0.0,4.919e-05,0.09040795,5.56793932,13.18134838,1.16084337,0.00341204,5.5e-07,0.0,0.0,0.0,0.0,0.0,0.0],"del_yes_cr_no":[4.371e-05,0.0002709,0.00127293,0.00460344,0.01295252,0.028556,0.04956028,0.06874565,0.0863242,0.15991098,0.52160183,1.63068848,3.43865954,4.42933881,3.91075691,3.11612006,1.90898774,0.5736632,0.0604575,0.0015058,4.35e-06],"conf_yes_cr_yes_del_yes":[0.0,0.0,0.0,0.0,0.0,0.0,0.0,0.0,0.0,0.0,5e-08,6.933e-05,0.0197007,1.00146009,8.3740838,9.50380323,1.09638515,0.00849726,1.2e-06,0.0,0.0],"conf_yes_cr_no_del_yes":[1.3e-07,8e-08,4e-08,2e-08,2e-08,2.5e-07,5.54e-06,8.078e-05,0.00080713,0.00594547,0.03657494,0.2061104,0.96501739,3.11198524,6.00296994,6.17603831,2.93845615,0.52707568,0.03173888,0.0011733,4.236e-05]}}
