{"nodes":{"cr_yes":[0.0,0.0,0.0,0.0,0.0,0.0,0.0,0.0,0.0,0.0,0.0,0.0,0.0,0.00100327,3.50083518,16.47473145,0.0274309,0.0,0.0,0.0,0.0],"imm_yes_cr_yes":[0.0,0.0,0.0,0.0,0.0,0.0,0.0,0.0,0.0,0.0,0.00052849,1.0573397,17.22123519,1.72432008,0.00057734,0.0,0.0,0.0,0.0,0.0,0.0],"imm_yes_cr_no":[0.0,0.0,0.0,0.0,0.0,0.0,0.0,0.0,0.0,0.0,0.0,4e-08,1.19e-06,0.00068675,0.24565412,7.61602102,11.84430465,0.29732473,8.31e-06,0.0,0.0],"del_yes_cr_yes":[0.0,0.0,0.0,0.0,0.0,0.0,0.0,5.1e-05,0.07977778,4.71345635,13.30724366,1.89146854,0.012001,2.48e-06,0.0,0.0,0.0,0.0,0.0,0.0,0.0],"del_yes_cr_no":[0.0,2.97e-06,0.00069689,0.02685933,0.3249896,1.67430319,4.30732616,6.02744327,4.78932358,2.19180247,0.57232466,0.08251951,0.00618684,0.00021915,3.16e-06,1e-08,0.0,0.0,0.0,0.0,0.0],"conf_yes_cr_yes_del_yes":[0.0,0.0,0.0,0.0,0.0,0.0,0.0,0.0,0.0,0.0,5e-08,3.358e-05,0.00616794,0.30768132,3.94273277,10.96538192,4.63859995,0.14334438,5.89e-05,0.0,0.0],"conf_yes_cr_no_del_yes":[5e-08,2.7e-07,1.29e-06,5.6e-06,2.192e-05,7.824e-05,0.00025667,0.00077894,0.00219817,0.00579231,0.01430398,0.03324245,0.07320424,0.15472027,0.32060451,0.66786005,1.4120558,2.93606998,5.49702389,7.6332188,2.50512681]}}
