{"nodes":{"cr_yes":[0.0,0.0,0.0,0.0,0.0,0.0,0.0,0.0,0.0,0.0,0.0,0.0,0.0,0.00071678,14.58267587,5.42060559,2.56e-06,0.0,0.0,0.0,0.0],"imm_yes_cr_yes":[0.0,0.0,0.0,0.0,0.0,0.0,4.74e-06,0.31684872,17.93024816,1.75649772,0.00040146,0.0,0.0,0.0,0.0,0.0,0.0,0.0,0.0,0.0,0.0],"imm_yes_cr_no":[0.0,0.0,0.0,0.0,0.0,1e-08,0.0007209,0.54308538,10.66724793,8.47269955,0.31969873,0.00054827,3e-08,0.0,0.0,0.0,0.0,0.0,0.0,0.0,0.0],"del_yes_cr_yes":[0.0,0.0,0.0,0.0,0.0,0.0,0.0,1.55e-06,0.03071808,5.62286915,13.84431965,0.50585831,0.00023407,0.0,0.0,0.0,0.0,0.0,0.0,0.0,0.0],"del_yes_cr_no":[0.0,0.0,2e-08,0.00214899,0.82067209,9.25310476,8.661667,1.22915973,0.03700084,0.00024705,3.2e-07,0.0,0.0,0.0,0.0,0.0,0.0,0.0,0.0,0.0,0.0],"conf_yes_cr_yes_del_yes":[0.0,0.0,0.0,0.0,0.0,0.0,0.0,0.0,0.0,0.0,1.3e-07,0.000192,0.04663734,1.85302746,10.79460511,7.01498927,0.29428415,0.00026535,0.0,0.0,0.0],"conf_yes_cr_no_del_yes":[0.0,0.0,0.0,0.0,0.0,0.0,0.0,0.0,0.0,1e-08,3.3e-07,9.39e-06,0.00015405,0.00150959,0.00933445,0.0450637,0.25987471,1.61038885,6.63441183,11.42542631,0.03565517]}}
