{"nodes":{"cr_yes":[0.0,0.0,0.0,0.0,0.0,0.0,0.0,0.0,0.0,0.0,0.0,0.0,0.0,0.0,0.00050176,5.98012864,14.02307847,0.00029193,0.0,0.0,0.0],"imm_yes_cr_yes":[0.0,0.0,0.0,0.0,0.0,0.0,0.0,0.00242435,2.85790736,16.47743645,0.6660326,0.00020004,0.0,0.0,0.0,0.0,0.0,0.0,0.0,0.0,0.0],"imm_yes_cr_no":[0.0,0.0,0.0,0.0,0.0,0.0,0.0,0.0,0.0,0.0,0.0,0.0,7.3e-07,0.00069495,0.12791765,3.89429335,13.54350697,2.43415605,0.0034311,0.0,0.0],"del_yes_cr_yes":[0.0,0.0,0.0,0.0,0.0,0.0002428,0.28094173,8.35725745,10.62008963,0.74240773,0.00306078,6.8e-07,0.0,0.0,0.0,0.0,0.0,0.0,0.0,0.0,0.0],"del_yes_cr_no":[0.0,0.0,0.0,1e-08,6.61e-06,0.00079566,0.02566226,0.30854452,1.66609828,4.49155482,6.3767628,4.83089463,1.90609952,0.36641103,0.0302968,0.00086799,5.87e-06,0.0,0.0,0.0,0.0],"conf_yes_cr_yes_del_yes":[0.0,0.0,0.0,0.0,0.0,0.0,0.0,0.0,0.0,0.0,1.47e-06,0.00028584,0.01936632,0.47527885,4.01243206,9.92376503,5.25031352,0.32198366,0.00057405,0.0,0.0],"conf_yes_cr_no_del_yes":[0.0,0.0,0.0,0.0,0.0,0.0,1e-08,3.4e-07,8.43e-06,0.00013135,0.00140587,0.01092231,0.06383179,0.28621333,0.9889533,2.59633095,4.96386646,6.2716018,4.14300939,0.67772542,1.3e-07]}}
