{"nodes":{"cr_yes":[0.0,0.0,0.0,0.0,0.0,0.0,0.0,0.0,0.0,0.0,0.0,0.0,0.0,0.0033118,11.36892645,8.63147179,0.00029075,0.0,0.0,0.0,0.0],"imm_yes_cr_yes":[0.0,0.0,0.0,0.0,0.0,8e-08,0.05239427,14.62067797,5.32638451,0.00454395,1e-08,0.0,0.0,0.0,0.0,0.0,0.0,0.0,0.0,0.0,0.0],"imm_yes_cr_no":[0.0,0.0,0.0,0.0,0.0,1.24e-06,0.02277647,3.96388304,14.3770684,1.63348185,0.00678876,1.03e-06,0.0,0.0,0.0,0.0,0.0,0.0,0.0,0.0,0.0],"del_yes_cr_yes":[0.0,0.0,0.0,0.0,0.0,0.0,3e-08,0.00212485,1.3832299,15.09979574,3.50116132,0.01768733,1.63e-06,0.0,0.0,0.0,0.0,0.0,0.0,0.0,0.0],"del_yes_cr_no":[1e-08,6.03e-06,0.00074259,0.39604598,7.43212199,10.43864706,1.69220194,0.04393378,0.00029376,1.34e-06,1e-08,0.0,1e-08,3e-08,9e-08,2.3e-07,4.7e-07,8.6e-07,1.39e-06,1.97e-06,2.51e-06],"conf_yes_cr_yes_del_yes":[0.0,0.0,0.0,0.0,0.0,0.0,0.0,0.0,0.0,0.0,0.0,1.012e-05,0.00544803,0.49185206,6.79706961,11.30715666,1.39751371,0.00495054,7e-08,0.0,0.0],"conf_yes_cr_no_del_yes":[3.57e-06,9.5e-06,2.463e-05,6.21e-05,0.0001525,0.0003648,0.00085039,0.00193214,0.00427904,0.00923644,0.01942675,0.03979553,0.07934185,0.15380663,0.2895318,0.52867206,0.93870791,1.65692525,3.14383976,6.89664897,12.48078191]}}
