{"nodes":{"cr_yes":[0.0,0.0,0.0,0.0,0.0,0.0,0.0,0.0,0.0,0.0,0.0,0.0,2.4e-06,0.12795053,17.235159,2.57880425,0.05696537,0.00511924,0.0,0.0,0.0],"imm_yes_cr_yes":[0.0,0.0,0.0,0.0,0.0,0.0,0.0,0.0,0.0,4.2e-07,0.01173724,3.92456319,15.52023558,0.54737135,9.301e-05,0.0,0.0,0.0,0.0,0.0,0.0],"imm_yes_cr_no":[0.0,0.0,0.0,0.0,0.0,0.0,0.0,1e-08,2.365e-05,0.00773629,0.42808788,4.47689861,9.02635371,3.3507878,1.2064135,1.38765636,0.11983153,0.00021147,0.0,0.0,0.0],"del_yes_cr_yes":[0.0,0.0,0.0,0.0,5e-08,0.00024403,0.07949243,2.5433644,10.49469924,6.32855044,0.55125278,0.00638852,8.9e-06,0.0,0.0,0.0,0.0,0.0,0.0,0.0,0.0],"del_yes_cr_no":[1.76831649,5.20341462,6.19957452,4.45513887,2.20376636,0.79407553,0.21351208,0.04309725,0.00648781,0.00071602,5.635e-05,3.04e-06,1.1e-07,0.0,0.0,0.0,0.0,0.0,0.0,0.0,0.0],"conf_yes_cr_yes_del_yes":[0.0,0.0,0.0,0.0,0.0,0.0,0.0,0.0,0.0,1.3e-07,4.511e-05,0.00495705,0.17915988,2.15137682,8.06543254,8.03608439,1.53754437,0.02938773,1.28e-05,0.0,0.0],"conf_yes_cr_no_del_yes":[0.0,0.0,0.0,0.0,0.0,0.0,7e-08,1.85e-06,2.9e-05,0.00030992,0.00241874,0.01446218,0.06838408,0.26061214,0.80626116,2.01218219,3.94748425,5.71934373,5.26138013,1.91067176,0.00091921]}}
