{"nodes":{"cr_yes":[0.0,0.0,0.0,0.0,0.0,0.0,0.0,0.0,0.0,0.0,0.0,0.0,6e-07,0.01342632,3.60448474,12.90658247,3.47834987,0.00115681,0.0,0.0,0.0],"imm_yes_cr_yes":[0.0,0.0,0.0,0.0,0.0,0.0,0.0,0.0,0.0,5.06e-06,0.05194701,7.03549166,12.680259,0.23627262,2.545e-05,0.0,0.0,0.0,0.0,0.0,0.0],"imm_yes_cr_no":[0.0,0.0,0.0,0.0,0.0,0.0,0.0,0.0,0.0,0.0,1.012e-05,0.01275636,1.38766701,11.9794056,6.48202947,0.14206236,6.989e-05,0.0,0.0,0.0,0.0],"del_yes_cr_yes":[0.0,3e-08,0.02057225,4.59712278,13.05950614,2.2777109,0.04890885,0.00017968,1.5e-07,1e-08,1e-08,0.0,0.0,0.0,0.0,0.0,0.0,0.0,0.0,0.0,0.0],"del_yes_cr_no":[18.27992219,6.05974432,2.50467251,1.22507333,0.58681113,0.27228598,0.12267426,0.05378036,0.02298084,0.009584,0.00390486,0.00155555,0.00060623,0.00023124,8.636e-05,3.158e-05,1.131e-05,3.97e-06,1.36e-06,4.6e-07,1.5e-07],"conf_yes_cr_yes_del_yes":[0.0017953,0.00210165,0.00314309,0.00580707,0.01155691,0.02240797,0.04065235,0.06908071,0.11588756,0.21581808,0.47729464,1.11121816,2.29176003,3.76787455,4.64205941,4.04444611,2.30019942,0.75313199,0.11856997,0.00940933,0.00136832],"conf_yes_cr_no_del_yes":[0.49517328,0.51056261,0.53163832,0.5584004,0.59084885,0.62898367,0.67280486,0.72231242,0.77750635,0.83838665,0.90495333,0.97720637,1.05514579,1.13877157,1.22808373,1.32308226,1.42376716,1.53013843,1.64219607,1.75994008,1.88337047]}}
