{"nodes":{"cr_yes":[0.0,0.0,0.0,0.0,0.0,0.0,0.0,0.0,0.0,0.0,0.0,0.0,0.0,2.06e-05,0.98045093,18.99580126,0.027728,0.0,0.0,0.0,0.0],"imm_yes_cr_yes":[0.0,0.0,0.0,0.0,0.0,0.0,0.0,0.0,0.0,0.0,0.00121342,2.18575275,17.3888914,0.42812825,1.497e-05,0.0,0.0,0.0,0.0,0.0,0.0],"imm_yes_cr_no":[0.0,0.0,0.0,0.0,0.0,0.0,0.0,0.0,0.0,5.7e-06,0.00079945,0.01660132,0.5948387,9.58877379,9.4701369,0.33268141,0.00016353,0.0,0.0,0.0,0.0],"del_yes_cr_yes":[0.0,0.0,0.0,0.0,0.0,0.0,0.0,4.852e-05,0.08027536,4.8192374,13.31463194,1.77967318,0.01013264,1.77e-06,0.0,0.0,0.0,0.0,0.0,0.0,0.0],"del_yes_cr_no":[8.668e-05,8.6734119,9.90403853,1.3645433,0.06062565,0.00131329,2.424e-05,5.4e-07,1e-08,0.0,0.0,0.0,0.0,0.0,0.0,0.0,0.0,0.0,0.0,0.0,0.0],"conf_yes_cr_yes_del_yes":[0.0,0.0,0.0,0.0,0.0,0.0,0.0,0.0,0.0,0.0,2e-08,1.716e-05,0.00339217,0.19040525,2.89973532,10.32251189,6.25228006,0.33530382,0.00035509,0.0,0.0],"conf_yes_cr_no_del_yes":[0.0,0.0,0.0,0.0,0.0,0.0,0.0,1e-08,2.6e-07,4.06e-06,4.594e-05,0.00040065,0.00279531,0.01601196,0.07658138,0.30833823,1.04269078,2.90533865,6.30666854,8.89872407,0.89280191]}}
