{"nodes":{"cr_yes":[0.0,0.0,0.0,0.0,0.0,0.0,0.0,0.0,0.0,0.0,0.0,0.0,0.0,0.00278059,11.42348397,8.57759815,0.00013809,0.0,0.0,0.0,0.0],"imm_yes_cr_yes":[0.0,0.0,0.0,0.0,0.0,0.0,0.0,0.0,9.437e-05,0.53029489,16.34166892,3.1288205,0.0031221,1e-08,0.0,0.0,0.0,0.0,0.0,0.0,0.0],"imm_yes_cr_no":[0.0,0.0,0.0,0.0,0.0,0.0,4.1e-07,0.00172321,0.37750214,6.54534307,11.0932841,1.95299435,0.03311045,4.306e-05,0.0,0.0,0.0,0.0,0.0,0.0,0.0],"del_yes_cr_yes":[0.0,0.0,0.0,0.0,0.0,6.9e-07,0.00930882,1.97777125,13.51005672,4.42240603,0.08435962,9.767e-05,1e-08,0.0,0.0,0.0,0.0,0.0,0.0,0.0,0.0],"del_yes_cr_no":[0.0,1e-08,0.00108363,0.27874409,4.01728668,9.21336612,5.39816968,1.0232542,0.07026747,0.00181173,1.713e-05,5e-08,0.0,0.0,0.0,0.0,0.0,0.0,0.0,0.0,0.0],"conf_yes_cr_yes_del_yes":[0.0,0.0,0.0,0.0,0.0,0.0,0.0,0.0,0.0,5e-08,2.475e-05,0.00350041,0.1526131,2.07366227,8.23603569,8.10139883,1.41426434,0.02249409,7.28e-06,0.0,0.0],"conf_yes_cr_no_del_yes":[0.0,0.0,0.0,0.0,0.0,0.0,1e-08,3.8e-07,9.29e-06,0.00014429,0.00153813,0.01189318,0.06910751,0.30764536,1.05305407,2.72909033,5.11924835,6.27026834,3.90125538,0.54074617,1e-08]}}
