{"nodes":{"cr_yes":[0.0,0.0,0.0,0.0,0.0,0.0,0.0,0.0,0.0,0.0,0.0,0.0,0.0,5e-08,0.0321999,18.24463291,1.72716687,1.07e-06,0.0,0.0,0.0],"imm_yes_cr_yes":[0.0,0.0,0.0,0.0,0.0,0.0,9.4e-07,0.06857602,11.32097398,8.57381802,0.04063064,1.2e-06,0.0,0.0,0.0,0.0,0.0,0.0,0.0,0.0,0.0],"imm_yes_cr_no":[0.0,0.0,0.0,0.0,0.0,0.0,3.72e-06,0.00327986,0.31513843,4.41756116,10.51171443,4.43818024,0.31490641,0.00319582,1.755e-05,3.11e-06,6e-08,0.0,0.0,0.0,0.0],"del_yes_cr_yes":[0.0,0.0,0.0,0.0,0.0,2.5e-07,0.00478236,1.41592707,13.05642591,5.41016987,0.11656904,0.00012629,1e-08,0.0,0.0,0.0,0.0,0.0,0.0,0.0,0.0],"del_yes_cr_no":[0.0,0.0,2.63e-06,0.00177514,0.14553055,1.85887775,6.25927692,7.38120498,3.54296179,0.74266943,0.06892432,0.00273453,4.254e-05,2.2e-07,0.0,0.0,0.0,0.0,0.0,0.0,0.0],"conf_yes_cr_yes_del_yes":[0.0,0.0,0.0,0.0,0.0,0.0,0.0,0.0,0.0,3e-08,1.236e-05,0.00179764,0.08535306,1.34758776,6.72456558,9.19374799,2.56943308,0.08142568,7.762e-05,0.0,0.0],"conf_yes_cr_no_del_yes":[0.0,0.0,0.0,0.0,0.0,0.0,0.0,1.1e-07,2.55e-06,3.828e-05,0.0004048,0.00318758,0.01939161,0.09329204,0.35902088,1.10412866,2.66888767,4.87136565,6.1970782,4.6451059,0.08419372]}}
