{"nodes":{"cr_yes":[10.72712997,8.05737944,4.02697236,1.32343843,0.28189775,0.03824576,0.00323714,0.00016677,5.08e-06,9e-08,0.0,0.0,1.082e-05,0.00546328,0.22400092,0.579044,0.0604222,0.00011538,0.0,1.772e-05,0.0800373],"imm_yes_cr_yes":[0.0,0.0,0.0,0.0,0.0,0.0,0.0,0.0,0.0,1.254e-05,0.08395492,8.17527626,11.55968264,0.18505527,1.917e-05,0.0,0.0,0.0,0.0,0.0,0.0],"imm_yes_cr_no":[0.0,0.0,0.0,0.0,0.0,0.0,0.0,0.0,2.99e-06,0.00137555,0.25126516,5.6813025,12.01087284,2.03828068,0.02089328,7.81e-06,0.0,0.0,0.0,0.0,0.0],"del_yes_cr_yes":[0.00183036,0.09873163,3.67333169,12.72568663,3.36809326,0.12971544,0.00108808,5.98e-06,8.15e-06,2.274e-05,5.475e-05,0.00011512,0.00021388,0.00035466,0.00052938,0.00071659,0.00088539,0.00100416,0.00105059,0.0010184,0.00091818],"del_yes_cr_no":[16.40316794,6.97191585,2.91503381,1.17749495,0.46108993,0.17553432,0.06510681,0.02356674,0.00833568,0.00288396,0.00097675,0.00032404,0.00010535,3.358e-05,1.049e-05,3.22e-06,9.7e-07,2.9e-07,8e-08,2e-08,1e-08],"conf_yes_cr_yes_del_yes":[0.00014527,0.00059249,0.00205484,0.00617937,0.01638085,0.03883709,0.0834637,0.16483466,0.3041043,0.53463264,0.91026239,1.49561366,2.29601083,3.12856564,3.58179263,3.27058303,2.27034934,1.1668106,0.47974543,0.20512268,0.09598398],"conf_yes_cr_no_del_yes":[0.44163762,0.46215521,0.48839566,0.52035896,0.55804513,0.60145415,0.65058604,0.70544078,0.76601838,0.83231884,0.90434216,0.98208833,1.06555737,1.15474926,1.24966402,1.35030163,1.4566621,1.56874543,1.68655161,1.81008066,1.93933257]}}
