{"nodes":{"cr_yes":[0.0,0.0,0.0,0.0,0.0,0.0,0.0,0.0,0.0,0.0,0.0,0.0,0.0,0.00143561,4.10612943,15.87757553,0.01886023,0.0,0.0,0.0,0.0],"imm_yes_cr_yes":[0.0,0.0,0.0,0.0,0.0,0.0,0.0,0.0,0.00024582,0.7082104,16.09981595,3.19112819,0.00460041,3e-08,0.0,0.0,0.0,0.0,0.0,0.0,0.0],"imm_yes_cr_no":[0.0,0.0,0.0,0.0,0.0,0.0,0.0,0.0,0.0,0.0,3.1e-07,0.00037968,0.07638584,2.50642841,11.65613712,5.61325802,0.15134534,6.608e-05,0.0,0.0,0.0],"del_yes_cr_yes":[0.0,0.0,0.0,1.18e-06,0.01160137,1.85786319,12.36766181,5.55256633,0.2135447,0.00076197,2.4e-07,0.0,0.0,0.0,0.0,0.0,0.0,0.0,0.0,0.0,0.0],"del_yes_cr_no":[8.25826872,9.9281193,1.4847456,0.39486375,0.83187264,1.26036218,1.12128823,0.60549615,0.20149229,0.04119081,0.00506296,0.00035858,1.368e-05,2.6e-07,0.0,0.0,0.0,0.0,0.0,0.0,0.0],"conf_yes_cr_yes_del_yes":[0.0,0.0,0.0,0.0,0.0,0.0,0.0,0.0,0.0,0.0,1.19e-06,0.00025122,0.01801656,0.45297819,3.84328754,9.70305066,5.56893054,0.41637008,0.0011148,0.0,0.0],"conf_yes_cr_no_del_yes":[0.0,0.0,0.0,0.0,0.0,2e-08,4.3e-07,7.11e-06,8.148e-05,0.00069014,0.00451632,0.02353209,0.09955306,0.34546883,0.98398768,2.27425094,4.14004096,5.56701674,4.78720716,1.76202192,0.03125181]}}
