{"nodes":{"cr_yes":[0.0,0.0,0.0,0.0,0.0,0.0,0.0,0.0,0.0,0.0,0.0,0.0,0.0,0.0,3e-08,0.0456413,19.73794437,0.2204151,0.0,0.0,0.0],"imm_yes_cr_yes":[0.0,0.0,0.0,0.0,0.0,0.0,2.941e-05,1.36723486,18.46435719,0.1723778,1.55e-06,0.0,0.0,0.0,0.0,0.0,0.0,0.0,0.0,0.0,0.0],"imm_yes_cr_no":[0.0,0.0,0.0,0.0,0.0,0.0,0.0,0.0,6.13e-06,0.006254,0.64171078,7.55982434,10.32519004,1.45492158,0.01608552,8.41e-06,0.0,0.0,0.0,0.0,0.0],"del_yes_cr_yes":[0.0,0.0,0.0,0.0,0.0,0.0,0.0,4.783e-05,0.22608216,11.29732345,8.3806629,0.09986821,1.624e-05,0.0,0.0,0.0,0.0,0.0,0.0,0.0,0.0],"del_yes_cr_no":[0.0,0.0,0.0,0.0,0.0,2e-08,1.602e-05,0.00238559,0.09383843,1.16977344,5.10860169,8.11642793,4.60523746,0.86181989,0.04538987,0.0005097,7.6e-07,0.0,0.0,0.0,0.0],"conf_yes_cr_yes_del_yes":[0.0,0.0,0.0,0.0,0.0,0.0,0.0,0.0,0.0,0.0,2.31e-06,0.00197359,0.25450751,4.88329198,12.06940606,2.76407354,0.03074128,4.53e-06,0.0,0.0,0.0],"conf_yes_cr_no_del_yes":[0.0,0.0,0.0,0.0,0.0,0.0,0.0,0.0,1e-08,1.04e-06,5.047e-05,0.00136768,0.02186164,0.21131279,1.22913587,4.12454868,7.22615274,5.40222209,1.33565369,0.45132833,0.0007315]}}
