{"nodes":{"cr_yes":[0.0,0.0,0.0,0.0,0.0,0.0,0.0,0.0,0.0,0.0,0.0,0.0,0.0,0.0,0.00157333,18.28688094,1.71554651,2e-08,0.0,0.0,0.0],"imm_yes_cr_yes":[0.0,0.0,0.0,0.0,0.0,0.0,7.976e-05,2.01200218,17.86300902,0.1289088,1.04e-06,0.0,0.0,0.0,0.0,0.0,0.0,0.0,0.0,0.0,0.0],"imm_yes_cr_no":[0.0,0.0,0.0,0.0,0.0,0.0,0.0,0.0,0.0,0.0,9e-08,0.00026206,0.0858654,3.28293649,12.84746767,3.74416968,0.04329377,5.64e-06,0.0,0.0,0.0],"del_yes_cr_yes":[0.0,0.0,0.0,0.0,0.0,0.0,0.0,0.00048142,0.81026664,15.02631516,4.14924942,0.01768722,9.4e-07,0.0,0.0,0.0,0.0,0.0,0.0,0.0,0.0],"del_yes_cr_no":[0.0,0.0,0.0,0.0,4.7e-07,0.00020027,0.0150922,0.30826372,2.17068453,6.03795919,7.09617136,3.57283342,0.74318288,0.05816189,0.00144243,8.44e-06,1e-08,0.0,0.0,0.0,0.0],"conf_yes_cr_yes_del_yes":[0.0,0.0,0.0,0.0,0.0,0.0,0.0,0.0,0.0,0.0,1e-08,1.581e-05,0.00757013,0.60831735,7.45912061,10.82230725,1.10392977,0.00273985,1e-08,0.0,0.0],"conf_yes_cr_no_del_yes":[0.0,0.0,0.0,0.0,0.0,0.0,0.0,4e-08,1.78e-06,4.13e-05,0.00060927,0.00612236,0.04388548,0.23082757,0.90049274,2.57711754,5.17440413,6.53865669,4.00047411,0.53136431,6.95e-06]}}
