{"nodes":{"cr_yes":[0.0,0.0,0.0,0.0,0.0,0.0,0.0,0.0,0.0,0.0,0.0,0.0,3.53e-06,0.00248337,2.19697321,17.80124494,0.00329575,0.0,0.0,0.0,0.0],"imm_yes_cr_yes":[0.0,0.0,0.0,0.0,5e-08,0.00326364,0.36822215,9.50374228,9.94554916,0.18315455,6.897e-05,0.0,0.0,0.0,0.0,0.0,0.0,0.0,0.0,0.0,0.0],"imm_yes_cr_no":[0.0,0.0,0.0,2.3e-07,0.00011756,0.0034799,0.1096042,5.02472695,12.71764942,2.12248592,0.02591393,2.264e-05,1e-08,1e-08,1e-08,0.0,0.0,0.0,0.0,0.0,0.0],"del_yes_cr_yes":[0.0,0.0,0.0,0.0,0.0,0.0,1e-08,0.00067793,0.76154187,14.07024725,5.13750636,0.03402428,3.11e-06,0.0,0.0,0.0,0.0,0.0,0.0,0.0,0.0],"del_yes_cr_no":[1.7e-07,1.12e-06,1.178e-05,0.10990803,7.00473128,11.55609196,1.31658226,0.01664511,2.908e-05,1e-08,1e-08,1e-08,2e-08,1e-08,1e-08,1e-08,0.0,0.0,0.0,0.0,0.0],"conf_yes_cr_yes_del_yes":[7e-08,4e-08,2e-08,1e-08,0.0,0.0,0.0,0.0,0.0,0.0,0.0,4.03e-06,0.00178768,0.17560837,3.47315416,11.56550087,4.6640882,0.12379184,6.553e-05,0.0,0.0],"conf_yes_cr_no_del_yes":[0.81903066,0.86245843,0.9043742,0.94408806,0.98084359,1.01382383,1.0421605,1.06494718,1.0812569,1.09016496,1.09077734,1.08226523,1.06390637,1.03513416,0.99560482,0.9454034,0.88662074,0.83522516,0.87845935,1.22431066,1.1453212]}}
