{"nodes":{"cr_yes":[0.0,0.0,0.0,0.0,0.0,0.0,0.0,0.0,0.0,0.0,0.0,0.0,0.0,0.0,6.674e-05,3.42593028,16.57766089,0.00034289,0.0,0.0,0.0],"imm_yes_cr_yes":[0.0,0.0,0.0,0.0,0.0,0.0,2.3e-07,0.08906185,16.45415087,3.45958747,0.00120039,0.0,0.0,0.0,0.0,0.0,0.0,0.0,0.0,0.0,0.0],"imm_yes_cr_no":[0.0,0.0,0.0,0.0,0.0,0.0,0.0,0.0,4.86e-06,0.00438379,0.45347148,6.12478276,10.99288956,2.3794565,0.04895048,6.136e-05,0.0,0.0,0.0,0.0,0.0],"del_yes_cr_yes":[0.0,0.0,0.0,0.0,0.0,0.0,0.0,2e-07,0.00665682,2.52478461,15.68336409,1.78591685,0.00327817,7e-08,0.0,0.0,0.0,0.0,0.0,0.0,0.0],"del_yes_cr_no":[0.0,0.0,0.0,0.0,0.0,2.7e-07,5.375e-05,0.00370988,0.09573205,0.97014673,4.05982554,7.24742408,5.56299208,1.81025348,0.24151097,0.0121695,0.00018202,4.6e-07,0.0,0.0,0.0],"conf_yes_cr_yes_del_yes":[0.0,0.0,0.0,0.0,0.0,0.0,0.0,0.0,0.0,0.0,1.12e-06,0.00107434,0.16159002,3.78079294,12.09193285,3.89906985,0.06951916,2.053e-05,0.0,0.0,0.0],"conf_yes_cr_no_del_yes":[0.0,0.0,0.0,0.0,0.0,0.0,0.0,0.0,0.0,1.1e-07,5.29e-06,0.00014275,0.0023661,0.02490335,0.16899539,0.74096354,2.10786052,4.08737154,6.12295652,6.56089155,0.3750883]}}
