{"nodes":{"cr_yes":[0.0,0.0,0.0,0.0,0.0,0.0,0.0,0.0,0.0,0.0,0.0,0.00011994,1.08027751,18.55625011,0.36734985,3.39e-06,0.0,0.0,0.0,0.0,0.0],"imm_yes_cr_yes":[0.0,0.0,0.0,0.0,0.0,0.0,0.0,0.0,0.0,0.0,0.0,0.00189981,3.17248537,16.67302972,0.15658504,8.6e-07,0.0,0.0,0.0,0.0,0.0],"imm_yes_cr_no":[0.0,0.0,0.0,0.0,0.0,0.0,0.0,0.0,0.0,7.08e-06,0.04964713,6.10674905,13.42098606,0.42649232,0.00011917,0.0,0.0,0.0,0.0,0.0,0.0],"del_yes_cr_yes":[0.0,0.0,0.0,0.0,0.00019815,0.23347753,6.97711726,11.25770256,1.51448517,0.02098822,3.19e-05,1e-08,0.0,0.0,0.0,0.0,0.0,0.0,0.0,0.0,0.0],"del_yes_cr_no":[39.16963801,0.41140693,0.00719852,0.00053799,3.615e-05,2.1e-06,1.1e-07,0.0,0.0,0.0,0.0,0.0,0.0,0.0,0.0,0.0,0.0,0.0,0.0,0.0,0.0],"conf_yes_cr_yes_del_yes":[0.0,0.0,1e-08,8e-08,5.5e-07,3.21e-06,1.592e-05,6.7e-05,0.00023985,0.00073552,0.00208241,0.00816926,0.05841774,0.40296859,1.83576444,4.92920156,7.07919431,4.62948208,1.01506305,0.04113108,0.00292828],"conf_yes_cr_no_del_yes":[0.19402389,0.21683159,0.25038377,0.30283223,0.38207498,0.49380209,0.64005331,0.81828755,1.02096398,1.23563509,1.44555137,1.63077788,1.76982247,1.84177591,1.8289637,1.72010971,1.51401154,1.22372769,0.88127653,0.54284697,0.294521]}}
