{"nodes":{"cr_yes":[0.0,0.0,0.0,0.0,0.0,0.0,0.0,0.0,0.0,0.0,0.0,0.0,1.4e-07,0.01129082,6.25442418,13.69708935,0.04119628,2e-08,0.0,0.0,0.0],"imm_yes_cr_yes":[0.0,0.0,0.0,0.0,0.0,0.0,0.0,0.0,0.0,2.5e-06,0.03515618,6.14558308,13.53177442,0.29145055,3.406e-05,0.0,0.0,0.0,0.0,0.0,0.0],"imm_yes_cr_no":[0.0,0.0,0.0,0.0,0.0,0.0,0.0,0.0,0.0,5e-08,0.00010243,0.03203831,1.49463207,9.90422027,7.9890145,0.58173274,0.00226026,1.8e-07,0.0,0.0,0.0],"del_yes_cr_yes":[0.0,1.34e-05,0.02243612,4.70674054,12.98620147,2.24028278,0.048147,0.00017858,2.5e-07,1.5e-07,1.6e-07,1.4e-07,1e-07,6e-08,3e-08,1e-08,1e-08,0.0,0.0,0.0,0.0],"del_yes_cr_no":[15.5784188,5.18923661,2.73747497,1.72215357,1.06356049,0.64015922,0.37646918,0.21678528,0.12244524,0.06793167,0.03706075,0.01990085,0.01052634,0.0054879,0.00282153,0.00143121,0.0007165,0.00035411,0.00017282,8.33e-05,3.966e-05],"conf_yes_cr_yes_del_yes":[0.01434466,0.02330498,0.03569846,0.05161019,0.07045584,0.09082504,0.11063153,0.12855437,0.15091878,0.21367615,0.42262813,0.96643228,1.98997695,3.2970005,4.19263696,3.94361312,2.62485763,1.18520931,0.37789501,0.10782317,0.0261601],"conf_yes_cr_no_del_yes":[0.38104137,0.40720996,0.43916759,0.47691424,0.52044993,0.56977465,0.62488841,0.68579119,0.75248301,0.82496386,0.90323375,0.98729266,1.07714061,1.17277759,1.27420361,1.38141865,1.49442273,1.61321584,1.73779798,1.86816916,2.00432937]}}
