{"nodes":{"cr_yes":[0.0,0.0,0.0,0.0,0.0,0.0,0.0,0.0,0.0,0.0,0.0,0.0,0.0,0.0,0.00015757,5.39874729,14.60495812,0.00013782,0.0,0.0,0.0],"imm_yes_cr_yes":[0.0,0.0,0.0,0.0,0.0,0.0,2e-08,0.03489358,15.50351118,4.46435263,0.00124338,0.0,0.0,0.0,0.0,0.0,0.0,0.0,0.0,0.0,0.0],"imm_yes_cr_no":[0.0,0.0,0.0,0.0,0.0,0.0,0.0,0.0,1.4e-07,0.00043908,0.12417561,3.72558035,12.17178846,3.88935809,0.09256124,9.783e-05,0.0,0.0,0.0,0.0,0.0],"del_yes_cr_yes":[0.0,0.0,0.0,0.0,0.0,0.0,0.0,1.7e-06,0.03131592,5.57475289,13.86855817,0.52910855,0.00026357,0.0,0.0,0.0,0.0,0.0,0.0,0.0,0.0],"del_yes_cr_no":[0.0,0.0,0.0,0.0,0.0,1.8e-07,8.907e-05,0.00882126,0.23684273,2.068305,6.48076341,7.54557423,3.19369689,0.45168186,0.01807339,0.00015263,1.6e-07,0.0,0.0,0.0,0.0],"conf_yes_cr_yes_del_yes":[0.0,0.0,0.0,0.0,0.0,0.0,0.0,0.0,0.0,0.0,4e-08,8.063e-05,0.02429952,1.23059739,9.50322561,8.68322364,0.56166203,0.00091193,0.0,0.0,0.0],"conf_yes_cr_no_del_yes":[0.0,0.0,0.0,0.0,0.0,0.0,0.0,0.0,0.0,0.0,0.0,1.9e-07,8.71e-06,0.0002588,0.00508548,0.06640237,0.56665551,2.98718462,8.39825004,7.97950197,0.0013062]}}
