{"nodes":{"cr_yes":[0.0,0.0,0.0,0.0,0.0,0.0,0.0,0.0,0.0,0.0,0.0,0.0,0.0,1.4e-07,0.00134473,5.02279244,14.9771916,0.00267189,0.0,0.0,0.0],"imm_yes_cr_yes":[0.0,0.0,0.0,0.0,0.0,1.13e-06,0.02392379,4.51023548,14.37344899,1.09412688,0.00226442,1.2e-07,0.0,0.0,0.0,0.0,0.0,0.0,0.0,0.0,0.0],"imm_yes_cr_no":[0.0,0.0,0.0,0.0,1.3e-07,1.536e-05,0.00064193,0.01038528,0.06930269,0.20212767,0.45607598,2.6608259,8.21130771,6.94471183,1.39200248,0.054283,0.00068585,0.0006739,0.00062423,0.0003011,7.152e-05],"del_yes_cr_yes":[0.0,0.0,0.0,0.0,0.0,0.0,4.3e-07,0.00119436,0.24544493,4.93952789,11.43427872,3.26683879,0.11623924,0.00047496,1.29e-06,1.8e-07,1e-08,0.0,0.0,0.0,0.0],"del_yes_cr_no":[0.0,0.0,0.0,1.5e-07,1.656e-05,0.00066269,0.01211531,0.11574184,0.63545371,2.13962739,4.50559489,5.74623412,4.18156947,1.70435877,0.53100441,0.25320854,0.12695714,0.04226947,0.00829936,0.00086639,4.115e-05],"conf_yes_cr_yes_del_yes":[0.0,0.0,0.0,0.0,0.0,0.0,0.0,0.0,0.0,0.0,1.06e-06,0.00027517,0.02253635,0.59419227,4.7898628,10.1890248,4.22179526,0.18583169,0.00047557,5.82e-06,0.0],"conf_yes_cr_no_del_yes":[0.00078614,0.00134532,0.00227546,0.00380411,0.00628614,0.01026721,0.01657399,0.02643961,0.04167321,0.06488189,0.09974943,0.15136796,0.22660377,0.3344618,0.48646796,0.6979948,0.99982856,1.52711971,3.01382485,8.02350398,8.53827594]}}
