{"nodes":{"cr_yes":[0.0,0.0,0.0,0.0,0.0,0.0,0.0,0.0,0.0,0.0,0.0,0.0,0.0,0.00042896,6.4286915,13.57089647,0.00398387,0.0,0.0,0.0,0.0],"imm_yes_cr_yes":[0.0,0.0,0.0,0.0,0.0,0.0,0.0,0.0,0.0,0.0,9e-08,0.02346315,11.77174588,8.20515815,0.00363354,0.0,0.0,0.0,0.0,0.0,0.0],"imm_yes_cr_no":[0.0,0.0,0.0,0.0,0.0,0.0,0.0,0.0,0.0,0.0,0.0,0.0,0.0,1e-08,4.821e-05,0.05026066,4.42734881,15.20509639,0.3212466,1.2e-07,0.0],"del_yes_cr_yes":[0.0,0.0,0.0,0.0,0.0,0.0,8.63e-06,0.01683778,1.72907739,11.95149561,6.08718606,0.21893032,0.00046495,4e-08,0.0,0.0,0.0,0.0,0.0,0.0,0.0],"del_yes_cr_no":[4.51845234,6.44658082,5.74361374,3.4285074,1.46815383,0.49186638,0.13201966,0.02840563,0.00488439,0.0006658,7.087e-05,5.75e-06,3.4e-07,1e-08,0.0,0.0,0.0,0.0,0.0,0.0,0.0],"conf_yes_cr_yes_del_yes":[0.0,0.0,0.0,0.0,0.0,0.0,0.0,0.0,0.0,0.0,2.42e-06,0.00122734,0.12789705,2.73658112,10.79342563,6.05596351,0.28849292,0.00041081,0.0,0.0,0.0],"conf_yes_cr_no_del_yes":[0.0,0.0,0.0,0.0,0.0,3e-08,6.9e-07,1.048e-05,0.00012449,0.0012178,0.00957995,0.0582834,0.26830255,0.92833376,2.40318442,4.55843544,5.92522749,4.47316513,1.32879131,0.04934182,4.06e-06]}}
