{"nodes":{"cr_yes":[0.0,0.0,0.0,0.0,0.0,0.0,0.0,0.0,0.0,0.0,0.0,0.0,0.0,0.0,0.00259534,13.08871771,6.91266612,2.164e-05,0.0,0.0,0.0],"imm_yes_cr_yes":[0.0,0.0,0.0,0.0,0.0,0.0,0.0,0.0,0.0,2.61e-06,0.20060914,18.06608292,1.73719958,0.00010654,0.0,0.0,0.0,0.0,0.0,0.0,0.0],"imm_yes_cr_no":[0.0,0.0,0.0,0.0,0.0,0.0,0.0,0.0,0.0,0.0,0.0,0.0,0.0,4.79e-06,0.01031695,1.81463713,15.81975042,2.35879803,0.00049348,0.0,0.0],"del_yes_cr_yes":[0.0,0.0,1.78e-06,0.3872927,16.58098899,3.02651974,0.00919668,9e-07,0.0,0.0,0.0,0.0,0.0,0.0,0.0,0.0,0.0,0.0,0.0,0.0,0.0],"del_yes_cr_no":[0.0,0.0,0.0,0.0,0.0,1e-08,7.78e-06,0.00140567,0.06435137,0.91431281,4.51287552,8.10225321,5.22164428,1.11842685,0.06784705,0.00087481,1.44e-06,0.0,0.0,0.0,0.0],"conf_yes_cr_yes_del_yes":[0.0,0.0,0.0,0.0,0.0,0.0,0.0,0.0,0.0,0.0,2.5e-07,0.00016441,0.02508278,0.89857008,7.0707503,10.15932542,1.83054109,0.0195641,2.36e-06,0.0,0.0],"conf_yes_cr_no_del_yes":[0.0,0.0,0.0,0.0,5e-08,7.3e-07,8.21e-06,6.891e-05,0.00049102,0.00368134,0.02945118,0.19644977,0.92047516,2.82909835,5.44186828,6.10822638,3.53150563,0.8532494,0.08103238,0.00828609,0.00021583]}}
