{"nodes":{"cr_yes":[0.0,0.0,0.0,0.0,0.0,0.0,0.0,0.0,0.0,0.0,0.0,0.0,0.0,4.399e-05,1.01376248,18.93156612,0.05862821,0.0,0.0,0.0,0.0],"imm_yes_cr_yes":[0.0,0.0,0.0,0.0,0.0,0.0,0.0,0.00235685,2.94867972,16.45151657,0.60129293,0.00015472,0.0,0.0,0.0,0.0,0.0,0.0,0.0,0.0,0.0],"imm_yes_cr_no":[0.0,0.0,0.0,0.0,0.0,0.0,0.0,0.0,1.606e-05,0.01047842,0.78366952,7.65249639,9.92085911,1.58796805,0.0369691,0.0105367,0.0010058,1.64e-06,0.0,0.0,0.0],"del_yes_cr_yes":[0.0,0.0,0.0,0.0,0.0,1.23e-06,0.0058274,1.02005597,10.46199248,8.01402952,0.49967666,0.00241679,7.5e-07,0.0,0.0,0.0,0.0,0.0,0.0,0.0,0.0],"del_yes_cr_no":[0.75001739,8.07252629,7.59697309,3.09322558,0.73555858,0.11396111,0.01230626,0.00192875,0.00146398,0.00081783,0.00020693,2.268e-05,1.01e-06,2e-08,0.0,0.0,0.0,0.0,0.0,0.0,0.0],"conf_yes_cr_yes_del_yes":[0.0,0.0,0.0,0.0,0.0,0.0,0.0,0.0,0.0,1e-08,7.28e-06,0.00112342,0.05820088,1.03105857,5.93698791,9.61314508,3.24037742,0.12297259,0.00012765,0.0,0.0],"conf_yes_cr_no_del_yes":[0.0,0.0,0.0,0.0,0.0,0.0,2e-08,6.3e-07,1.192e-05,0.00015165,0.00139043,0.0096149,0.05172249,0.22044189,0.74874681,2.00867687,4.12530071,6.02631692,5.24460712,1.56649548,0.00104591]}}
