{"nodes":{"cr_yes":[0.0,0.0,0.0,0.0,0.0,5e-08,9.1e-07,9.18e-06,4.594e-05,0.0001106,0.00012225,5.842e-05,1.32e-05,0.0034478,0.59427673,8.33534186,6.73768823,0.29013143,3.2218359,0.82074727,0.00034207],"imm_yes_cr_yes":[0.0,0.0,0.0,0.0,0.0,1.7e-07,0.00230436,1.19975844,13.8768043,4.86370297,0.06114025,0.00028027,9.97e-06,6e-08,0.0,0.0,0.0,0.0,0.0,0.0,0.0],"imm_yes_cr_no":[6.43e-05,0.00051992,0.00268676,0.00905489,0.02017322,0.02993253,0.02975314,0.02326864,0.05136442,0.26201298,1.85348588,7.52426882,8.03703289,2.00968561,0.14409086,0.00451903,0.00106331,0.00076278,0.00025596,3.608e-05,1.87e-06],"del_yes_cr_yes":[0.0,0.0,0.0,0.0,0.0,0.0,9e-08,0.00042059,0.13123253,3.6847043,11.26645116,4.52945837,0.38292793,0.0087771,2.874e-05,1e-08,0.0,0.0,0.0,0.0,0.0],"del_yes_cr_no":[0.04967813,0.04622023,0.03809236,0.02776462,0.01787003,0.01112902,0.02551353,0.20030171,1.0312115,3.03284277,5.16693218,5.10550318,2.90333039,1.02227446,0.41525412,0.35112657,0.29546115,0.18314779,0.07968873,0.02333252,0.00432979],"conf_yes_cr_yes_del_yes":[7e-08,3.8e-07,1.92e-06,8.55e-06,3.292e-05,0.00010896,0.00030826,0.0007418,0.00150999,0.00258188,0.00367645,0.00451144,0.01495499,0.23826511,2.07967122,7.04969461,8.06099314,2.4276081,0.11890063,0.00042389,1.307e-05],"conf_yes_cr_no_del_yes":[2.259e-05,5.143e-05,0.00011442,0.00024897,0.00053013,0.00110528,0.00225757,0.00451942,0.00887104,0.0170799,0.03226878,0.05984785,0.10901786,0.19516996,0.3437536,0.59697962,1.0281394,1.7828709,3.21590723,6.26760872,12.67529482]}}
