{"nodes":{"cr_yes":[0.0,0.0,0.0,0.0,0.0,0.0,0.0,0.0,0.0,0.0,0.0,0.0,0.0,3.14e-06,0.35774759,19.53833124,0.10791882,0.0,0.0,0.0,0.0],"imm_yes_cr_yes":[0.0,0.0,0.0,0.0,0.0,0.0,0.0,0.00090212,4.06902292,15.84738748,0.08668677,8.9e-07,6.2e-07,1e-08,0.0,0.0,0.0,0.0,0.0,0.0,0.0],"imm_yes_cr_no":[0.0,0.0,0.0,0.0,0.0,0.0,0.0,0.0,5.1e-07,0.00101586,0.20043644,4.51070187,11.87328546,3.33889518,0.07955997,0.0001046,9e-07,1e-08,0.0,0.0,0.0],"del_yes_cr_yes":[0.0,0.0,7.692e-05,2.5204328,16.92188732,0.52786864,0.0002925,0.00049606,0.01597186,0.01638261,0.0005914,6.9e-07,0.0,0.0,0.0,0.0,0.0,0.0,0.0,0.0,0.0],"del_yes_cr_no":[0.0,0.0,0.0,0.0,2e-08,1.571e-05,0.00232968,0.08704282,1.03373689,4.48012055,7.62801337,5.2235505,1.40638672,0.13842502,0.00434491,3.457e-05,5e-08,0.0,0.0,0.0,0.0],"conf_yes_cr_yes_del_yes":[0.0,0.0,0.0,0.0,0.0,0.0,0.0,0.0,0.0,0.0,6.3e-07,0.00029338,0.03422793,1.01465665,7.12503204,9.90223407,1.90283473,0.02471701,4.36e-06,0.0,0.0],"conf_yes_cr_no_del_yes":[0.0,0.0,0.0,0.0,1e-08,1.5e-07,1.9e-06,1.711e-05,0.00011538,0.00062727,0.00312814,0.01634966,0.08654936,0.39620832,1.39234542,3.49822564,5.85510461,5.80639476,2.66392319,0.28498585,4.805e-05]}}
