{"nodes":{"cr_yes":[0.0,0.0,0.0,0.0,0.0,0.0,0.0,0.0,0.0,0.0,0.0,0.0,0.0,1e-08,0.0252909,19.37865566,0.60005422,2e-08,0.0,0.0,0.0],"imm_yes_cr_yes":[0.0,0.0,0.0,0.0,0.0,0.0,0.0,0.00011192,0.02006332,0.00689768,0.00024285,1.15341251,18.17045524,0.65279346,2.381e-05,0.0,0.0,0.0,0.0,0.0,0.0],"imm_yes_cr_no":[0.0,0.0,0.0,0.0,0.0,0.0,0.0,0.0,0.0,0.0,0.0,3.6e-07,2.349e-05,0.00377617,0.46827512,7.80894053,11.16273978,0.56012522,0.00012013,0.0,0.0],"del_yes_cr_yes":[0.0,0.0,0.0,0.0,0.0,0.0,0.0,0.0,3.8e-07,0.00453735,1.43207793,14.2547943,4.28287413,0.02971398,2.72e-06,0.0,0.0,0.0,0.0,0.0,0.0],"del_yes_cr_no":[0.0,0.0,0.0,0.0,0.0,3.08e-06,0.00039871,0.01559307,0.23249156,1.51496657,4.64947364,6.91177368,4.90674383,1.56565358,0.19875464,0.00807714,7.123e-05,6e-08,0.0,0.0,0.0],"conf_yes_cr_yes_del_yes":[0.0,0.0,0.0,0.0,0.0,0.0,0.0,0.0,0.0,0.0,1e-08,2.488e-05,0.01033634,0.73048394,7.96210032,10.34895742,0.94997516,0.00212272,1e-08,0.0,0.0],"conf_yes_cr_no_del_yes":[0.0,0.0,0.0,0.0,0.0,0.0,0.0,7e-08,2.9e-06,6.695e-05,0.00097524,0.0095715,0.06602004,0.32770009,1.17817031,3.02884149,5.34961434,5.95182654,3.45449037,0.63659257,0.00025674]}}
