{"nodes":{"cr_yes":[0.0,0.0,0.0,0.0,0.0,0.0,0.0,0.0,0.0,0.0,0.0,0.0,0.0,0.0,0.00044774,2.38179156,17.36001484,0.25680744,0.00493923,0.0,0.0],"imm_yes_cr_yes":[0.0,0.0,0.0,0.0,0.0,1.7e-07,0.0745914,15.05543081,4.86923171,0.0047467,2e-08,0.0,0.0,0.0,0.0,0.0,0.0,0.0,0.0,0.0,0.0],"imm_yes_cr_no":[4.7e-07,2.65e-06,9.54e-06,2.226e-05,3.384e-05,3.353e-05,2.154e-05,9.11e-06,8.22e-05,0.00864784,0.31973402,3.35621047,9.36082851,6.17279297,0.7720294,0.01352153,2.115e-05,1e-08,1e-08,0.0,0.0],"del_yes_cr_yes":[0.0,0.0,0.0,0.0,0.0,1.5e-07,0.0073977,2.68845276,15.21678527,2.08294402,0.00841987,1.02e-06,0.0,0.0,0.0,0.0,0.0,0.0,0.0,0.0,0.0],"del_yes_cr_no":[0.0351197,0.03657066,0.03092262,0.02131279,0.0120265,0.00709957,0.03507472,0.39414044,2.23316965,5.7217098,6.71542178,3.63895132,0.92325246,0.14958904,0.04466178,0.01715872,0.00451403,0.00076114,8.987e-05,1.146e-05,5.26e-06],"conf_yes_cr_yes_del_yes":[0.0,0.0,0.0,0.0,0.0,0.0,0.0,8e-08,1.06e-06,1.001e-05,9.317e-05,0.00193631,0.04483575,0.59221924,3.65507413,8.54736005,6.03545014,1.08352915,0.04328648,0.00020519,7e-08],"conf_yes_cr_no_del_yes":[0.39538942,0.3559867,0.31528508,0.27439934,0.23441192,0.1963275,0.16104157,0.12932854,0.10184994,0.0791918,0.06212117,0.05346423,0.06835985,0.17362681,0.58024437,1.69418628,3.69746597,5.42905218,4.57589463,1.58107105,0.08599434]}}
