{"nodes":{"cr_yes":[0.0,0.0,0.0,0.0,0.0,0.0,0.0,0.0,0.0,0.0,0.0,0.0,0.0,1.99e-06,0.09856136,16.79404702,3.11132437,6.606e-05,0.0,0.0,0.0],"imm_yes_cr_yes":[0.0,0.0,0.0,0.0,0.0,4.2e-07,0.09011922,14.50133951,5.40433006,0.00821153,6e-08,0.0,0.0,0.0,0.0,0.0,0.0,0.0,0.0,0.0,0.0],"imm_yes_cr_no":[0.0,0.0,0.0,0.0,0.0,0.0,0.0,3.6e-06,0.00126684,0.06883309,0.9960952,5.91897782,9.9002626,2.99739226,0.12074487,0.00042445,6e-08,0.0,0.0,0.0,0.0],"del_yes_cr_yes":[0.0,0.0,0.0,0.0,0.0,5.343e-05,0.15549428,7.52493872,11.56641831,0.75496141,0.00213442,2.3e-07,0.0,0.0,0.0,0.0,0.0,0.0,0.0,0.0,0.0],"del_yes_cr_no":[0.0,0.0,1e-08,3.17e-06,0.0001675,0.00235765,0.02174921,0.25629778,1.76317741,5.32112343,7.12729731,4.27713442,1.11447466,0.1160392,0.00414013,3.886e-05,6e-08,0.0,0.0,0.0,0.0],"conf_yes_cr_yes_del_yes":[0.0,0.0,0.0,0.0,0.0,0.0,0.0,0.0,0.0,0.0,1.1e-07,5.063e-05,0.00699631,0.29062345,3.47189083,10.323113,5.6145543,0.29641813,0.00035404,0.0,0.0],"conf_yes_cr_no_del_yes":[0.0,0.0,0.0,0.0,1e-08,4e-08,1e-07,2.3e-07,5.1e-07,1.04e-06,1.99e-06,4.32e-06,2.949e-05,0.0004661,0.00634104,0.06406628,0.47015386,2.39461817,7.47943871,9.58808236,0.00159306]}}
