{"nodes":{"cr_yes":[0.0,0.0,0.0,0.0,0.0,0.0,0.0,0.0,1e-08,5e-08,3e-08,0.0,0.00050866,3.45972835,16.52231425,0.02144944,0.0,0.0,0.0,0.0,0.0],"imm_yes_cr_yes":[0.0,0.0,0.0,0.0,0.0,0.0,0.00017713,1.47360189,17.94320106,0.58695435,6.637e-05,0.0,0.0,0.0,0.0,0.0,0.0,0.0,0.0,0.0,0.0],"imm_yes_cr_no":[0.0,0.0,0.0,0.0,0.0,9.6e-07,8.645e-05,0.16984529,8.51003983,10.87678908,0.4465771,0.00066204,5e-08,0.0,0.0,0.0,0.0,0.0,0.0,0.0,0.0],"del_yes_cr_yes":[0.0,0.0,0.0,0.0,0.0,0.0,0.0,8.17e-05,0.31137336,12.40435127,7.22265152,0.06553529,7.66e-06,0.0,0.0,0.0,0.0,0.0,0.0,0.0,0.0],"del_yes_cr_no":[1.27e-06,5e-06,2.144e-05,0.03538082,2.201225,10.5088744,6.53206578,0.70765558,0.01743734,0.00106246,0.00024102,2.944e-05,1.82e-06,6e-08,0.0,0.0,0.0,0.0,0.0,0.0,0.0],"conf_yes_cr_yes_del_yes":[0.0,0.0,0.0,0.0,0.0,0.0,0.0,0.0,0.0,0.0,2.3e-07,1.073e-05,0.00146454,0.13393721,2.70414741,10.04115583,6.39768042,0.71921909,0.00638467,6.7e-07,0.0],"conf_yes_cr_no_del_yes":[6.953e-05,0.00024171,0.00076466,0.0021558,0.0054164,0.01215329,0.02439074,0.04382479,0.07068321,0.10385744,0.14910048,0.26300466,0.70071559,2.04710445,4.43874408,5.93753799,4.35995237,1.55796803,0.25256376,0.02958655,0.00840006]}}
