{"nodes":{"cr_yes":[0.0,0.0,0.0,0.0,0.0,0.0,0.0,0.0,0.0,0.0,0.0,0.0,0.0,0.0,8e-08,0.16335352,19.83542709,0.0052201,0.0,0.0,0.0],"imm_yes_cr_yes":[0.0,0.0,0.0,0.0,0.0,0.0,0.0,0.00091282,2.87276406,16.85125743,0.27905247,1.401e-05,0.0,0.0,0.0,0.0,0.0,0.0,0.0,0.0,0.0],"imm_yes_cr_no":[0.0,0.0,0.0,0.0,0.0,0.0,0.0,0.0,2e-08,4.892e-05,0.0190598,1.05065313,8.47461673,9.30835987,1.14062648,0.01063208,3.77e-06,0.0,0.0,0.0,0.0],"del_yes_cr_yes":[0.0,0.0,0.0,6.8e-07,0.01982516,2.14607239,5.03272147,8.25882664,4.38088258,0.16522631,0.0004455,8e-08,0.0,0.0,0.0,0.0,0.0,0.0,0.0,0.0,0.0],"del_yes_cr_no":[5e-08,0.73509787,8.37639381,8.06634084,2.35873914,0.34945569,0.06693677,0.03108452,0.01399321,0.00463503,0.00110899,0.00019002,2.29e-05,1.88e-06,1e-07,0.0,0.0,0.0,0.0,0.0,0.0],"conf_yes_cr_yes_del_yes":[0.0,0.0,0.0,0.0,0.0,0.0,0.0,0.0,0.0,0.0,5e-08,3.53e-05,0.00696461,0.35597568,4.42902523,11.19150307,3.93233307,0.08814314,2.065e-05,0.0,0.0],"conf_yes_cr_no_del_yes":[0.0,0.0,0.0,0.0,0.0,0.0,4e-08,4.2e-07,3.4e-06,2.285e-05,0.00013349,0.00070121,0.00339189,0.01525274,0.06348005,0.24105939,0.81804762,2.40714695,5.80402311,9.75423109,1.79301305]}}
