{"nodes":{"cr_yes":[0.0,0.0,0.0,0.0,0.0,0.0,0.0,0.0,0.0,0.0,9.55e-06,0.02929699,3.66752405,14.96954437,1.33595431,0.00166566,5.86e-06,0.0,0.0,0.0,0.0],"imm_yes_cr_yes":[0.0,0.0,0.0,0.0,0.0,0.0,1.94e-05,0.24621926,13.76670816,5.9659096,0.0251434,9.8e-07,0.0,0.0,0.0,0.0,0.0,0.0,0.0,0.0,0.0],"imm_yes_cr_no":[0.0,0.0,0.0,0.0,0.0,1.4e-07,0.00031031,0.0649882,1.8379896,8.78100433,7.9094924,1.36768173,0.04233312,0.00020061,3.6e-07,0.0,0.0,0.0,0.0,0.0,0.0],"del_yes_cr_yes":[0.0,0.0,0.0,0.0,0.0,0.0,0.0,0.00013571,0.1247064,5.21938935,12.71958141,1.9238955,0.01628665,5.77e-06,0.0,0.0,0.0,0.0,0.0,0.0,0.0],"del_yes_cr_no":[0.0,0.0,0.0,0.0,1.54e-06,0.0008117,0.05965186,0.98878403,4.8284479,8.0469799,4.89770987,1.09449993,0.08506898,0.00203303,1.205e-05,1e-08,0.0,0.0,0.0,0.0,0.0],"conf_yes_cr_yes_del_yes":[0.0,0.0,0.0,0.0,0.0,0.0,0.0,0.0,0.0,0.0,5.8e-07,0.00016718,0.01520317,0.44705462,4.06982837,10.04785249,5.11204358,0.31110422,0.0007466,1e-08,0.0],"conf_yes_cr_no_del_yes":[0.0,0.0,0.0,0.0,0.0,0.0,0.0,0.0,0.0,0.0,4e-08,7.8e-07,1.452e-05,0.00023572,0.00309772,0.03194491,0.25342784,1.49393229,5.98408568,12.07898898,0.31654464]}}
