{"nodes":{"cr_yes":[0.0,0.0,0.0,0.0,0.0,0.0,0.0,0.0,0.0,0.0,0.0,0.0,2e-08,1.866e-05,0.04270472,10.46210455,9.49780654,0.0013663,0.0,0.0,0.0],"imm_yes_cr_yes":[0.0,0.0,0.0,0.0,0.0,0.0,7.351e-05,0.49684627,15.60690388,3.89021238,0.0099645,2.6e-07,0.0,0.0,0.0,0.0,0.0,0.0,0.0,0.0,0.0],"imm_yes_cr_no":[0.0,0.0,0.0,1e-08,1.7e-07,1.19e-06,4.44e-06,8.67e-06,1.637e-05,0.00338814,0.27912992,4.20935331,10.91058635,4.27343275,0.22552452,0.05419706,0.03823196,0.00941036,0.00070245,1.312e-05,5e-08],"del_yes_cr_yes":[0.0,0.0,0.0,0.0,0.0,0.0,4.3e-07,0.00374816,0.96419661,11.28575295,7.45890183,0.29080596,0.00059482,5e-08,0.0,0.0,0.0,0.0,0.0,0.0,0.0],"del_yes_cr_no":[1.704e-05,0.00045427,0.00555774,0.03547937,0.12970861,0.29019075,0.43203007,0.65616812,1.78179303,4.15591111,5.49138912,4.15221644,1.99488012,0.68393799,0.16690399,0.02513504,0.00201078,0.00011328,4.975e-05,4.517e-05,3.504e-05],"conf_yes_cr_yes_del_yes":[0.0,0.0,0.0,0.0,0.0,0.0,0.0,0.0,0.0,0.0,8e-08,1.873e-05,0.00338652,0.18169843,2.70943286,9.84869105,6.72474308,0.53418354,0.00184649,3e-08,0.0],"conf_yes_cr_no_del_yes":[0.00373218,0.00726297,0.01346876,0.02381411,0.04015359,0.06455611,0.09891339,0.14430891,0.20022609,0.26389329,0.33066556,0.39854038,0.48712253,0.69301036,1.27490963,2.57084129,4.33639422,4.97931723,3.15904615,0.85231287,0.12675454]}}
