{"nodes":{"cr_yes":[0.0,0.0,0.0,0.0,0.0,0.0,0.0,0.0,0.0,0.0,0.0,0.0,0.0,1e-07,0.03116266,16.37805317,3.59476474,2.014e-05,0.0,0.0,0.0],"imm_yes_cr_yes":[0.0,0.0,0.0,0.0,0.0,0.0,1.3e-07,0.01811203,6.61331451,13.17706858,0.19548388,2.166e-05,0.0,0.0,0.0,0.0,0.0,0.0,0.0,0.0,0.0],"imm_yes_cr_no":[0.0,0.0,0.0,0.0,0.0,0.0,0.0,4e-08,7.291e-05,0.01940208,0.84318198,6.69781352,9.87346955,2.48315447,0.08662208,0.00028413,4e-08,0.0,0.0,0.0,0.0],"del_yes_cr_yes":[0.0,0.0,0.0,0.0,0.0,0.0,0.0,0.00012391,0.11785823,5.08515275,12.78031815,2.0028092,0.01773189,6.67e-06,0.0,0.0,0.0,0.0,0.0,0.0,0.0],"del_yes_cr_no":[0.0,0.0,0.0,0.0,9.4e-07,0.00013729,0.00585095,0.09672045,0.7316629,2.78926368,5.63456049,6.11700968,3.49963918,0.99633678,0.12675292,0.00598912,7.627e-05,1.4e-07,0.0,0.0,0.0],"conf_yes_cr_yes_del_yes":[0.0,0.0,0.0,0.0,0.0,0.0,0.0,0.0,0.0,1e-08,5.72e-06,0.00110541,0.06606769,1.2342714,6.79042026,9.42591069,2.4235252,0.06265195,4.248e-05,0.0,0.0],"conf_yes_cr_no_del_yes":[0.0,0.0,0.0,0.0,1e-08,8e-08,4.9e-07,2.62e-06,1.254e-05,5.393e-05,0.00020965,0.00074009,0.00239449,0.00734442,0.02374654,0.09476852,0.45164595,2.0110779,6.54967964,10.73354645,0.25755498]}}
