{"nodes":{"cr_yes":[0.0,0.0,0.0,0.0,0.0,0.0,0.0,0.0,0.0,0.0,0.0,0.0,0.0,5.8e-07,0.33173895,19.65746659,0.01479469,0.0,0.0,0.0,0.0],"imm_yes_cr_yes":[0.0,0.0,0.0,0.0,0.0,0.0,0.0,2.925e-05,0.8178922,18.63031292,0.55574357,2.286e-05,0.0,0.0,0.0,0.0,0.0,0.0,0.0,0.0,0.0],"imm_yes_cr_no":[0.0,0.0,0.0,0.0,0.0,0.0,0.0,1e-08,6.894e-05,0.04834508,2.60814035,12.27046861,4.93426799,0.14250607,0.00020374,1e-08,0.0,0.0,0.0,0.0,0.0],"del_yes_cr_yes":[0.0,0.0,0.0,0.0,0.0,0.0,0.0,0.0,5e-08,0.00139924,0.82035012,13.29042957,5.83775338,0.05406235,6.08e-06,0.0,0.0,0.0,0.0,0.0,0.0],"del_yes_cr_no":[0.0,0.0,0.0,4.17e-06,0.00288276,0.18541216,2.2183219,7.09028367,7.36652582,2.74421691,0.37743388,0.01861701,0.00030116,1.36e-06,0.0,0.0,0.0,0.0,0.0,0.0,0.0],"conf_yes_cr_yes_del_yes":[0.0,0.0,0.0,0.0,0.0,0.0,0.0,0.0,0.0,0.0,1e-08,1.657e-05,0.00740135,0.57787431,7.15786163,10.98996149,1.26692317,0.00396223,3e-08,0.0,0.0],"conf_yes_cr_no_del_yes":[0.0,0.0,0.0,0.0,0.0,0.0,0.0,0.0,2e-07,6.67e-06,0.00014014,0.00195009,0.01881847,0.12930831,0.6370556,2.21358383,5.14936384,7.10267618,4.31492685,0.43617063,0.0]}}
