{"nodes":{"cr_yes":[0.0,0.0,0.0,0.0,0.0,0.0,0.0,0.0,0.0,0.0,0.0,0.0,3.3e-07,0.03588274,12.72523024,7.24113314,0.00175435,0.0,0.0,0.0,0.0],"imm_yes_cr_yes":[0.0,0.0,0.0,0.0,0.0,0.0,0.0,0.0,0.00014994,0.33104844,11.8419997,7.74378095,0.08700878,1.298e-05,0.0,0.0,0.0,0.0,0.0,0.0,0.0],"imm_yes_cr_no":[0.0,0.0,0.0,0.0,0.0,0.0,0.0,0.0,0.0,0.0,0.0,0.0,1.024e-05,0.01045243,1.223518,12.47080273,6.25128323,0.04793379,3.8e-07,0.0,0.0],"del_yes_cr_yes":[0.0,0.0,0.0,0.00164543,1.7730561,14.76813012,3.41923745,0.04189435,3.734e-05,0.0,0.0,0.0,0.0,0.0,0.0,0.0,0.0,0.0,0.0,0.0,0.0],"del_yes_cr_no":[0.19812978,0.51922612,0.50261318,0.26701257,0.09129994,0.02226572,0.00735376,0.01798712,0.06909179,0.21619897,0.53959195,1.09228794,1.82281651,2.53980174,2.98282595,2.97295847,2.52613846,1.83457011,1.139511,0.60469801,0.2733732],"conf_yes_cr_yes_del_yes":[0.0,0.0,0.0,0.0,0.0,0.0,0.0,0.0,0.0,0.0,1e-08,1.01e-05,0.00242365,0.15927266,2.73101836,10.44075228,6.36147113,0.30881202,0.00024059,0.0,0.0],"conf_yes_cr_no_del_yes":[0.0,0.0,1e-08,4e-08,9e-08,2.2e-07,5.3e-07,1.19e-06,2.62e-06,6.47e-06,2.758e-05,0.00020811,0.0016488,0.01110554,0.06165705,0.28180684,1.05307708,3.13035314,6.84774306,8.53836865,0.15598756]}}
