{"nodes":{"cr_yes":[1.05885716,2.85204601,3.38175361,1.73996179,0.38025071,0.03428852,0.0012288,1.669e-05,8e-08,0.0,0.0,0.0,0.0,0.0,0.0,2.669e-05,0.04043351,3.0530001,7.66496005,0.32656849,7.434e-05],"imm_yes_cr_yes":[0.0,0.0,0.0,0.0,0.0,0.0,0.0,0.0,0.0,0.0,0.00012423,1.0143172,18.45677682,0.53277168,1.087e-05,0.0,0.0,0.0,0.0,0.0,0.0],"imm_yes_cr_no":[0.0,0.0,0.0,0.0,0.0,0.0,0.0,0.0,4.3e-07,0.00966228,3.03889849,15.71192919,1.24241545,0.00109495,1e-08,0.0,0.0,0.0,0.0,0.0,0.0],"del_yes_cr_yes":[0.0,4e-08,6.89e-06,0.00023977,0.33411118,9.10671121,9.82034803,0.737437,0.00514296,3.73e-06,0.0,0.0,0.0,0.0,0.0,0.0,0.0,0.0,0.0,0.0,0.0],"del_yes_cr_no":[18.14219271,6.94513861,2.62440993,0.92328814,0.30517829,0.0954446,0.02839967,0.00807461,0.00220132,0.00057706,0.00014579,3.557e-05,8.39e-06,1.92e-06,4.2e-07,9e-08,2e-08,0.0,0.0,0.0,0.0],"conf_yes_cr_yes_del_yes":[0.0562565,0.07600936,0.09832375,0.12160423,0.14355271,0.16143032,0.17255158,0.17501973,0.16881811,0.15764034,0.15197477,0.17422778,0.27963788,0.67713855,1.97946123,4.49519426,5.87159825,3.76600724,1.12889693,0.16275926,0.02805252],"conf_yes_cr_no_del_yes":[0.28858371,0.31487509,0.35442992,0.41084613,0.48628376,0.58120078,0.69420435,0.82201728,0.95955979,1.10014659,1.2357992,1.35767363,1.45660327,1.52375712,1.55141332,1.53384791,1.46833896,1.35628591,1.20444426,1.0262755,0.8434124]}}
