{"nodes":{"cr_yes":[0.0,0.0,0.0,0.0,0.0,0.0,0.0,0.0,0.0,0.0,0.0,0.0,0.0,0.00521768,10.47127609,9.52692372,0.00058331,0.0,0.0,0.0,0.0],"imm_yes_cr_yes":[0.0,0.0,0.0,0.0,0.0,0.0,0.0,0.00159614,2.34269262,16.8197592,0.83964996,0.00030288,0.0,0.0,0.0,0.0,0.0,0.0,0.0,0.0,0.0],"imm_yes_cr_no":[0.0,0.0,0.0,0.0,0.0,0.0,0.0,4.2e-06,0.00435435,0.45481397,5.98402744,10.85030617,2.63671934,0.07360362,0.00017169,2e-08,0.0,0.0,0.0,0.0,0.0],"del_yes_cr_yes":[0.0,0.0,0.0,0.0,0.0,0.0,6.99e-06,0.01995742,2.1393457,12.70460404,5.00693545,0.1329452,0.00020599,1e-08,0.0,0.0,0.0,0.0,0.0,0.0,0.0],"del_yes_cr_no":[0.0,0.0,3.03e-06,0.00500677,0.33913916,3.28166033,7.91408391,6.30188377,1.91410753,0.23602936,0.01185446,0.0002309,1.57e-06,0.0,0.0,0.0,0.0,0.0,0.0,0.0,0.0],"conf_yes_cr_yes_del_yes":[0.0,0.0,0.0,0.0,0.0,0.0,0.0,0.0,0.0,0.0,2.9e-07,9.201e-05,0.009223,0.30659926,3.25711269,9.73208978,6.2156417,0.48200237,0.0012397,0.0,0.0],"conf_yes_cr_no_del_yes":[0.0,0.0,0.0,0.0,0.0,0.0,0.0,1.8e-07,4.31e-06,6.77e-05,0.0007356,0.00585097,0.0353506,0.16590348,0.61025348,1.74905668,3.80299367,5.8865322,5.59795604,2.14649142,0.0056089]}}
