{"nodes":{"cr_yes":[0.0,0.0,0.0,0.0,0.0,0.0,0.0,0.0,0.0,0.0,0.0,0.0,0.0,8e-08,0.0053894,7.18427384,12.81373132,0.00060571,4.5e-07,0.0,0.0],"imm_yes_cr_yes":[0.0,0.0,0.0,0.0,0.0,0.0,0.00036874,3.33756447,16.56924187,0.09682484,8.9e-07,0.0,0.0,0.0,0.0,0.0,0.0,0.0,0.0,0.0,0.0],"imm_yes_cr_no":[0.0,0.0,0.0,0.0,0.0,2e-08,4.7e-07,4.44e-06,1.522e-05,0.00029842,0.06098822,1.92456768,9.9252996,7.43456338,0.65330082,0.00496055,1.99e-06,0.0,0.0,0.0,0.0],"del_yes_cr_yes":[0.0,0.0,0.0,0.0,0.0,0.0,3e-08,0.00154953,1.06594373,14.17179363,4.72298879,0.04171654,8.54e-06,0.0,0.0,0.0,0.0,0.0,0.0,0.0,0.0],"del_yes_cr_no":[0.00017293,0.00015651,0.00011864,7.512e-05,4.114e-05,0.00018763,0.00652805,0.10337244,0.75022539,2.68019895,5.0662007,5.58359439,3.83546411,1.52814841,0.35248838,0.07769475,0.01545812,0.00179805,0.00076282,0.00094731,0.00090683],"conf_yes_cr_yes_del_yes":[0.0,0.0,0.0,0.0,0.0,0.0,0.0,0.0,0.0,0.0,5e-08,7.314e-05,0.02063541,1.05661405,8.82179868,9.3340751,0.76885068,0.00195325,4.3e-07,0.0,0.0],"conf_yes_cr_no_del_yes":[2e-08,2e-08,4e-08,4.6e-07,4.83e-06,3.915e-05,0.00024419,0.00119574,0.00471254,0.01591276,0.05498632,0.23276239,0.99103001,3.08568249,5.89272328,6.13196338,3.0069085,0.55569356,0.02948089,0.00065304,1.439e-05]}}
