{"nodes":{"cr_yes":[0.0,0.0,0.0,0.0,0.0,0.0,0.0,0.0,0.0,0.0,0.0,0.0,8.61e-06,0.12089317,12.76880949,7.09564496,0.01864457,0.0,0.0,0.0,0.0],"imm_yes_cr_yes":[0.0,0.0,0.0,0.0,0.0,0.0,1e-08,0.0031844,2.78458085,16.31997854,0.89577291,0.00048409,0.0,0.0,0.0,0.0,0.0,0.0,0.0,0.0,0.0],"imm_yes_cr_no":[0.0,0.0,0.0,0.0,0.0,0.0,0.0,0.0,1.6e-07,8.714e-05,0.01003713,0.27492429,1.97788365,5.85528989,9.33324881,2.5120556,0.04046368,1.045e-05,0.0,0.0,0.0],"del_yes_cr_yes":[0.0,0.0,0.0,0.0,9.914e-05,0.18022288,7.06631676,11.62206058,1.12789416,0.00740404,3.22e-06,0.0,0.0,0.0,0.0,0.0,0.0,0.0,0.0,0.0,0.0],"del_yes_cr_no":[0.0,0.0,1e-08,4.205e-05,0.00837348,0.26255662,2.15934054,6.14059012,7.04099609,3.52255214,0.78884548,0.07752865,0.00312956,4.587e-05,2e-07,0.0,0.0,0.0,0.0,0.0,0.0],"conf_yes_cr_yes_del_yes":[0.0,0.0,0.0,0.0,0.0,0.0,0.0,0.0,0.0,0.0,1.1e-06,0.00016311,0.00957403,0.22864483,2.17762736,7.60623924,8.11504047,1.82784359,0.03885859,8.48e-06,0.0],"conf_yes_cr_no_del_yes":[0.0,0.0,0.0,0.0,0.0,0.0,1e-08,1.7e-07,3.54e-06,5.347e-05,0.00058249,0.00474156,0.0296929,0.14575888,0.56455257,1.70981774,3.91792275,6.27385066,5.7654546,1.59099189,0.00115515]}}
