{"nodes":{"cr_yes":[0.0,0.0,0.0,0.0,0.0,0.0,0.0,0.0,0.0,0.0,0.0,1.742e-05,0.07951035,7.82320271,11.94635818,0.15490616,5.96e-06,0.0,0.0,0.0,0.0],"imm_yes_cr_yes":[0.0,0.0,0.0,0.0,0.0,2.1e-07,0.03228973,8.67450275,11.18147531,0.11572115,1.165e-05,1e-08,0.0,0.0,0.0,0.0,0.0,0.0,0.0,0.0,0.0],"imm_yes_cr_no":[0.0,0.0,0.0,0.0,0.0,0.0,0.0,4.37e-06,0.00267093,0.23549621,3.60128954,10.30029101,5.40001954,0.4593021,0.00492286,4.24e-06,0.0,0.0,0.0,0.0,0.0],"del_yes_cr_yes":[0.0,0.0,0.0,0.0,2.683e-05,0.11463807,6.53201985,12.15945243,1.19019677,0.00766345,3.39e-06,0.0,0.0,0.0,0.0,0.0,0.0,0.0,0.0,0.0,0.0],"del_yes_cr_no":[0.0,0.0,1.166e-05,0.0085887,0.36387942,2.84130706,6.81809719,6.5027994,2.81696685,0.58923861,0.06015043,0.00289996,6.104e-05,4.9e-07,0.0,0.0,0.0,0.0,0.0,0.0,0.0],"conf_yes_cr_yes_del_yes":[0.0,0.0,0.0,0.0,0.0,0.0,0.0,0.0,0.0,1.6e-07,2.749e-05,0.00187827,0.05553523,0.72469413,4.03992432,8.67604888,5.75504539,0.74446185,0.00638496,1.1e-07,0.0],"conf_yes_cr_no_del_yes":[1e-08,4e-08,1.9e-07,7.6e-07,2.71e-06,8.83e-06,2.643e-05,7.489e-05,0.00021328,0.0006664,0.00237189,0.00899699,0.0330806,0.1112609,0.33372672,0.88180735,2.02625563,3.94860478,6.14663223,6.35100324,0.31853387]}}
