{"nodes":{"cr_yes":[0.0,0.0,0.0,0.0,0.0,0.0,0.0,0.0,0.0,0.0,0.0,0.0,0.0,0.0,0.0,0.0,0.0,7e-08,0.00029357,0.25088103,39.50565225],"imm_yes_cr_yes":[0.0,0.0,0.0,0.0,0.0,0.0,0.0,1e-08,5.6e-07,0.00015401,0.15855283,7.42754499,12.03231863,0.3852878,0.00014197,0.0,0.0,0.0,0.0,0.0,0.0],"imm_yes_cr_no":[0.0,0.0,0.0,0.0,0.0,0.0,0.0,0.0,4.5e-07,0.00287126,0.79949319,11.22732402,7.76017758,0.21398336,0.00015095,0.0,0.0,0.0,0.0,0.0,0.0],"del_yes_cr_yes":[1.43e-06,0.0001263,0.11807105,9.0869453,10.08312093,0.70966745,0.00605555,1.258e-05,7.8e-07,1e-07,1e-08,0.0,0.0,0.0,0.0,0.0,0.0,0.0,1e-08,1e-08,1e-08],"del_yes_cr_no":[11.04611977,6.44996423,3.67971673,2.04256763,1.10681221,0.58700976,0.30534649,0.15604237,0.07844861,0.03884253,0.01895891,0.00912936,0.00433983,0.00203774,0.00094553,0.00043374,0.00019676,8.83e-05,3.921e-05,1.723e-05,7.49e-06],"conf_yes_cr_yes_del_yes":[0.22417502,0.24727078,0.26852373,0.28498998,0.29436103,0.29625198,0.29440826,0.29989829,0.33520061,0.44000033,0.67765473,1.12565861,1.81262004,2.60019518,3.1360493,3.054989,2.33841659,1.39486927,0.66742943,0.27109424,0.10406382],"conf_yes_cr_no_del_yes":[0.31757833,0.34760764,0.3838285,0.42624092,0.4748449,0.52964043,0.59062752,0.65780617,0.73117638,0.81073814,0.89649146,0.98843634,1.08657277,1.19090076,1.30142031,1.41813141,1.54103408,1.6701283,1.80541407,1.94689141,2.0945603]}}
