{"nodes":{"cr_yes":[0.0,0.0,0.0,0.0,0.0,0.0,0.0,0.0,0.0,0.0,0.0,0.0,0.0,0.0,1.27e-06,0.24681011,19.69398056,0.06320886,0.0,0.0,0.0],"imm_yes_cr_yes":[0.0,0.0,0.0,0.0,0.0,0.0,1e-07,0.02178006,8.49168165,11.41781502,0.07272174,2.23e-06,0.0,0.0,0.0,0.0,0.0,0.0,0.0,0.0,0.0],"imm_yes_cr_no":[3.1e-07,1.69e-06,5.9e-06,1.347e-05,2.011e-05,1.955e-05,1.228e-05,5.39e-06,6.813e-05,0.0030395,0.14590338,2.87839075,9.31031296,5.84589577,1.66193716,0.15620697,0.00216522,2.43e-06,0.0,0.0,0.0],"del_yes_cr_yes":[0.0,0.0,0.0,0.0,0.0,0.0,0.0,0.0,1.2e-07,0.00088514,0.34904202,8.07789111,10.85242087,0.72203433,0.00172702,2e-07,0.0,0.0,0.0,0.0,0.0],"del_yes_cr_no":[0.0,0.0,2e-08,2e-07,1.47e-06,2.546e-05,0.00119867,0.02702936,0.27504131,1.41957236,4.03496919,6.36262006,5.23066884,2.10115064,0.45095743,0.07788851,0.0124373,0.00401886,0.00340528,0.00241162,0.00120846],"conf_yes_cr_yes_del_yes":[0.0,0.0,0.0,0.0,0.0,0.0,0.0,0.0,0.0,1e-08,2e-08,2.69e-05,0.01173393,0.82924305,8.54896629,9.86019076,0.75156306,0.00226804,8.72e-06,0.0,0.0],"conf_yes_cr_no_del_yes":[1.11e-06,2.98e-06,7.75e-06,1.959e-05,4.825e-05,0.00011573,0.00027044,0.00061585,0.00136672,0.00295557,0.00622649,0.0127726,0.02549393,0.04946514,0.09324333,0.17191657,0.33029362,0.8614132,3.59479956,12.60597355,4.49399876]}}
