{"nodes":{"cr_yes":[0.0,0.0,0.0,0.0,0.0,0.0,0.0,0.0,0.0,0.0,0.0,0.0,0.0,1.4e-07,0.04147365,16.51800887,3.44442263,9.55e-05,0.0,0.0,0.0],"imm_yes_cr_yes":[0.0,0.0,0.0,0.0,0.0,0.0,1.903e-05,0.83907262,18.67634447,0.48854234,2.233e-05,0.0,0.0,0.0,0.0,0.0,0.0,0.0,0.0,0.0,0.0],"imm_yes_cr_no":[0.0,0.0,0.0,0.0,0.0,2.3e-07,1.197e-05,0.00019559,0.00106783,0.01645022,1.06911043,9.04196292,9.01185678,0.85821176,0.00513206,1e-06,0.0,0.0,0.0,0.0,0.0],"del_yes_cr_yes":[0.0,0.0,0.0,0.0,0.0,0.0,0.0,4.984e-05,0.1725016,9.21848495,10.34944571,0.26338711,0.0001316,0.0,0.0,0.0,0.0,0.0,0.0,0.0,0.0],"del_yes_cr_no":[7.66e-06,3.902e-05,0.00013569,0.00038265,0.00241217,0.02821828,0.20665348,0.82869625,1.86890335,2.5459877,2.92005633,4.21821732,4.5542176,2.30749511,0.48096277,0.04023086,0.00137237,1.6e-05,4e-08,0.0,0.0],"conf_yes_cr_yes_del_yes":[0.0,0.0,0.0,0.0,0.0,0.0,0.0,0.0,0.0,0.0,1e-08,2.152e-05,0.00885393,0.65881407,7.66176006,10.61615525,1.05291777,0.00546887,9.32e-06,0.0,0.0],"conf_yes_cr_no_del_yes":[2e-08,2.2e-07,1.99e-06,1.404e-05,7.911e-05,0.00036233,0.00136658,0.0042909,0.01133817,0.02610967,0.0644605,0.24974842,1.1170082,3.48586112,6.28911889,5.89728461,2.48162485,0.3630381,0.01210986,0.0001794,7.69e-06]}}
