{"nodes":{"cr_yes":[0.0,0.0,0.0,0.0,0.0,0.0,0.0,0.0,0.0,0.0,0.0,1.1e-07,0.09402785,19.4555281,0.45444449,2.5e-07,0.0,0.0,0.0,0.0,0.0],"imm_yes_cr_yes":[0.0,0.0,0.0,0.0,0.0,0.0,0.0,8.52e-06,0.39946094,18.24700718,1.35733965,0.00018452,0.0,0.0,0.0,0.0,0.0,0.0,0.0,0.0,0.0],"imm_yes_cr_no":[0.0,0.0,0.0,0.0,0.0,0.0,0.0,2e-08,3.26e-06,2.601e-05,0.00188433,0.80036522,12.72841284,6.40529506,0.06800697,7.09e-06,0.0,0.0,0.0,0.0,0.0],"del_yes_cr_yes":[0.0,0.0,0.0,0.0,3e-08,0.0,6.1e-07,0.00085942,0.07048015,0.6674764,8.69917609,10.16327707,0.40232181,0.0004092,1e-08,0.0,0.0,0.0,0.0,0.0,0.0],"del_yes_cr_no":[7.4209531,10.21738309,5.84475968,0.22947574,0.00189975,5.98e-06,2e-08,0.0,0.0,0.0,0.0,0.0,0.0,0.0,0.0,0.0,0.0,0.0,0.0,0.0,0.0],"conf_yes_cr_yes_del_yes":[0.0,0.0,0.0,0.0,0.0,0.0,0.0,0.0,0.0,0.0,3.3e-07,0.00024901,0.03947248,1.33194667,8.76500008,8.96389082,0.89993627,0.00350506,6e-08,0.0,0.0],"conf_yes_cr_no_del_yes":[0.0,0.0,0.0,0.0,0.0,0.0,0.0,3.7e-07,1.807e-05,0.00046023,0.00680507,0.06236785,0.36820854,1.42371522,3.59031224,5.74610278,5.49659554,2.76713321,0.52926821,0.01301346,1e-08]}}
