{"nodes":{"cr_yes":[0.0,0.0,0.0,0.0,0.0,0.0,0.0,0.0,0.0,0.0,0.0,0.0,1e-08,0.00221434,1.99421026,6.46907044,11.44918444,0.08932114,1.7e-07,0.0,0.0],"imm_yes_cr_yes":[0.0,0.0,0.0,0.0,0.0,0.0,0.0,0.0,0.0,0.0,0.00014971,0.36523239,13.70533884,5.91572929,0.01755043,1.4e-07,0.0,0.0,0.0,0.0,0.0],"imm_yes_cr_no":[0.0,0.0,0.0,0.0,0.0,0.0,0.0,0.0,0.0,0.0,1e-08,4.75e-05,0.03871386,2.73144718,13.88879894,3.32873508,0.01625794,3e-07,0.0,0.0,0.0],"del_yes_cr_yes":[4.1e-07,7.255e-05,0.11371955,5.3999558,11.47272806,2.87939032,0.13648997,0.0016222,2.023e-05,1.79e-06,1.3e-07,1e-08,0.0,0.0,0.0,0.0,0.0,0.0,0.0,0.0,0.0],"del_yes_cr_no":[4.23927259,16.74463223,1.10144226,0.03644275,0.00150884,0.00025242,6.48e-05,1.624e-05,3.87e-06,8.7e-07,1.9e-07,4e-08,1e-08,0.0,0.0,0.0,0.0,0.0,0.0,0.0,0.0],"conf_yes_cr_yes_del_yes":[0.02734982,0.02422736,0.02089466,0.01754402,0.01446267,0.01237835,0.01383872,0.02883612,0.09380336,0.31143671,0.87395234,1.95030684,3.37370342,4.42880003,4.2819784,2.90501481,1.27729625,0.32010995,0.03832329,0.00274008,0.00135702],"conf_yes_cr_no_del_yes":[0.25057953,0.27755227,0.31229656,0.3548124,0.40509979,0.46315872,0.52898921,0.60259124,0.68396481,0.77310994,0.87002661,0.97471484,1.08717461,1.20740592,1.33540879,1.4711832,1.61472916,1.76604667,1.92513573,2.09199633,2.26662848]}}
