{"nodes":{"cr_yes":[0.0,0.0,0.0,0.0,0.0,0.0,0.0,0.0,0.0,0.0,1e-08,3e-08,1e-08,1.47e-06,0.12848131,19.48138292,0.39413499,6e-08,0.0,0.0,0.0],"imm_yes_cr_yes":[0.0,0.0,0.0,0.0,0.0,0.0,2e-08,0.01050903,7.37821881,12.54293041,0.07234111,1.43e-06,0.0,0.0,0.0,0.0,0.0,0.0,0.0,0.0,0.0],"imm_yes_cr_no":[0.0,0.0,0.0,0.0,0.0,0.0,0.0,1.1e-06,0.00027373,0.04307548,1.3972038,7.45907915,8.52223974,2.44908105,0.12507994,0.00754542,0.00041011,8.58e-06,2.34e-06,3.5e-07,2e-08],"del_yes_cr_yes":[0.0,0.0,0.0,0.0,0.0,0.0,0.0,0.0,6.17e-05,0.04316802,2.09504155,11.64997495,6.02797383,0.18753672,0.00024401,1e-08,0.0,0.0,0.0,0.0,0.0],"del_yes_cr_no":[0.00436414,0.00953665,0.01635875,0.02214569,0.02371282,0.02009632,0.0150535,0.04551725,0.40226766,2.00416634,5.05157886,6.50830394,4.26607219,1.38718197,0.21481929,0.01465724,0.00034851,1.74e-06,0.0,0.0,0.0],"conf_yes_cr_yes_del_yes":[6.8e-07,4.8e-07,3.1e-07,1.8e-07,9e-08,4e-08,2e-08,1e-08,0.0,0.0,7e-08,3.782e-05,0.00581334,0.24931122,2.97769672,9.46922311,6.64609558,0.65203226,0.00378896,2.4e-07,0.0],"conf_yes_cr_no_del_yes":[0.0,0.0,0.0,0.0,0.0,6e-08,1.03e-06,1.378e-05,0.00014234,0.00118356,0.00857822,0.05713442,0.32170587,1.32247168,3.56239645,5.83052233,5.3655392,2.53249557,0.66014869,0.26349229,0.15635061]}}
