{"nodes":{"cr_yes":[0.0,0.0,0.0,0.0,0.0,0.0,0.0,0.0,0.0,0.0,0.0,0.0,2e-08,0.01224852,11.85574016,8.13534181,0.00067029,0.0,0.0,0.0,0.0],"imm_yes_cr_yes":[0.0,0.0,0.0,0.0,0.0,0.0,0.00012724,0.81431597,17.0328606,2.15458576,0.00211122,2e-08,0.0,0.0,0.0,0.0,0.0,0.0,0.0,0.0,0.0],"imm_yes_cr_no":[0.0,0.0,0.0,0.0,0.0,0.0,0.0,0.0,2e-08,2.027e-05,0.00812596,0.61453396,6.96238815,10.63858955,1.75989711,0.0204384,7.39e-06,0.0,0.0,0.0,0.0],"del_yes_cr_yes":[0.0,0.0,0.0,0.0,0.0,0.0,1.36e-06,0.00779293,1.39624642,12.11498753,6.28352653,0.20109961,0.0003464,2e-08,0.0,0.0,0.0,0.0,0.0,0.0,0.0],"del_yes_cr_no":[0.0,0.01436056,0.67938207,3.40077312,5.3856973,5.05064607,3.50920843,1.53501545,0.37544659,0.04981587,0.00352446,0.00012859,2.28e-06,2e-08,0.0,0.0,0.0,0.0,0.0,0.0,0.0],"conf_yes_cr_yes_del_yes":[0.0,0.0,0.0,0.0,0.0,0.0,0.0,0.0,0.0,1e-08,5.77e-06,0.00110889,0.06564635,1.22035718,6.73853865,9.46174134,2.45491281,0.06165539,3.441e-05,0.0,0.0],"conf_yes_cr_no_del_yes":[0.0,0.0,0.0,0.0,0.0,0.0,2e-08,8.2e-07,1.647e-05,0.00021907,0.00206544,0.01447264,0.07769164,0.3247523,1.05938568,2.65680591,4.91345146,6.10624007,4.09455162,0.75433034,3.464e-05]}}
