{"nodes":{"cr_yes":[0.0,0.0,0.0,0.0,0.0,0.0,0.0,0.0,0.0,0.0,0.0,0.0,0.0,1.755e-05,1.56820425,18.43168986,0.00408914,0.0,0.0,0.0,0.0],"imm_yes_cr_yes":[0.0,0.0,0.0,0.0,0.0,0.0,0.0,0.0,0.00011354,0.81150959,17.69853722,1.49339118,0.00044927,0.0,0.0,0.0,0.0,0.0,0.0,0.0,0.0],"imm_yes_cr_no":[0.0,0.0,0.0,0.0,0.0,0.0,0.0,0.0,0.0,0.0,0.0,0.0,2.2e-07,0.00083717,0.31301208,8.83710144,10.68445328,0.16859445,2.16e-06,0.0,0.0],"del_yes_cr_yes":[0.0,0.0,0.0,0.0,0.0,0.0,0.0,0.00010005,0.12754063,5.91778933,12.64566369,1.30714668,0.00575964,7.8e-07,0.0,0.0,0.0,0.0,0.0,0.0,0.0],"del_yes_cr_no":[0.0,9e-08,7.541e-05,0.00964189,0.23019176,1.69645737,4.98964473,6.74046392,4.50751211,1.53909718,0.26727547,0.02274617,0.00088089,1.375e-05,7e-08,0.0,0.0,0.0,0.0,0.0,0.0],"conf_yes_cr_yes_del_yes":[0.0,0.0,0.0,0.0,0.0,0.0,0.0,0.0,0.0,0.0,6e-08,3.013e-05,0.00444461,0.20298271,2.75302078,9.7220728,6.78392558,0.53613079,0.00139333,0.0,0.0],"conf_yes_cr_no_del_yes":[0.0,0.0,0.0,0.0,0.0,0.0,0.0,0.0,4e-08,8.4e-07,1.283e-05,0.00014655,0.00129873,0.00919941,0.05309743,0.25190188,0.97762814,3.02016997,6.85938965,8.79501965,0.07227138]}}
