{"nodes":{"cr_yes":[0.0,0.0,0.0,0.0,0.0,0.0,0.0,0.0,0.0,0.0,0.0,1.7e-07,2.111e-05,0.00035667,0.00839108,10.32668294,9.66795865,0.00059017,0.0,0.0,0.0],"imm_yes_cr_yes":[0.0,0.0,0.0,0.0,0.0,0.0,1.485e-05,0.24118739,14.14048462,5.60267571,0.01963763,6e-07,0.0,0.0,0.0,0.0,0.0,0.0,0.0,0.0,0.0],"imm_yes_cr_no":[0.0,0.0,1e-08,2e-07,2.72e-06,1.932e-05,7.32e-05,0.00025063,0.00722359,0.13233326,0.7268208,1.30749484,1.98428206,5.57003115,7.10282767,2.85170986,0.31325102,0.00765055,2.99e-05,1e-08,0.0],"del_yes_cr_yes":[0.0,0.0,0.0,0.0,0.0,0.0,1e-08,0.00039748,0.26837216,7.51933571,11.25202788,0.95967497,0.0041919,7e-07,0.0,0.0,0.0,0.0,0.0,0.0,0.0],"del_yes_cr_no":[0.00990779,0.00772603,0.00541322,0.0086457,0.0500583,0.21565386,0.58873024,1.37368234,3.15305234,5.18373304,4.94946898,2.70260605,0.99739193,0.41173707,0.21902243,0.09622878,0.02871027,0.00554471,0.0008333,0.00045105,0.00071455],"conf_yes_cr_yes_del_yes":[3.742e-05,4.549e-05,5.084e-05,5.204e-05,4.858e-05,4.114e-05,3.141e-05,2.148e-05,1.304e-05,6.97e-06,3.46e-06,7.564e-05,0.00969022,0.39133276,4.31268382,10.77602451,4.34321024,0.16957435,0.00107532,7.7e-07,0.0],"conf_yes_cr_no_del_yes":[0.01572901,0.01256681,0.00991275,0.00771633,0.00593678,0.0045659,0.00368789,0.00361539,0.00515773,0.01011678,0.02242897,0.05203159,0.12837215,0.33575768,0.86443935,1.9817241,3.70876222,5.21547239,4.915672,2.50223743,0.41192411]}}
