{"nodes":{"cr_yes":[0.0,0.0,0.0,0.0,0.0,0.0,0.0,0.0,0.0,0.0,0.0,0.0,0.0,0.0,0.00446819,13.73320557,6.26631075,1.629e-05,0.0,0.0,0.0],"imm_yes_cr_yes":[0.0,0.0,0.0,0.0,0.0,0.0,1.22e-06,0.10002235,13.55188599,6.33800495,0.01408615,1.5e-07,0.0,0.0,0.0,0.0,0.0,0.0,0.0,0.0,0.0],"imm_yes_cr_no":[0.0,0.0,0.0,0.0,0.0,0.0,0.0,0.0,0.0,0.0,0.0,6e-08,9.138e-05,0.02700317,1.41839528,10.77750763,7.58638801,0.19459509,2.019e-05,0.0,0.0],"del_yes_cr_yes":[0.0,0.0,0.0,0.0,0.0,2.1e-06,0.03182176,4.60831623,14.01410217,1.34501162,0.00474634,5.8e-07,0.0,0.0,0.0,0.0,0.0,0.0,0.0,0.0,0.0],"del_yes_cr_no":[0.0,0.0,1e-08,4.59e-06,0.00097242,0.03847272,0.46899431,2.3104339,5.35265599,6.33092061,3.9595892,1.30603226,0.21835636,0.01702676,0.00053628,5.37e-06,1e-08,0.0,0.0,0.0,0.0],"conf_yes_cr_yes_del_yes":[0.0,0.0,0.0,0.0,0.0,0.0,0.0,0.0,0.0,5e-08,2.498e-05,0.00339153,0.14483699,1.96946172,8.01296583,8.28392253,1.56191361,0.02747382,9.74e-06,0.0,0.0],"conf_yes_cr_no_del_yes":[0.0,0.0,0.0,0.0,0.0,0.0,1e-08,2.6e-07,5.73e-06,8.293e-05,0.00084754,0.00645154,0.03786468,0.17488056,0.64008034,1.84043455,4.02473102,6.19344942,5.53822354,1.54693784,2.169e-05]}}
