{"nodes":{"cr_yes":[0.0,0.0,0.0,0.0,0.0,0.0,0.0,0.0,0.0,0.0,0.0,0.0,0.0,0.0,3.93e-06,1.15268838,18.85060861,0.00069988,0.0,0.0,0.0],"imm_yes_cr_yes":[0.0,0.0,0.0,0.0,0.0,0.0,0.0,0.00923291,11.78751227,8.20237544,0.00488019,0.0,0.0,0.0,0.0,0.0,0.0,0.0,0.0,0.0,0.0],"imm_yes_cr_no":[0.0,0.0,0.0,0.0,0.0,0.0,0.0,0.0,0.0,0.0,1.1e-07,0.00024661,0.07257258,2.79697804,12.41140292,4.64388913,0.07889387,1.753e-05,0.0,0.0,0.0],"del_yes_cr_yes":[0.0,0.0,0.0,0.0,0.0,0.0,0.0,0.00020814,0.51635907,13.90372206,5.54919494,0.03451383,2.75e-06,0.0,0.0,0.0,0.0,0.0,0.0,0.0,0.0],"del_yes_cr_no":[0.0,0.0,0.0,0.0,1.12e-06,0.00036003,0.02223518,0.39129948,2.45846905,6.26081686,6.873147,3.28679268,0.65914935,0.0504773,0.00124535,7.4e-06,1e-08,0.0,0.0,0.0,0.0],"conf_yes_cr_yes_del_yes":[0.0,0.0,0.0,0.0,0.0,0.0,0.0,0.0,0.0,0.0,2.8e-07,0.00031368,0.06080869,2.04597181,10.76734483,6.82171165,0.30750857,0.00034129,0.0,0.0,0.0],"conf_yes_cr_no_del_yes":[0.0,0.0,0.0,0.0,0.0,0.0,0.0,1e-08,2.9e-07,6.55e-06,9.563e-05,0.00095384,0.00684963,0.03683413,0.15313354,0.50659361,1.37265954,3.12530345,5.95455538,8.26247813,1.16907416]}}
