{"nodes":{"cr_yes":[0.0,0.0,0.0,0.0,0.0,0.0,0.0,1.5e-07,2.19e-06,8.26e-06,7.59e-06,1.53e-06,7.2e-07,0.01276941,3.83062772,15.42137077,0.36057599,0.17380291,0.20472199,0.00011156,0.0],"imm_yes_cr_yes":[0.0,0.0,0.0,0.0,1.4e-07,1.33e-06,0.07562751,14.05983828,5.8518387,0.01668627,8.57e-06,0.0,0.0,0.0,0.0,0.0,0.0,0.0,0.0,0.0,0.0],"imm_yes_cr_no":[0.0,0.0,0.0,0.0,2e-08,4.239e-05,0.01706301,0.68839565,3.81978075,6.67803916,7.17081517,1.58248875,0.04720099,0.00016952,4.5e-06,8.4e-07,6e-08,0.0,0.0,0.0,0.0],"del_yes_cr_yes":[0.0,0.0,0.0,0.0,0.0,0.0,0.0,4.7e-07,0.00102777,0.36119139,10.53239809,8.93252952,0.17679479,5.876e-05,0.0,0.0,0.0,0.0,0.0,0.0,0.0],"del_yes_cr_no":[0.0,1e-08,3.52e-06,0.00058674,0.1069112,2.37270852,8.72958204,7.12498033,1.55861694,0.10517692,0.0043544,0.00085509,0.00019423,2.816e-05,2.55e-06,1.4e-07,0.0,0.0,0.0,0.0,0.0],"conf_yes_cr_yes_del_yes":[9.4e-07,1.44e-06,1.95e-06,2.32e-06,2.41e-06,2.16e-06,1.67e-06,1.1e-06,6.1e-07,2.8e-07,1.5e-07,2.784e-05,0.00502345,0.2504665,3.27458772,10.03871901,5.93211518,0.49937947,0.00366638,6.8e-07,0.0],"conf_yes_cr_no_del_yes":[1.7e-07,5.3e-07,1.57e-06,4.48e-06,1.236e-05,3.293e-05,8.479e-05,0.00021117,0.00050876,0.00118607,0.00267553,0.00583916,0.01232871,0.02520778,0.05020638,0.10025969,0.22398276,0.68332644,2.71519162,9.32188409,13.72211182]}}
