{"nodes":{"cr_yes":[0.0,0.0,0.0,0.0,0.0,0.0,0.0,0.0,0.0,0.0,0.0,0.0,0.0,0.0,4.876e-05,0.48331265,18.91503598,0.60560288,5.2e-07,0.0,0.0],"imm_yes_cr_yes":[0.0,0.0,0.0,0.0,0.0,0.0,0.0,1e-08,0.00023377,0.1993225,7.17484881,11.80414243,0.82354468,0.00190851,9e-08,0.0,0.0,0.0,0.0,0.0,0.0],"imm_yes_cr_no":[0.0,0.0,0.0,0.0,0.0,0.0,4.1e-07,0.00017239,0.01687634,0.44966646,3.55465296,8.5779206,6.15165349,1.19912769,0.0535232,0.00040695,3.3e-07,0.0,0.0,0.0,0.0],"del_yes_cr_yes":[0.0,0.0,1e-08,9.8e-07,1.72e-06,0.00269804,0.5295498,7.36657144,10.33267418,1.73602303,0.03639324,8.833e-05,2e-08,0.0,0.0,0.0,0.0,0.0,0.0,0.0,0.0],"del_yes_cr_no":[1.6e-07,9.117e-05,0.00341849,0.0346074,0.18790712,0.95734391,3.37375407,6.12564462,5.68356376,2.79214521,0.73605037,0.10218461,0.00706744,0.00021994,2.6e-06,1e-08,0.0,0.0,0.0,0.0,0.0],"conf_yes_cr_yes_del_yes":[0.0,0.0,0.0,0.0,0.0,0.0,0.0,0.0,0.0,6.3e-07,7.241e-05,0.00355525,0.08013148,0.84642875,4.08288511,8.24159983,5.77607642,0.95765627,0.01559303,1.63e-06,0.0],"conf_yes_cr_no_del_yes":[0.0,0.0,0.0,0.0,4e-08,3.2e-07,1.95e-06,1.107e-05,6.132e-05,0.00032853,0.00162976,0.00723733,0.02836,0.09780194,0.2971049,0.79446571,1.85731566,3.7215568,6.06977466,6.82774551,0.60121064]}}
