{"nodes":{"cr_yes":[0.0,0.0,0.0,0.0,0.0,0.0,0.0,0.0,0.0,0.0,0.0,0.0,0.0,0.0,4.291e-05,1.03884676,18.94150411,0.02360702,0.0,0.0,0.0],"imm_yes_cr_yes":[0.0,0.0,0.0,0.0,0.0,0.0,2.7e-07,0.02200175,6.45177161,13.27263086,0.2575488,4.75e-05,0.0,0.0,0.0,0.0,0.0,0.0,0.0,0.0,0.0],"imm_yes_cr_no":[0.0,0.0,0.0,0.0,0.0,0.0,0.0,3.1e-07,0.00030211,0.04528495,1.27382597,7.43072668,9.05996178,2.11649356,0.07710691,0.00029849,6e-08,0.0,0.0,0.0,0.0],"del_yes_cr_yes":[0.0,0.0,0.0,0.0,0.0,0.0,1e-08,0.00022704,0.14872758,5.22643945,12.45731978,2.14688769,0.02438528,1.397e-05,0.0,0.0,0.0,0.0,0.0,0.0,0.0],"del_yes_cr_no":[0.0,0.0,0.0,0.0,3.1e-07,6.14e-05,0.00327117,0.06398546,0.55526422,2.3825282,5.34231597,6.35778131,3.93596575,1.19521462,0.15966418,0.00783824,0.00010955,4.2e-07,0.0,0.0,0.0],"conf_yes_cr_yes_del_yes":[0.0,0.0,0.0,0.0,0.0,0.0,0.0,0.0,0.0,0.0,3.1e-07,9.094e-05,0.00878233,0.28573572,3.03365329,9.37993231,6.6304183,0.66196124,0.00342627,9e-08,0.0],"conf_yes_cr_no_del_yes":[0.0,0.0,0.0,0.0,0.0,0.0,0.0,0.0,0.0,0.0,7e-08,1.44e-06,2.4e-05,0.00032794,0.00370357,0.0343566,0.25662148,1.48007314,5.97230684,12.20957625,0.09401893]}}
