{"nodes":{"cr_yes":[0.0,0.0,0.0,0.0,0.0,0.0,0.0,0.0,0.0,0.0,0.0,0.0,0.00749965,17.40067819,2.59581472,8.24e-06,1e-08,0.0,0.0,0.0,0.0],"imm_yes_cr_yes":[0.0,0.0,0.0,0.0,0.0,0.0,5e-08,0.0272514,11.71139874,8.25168356,0.013667,5e-08,0.0,0.0,0.0,0.0,0.0,0.0,0.0,0.0,0.0],"imm_yes_cr_no":[0.0,0.0,0.0,0.0,0.0,2e-08,6.715e-05,0.03622637,3.30637584,13.90105879,2.73450955,0.02575283,1.024e-05,0.0,0.0,0.0,0.0,0.0,0.0,0.0,0.0],"del_yes_cr_yes":[0.0,0.0,0.0,0.0,0.0,0.0,0.0,0.0,9.768e-05,0.18328724,8.4295157,11.0078046,0.38303027,0.0002653,0.0,0.0,0.0,0.0,0.0,0.0,0.0],"del_yes_cr_no":[0.0,0.0,6.2e-07,0.00039794,0.05124918,2.16925885,10.01952043,6.79150477,0.93868303,0.03306498,0.00032021,7.9e-07,0.0,0.0,0.0,0.0,0.0,0.0,0.0,0.0,0.0],"conf_yes_cr_yes_del_yes":[0.0,0.0,0.0,0.0,0.0,0.0,0.0,0.0,0.0,0.0,0.0,7.99e-06,0.00404871,0.37398878,5.77527727,11.82887745,2.01054196,0.01125822,4.3e-07,0.0,0.0],"conf_yes_cr_no_del_yes":[0.00010412,0.00047563,0.0018532,0.00620686,0.01797392,0.04518309,0.09882736,0.18824372,0.31263156,0.45819271,0.62979059,0.94516207,1.67925829,2.91671625,3.93447992,3.6534822,2.32222145,1.30991805,0.89483548,0.50846358,0.16006565]}}
