{"nodes":{"cr_yes":[0.0,0.0,0.0,0.0,0.0,0.0,0.0,0.0,0.0,0.0,0.0,0.0,0.0,0.0,3.96e-06,0.64285205,19.35470496,0.00643983,0.0,0.0,0.0],"imm_yes_cr_yes":[0.0,0.0,0.0,0.0,0.0,0.0,0.0,5.33e-06,0.26744941,17.41217739,2.32368573,0.00068295,0.0,0.0,0.0,0.0,0.0,0.0,0.0,0.0,0.0],"imm_yes_cr_no":[0.0,0.0,0.0,0.0,0.0,0.0,0.0,0.0,2.54e-06,0.00243367,0.28825545,4.7816084,11.30916659,3.49566352,0.12571714,0.0011507,2.79e-06,0.0,0.0,0.0,0.0],"del_yes_cr_yes":[0.0,0.0,0.0,0.0,0.0,0.0,0.0,0.0,0.0,0.00021172,0.25733337,9.35528733,10.1309535,0.26012026,9.462e-05,0.0,0.0,0.0,0.0,0.0,0.0],"del_yes_cr_no":[0.0,0.0,0.0,0.0,0.0,0.0,2.3e-07,5.166e-05,0.00418228,0.11599002,1.20464863,4.9300672,7.95547033,4.79280849,0.95106547,0.04927843,0.00043777,3e-07,0.0,0.0,0.0],"conf_yes_cr_yes_del_yes":[0.0,0.0,0.0,0.0,0.0,0.0,0.0,0.0,0.0,0.0,0.0,9.62e-06,0.00429562,0.36359504,5.44597209,11.76823817,2.40216329,0.01972601,9.7e-07,0.0,0.0],"conf_yes_cr_no_del_yes":[0.0,0.0,0.0,0.0,0.0,0.0,0.0,0.0,1e-08,2.2e-07,6.06e-06,0.00013295,0.00213846,0.02408608,0.18592757,0.96313057,3.22185249,6.45192735,6.63384751,2.46744985,0.10700336]}}
