{"nodes":{"cr_yes":[6.90567515,4.76030757,2.1885763,0.66308136,0.13045073,0.01637061,0.00128281,6.12e-05,1.74e-06,1.152e-05,0.00260794,0.14190992,1.76394227,4.57916788,2.14888556,0.145831,0.00332853,0.00513612,0.00020276,3e-08,1.478e-05],"imm_yes_cr_yes":[0.0,0.0,0.0,0.0,0.0,0.0,0.0,0.0,0.0,1.04e-06,0.0086237,2.1229629,15.21885758,2.64571761,0.0078376,3.7e-07,0.0,0.0,0.0,0.0,0.0],"imm_yes_cr_no":[0.0,0.0,0.0,0.0,0.0,0.0,0.0,0.0,0.0,8.86e-06,0.01913788,2.20797006,13.7694978,3.97088202,0.03649873,5.45e-06,0.0,0.0,0.0,0.0,0.0],"del_yes_cr_yes":[2.9e-06,0.00219211,0.20824217,3.49137793,11.77144572,4.21681932,0.23324463,0.00262425,9.594e-05,0.00026048,0.00064869,0.00139958,0.00264815,0.00443984,0.00665477,0.00898602,0.01100404,0.01229123,0.01258597,0.01186704,0.01034295],"del_yes_cr_no":[22.75000875,4.21212913,2.14078536,1.12911488,0.58082969,0.29198368,0.14373773,0.06940731,0.0329186,0.0153515,0.00704563,0.00318469,0.00141859,0.00062303,0.0002699,0.00011537,4.867e-05,2.027e-05,8.34e-06,3.39e-06,1.36e-06],"conf_yes_cr_yes_del_yes":[0.86981957,0.84026605,0.79945849,0.74874855,0.68997921,0.62684081,0.56802373,0.53223654,0.55307696,0.67930853,0.96290766,1.4210339,1.96636452,2.3637225,2.34006349,1.84669968,1.17013009,0.65863136,0.40391547,0.29190446,0.21155799],"conf_yes_cr_no_del_yes":[0.41210955,0.44134394,0.47536776,0.51418099,0.55778364,0.60617571,0.65935719,0.71732809,0.78008841,0.84763815,0.9199773,0.99710587,1.07902386,1.16573126,1.25722809,1.35351433,1.45458998,1.56045506,1.67110955,1.78655346,1.90678679]}}
