{"nodes":{"cr_yes":[0.0,0.0,0.0,0.0,0.0,0.0,0.0,0.0,0.0,0.0,0.0,0.0,0.0,0.0,0.0,0.00032644,2.5640847,17.43224029,0.00734936,0.0,0.0],"imm_yes_cr_yes":[0.0,0.0,0.0,0.0,0.0,0.00020674,1.44387928,17.57103773,0.98846224,0.0004148,0.0,0.0,0.0,0.0,0.0,0.0,0.0,0.0,0.0,0.0,0.0],"imm_yes_cr_no":[2.08e-06,9.34e-06,2.582e-05,4.471e-05,4.906e-05,3.44e-05,9.088e-05,0.00856336,0.23702974,2.21003168,7.47667412,7.78062441,2.15366176,0.13565971,0.0014988,1.97e-06,1e-08,0.0,0.0,0.0,0.0],"del_yes_cr_yes":[0.0,0.0,0.0,0.0,0.0,4.1e-07,0.00968481,2.49067014,14.5582466,2.92162951,0.02376177,7.56e-06,0.0,0.0,0.0,0.0,0.0,0.0,0.0,0.0,0.0],"del_yes_cr_no":[2.5e-07,4.3e-06,3.646e-05,0.00016797,0.00049286,0.00389966,0.0788423,0.73397638,3.02994998,6.02358169,6.04869793,3.11809899,0.82328941,0.11873457,0.01735322,0.00514498,0.00143076,0.00026608,3.098e-05,2.12e-06,8e-08],"conf_yes_cr_yes_del_yes":[0.0,0.0,0.0,0.0,0.0,0.0,0.0,1e-08,2e-08,6e-08,2.46e-06,0.00037279,0.02235808,0.50013676,3.9239414,9.48741762,5.55862458,0.50799398,0.0031528,2.4e-07,0.0],"conf_yes_cr_no_del_yes":[2.239e-05,4.699e-05,9.667e-05,0.00019509,0.0003864,0.00075125,0.00143415,0.0026887,0.00495052,0.00895194,0.01589616,0.02771363,0.0474259,0.07965913,0.13155535,0.2164258,0.37898086,0.85883626,2.87240164,10.13231516,10.44655602]}}
