{"nodes":{"cr_yes":[0.0,0.0,0.0,0.0,0.0,0.0,0.0,0.0,0.0,0.0,0.0,0.0,0.0,1e-08,0.01534862,18.01589341,1.97275777,9.9e-07,0.0,0.0,0.0],"imm_yes_cr_yes":[0.0,0.0,0.0,0.0,0.0,0.0,2e-08,0.01255673,7.94893439,11.98024557,0.06226297,1.12e-06,0.0,0.0,0.0,0.0,0.0,0.0,0.0,0.0,0.0],"imm_yes_cr_no":[0.0,0.0,0.0,0.0,0.0,0.0,0.0,1e-08,7.086e-05,0.03139403,1.58367729,9.97136298,7.75228877,0.66042644,0.00477853,1.87e-06,0.0,0.0,0.0,0.0,0.0],"del_yes_cr_yes":[0.0,0.0,0.0,0.0,0.0,0.0,0.0,0.0,1.594e-05,0.05871996,5.28317584,13.69009329,0.97057809,0.00141765,2e-08,0.0,0.0,0.0,0.0,0.0,0.0],"del_yes_cr_no":[1.32e-06,5.94e-06,1.914e-05,4.513e-05,8.684e-05,0.00058019,0.01175302,0.13516281,0.80181772,2.58766067,4.88922084,5.77371597,4.03624114,1.43376984,0.27561677,0.05054193,0.00706248,0.00038214,6.575e-05,0.00013636,0.00023097],"conf_yes_cr_yes_del_yes":[0.0,0.0,0.0,0.0,0.0,0.0,0.0,0.0,0.0,0.0,3e-08,5.167e-05,0.0159097,0.89035248,8.23571024,9.90049498,0.95856922,0.00291244,4e-08,0.0,0.0],"conf_yes_cr_no_del_yes":[0.0,0.0,1e-08,1.4e-07,1.78e-06,1.715e-05,0.00012457,0.00069869,0.00309939,0.01152542,0.04279287,0.19421839,0.89683017,2.99826462,5.98680836,6.28761197,3.00090845,0.54125386,0.03479495,0.00332081,0.0034584]}}
