{"nodes":{"cr_yes":[0.0,0.0,0.0,0.0,0.0,0.0,0.0,0.0,0.0,0.0,0.0,0.0,0.0,0.0,0.00050409,6.59327878,13.41002809,0.00018982,2e-08,0.0,0.0],"imm_yes_cr_yes":[0.0,0.0,0.0,0.0,0.0,0.0,0.00032729,1.93577492,17.57705578,0.49078748,5.534e-05,0.0,0.0,0.0,0.0,0.0,0.0,0.0,0.0,0.0,0.0],"imm_yes_cr_no":[0.0,0.0,0.0,0.0,0.0,0.0,0.0,9e-08,0.00014147,0.03091115,1.12412846,7.53303984,9.3297072,1.93250311,0.0533468,0.00021815,4.52e-06,1e-08,0.0,0.0,0.0],"del_yes_cr_yes":[0.0,0.0,0.0,0.0,0.0,1.988e-05,0.13686721,8.65357021,10.8179086,0.39515214,0.00048274,2e-08,0.0,0.0,0.0,0.0,0.0,0.0,0.0,0.0,0.0],"del_yes_cr_no":[0.0,0.0,9e-08,0.00010077,0.00986152,0.20780296,1.47349166,4.44912513,6.50844089,4.92703365,1.97261123,0.4112515,0.04230679,0.00194093,3.352e-05,1.6e-07,0.0,0.0,0.0,0.0,0.0],"conf_yes_cr_yes_del_yes":[0.0,0.0,0.0,0.0,0.0,0.0,0.0,0.0,0.0,0.0,6.2e-07,0.00016148,0.01368979,0.39089246,3.63276964,9.73296186,5.78671458,0.44551489,0.00129548,0.0,0.0],"conf_yes_cr_no_del_yes":[0.0,0.0,0.0,0.0,0.0,0.0,2e-08,4.5e-07,7.77e-06,9.372e-05,0.0008344,0.00571411,0.0309472,0.13483928,0.47605759,1.35665329,3.06137352,5.22619999,6.08096111,3.59722074,0.06619522]}}
