{"nodes":{"cr_yes":[0.0,0.0,0.0,0.0,0.0,0.0,0.0,0.0,0.0,0.0,0.0,0.0,4.9e-07,0.02512332,8.88459786,11.07986386,0.01441527,0.0,0.0,0.0,0.0],"imm_yes_cr_yes":[0.0,0.0,0.0,0.0,0.0,0.0,0.0,0.00122578,3.80310623,16.05952036,0.14014584,2.59e-06,0.0,0.0,0.0,0.0,0.0,0.0,0.0,0.0,0.0],"imm_yes_cr_no":[0.0,0.0,0.0,0.0,0.0,0.0,0.0,0.0,4e-08,0.00017146,0.06463094,2.60296423,11.70943926,5.42179299,0.20460141,0.00040046,2e-08,0.0,0.0,0.0,0.0],"del_yes_cr_yes":[0.0,0.0,0.0,0.0,0.0,0.0,0.0,0.0,2e-08,0.00055561,0.4221275,10.65104479,8.74584275,0.18437063,5.949e-05,0.0,0.0,0.0,0.0,0.0,0.0],"del_yes_cr_no":[0.0,0.0,0.0,0.0,1e-08,8e-08,4e-07,1.175e-05,0.00094883,0.03084388,0.41689479,2.46757292,6.44558588,7.14889688,3.05835306,0.42133292,0.01350489,5.451e-05,1e-08,0.0,0.0],"conf_yes_cr_yes_del_yes":[0.0,0.0,0.0,0.0,0.0,0.0,0.0,0.0,0.0,0.0,2.67e-06,0.002056,0.24784188,4.6532164,11.95300566,3.10300786,0.04485938,1.095e-05,0.0,0.0,0.0],"conf_yes_cr_no_del_yes":[0.0,0.0,0.0,0.0,0.0,0.0,0.0,0.0,0.0,3e-08,6.9e-07,1.2e-05,0.00017112,0.0020498,0.02009025,0.15321354,0.85850689,3.28775668,7.5808873,7.66588607,0.87085284]}}
