{"nodes":{"cr_yes":[0.0,0.0,0.0,0.0,0.0,0.0,0.0,0.0,0.0,0.0,0.0,0.0,0.0,1.878e-05,0.73103008,19.18149544,0.09145581,4.4e-07,2.5e-07,0.0,0.0],"imm_yes_cr_yes":[0.0,0.0,0.0,0.0,0.0,0.0,0.0,0.0,0.0,0.0,1.582e-05,0.32747014,17.75738117,1.91892891,0.00020475,0.0,0.0,0.0,0.0,0.0,0.0],"imm_yes_cr_no":[0.0,0.0,0.0,0.0,0.0,0.0,0.0,0.0,0.0,0.0,0.0,3.3e-07,0.00322685,1.24332223,15.19255906,3.55877091,0.0061214,1e-08,0.0,0.0,0.0],"del_yes_cr_yes":[0.0,0.0,0.0,1.645e-05,0.07738911,4.9430136,12.60968795,2.33091761,0.04288415,9.188e-05,5e-08,0.0,0.0,0.0,0.0,0.0,0.0,0.0,0.0,0.0,0.0],"del_yes_cr_no":[8.64293685,5.51890803,3.4524965,2.49166881,1.70199891,1.08666205,0.6533261,0.37229494,0.20211831,0.10497401,0.05233246,0.02511095,0.01162347,0.00519992,0.00225171,0.00094501,0.00038479,0.00015214,5.845e-05,2.184e-05,7.93e-06],"conf_yes_cr_yes_del_yes":[4.85e-06,6.53e-06,8.43e-06,1.054e-05,1.319e-05,1.77e-05,2.779e-05,5.146e-05,0.00010242,0.00019941,0.00043871,0.00319068,0.04409413,0.40293634,2.08357741,5.72191548,7.46826184,3.75797731,0.50393883,0.01708283,0.0002947],"conf_yes_cr_no_del_yes":[0.23425417,0.24954369,0.27954268,0.33179962,0.41256585,0.52550352,0.67077101,0.84448561,1.03856367,1.24093802,1.43615283,1.60633584,1.73254787,1.79650982,1.78270693,1.68087051,1.48883693,1.21578405,0.88584502,0.5420994,0.25094167]}}
