{"nodes":{"cr_yes":[1.807e-05,1.662e-05,1.078e-05,4.87e-06,1.52e-06,3.2e-07,5e-08,0.0,0.0,0.0,0.0,0.0,0.0,0.0,0.0,0.0,0.0,2e-08,0.00033782,0.52806199,38.95111556],"imm_yes_cr_yes":[0.0,0.0,0.0,0.0,0.0,0.0,0.0,0.0,0.0,0.0,1.35e-06,0.04569825,9.67561638,10.25167799,0.03100674,9e-08,0.0,0.0,0.0,0.0,0.0],"imm_yes_cr_no":[0.0,0.0,0.0,0.0,0.0,0.0,0.0,0.0,0.0,0.0,0.0,4e-08,0.0002376,0.1365568,5.80707235,13.19117708,0.86842471,0.00053222,0.0,0.0,0.0],"del_yes_cr_yes":[0.0,3e-08,2.7e-07,8.65e-06,0.03498264,2.88174546,12.28098274,4.60477383,0.20036947,0.00113687,8.5e-07,0.0,0.0,0.0,0.0,0.0,0.0,0.0,0.0,0.0,0.0],"del_yes_cr_no":[1.00116805,14.52043231,3.61924745,0.60232062,0.30623372,0.19289385,0.11685071,0.067667,0.03758939,0.02009044,0.01035631,0.00515913,0.0024878,0.0011628,0.00052738,0.00023231,9.946e-05,4.141e-05,1.678e-05,6.61e-06,2.54e-06],"conf_yes_cr_yes_del_yes":[0.0216865,0.02973836,0.03934645,0.05070468,0.06481616,0.08452665,0.11575612,0.1681141,0.25346152,0.38119452,0.55142281,0.75206902,0.97108002,1.24297455,1.72501004,2.52360191,3.0988489,2.9210241,2.46248073,1.86855618,1.37686143],"conf_yes_cr_no_del_yes":[0.22233864,0.26654365,0.32240367,0.39303982,0.48068826,0.58615638,0.70845002,0.84457189,0.98949101,1.13628339,1.27644369,1.40036805,1.49800807,1.55969586,1.57714017,1.54459373,1.46019159,1.32746069,1.15700043,0.96833442,0.79193336]}}
