{"nodes":{"cr_yes":[0.0,0.0,0.0,0.0,0.0,0.0,0.0,0.0,0.0,0.0,0.0,0.0,6e-08,0.01318962,9.6276687,10.35928055,0.00386188,0.0,0.0,0.0,0.0],"imm_yes_cr_yes":[0.0,0.0,0.0,0.0,0.0,2.05e-06,0.03179982,4.90240222,14.02647706,1.0410543,0.00226522,1.4e-07,0.0,0.0,0.0,0.0,0.0,0.0,0.0,0.0,0.0],"imm_yes_cr_no":[0.0,0.0,0.0,0.0,1.05e-06,0.00150787,0.16894059,2.40167263,7.05460571,7.44465128,2.69697306,0.23172192,0.0039155,1.119e-05,0.0,0.0,0.0,0.0,0.0,0.0,0.0],"del_yes_cr_yes":[0.0,0.0,0.0,0.0,0.0,1e-08,2e-08,1.146e-05,0.00580086,0.52105117,6.5671283,10.72335491,2.14107025,0.04550505,7.876e-05,1e-08,0.0,0.0,0.0,0.0,0.0],"del_yes_cr_no":[5.4e-07,6.078e-05,0.00101983,0.00744113,0.39612041,4.53665346,9.39181226,4.87011753,0.75955363,0.04016681,0.00101583,3.61e-05,1.47e-06,4e-08,1e-08,2e-08,5e-08,1.1e-07,2.3e-07,4.4e-07,7.8e-07],"conf_yes_cr_yes_del_yes":[0.0,0.0,0.0,0.0,0.0,0.0,0.0,0.0,0.0,1e-08,1.53e-06,0.00031301,0.02265018,0.5592912,4.44704712,9.91974373,4.75410043,0.29982248,0.00103109,4e-08,0.0],"conf_yes_cr_no_del_yes":[0.78066196,0.81709582,0.8528566,0.88755368,0.92075133,0.95196781,0.98067528,1.0063008,1.02822866,1.04580439,1.05834079,1.06512662,1.06543864,1.0585594,1.04381684,1.02078186,0.99067479,0.96540224,1.01012355,1.31664112,1.05505921]}}
