{"nodes":{"cr_yes":[0.0,0.0,0.0,0.0,0.0,1e-08,3e-08,6e-08,5e-08,1e-08,6e-08,0.00022202,0.09715283,3.9913352,12.73269715,2.43239853,0.11259153,3.705e-05,0.08308949,0.5536993,0.00155495],"imm_yes_cr_yes":[0.0,0.0,0.0,0.0,0.0,0.0,0.00075153,5.67892502,14.29722879,0.0270954,5e-08,0.0,0.0,0.0,0.0,0.0,0.0,0.0,0.0,0.0,0.0],"imm_yes_cr_no":[0.0,0.0,0.0,0.0,6e-08,3.41e-06,6.626e-05,0.00047806,0.00149506,0.02047229,0.91003346,8.21551285,8.88892777,1.82677465,0.1388792,0.00135697,7.5e-07,0.0,0.0,0.0,0.0],"del_yes_cr_yes":[0.0,0.0,0.0,0.0,0.0,0.0,2.981e-05,0.13786623,8.60056801,10.92792316,0.33736559,0.00024799,0.0,0.0,0.0,0.0,0.0,0.0,0.0,0.0,0.0],"del_yes_cr_no":[0.00020403,0.00018286,0.00019726,0.00104559,0.00828652,0.04213204,0.13306515,0.26883398,0.42202629,1.06847824,3.28828936,5.76467152,5.17412681,2.40592516,0.69009302,0.34751572,0.24758237,0.11088723,0.02713688,0.00333194,0.00018171],"conf_yes_cr_yes_del_yes":[0.0,0.0,0.0,0.0,0.0,0.0,0.0,0.0,0.0,0.0,5e-08,1.286e-05,0.00475197,0.38065384,5.50875506,11.67952708,2.40845978,0.02183808,2.07e-06,0.0,0.0],"conf_yes_cr_no_del_yes":[3.224e-05,2.18e-05,2.895e-05,9.415e-05,0.00036408,0.0012729,0.00391478,0.01073604,0.02685785,0.06260825,0.13774853,0.29299838,0.64796975,1.53836699,3.33855654,5.27802693,5.13264746,2.65833382,0.657962,0.15795662,0.11503775]}}
