{"nodes":{"cr_yes":[0.0,0.0,0.0,0.0,0.0,0.0,0.0,0.0,0.0,0.0,0.0,0.0,0.0,5.94e-06,0.24996974,19.0688281,0.68519623,7.9e-07,0.0,0.0,0.0],"imm_yes_cr_yes":[0.0,0.0,0.0,0.0,0.0,0.0,0.0,3.3e-07,0.00731312,2.34393791,15.35052361,2.29508441,0.00714109,3.4e-07,0.0,0.0,0.0,0.0,0.0,0.0,0.0],"imm_yes_cr_no":[0.0,0.0,0.0,0.0,0.0,0.0,0.0,1e-08,1.795e-05,0.00516144,0.29231637,3.60531711,9.87633045,5.64513449,0.57190826,0.00778984,2.486e-05,2e-08,0.0,0.0,0.0],"del_yes_cr_yes":[0.0,0.0,0.0,0.0,0.0,0.0,1.079e-05,0.02284064,2.11021598,12.28972249,5.39651787,0.18425408,0.0004389,6e-08,0.0,0.0,0.0,0.0,0.0,0.0,0.0],"del_yes_cr_no":[0.0,1.74e-06,0.00052746,0.02430888,0.32730405,1.76306189,4.52539164,6.1295358,4.64021487,2.01532918,0.50256323,0.07031191,0.00525384,0.00019321,3.08e-06,2e-08,0.0,0.0,0.0,0.0,0.0],"conf_yes_cr_yes_del_yes":[0.0,0.0,0.0,0.0,0.0,0.0,0.0,0.0,0.0,1e-08,3.94e-06,0.00068154,0.03983363,0.80118089,5.27559791,9.84999842,3.86431889,0.17217603,0.00020954,0.0,0.0],"conf_yes_cr_no_del_yes":[0.000194,0.00026953,0.00036769,0.00049238,0.00064702,0.00083391,0.0010534,0.00130331,0.00158322,0.00194805,0.0029081,0.00761319,0.03087986,0.1272424,0.45207331,1.32668903,3.11841956,5.53197225,6.40061687,2.99018962,0.01360224]}}
