{"nodes":{"cr_yes":[0.0,0.0,0.0,0.0,0.0,0.0,0.0,0.0,0.0,0.0,0.0,0.0,0.0,0.0,2.22e-06,0.31338077,19.65193577,0.03868204,0.0,0.0,0.0],"imm_yes_cr_yes":[0.0,0.0,0.0,0.0,0.0,0.0,2.216e-05,0.45035457,17.09411751,2.45771886,0.00178769,1e-08,0.0,0.0,0.0,0.0,0.0,0.0,0.0,0.0,0.0],"imm_yes_cr_no":[0.0,0.0,0.0,0.0,0.0,0.0,0.0,1.12e-06,0.00073081,0.07938933,1.72181144,8.12390641,8.33053422,1.69225842,0.05516907,0.00019607,3e-06,9.1e-07,0.0,0.0,0.0],"del_yes_cr_yes":[0.0,0.0,0.0,1e-08,0.00074846,0.56085692,10.1312904,8.78801849,0.52064821,0.00243742,8.9e-07,0.0,0.0,0.0,0.0,0.0,0.0,0.0,0.0,0.0,0.0],"del_yes_cr_no":[0.0,1e-08,9.48e-06,0.00077626,0.01847964,0.18452121,0.93895898,2.7245544,4.81143803,5.34852024,3.7782992,1.67505459,0.44952148,0.06839088,0.00529878,0.00017576,1.87e-06,0.0,0.0,0.0,0.0],"conf_yes_cr_yes_del_yes":[0.0,0.0,0.0,0.0,0.0,0.0,0.0,0.0,0.0,1e-08,5.16e-06,0.00098727,0.05918347,1.13090862,6.50350969,9.60727495,2.6330284,0.06906526,3.797e-05,0.0,0.0],"conf_yes_cr_no_del_yes":[0.0,0.0,0.0,0.0,0.0,0.0,1e-08,2e-07,4.61e-06,6.849e-05,0.00071564,0.00555415,0.03318046,0.15587885,0.58056086,1.701823,3.81098569,6.06572614,5.75815043,1.89112236,0.00045983]}}
