{"nodes":{"cr_yes":[0.0,0.0,0.0,0.0,0.0,0.0,0.0,0.0,0.0,0.0,0.0,0.0,7.9e-07,0.12352741,18.81272103,1.06774804,3.53e-06,0.0,0.0,0.0,0.0],"imm_yes_cr_yes":[0.0,0.0,0.0,0.0,0.0,0.0,0.0,5.386e-05,0.96018895,18.43617322,0.60754795,3.682e-05,0.0,0.0,0.0,0.0,0.0,0.0,0.0,0.0,0.0],"imm_yes_cr_no":[0.0,0.0,0.0,0.0,0.0,0.0,0.0,0.0,0.0,0.0,4.6e-07,0.00071833,0.14635138,3.94687579,12.45946976,3.40631562,0.04426124,8.21e-06,0.0,0.0,0.0],"del_yes_cr_yes":[0.0,0.0,0.0,0.0,0.0,7.311e-05,0.08736675,4.18311865,12.65783324,3.01583686,0.05968245,8.973e-05,1e-08,0.0,0.0,0.0,0.0,0.0,0.0,0.0,0.0],"del_yes_cr_no":[0.00047276,2.29646148,9.38802356,6.28349914,1.55158486,0.18852114,0.01278496,0.00051812,0.00013925,0.00123211,0.00700502,0.02438374,0.05340305,0.07466708,0.06684986,0.03800937,0.01344902,0.00286195,0.00034792,2.243e-05,6.9e-07],"conf_yes_cr_yes_del_yes":[0.0,0.0,0.0,0.0,0.0,0.0,0.0,0.0,0.0,0.0,9.7e-07,0.00057686,0.07212811,1.91293344,9.79431204,7.652691,0.56979046,0.0015679,2e-08,0.0,0.0],"conf_yes_cr_no_del_yes":[0.0,0.0,0.0,0.0,0.0,0.0,0.0,6e-08,2.41e-06,5.421e-05,0.00080668,0.00842094,0.06342465,0.34663691,1.3553161,3.65084283,6.28570184,5.95597743,2.21865175,0.11816496,7e-08]}}
