{"nodes":{"cr_yes":[0.0,0.0,0.0,0.0,0.0,0.0,0.0,0.0,0.0,0.0,0.0,0.0,0.0,0.0,1.3e-06,0.13456971,19.48713457,0.38229517,5e-08,0.0,0.0],"imm_yes_cr_yes":[0.0,0.0,0.0,0.0,0.0,0.0,2e-08,0.01980686,11.58012024,8.39290605,0.01116761,3e-08,0.0,0.0,0.0,0.0,0.0,0.0,0.0,0.0,0.0],"imm_yes_cr_no":[0.0,0.0,0.0,0.0,0.0,0.0,0.0,0.0,1.26e-06,0.00015731,0.0237156,1.70070739,11.7286626,6.31059479,0.23864968,0.00149311,1.213e-05,6.09e-06,8.1e-07,2e-08,0.0],"del_yes_cr_yes":[0.0,0.0,0.0,0.0,0.0,0.0,0.0,0.0,5.05e-05,0.12453007,7.35187675,11.99855657,0.52848421,0.0005027,1e-08,0.0,0.0,0.0,0.0,0.0,0.0],"del_yes_cr_no":[1e-08,4e-08,2.7e-07,3.87e-06,8.284e-05,0.00123469,0.01162482,0.07041638,0.2808058,0.76080391,1.54667054,2.8727404,4.77425561,5.23557042,3.17064849,1.07273587,0.19316198,0.01239751,0.00029803,0.00032051,0.00045766],"conf_yes_cr_yes_del_yes":[0.0,0.0,0.0,0.0,0.0,0.0,0.0,0.0,0.0,0.0,1e-08,3.376e-05,0.01321535,0.86422542,8.52687991,9.80804592,0.78994076,0.00165965,1e-08,0.0,0.0],"conf_yes_cr_no_del_yes":[9.51e-06,1.484e-05,2.245e-05,3.661e-05,7.644e-05,0.00020645,0.00059479,0.00158406,0.00382574,0.00981346,0.03897789,0.23004179,1.17726798,3.79790529,6.69168488,5.71340122,2.03737535,0.27788776,0.02192403,0.00131414,8.176e-05]}}
