{"nodes":{"cr_yes":[0.0,0.0,0.0,0.0,0.0,0.0,0.0,0.0,0.0,0.0,0.0,0.0,0.0,0.0,0.00020107,6.31761315,13.68610836,7.823e-05,0.0,0.0,0.0],"imm_yes_cr_yes":[0.0,0.0,0.0,0.0,0.0,0.0,0.0,0.00717201,10.21641251,9.77073024,0.00968603,1e-08,0.0,0.0,0.0,0.0,0.0,0.0,0.0,0.0,0.0],"imm_yes_cr_no":[0.0,0.0,0.0,0.0,0.0,0.0,0.0,0.0,0.0,0.0,5.8e-07,0.00090685,0.18115049,4.56363185,12.53847576,2.69599415,0.02383868,2.44e-06,0.0,0.0,0.0],"del_yes_cr_yes":[0.0,0.0,0.0,0.0,0.0,0.0,0.0,6.7e-07,0.01450373,3.6333171,15.18143757,1.17328157,0.00146014,2e-08,0.0,0.0,0.0,0.0,0.0,0.0,0.0],"del_yes_cr_no":[0.0,0.0,0.0,0.0,0.0,1.14e-06,0.00026035,0.0144279,0.26076652,1.82643865,5.45168917,7.20549987,4.16901942,0.98963023,0.08424098,0.00201777,8.79e-06,0.0,0.0,0.0,0.0],"conf_yes_cr_yes_del_yes":[0.0,0.0,0.0,0.0,0.0,0.0,0.0,0.0,0.0,0.0,5e-08,7.97e-05,0.02198463,1.09198737,8.88090791,9.25367334,0.75359204,0.00177575,1e-08,0.0,0.0],"conf_yes_cr_no_del_yes":[0.0,0.0,0.0,0.0,0.0,0.0,1e-08,3.5e-07,1.153e-05,0.00023246,0.0029996,0.02589384,0.15433008,0.64494734,1.88549472,3.7708117,4.94460799,4.12550274,2.59331711,1.7011068,0.30948904]}}
