{"nodes":{"cr_yes":[0.0,0.0,0.0,0.0,0.0,0.0,0.0,0.0,0.0,0.0,0.0,0.0,0.0,0.0,0.00110152,5.59188632,14.40968019,0.00133277,0.0,0.0,0.0],"imm_yes_cr_yes":[0.0,0.0,0.0,0.0,0.0,0.0,0.0,6.312e-05,0.26968892,11.93199779,7.72131195,0.08092679,1.222e-05,0.0,0.0,0.0,0.0,0.0,0.0,0.0,0.0],"imm_yes_cr_no":[0.0,0.0,0.0,0.0,0.0,0.0,2.96e-06,0.00323183,0.34394928,4.86191813,10.71760544,3.86104641,0.21469506,0.00155065,1.05e-06,0.0,0.0,0.0,0.0,0.0,0.0],"del_yes_cr_yes":[0.0,0.0,0.0,0.0,0.0,0.0,0.0,4.359e-05,0.05491508,3.38406376,13.09514702,3.41509897,0.05469157,4.08e-05,0.0,0.0,0.0,0.0,0.0,0.0,0.0],"del_yes_cr_no":[0.0,0.0,0.0,9e-08,0.00013783,0.01817976,0.44846876,3.05931334,7.17491754,6.51135103,2.40780955,0.36233738,0.02106015,0.00042294,2.42e-06,0.0,0.0,0.0,0.0,0.0,0.0],"conf_yes_cr_yes_del_yes":[0.0,0.0,0.0,0.0,0.0,0.0,0.0,0.0,0.0,0.0,7e-08,2.843e-05,0.00377802,0.16562594,2.30588215,9.02989183,7.6688637,0.82661671,0.00331393,1e-08,0.0],"conf_yes_cr_no_del_yes":[0.00029356,0.00027778,0.00025988,0.00024017,0.00021905,0.00019695,0.00017433,0.00015169,0.00012952,0.00010828,8.844e-05,7.072e-05,6.526e-05,0.00025572,0.00314202,0.03388648,0.27652064,1.64069758,6.40387378,11.64308256,0.00082634]}}
