{"nodes":{"cr_yes":[0.0,0.0,0.0,0.0,0.0,0.0,0.0,0.0,0.0,0.0,0.0,0.0,0.0,0.0,0.0,0.0,0.0,0.0,5.07e-05,0.18176233,39.64437553],"imm_yes_cr_yes":[0.0,0.0,0.0,0.0,0.0,0.0,0.0,0.0,0.0,0.0,3.231e-05,0.10892113,6.59300032,11.93695562,1.36394785,0.00114357,0.0,0.0,0.0,0.0,0.0],"imm_yes_cr_no":[0.0,0.0,0.0,0.0,0.0,0.0,0.0,0.0,0.0,0.0,0.0,0.0,9.02e-06,0.02582128,3.53903049,15.4935123,0.94547433,0.00015337,0.0,0.0,0.0],"del_yes_cr_yes":[0.0,0.0,1.52e-06,0.00166312,0.11549145,2.1556809,9.96491336,6.96577074,0.78489231,0.01553285,5.452e-05,3e-08,0.0,0.0,0.0,0.0,0.0,0.0,0.0,0.0,0.0],"del_yes_cr_no":[0.57964164,4.43072711,1.22084087,0.39504202,0.42076088,0.5163196,0.61474869,0.70920199,0.79541888,0.86982242,0.92968066,0.97321326,0.99960447,1.00893829,1.00207648,0.98050137,0.94614315,0.90120854,0.84802349,0.7888982,0.72601918],"conf_yes_cr_yes_del_yes":[0.00091316,0.00063728,0.0004361,0.00030066,0.00025147,0.00041861,0.00129121,0.00435378,0.01336292,0.03617354,0.08605341,0.18183294,0.36210425,0.79491133,2.03197776,4.51921944,6.24574256,4.22881425,1.23023316,0.22211622,0.08662665],"conf_yes_cr_no_del_yes":[0.3064457,0.33723887,0.37890378,0.43507182,0.50897106,0.60251633,0.71564881,0.84592515,0.98835605,1.13549451,1.2777734,1.40409271,1.50265627,1.56205794,1.57261743,1.52796554,1.42687895,1.2753646,1.08899345,0.89548391,0.73753471]}}
