{"nodes":{"cr_yes":[0.0,0.0,0.0,0.0,0.0,0.0,0.0,0.0,0.0,0.0,0.0,0.0,0.0,0.0,0.0,0.0,2.651e-05,0.06658937,6.92353981,12.98157758,0.06453507],"imm_yes_cr_yes":[0.0,0.0,0.0,0.0,0.0,0.0,0.0,0.0,0.0,0.0,1.9e-07,0.00298344,3.82324267,16.07731282,0.1004614,2.7e-07,0.0,0.0,0.0,0.0,0.0],"imm_yes_cr_no":[0.0,0.0,0.0,0.0,0.0,0.0,0.0,0.0,0.0,0.0,1.18e-06,0.00333861,0.71271812,10.53162599,8.51509506,0.24111294,0.0001089,0.0,0.0,0.0,0.0],"del_yes_cr_yes":[0.0,1e-08,3.307e-05,0.00367875,0.04274843,0.37065142,6.80739759,10.95733812,1.78669136,0.03537332,8.87e-05,3e-08,0.0,0.0,0.0,0.0,0.0,0.0,0.0,0.0,0.0],"del_yes_cr_no":[0.13590074,0.12981424,0.18934332,0.26918908,0.36512095,0.47534898,0.597089,0.72670823,0.86000774,0.99253186,1.11987051,1.23792775,1.34313862,1.43262427,1.50428325,1.55682258,1.58973631,1.60324224,1.59818797,1.5759379,1.53825126],"conf_yes_cr_yes_del_yes":[0.06541575,0.07667029,0.0866882,0.0944135,0.09887685,0.09937655,0.09566663,0.08818625,0.07852134,0.0705513,0.07289389,0.10398392,0.21285039,0.5801255,1.72398379,4.06926781,5.9666,4.56456803,1.60945426,0.26469109,0.02784661],"conf_yes_cr_no_del_yes":[0.2249078,0.25768174,0.30446045,0.36840709,0.45132496,0.553409,0.67310526,0.80707831,0.95028668,1.09616626,1.23692164,1.36392548,1.4682258,1.54116128,1.57508453,1.56419336,1.50546993,1.39972801,1.25276809,1.07664058,0.89101687]}}
