{"nodes":{"cr_yes":[0.0,0.0,0.0,0.0,0.0,0.0,0.0,0.0,0.0,0.0,0.0,0.0,0.0,9.5e-07,0.26060216,19.67535071,0.06804699,0.0,0.0,0.0,0.0],"imm_yes_cr_yes":[0.0,0.0,0.0,0.0,0.0,0.0,0.0,0.00040825,2.28519611,17.44040135,0.27798551,9.58e-06,0.0,0.0,0.0,0.0,0.0,0.0,0.0,0.0,0.0],"imm_yes_cr_no":[0.0,0.0,0.0,0.0,0.0,0.0,0.0,6e-08,0.00040909,0.16541998,4.94249823,12.34390181,2.51674317,0.03500577,2.271e-05,0.0,0.0,0.0,0.0,0.0,0.0],"del_yes_cr_yes":[0.0,0.0,0.0,0.0,0.0,0.0,0.0,0.0,2e-08,0.00053687,0.42436043,10.77118654,8.63520244,0.17266325,5.124e-05,0.0,0.0,0.0,0.0,0.0,0.0],"del_yes_cr_no":[0.0,0.0,0.0,1e-08,3.485e-05,0.00869061,0.3272,2.85406249,7.33367362,6.4588284,2.37158731,0.55482634,0.08932512,0.00567801,9.377e-05,2.8e-07,0.0,0.0,0.0,0.0,0.0],"conf_yes_cr_yes_del_yes":[0.0,0.0,0.0,0.0,0.0,0.0,0.0,0.0,0.0,0.0,3.2e-07,0.00035786,0.06758125,2.18651762,10.93860174,6.53321814,0.277428,0.00029588,0.0,0.0,0.0],"conf_yes_cr_no_del_yes":[0.00095097,0.0012757,0.00166051,0.00209494,0.00255837,0.00301938,0.00343712,0.00376504,0.00395731,0.00397702,0.003805,0.0034469,0.00294014,0.00245913,0.00426094,0.03599848,0.32624226,1.99973807,7.18721229,10.39642646,0.03050055]}}
