{"nodes":{"cr_yes":[0.0,0.0,0.0,0.0,0.0,0.0,0.0,0.0,0.0,0.0,0.0,0.0,5.298e-05,0.64293354,18.86988046,0.49113159,2.23e-06,0.0,0.0,0.0,0.0],"imm_yes_cr_yes":[0.0,0.0,0.0,0.0,0.0,0.0,0.0,0.0,0.0,0.0,0.00015162,0.43409864,14.74224597,4.81880727,0.00869726,3e-08,0.0,0.0,0.0,0.0,0.0],"imm_yes_cr_no":[0.0,0.0,0.0,0.0,0.0,0.0,0.0,0.0,0.0,4.49e-06,0.01120329,1.57540553,12.92810607,5.40767722,0.08158116,2.304e-05,0.0,0.0,0.0,0.0,0.0],"del_yes_cr_yes":[0.0,0.0,0.00099512,1.03531564,11.26153712,7.13950772,0.55887404,0.00774853,2.258e-05,5e-08,0.0,0.0,0.0,0.0,0.0,0.0,0.0,0.0,0.0,0.0,0.0],"del_yes_cr_no":[29.55920705,4.34760323,0.40172345,0.21709232,0.12120246,0.06582039,0.03487038,0.01806759,0.00917406,0.00457233,0.00223972,0.00107943,0.00051229,0.0002396,0.0001105,5.028e-05,2.258e-05,1.001e-05,4.38e-06,1.9e-06,8.1e-07],"conf_yes_cr_yes_del_yes":[0.00014645,0.0002763,0.00070905,0.00194552,0.00497896,0.01143519,0.02359974,0.04547878,0.09183487,0.22367028,0.61363002,1.53220183,3.03438658,4.4694778,4.67912444,3.29791318,1.46211769,0.40014988,0.08940056,0.0203081,0.00257755],"conf_yes_cr_no_del_yes":[0.22999242,0.2603932,0.29834377,0.34384414,0.3968943,0.45749426,0.52564402,0.60134357,0.68459291,0.77539205,0.87374098,0.97963971,1.09308823,1.21408654,1.34263466,1.47873256,1.62238026,1.77357776,1.93232505,2.09862213,2.27246901]}}
