{"nodes":{"cr_yes":[0.0,0.0,0.0,0.0,0.0,0.0,0.0,0.0,0.0,0.0,0.0,3e-07,0.07389035,12.84636056,7.08235519,0.00139439,0.0,0.0,0.0,0.0,0.0],"imm_yes_cr_yes":[0.0,0.0,0.0,0.0,0.0,0.0,0.0,0.0,0.0,0.0,3e-08,0.00674961,5.65698245,14.28064626,0.05962233,1.3e-07,0.0,0.0,0.0,0.0,0.0],"imm_yes_cr_no":[0.0,0.0,0.0,0.0,0.0,0.0,0.0,0.0,0.0,7.33e-06,0.06070034,7.22644058,12.47402572,0.24279697,2.986e-05,0.0,0.0,0.0,0.0,0.0,0.0],"del_yes_cr_yes":[0.0,0.0,0.0,3.8e-07,0.00671144,1.38915435,11.27341658,6.87935204,0.45154067,0.00382093,4.41e-06,0.0,0.0,0.0,0.0,0.0,0.0,0.0,0.0,0.0,0.0],"del_yes_cr_no":[37.68525121,1.09392386,0.06327478,0.00395355,0.00021112,9.72e-06,3.9e-07,2e-08,1e-08,2e-08,2e-08,3e-08,5e-08,7e-08,9e-08,1.3e-07,1.7e-07,2.3e-07,3e-07,3.8e-07,4.9e-07],"conf_yes_cr_yes_del_yes":[0.0,0.0,3e-08,2e-07,1.07e-06,4.95e-06,1.97e-05,6.765e-05,0.00020087,0.00051742,0.00127164,0.00629523,0.07186496,0.61407182,2.87880233,6.73598611,6.89906373,2.50983656,0.27639576,0.00958424,3.305e-05],"conf_yes_cr_no_del_yes":[0.06990716,0.09915311,0.14140508,0.20469743,0.29705475,0.42433422,0.58862243,0.78718648,1.01197949,1.24970046,1.48240845,1.68869118,1.84538789,1.9298667,1.92285616,1.81183128,1.59495389,1.28556731,0.91724541,0.54939606,0.27341888]}}
