{"nodes":{"cr_yes":[0.0,0.0,0.0,0.0,0.0,0.0,0.0,0.0,0.0,0.0,0.0,0.00013296,0.40525144,15.0471014,4.54576959,0.00574541,1e-08,0.0,0.0,0.0,0.0],"imm_yes_cr_yes":[0.0,0.0,0.0,0.0,0.0,0.0,3.269e-05,0.20068269,12.72389818,7.05195622,0.02743024,7.7e-07,0.0,0.0,0.0,0.0,0.0,0.0,0.0,0.0,0.0],"imm_yes_cr_no":[2e-08,3.5e-07,1.53e-06,2.17e-06,1.05e-06,2.4e-07,0.00068096,0.27688389,6.46170545,11.46941393,1.77115327,0.02413169,2.624e-05,0.0,0.0,0.0,0.0,0.0,0.0,0.0,0.0],"del_yes_cr_yes":[0.0,0.0,0.0,0.0,0.0,0.0,0.0,0.0,0.0,3.68e-06,0.00702903,1.06386487,11.20838772,7.47454573,0.24989714,0.00027262,0.0,0.0,0.0,0.0,0.0],"del_yes_cr_no":[0.0,0.0,0.0002847,0.16635561,3.99758787,10.41753498,4.87593766,0.53110197,0.01508321,0.00011449,2.3e-07,0.0,0.0,0.0,0.0,0.0,0.0,1e-08,2e-08,2e-08,3e-08],"conf_yes_cr_yes_del_yes":[1e-08,5e-08,3.1e-07,1.58e-06,6.54e-06,2.17e-05,5.773e-05,0.00012211,0.00020353,0.0002641,0.00026274,0.00022592,0.01427226,1.01475833,9.59307874,8.91118855,0.4598584,0.00891288,0.00076161,3.71e-06,0.0],"conf_yes_cr_no_del_yes":[1.1e-07,3.4e-07,1.05e-06,3.1e-06,8.85e-06,2.445e-05,6.532e-05,0.00016902,0.00042418,0.0010338,0.00245053,0.00565854,0.01274983,0.02808554,0.06070946,0.13092754,0.30340692,0.89778437,3.40307717,10.49220544,9.33043057]}}
