{"nodes":{"cr_yes":[0.0,0.0,0.0,0.0,0.0,0.0,0.0,0.0,0.0,0.0,0.0,0.0,0.0,0.00010853,10.84140174,9.16248665,3.88e-06,0.0,0.0,0.0,0.0],"imm_yes_cr_yes":[0.0,0.0,0.0,0.0,0.0,0.0,5.432e-05,1.90899572,17.98887323,0.10607699,5.4e-07,0.0,0.0,0.0,0.0,0.0,0.0,0.0,0.0,0.0,0.0],"imm_yes_cr_no":[0.0,0.0,0.0,0.0,0.0,2e-08,0.00185802,1.28670873,14.49071709,4.18715721,0.0375495,1.023e-05,0.0,0.0,0.0,0.0,0.0,0.0,0.0,0.0,0.0],"del_yes_cr_yes":[0.0,0.0,0.0,0.0,0.0,0.0,1.06e-06,0.02988831,5.84170263,13.64885386,0.4832993,0.00025564,0.0,0.0,0.0,0.0,0.0,0.0,0.0,0.0,0.0],"del_yes_cr_no":[0.0,0.0,0.00011303,0.35771807,8.75790243,9.39480719,1.38357285,0.10789713,0.00198534,4.77e-06,0.0,0.0,0.0,0.0,0.0,0.0,0.0,0.0,0.0,0.0,0.0],"conf_yes_cr_yes_del_yes":[0.0,0.0,0.0,0.0,0.0,0.0,0.0,0.0,0.0,0.0,8.2e-07,0.00088202,0.14489321,3.61932261,12.12475216,4.03992392,0.07420298,2.307e-05,0.0,0.0,0.0],"conf_yes_cr_no_del_yes":[0.0,0.0,0.0,0.0,0.0,0.0,0.0,0.0,0.0,0.0,0.0,2.9e-07,1.299e-05,0.00038857,0.00761491,0.09748735,0.79339099,3.81030322,9.02288164,6.27170786,0.00042596]}}
