{"nodes":{"cr_yes":[0.0,0.0,0.0,0.0,0.0,0.0,0.0,0.0,0.0,0.0,0.0,0.0,0.0,0.0,5.032e-05,0.13042745,9.07248677,10.79975807,0.0011742,7.378e-05,6.04e-05],"imm_yes_cr_yes":[0.0,0.0,0.0,0.0,0.0,5e-07,0.06223364,12.61665504,7.30577084,0.01934051,2.8e-07,0.0,0.0,0.0,0.0,0.0,0.0,0.0,0.0,0.0,0.0],"imm_yes_cr_no":[7e-08,4e-08,2e-08,2e-08,1.36e-06,5.11e-05,0.00079182,0.00537203,0.01714848,0.0725309,1.28057137,7.65785285,8.8397114,1.86845533,0.22074811,0.03867534,0.0020684,2.216e-05,3e-08,0.0,0.0],"del_yes_cr_yes":[0.0,0.0,0.0,0.0,0.0,6e-08,0.00299288,1.44530405,14.20084234,4.30698841,0.0478541,1.897e-05,0.0,0.0,0.0,0.0,0.0,0.0,0.0,0.0,0.0],"del_yes_cr_no":[2.787e-05,1.035e-05,1.804e-05,0.00016036,0.00085563,0.00340268,0.02476888,0.18567813,0.77125824,1.86396705,3.11580678,4.03722367,3.97324322,2.78658003,1.36579489,0.52997433,0.28610215,0.29112976,0.32402775,0.31451005,0.25894976],"conf_yes_cr_yes_del_yes":[0.0,0.0,0.0,0.0,0.0,0.0,0.0,0.0,0.0,0.0,2.7e-07,6.627e-05,0.00619478,0.21072114,2.47173338,8.8078705,7.51316076,0.98603405,0.0082191,5.4e-07,0.0],"conf_yes_cr_no_del_yes":[0.01169348,0.01975622,0.03228958,0.05106562,0.07815793,0.11578334,0.16603616,0.23053399,0.31003431,0.40411594,0.51103487,0.62794823,0.75242109,0.88902934,1.06994791,1.3912555,2.00865112,2.94807412,3.74641161,3.5510982,2.18901797]}}
