{"nodes":{"cr_yes":[0.0,0.0,0.0,0.0,0.0,0.0,0.0,0.0,0.0,0.0,0.0,0.0,0.0,2.833e-05,0.86823675,19.07710482,0.0586309,0.0,0.0,0.0,0.0],"imm_yes_cr_yes":[0.0,0.0,0.0,0.0,0.0,0.0,0.0,0.0,0.0,3.6e-07,0.02369522,7.62920521,12.27966072,0.07143857,7.1e-07,0.0,0.0,0.0,0.0,0.0,0.0],"imm_yes_cr_no":[0.0,0.0,0.0,0.0,0.0,0.0,0.0,1.5e-06,0.00020185,0.04580948,1.90593992,10.37953357,7.13839691,0.53101135,0.00310542,8.1e-07,0.0,0.0,0.0,0.0,0.0],"del_yes_cr_yes":[0.0,0.0,0.0,6.4e-07,3.01e-06,0.02268524,3.63930469,14.02974101,2.2914117,0.02084318,1.133e-05,0.0,0.0,0.0,0.0,0.0,0.0,0.0,0.0,0.0,0.0],"del_yes_cr_no":[0.0418367,0.48250917,3.8056579,9.72978307,5.09245571,0.82177602,0.04966034,0.00122747,1.272e-05,6e-08,0.0,0.0,0.0,0.0,0.0,0.0,0.0,0.0,0.0,0.0,0.0],"conf_yes_cr_yes_del_yes":[0.0,0.0,0.0,0.0,0.0,0.0,0.0,0.0,3e-08,4.1e-06,0.00025398,0.00791386,0.12864875,1.08360983,4.48463177,8.15557235,5.30121563,0.82900185,0.01314684,1.82e-06,0.0],"conf_yes_cr_no_del_yes":[0.0,0.0,0.0,0.0,0.0,3e-08,5.2e-07,6.6e-06,6.124e-05,0.00043516,0.00246806,0.01153972,0.04553868,0.15409825,0.45099292,1.14202044,2.47463329,4.44547164,6.10845282,5.00121887,0.33412509]}}
