{"nodes":{"cr_yes":[0.02531169,0.0445772,0.05183159,0.03943759,0.01940973,0.00608942,0.0011961,0.00014392,1.033e-05,4.3e-07,1e-08,3.54e-06,0.00319165,0.41087746,6.73062037,11.322353,1.35338461,0.00602925,7.4e-07,0.00010937,0.00415733],"imm_yes_cr_yes":[0.0,0.0,0.0,0.0,0.0,0.0,0.0,0.0,0.0,4e-08,0.00131383,0.94408251,14.86411217,4.18135945,0.01313259,2e-07,0.0,0.0,0.0,0.0,0.0],"imm_yes_cr_no":[0.0,0.0,0.0,0.0,0.0,0.0,0.0,0.0,0.0,3.2e-07,0.00139915,0.40694861,8.30016257,10.66172262,0.63282396,0.00094356,1e-08,0.0,0.0,0.0,0.0],"del_yes_cr_yes":[0.0159874,0.76550434,3.13564711,3.87811088,7.40394718,4.11222181,0.42128403,0.07779965,0.07196184,0.05791509,0.03773675,0.02018386,0.00896182,0.00333261,0.00104508,0.0002778,6.283e-05,1.212e-05,2e-06,2.8e-07,3e-08],"del_yes_cr_no":[6.37151301,4.86794644,3.61623539,2.61922846,1.8558261,1.28970887,0.88094238,0.59243585,0.39280463,0.25707103,0.16622219,0.10627636,0.06723503,0.04211354,0.02612973,0.01606663,0.00979391,0.00592068,0.00355055,0.0021127,0.00124764],"conf_yes_cr_yes_del_yes":[0.37970407,0.35343277,0.32651238,0.30378109,0.29155692,0.29743721,0.32955055,0.39589364,0.50716007,0.68811113,0.99121836,1.47759713,2.12689012,2.72821285,2.92913321,2.52935142,1.73783448,0.99324784,0.51946551,0.24512831,0.08526754],"conf_yes_cr_no_del_yes":[0.2905295,0.3219501,0.35977499,0.40400416,0.45463762,0.51167536,0.57511738,0.64496369,0.72121427,0.80386914,0.8929283,0.98839174,1.09025946,1.19853146,1.31320775,1.43428831,1.56177317,1.6956623,1.83595572,1.98265342,2.13575541]}}
