{"nodes":{"cr_yes":[0.0,0.0,0.0,0.0,0.0,0.0,0.0,0.0,0.0,0.0,0.0,0.0,0.0,0.0,0.0,0.00397784,14.9215262,5.07849316,3.6e-06,0.0,0.0],"imm_yes_cr_yes":[0.0,0.0,0.0,0.0,0.0,0.0,0.0,0.0,0.0,6e-08,0.00690096,4.40365933,15.37746214,0.21597215,6.17e-06,0.0,0.0,0.0,0.0,0.0,0.0],"imm_yes_cr_no":[0.0,0.0,0.0,0.0,0.0,0.0,0.0,0.0,6e-08,9.78e-05,0.02364554,1.00112133,7.56863366,9.61950808,1.75660657,0.03434493,4.281e-05,0.0,0.0,0.0,0.0],"del_yes_cr_yes":[0.0,0.0,0.0,0.0,0.0,0.0,0.0,1.1e-07,0.00244763,1.09677052,13.68106594,5.17115224,0.05255424,1.012e-05,0.0,0.0,0.0,0.0,0.0,0.0,0.0],"del_yes_cr_no":[0.0,0.0,0.0,0.0,0.0,0.0,4.8e-07,5.004e-05,0.0021489,0.04289221,0.42594785,2.15394582,5.49198437,6.84484403,3.96846442,0.98335582,0.08827027,0.00208935,7.23e-06,0.0,0.0],"conf_yes_cr_yes_del_yes":[0.0,0.0,0.0,0.0,0.0,0.0,0.0,0.0,0.0,0.0,9e-08,7.477e-05,0.01392041,0.61021559,5.94340775,10.81987923,2.57710169,0.03939324,8.03e-06,0.0,0.0],"conf_yes_cr_no_del_yes":[0.0,0.0,0.0,0.0,0.0,0.0,2e-08,8e-07,2.412e-05,0.00047092,0.00591462,0.0492301,0.27877968,1.08775243,2.91057705,5.19623234,5.82040831,3.62107943,0.97269962,0.06079039,8.193e-05]}}
