{"nodes":{"cr_yes":[0.0,0.0,0.0,0.0,0.0,0.0,0.0,0.0,0.0,0.0,0.0,0.0,0.0,0.0,3.1e-07,0.02963036,12.67917832,7.29462954,0.00056227,0.0,0.0],"imm_yes_cr_yes":[0.0,0.0,0.0,0.0,0.0,0.0,7.96e-06,0.19782412,14.12777412,5.66142325,0.01697098,3.7e-07,0.0,0.0,0.0,0.0,0.0,0.0,0.0,0.0,0.0],"imm_yes_cr_no":[0.0,1e-08,9e-08,4.4e-07,1.42e-06,3.04e-06,4.36e-06,4.23e-06,3.733e-05,0.00450266,0.17291998,2.1274817,7.79996297,7.60861253,2.07172635,0.21314161,0.00558815,1.393e-05,0.0,0.0,0.0],"del_yes_cr_yes":[0.0,0.0,0.0,0.0,0.0,0.0,1e-08,0.00034911,0.25629173,7.49667611,11.30740242,0.93943012,0.00385072,5.7e-07,0.0,0.0,0.0,0.0,0.0,0.0,0.0],"del_yes_cr_no":[0.02422798,0.08282085,0.21450933,0.43094349,0.68315582,0.87062423,0.95767031,1.18411925,2.02193829,3.3749459,4.04138381,3.15470736,1.57422677,0.56206327,0.26703156,0.22924019,0.18303953,0.10591441,0.04195819,0.01076617,0.00165616],"conf_yes_cr_yes_del_yes":[0.0,0.0,0.0,0.0,0.0,0.0,0.0,0.0,1e-08,1e-07,7.4e-07,5.746e-05,0.0079662,0.33958742,3.92947325,10.58245041,4.917168,0.22691033,0.00038625,6.3e-07,0.0],"conf_yes_cr_no_del_yes":[0.05315199,0.08202707,0.12241147,0.17661516,0.24626272,0.33163493,0.4309564,0.53979756,0.65084814,0.75442901,0.84037005,0.9029948,0.95452362,1.05594223,1.35348515,2.01779314,2.91644942,3.26573232,2.3270754,0.90257189,0.21100861]}}
