{"nodes":{"cr_yes":[0.0,0.0,0.0,0.0,1.1e-07,5.54e-06,0.0001066,0.00077619,0.00205327,0.00187213,0.00055059,4.807e-05,1.12e-06,0.00015265,0.44866909,15.93990793,3.60804987,0.00179837,0.0,9e-08,1.832e-05],"imm_yes_cr_yes":[0.0,0.0,0.0,0.0,0.0,0.0,2.33e-06,0.01873239,7.6869538,12.22756361,0.07074714,1.53e-06,0.0,0.0,0.0,0.0,0.0,0.0,0.0,0.0,0.0],"imm_yes_cr_no":[0.0,0.0,0.0,1e-08,4e-07,8.48e-06,8.465e-05,0.00040367,0.00092929,0.00154427,0.01389701,0.29784939,3.4890995,10.89572027,5.0298737,0.23593382,0.02669037,0.01093357,0.00101597,1.641e-05,3e-08],"del_yes_cr_yes":[0.0,0.0,0.0,0.0,0.0,0.0,0.0,0.0,6.471e-05,0.09765626,5.50014867,13.12602175,1.2760352,0.00407395,2.8e-07,0.0,0.0,0.0,0.0,0.0,0.0],"del_yes_cr_no":[0.0001332,0.00015068,0.00017615,0.00018882,0.00017642,0.00014393,0.00015423,0.00061973,0.0031505,0.01095235,0.03983289,0.27152769,1.54686671,4.69107548,6.99050462,4.85842868,1.43581832,0.15014357,0.0039506,6.372e-05,1.82e-05],"conf_yes_cr_yes_del_yes":[0.0,0.0,0.0,0.0,0.0,0.0,0.0,0.0,0.0,1e-08,1e-08,3.51e-06,0.0022665,0.26263099,4.997259,12.31771191,2.41036251,0.01376612,2.3e-07,0.0,0.0],"conf_yes_cr_no_del_yes":[0.05822144,0.05225692,0.04503027,0.03718279,0.02936063,0.02214035,0.01602422,0.01160275,0.01009132,0.01509642,0.04136317,0.1624711,0.67091478,2.1576745,4.55025839,5.75295588,4.10800817,1.60629915,0.40519642,0.19776944,0.16638682]}}
