{"nodes":{"cr_yes":[0.0,0.0,0.0,0.0,0.0,0.0,0.0,0.0,0.0,0.0,0.0,2e-08,7.31e-06,0.00018385,0.00350252,14.04195157,5.95834327,1.226e-05,0.0,0.0,0.0],"imm_yes_cr_yes":[0.0,0.0,0.0,0.0,0.0,0.0,0.0,0.00636639,7.6074693,12.34933607,0.04082863,4e-07,0.0,0.0,0.0,0.0,0.0,0.0,0.0,0.0,0.0],"imm_yes_cr_no":[0.0,0.0,0.0,0.0,1.7e-07,8.42e-06,0.00017716,0.00160002,0.00630599,0.01096461,0.05611739,2.16002629,11.25511751,6.22715322,0.28584697,0.0006822,1.7e-07,3.3e-07,2.7e-07,7e-08,1e-08],"del_yes_cr_yes":[0.0,0.0,0.0,0.0,0.0,0.0,0.0,3e-08,0.00047721,0.25448802,6.86226948,11.45384519,1.42115515,0.01176217,3.54e-06,0.0,0.0,0.0,0.0,0.0,0.0],"del_yes_cr_no":[0.00029158,0.00022969,0.00016301,0.00010398,6.434e-05,0.00013945,0.00158258,0.01514053,0.09595259,0.39663653,1.08840266,2.17540972,3.72523583,5.05175188,3.85031787,1.45822471,0.7956885,0.7670636,0.44756164,0.12686709,0.01463761],"conf_yes_cr_yes_del_yes":[0.0,0.0,0.0,0.0,0.0,0.0,0.0,0.0,0.0,0.0,8e-08,6.358e-05,0.01223107,0.55279562,5.57885571,10.82098237,2.97431174,0.06472564,3.5e-05,0.0,0.0],"conf_yes_cr_no_del_yes":[1e-08,3e-08,1e-07,3.2e-07,9.1e-07,2.4e-06,9.33e-06,7.414e-05,0.00064384,0.00464044,0.03025214,0.18658506,0.92172645,3.02143272,5.83485705,6.01132756,2.96713658,0.74436405,0.21423651,0.06282263,0.00777711]}}
