{"nodes":{"cr_yes":[0.0,0.0,0.0,0.0,0.0,0.0,0.0,0.0,0.0,0.0,0.0,0.0,0.0,4e-08,0.02693376,17.29875592,2.67830612,4.96e-06,0.0,0.0,0.0],"imm_yes_cr_yes":[0.0,0.0,0.0,0.0,0.0,0.0,0.0,0.0,0.00097612,1.44496236,16.83043865,1.72631126,0.0013124,0.0,0.0,0.0,0.0,0.0,0.0,0.0,0.0],"imm_yes_cr_no":[0.0,0.0,0.0,0.0,0.0,0.0,0.0,6e-08,0.00015153,0.04063912,1.53397437,9.03553422,8.30662352,1.07170611,0.01531635,5.273e-05,2.78e-06,0.0,0.0,0.0,0.0],"del_yes_cr_yes":[0.0,0.0,0.0,0.0,0.0,9.3e-07,0.01357216,2.677958,14.29655985,2.98762545,0.02827274,1.168e-05,0.0,0.0,0.0,0.0,0.0,0.0,0.0,0.0,0.0],"del_yes_cr_no":[0.0,0.0,1.09e-06,0.00029545,0.01507919,0.23409124,1.44507458,4.16514966,6.18376001,5.0095557,2.27791263,0.58381208,0.08280358,0.00623015,0.0002316,3.81e-06,2e-08,0.0,0.0,0.0,0.0],"conf_yes_cr_yes_del_yes":[0.0,0.0,0.0,0.0,0.0,0.0,0.0,0.0,0.0,1e-08,3.42e-06,0.0005743,0.03320449,0.67796714,4.69567126,9.7161411,4.59308372,0.28667908,0.00067629,0.0,0.0],"conf_yes_cr_no_del_yes":[0.0,0.0,0.0,0.0,0.0,0.0,3e-08,5.7e-07,9.88e-06,0.00012239,0.00111577,0.00776934,0.04248323,0.18550289,0.65011399,1.81183525,3.89304522,5.99964609,5.57705588,1.83424564,0.00210923]}}
