{"nodes":{"cr_yes":[0.0,0.0,0.0,0.0,0.0,0.0,0.0,0.0,0.0,0.0,0.0,0.0,0.0001605,1.13312763,18.57632571,0.29438608,8.8e-07,0.0,0.0,0.0,0.0],"imm_yes_cr_yes":[0.0,0.0,0.0,0.0,0.0,0.0,0.00134727,1.71289146,16.43810245,1.8487812,0.00287835,6e-08,0.0,0.0,0.0,0.0,0.0,0.0,0.0,0.0,0.0],"imm_yes_cr_no":[0.0,0.0,0.0,0.0,0.0,0.0,0.0,0.0,0.0,0.0,0.0,1.069e-05,0.00580706,0.52583597,7.14975204,11.16079332,1.15916707,0.00263464,1e-08,0.0,0.0],"del_yes_cr_yes":[0.0,0.0,0.0,0.0,0.0,2.7e-07,0.00209031,0.56877916,8.73651816,9.8065441,0.88395225,0.00611387,2.68e-06,0.0,0.0,0.0,0.0,0.0,0.0,0.0,0.0],"del_yes_cr_no":[0.0,0.0,4e-08,5.421e-05,0.00689852,0.17749644,1.42894521,4.58474138,6.73525867,4.88799698,1.80955813,0.34042049,0.03130815,0.00130105,2.141e-05,1.1e-07,0.0,0.0,0.0,0.0,0.0],"conf_yes_cr_yes_del_yes":[0.0,0.0,0.0,0.0,0.0,0.0,0.0,0.0,3.5e-07,3.903e-05,0.0019854,0.04790481,0.55460802,3.01841346,7.27086971,6.89299282,2.08106521,0.13527303,0.00084889,7e-08,0.0],"conf_yes_cr_no_del_yes":[0.0,0.0,0.0,0.0,0.0,0.0,7e-08,1.43e-06,1.949e-05,0.0001906,0.00141674,0.00833228,0.03984084,0.15748743,0.5182234,1.41320616,3.12702122,5.32834248,6.15351526,3.24345998,0.02588684]}}
