{"nodes":{"cr_yes":[0.0,0.0,0.0,0.0,0.0,0.0,0.0,0.0,0.0,0.0,0.0,0.0,0.0,0.00034008,1.98536384,17.95518586,0.06311102,1e-08,0.0,0.0,0.0],"imm_yes_cr_yes":[0.0,0.0,0.0,0.0,0.0,0.0,0.0,0.0,1e-08,0.00031628,0.55057966,14.26744479,5.16655294,0.01910673,3.8e-07,0.0,0.0,0.0,0.0,0.0,0.0],"imm_yes_cr_no":[0.0,0.0,0.0,0.0,0.0,0.0,0.0,0.0,5.9e-06,0.00237697,0.18070946,2.87009794,9.69515342,6.51020311,0.73478941,0.01064597,1.859e-05,2e-08,0.0,0.0,0.0],"del_yes_cr_yes":[0.0,0.0,0.0,0.0,1.1e-07,0.00030633,0.03219947,0.53876743,7.76645892,10.66709524,0.99319855,0.00597283,1.92e-06,0.0,0.0,0.0,0.0,0.0,0.0,0.0,0.0],"del_yes_cr_no":[0.26078989,1.01815078,2.28707417,3.54582304,4.11130229,3.70989477,2.65603803,1.51879848,0.69194906,0.24855672,0.06911134,0.01446988,0.00219372,0.00022798,1.503e-05,5.6e-07,1e-08,0.0,0.0,0.0,0.0],"conf_yes_cr_yes_del_yes":[0.0,0.0,0.0,0.0,0.0,0.0,0.0,0.0,0.0,8e-08,2.852e-05,0.00328594,0.12732037,1.68566198,7.23414509,8.70596501,2.18467272,0.06286765,5.344e-05,0.0,0.0],"conf_yes_cr_no_del_yes":[0.0,0.0,0.0,0.0,0.0,0.0,1e-08,4.2e-07,9.18e-06,0.00013016,0.00129393,0.00950484,0.05342751,0.23457745,0.80990617,2.17807085,4.40989146,6.1981065,4.94902119,1.16005773,6.79e-06]}}
