{"nodes":{"cr_yes":[0.0,0.0,0.0,0.0,0.0,0.0,0.0,0.0,0.0,0.0,0.0,0.0,0.0,0.0,1.71e-05,0.56588648,19.36389931,0.07419792,0.0,0.0,0.0],"imm_yes_cr_yes":[0.0,0.0,0.0,0.0,0.0,0.0,0.0,0.0,0.0,0.0,1.05e-05,0.11615711,11.59870778,8.26600802,0.02311732,8e-08,0.0,0.0,0.0,0.0,0.0],"imm_yes_cr_no":[0.0,0.0,0.0,0.0,0.0,0.0,0.0,0.0,0.0,2.06e-06,0.00128794,0.13910047,2.8076023,10.3971547,6.20758934,0.44899825,0.00226546,2.7e-07,0.0,0.0,0.0],"del_yes_cr_yes":[0.0,6e-08,0.10042445,10.15571499,9.33407988,0.41198906,0.0017913,1.07e-06,0.0,0.0,0.0,0.0,0.0,0.0,0.0,0.0,0.0,0.0,0.0,0.0,0.0],"del_yes_cr_no":[7e-08,8.939e-05,0.00017442,0.01405427,0.30649038,1.99261587,5.21962243,6.49463051,4.19770645,1.46902105,0.27988273,0.0282595,0.00142146,3.204e-05,2.7e-07,0.0,0.0,0.0,0.0,0.0,0.0],"conf_yes_cr_yes_del_yes":[0.0,0.0,0.0,0.0,0.0,0.0,0.0,0.0,0.0,2.3e-07,2.558e-05,0.00137622,0.03632794,0.46855091,2.85464974,7.54591206,7.26426529,1.783155,0.04972408,1.374e-05,0.0],"conf_yes_cr_no_del_yes":[0.0,2e-08,8e-08,3.7e-07,1.48e-06,5.27e-06,1.714e-05,5.181e-05,0.00015079,0.00045417,0.00153616,0.00584266,0.0228682,0.08433786,0.27905222,0.80787958,2.00376459,4.11227313,6.44975712,6.06649687,0.33902255]}}
