{"nodes":{"cr_yes":[0.0,0.0,0.0,0.0,0.0,0.0,0.0,0.0,0.0,0.0,0.0,0.0,0.0,0.00022324,4.60136476,15.39709637,0.00531643,0.0,0.0,0.0,0.0],"imm_yes_cr_yes":[0.0,0.0,0.0,0.0,0.0,0.0,0.00106028,4.21400091,15.69202294,0.09691554,1.13e-06,0.0,0.0,0.0,0.0,0.0,0.0,0.0,0.0,0.0,0.0],"imm_yes_cr_no":[0.0,0.0,0.0,0.0,3e-08,0.00052087,0.23181202,5.4637906,10.54164744,3.50593147,0.25812934,0.00204217,0.00010617,1.966e-05,1.01e-06,1e-08,0.0,0.0,0.0,0.0,0.0],"del_yes_cr_yes":[0.0,0.0,0.0,0.0,0.0,0.0,0.0,2e-08,0.00123446,0.94614544,14.27949242,4.74588386,0.03124172,2.88e-06,0.0,0.0,0.0,0.0,0.0,0.0,0.0],"del_yes_cr_no":[0.0,0.0,5.4e-07,0.00956469,1.47038016,10.35375944,7.3618037,0.79260016,0.01582479,6.63e-05,8.9e-07,1.3e-07,1e-08,0.0,0.0,0.0,0.0,0.0,0.0,0.0,0.0],"conf_yes_cr_yes_del_yes":[0.0,0.0,0.0,0.0,0.0,0.0,0.0,0.0,0.0,4e-08,3.97e-06,0.00019858,0.00933876,0.41126732,5.1593307,11.36615464,3.00223814,0.05534343,0.00012514,9e-08,0.0],"conf_yes_cr_no_del_yes":[5e-08,1.6e-07,5.1e-07,1.54e-06,4.49e-06,1.271e-05,3.479e-05,9.217e-05,0.00023644,0.00058748,0.00141396,0.00329589,0.00743697,0.01623459,0.03431955,0.07157082,0.16680161,0.60665226,3.2378092,12.80385758,6.10727613]}}
