{"nodes":{"cr_yes":[0.0,0.0,0.0,0.0,0.0,0.0,0.0,0.0,0.0,0.0,0.0,0.0,0.0,0.0,1.9e-07,0.00080415,0.13259399,18.51001387,1.36058798,6.2e-07,0.0],"imm_yes_cr_yes":[0.0,0.0,0.0,0.0,0.0,0.0,0.0,0.0,2.21e-06,0.03210791,5.65106948,13.89019613,0.43050926,0.00011581,0.0,0.0,0.0,0.0,0.0,0.0,0.0],"imm_yes_cr_no":[0.0,0.0,0.0,0.0,0.0,0.0,0.0,0.0,2e-08,2.627e-05,0.00625164,0.32298589,3.82028229,10.09476652,5.31618837,0.43946755,0.0037934,0.00022256,1.629e-05,0.0,0.0],"del_yes_cr_yes":[0.0,0.0,1.927e-05,0.02221468,0.0979502,0.0124476,0.12496308,4.56645572,12.23733196,2.8805159,0.0619904,0.00011197,1e-08,0.0,0.0,0.0,0.0,0.0,0.0,0.0,0.0],"del_yes_cr_no":[0.46535412,0.6898797,0.73179135,0.60676784,0.40929221,0.23036028,0.12696093,0.18268596,0.62321359,1.72346192,3.26126892,4.21128553,3.70534102,2.19080986,0.84538067,0.20276147,0.02801756,0.00198443,5.994e-05,5.7e-07,0.0],"conf_yes_cr_yes_del_yes":[0.0,0.0,0.0,0.0,0.0,0.0,0.0,0.0,0.0,0.0,2.2e-06,0.00038688,0.0238522,0.52874361,4.06189355,9.58517324,5.37771151,0.42480285,0.00143474,1e-08,0.0],"conf_yes_cr_no_del_yes":[0.0,0.0,0.0,4e-08,4.1e-07,3.26e-06,2.066e-05,0.00010886,0.00048925,0.00192612,0.00685547,0.02284494,0.07313042,0.22452978,0.63996756,1.60951724,3.3626371,5.38453943,5.72784153,2.85258512,0.19400722]}}
